estimator,lam,T,b,mse_selected,bias,var,sigma_true,eta,target_b,eta_actual,log_b_error
OBM,0.0,10000,5,23.31413685502953,-4.828244167141911,0.0021978648206761,5.530043287007115,0.15,3.9810717055349722,0.1747425010840047,0.22788685663767297
OBM,0.0,10000,5,23.31413685502953,-4.828244167141911,0.0021978648206761,5.530043287007115,0.175,5.011872336272722,0.1747425010840047,0.002371652661731426
OBM,0.0,10000,6,22.125441201066725,-4.703434632103611,0.003147797341767,5.530043287007115,0.2,6.309573444801933,0.19453781259591088,0.050308605167181636
OBM,0.0,10000,8,19.95994380607062,-4.46703773087688,0.0055246227714147,5.530043287007115,0.225,7.943282347242816,0.22577249674798586,0.007114957985194649
OBM,0.0,10000,10,18.0458186113887,-4.247037115053387,0.0085049859801796,5.530043287007115,0.25,10.0,0.25,0.0
OBM,0.0,10000,13,15.576148424305808,-3.944888575829852,0.0140200736850357,5.530043287007115,0.275,12.589254117941675,0.2784858380767092,0.032105755168086385
OBM,0.0,10000,16,13.508960125247665,-3.672644835830979,0.0206658674259891,5.530043287007115,0.3,15.848931924611133,0.30102999566398114,0.009486610646926505
OBM,0.0,10000,20,11.255159303352592,-3.350244114912998,0.0310625019708789,5.530043287007115,0.325,19.952623149688797,0.32525749891599526,0.002371652661731522
OBM,0.0,10000,25,9.0628780278581,-3.002796269670516,0.0461502785591352,5.530043287007115,0.35,25.118864315095795,0.3494850021680094,0.0047433053234629385
OBM,0.0,10000,32,6.8332868305671415,-2.600583860784066,0.0703383365172275,5.530043287007115,0.375,31.622776601683793,0.37628749457997646,0.011858263308657958
OBM,0.0,10000,40,5.094074554728669,-2.234531343853573,0.1010705662724538,5.530043287007115,0.4,39.810717055349734,0.40051499783199057,0.004743305323462996
OBM,0.0,10000,51,3.5718001456417223,-1.850738342455017,0.1467511723740453,5.530043287007115,0.425,50.11872336272722,0.42689254402448407,0.017430974634448308
OBM,0.0,10000,65,2.4573141673632675,-1.4995994377621678,0.2087766644572302,5.530043287007115,0.45,63.09573444801933,0.4532283391607138,0.02973410250635483
OBM,0.0,10000,82,1.7390913216704391,-1.2054684383818683,0.2862950345287796,5.530043287007115,0.475,79.43282347242814,0.4784534630959292,0.03180757057556654
OBM,0.0,10000,103,1.3082720107031884,-0.9632953728319168,0.3808100479437366,5.530043287007115,0.5,100.0,0.503209306176293,0.02955880224154443
OBM,0.0,10000,130,1.0825204459858335,-0.7652118081176926,0.4975933263610366,5.530043287007115,0.525,125.89254117941675,0.5284858380767091,0.03210575516808617
OBM,0.0,10000,165,1.0178642912459008,-0.6116907208491469,0.644504383752643,5.530043287007115,0.55,158.48931924611142,0.5543709860534765,0.040258269313679595
OBM,0.0,10000,192,1.0428483926229095,-0.5365946459498172,0.7558594028144178,5.530043287007115,0.575,199.52623149688787,0.5708253071758873,0.03845034185852311
OBM,0.0,10000,243,1.1669531996020837,-0.4462051590616065,0.96906548748825,5.530043287007115,0.6,251.18864315095797,0.5964015683995779,0.03314277984516098
OBM,0.0,10000,307,1.3856279717746924,-0.3816209407522084,1.2415453610554108,5.530043287007115,0.625,316.22776601683796,0.6217845938692965,0.02961498489791709
OBM,0.0,10000,387,1.6943039202276364,-0.3407873539412565,1.5801430784694397,5.530043287007115,0.65,398.1071705534973,0.6469277412547279,0.02829654875473716
OBM,0.0,10000,489,2.083030737855666,-0.3236685628660476,1.9807453309315572,5.530043287007115,0.675,501.18723362727246,0.6723272147809051,0.02461726160905168
OBM,0.0,10000,618,2.5438126707132085,-0.3460821088261703,2.427073686772104,5.530043287007115,0.7,630.957344480193,0.6977471187722039,0.02074980292563674
OBM,0.0,10000,780,3.0922609982082765,-0.4034424212364751,2.93316166303392,5.530043287007115,0.725,794.3282347242813,0.7230236506726201,0.01820284999909485
OBM,0.0,10000,984,3.784682244299693,-0.5068041251715716,3.532247131923676,5.530043287007115,0.75,1000.0,0.7482487746078353,0.016129381929883644
OBM,0.0,20000,5,23.994619362128603,-4.898333617309802,0.0009483210625965,5.530043287007115,0.15,4.417275630574674,0.1625122366132473,0.12391477955368131
OBM,0.0,20000,6,22.89355689579462,-4.784579154288784,0.0013609132814472,5.530043287007115,0.175,5.6582254690844485,0.18092207010137693,0.05864914753423278
OBM,0.0,20000,7,21.852679347324443,-4.674487845253513,0.0018450381993624,5.530043287007115,0.2,7.247796636776956,0.19648736253088905,0.0347873614519124
OBM,0.0,20000,9,19.93701734312832,-4.464750774991735,0.0030216373857571,5.530043287007115,0.225,9.28392768635557,0.2218637187839495,0.031060121984409494
OBM,0.0,20000,12,17.43048502670211,-4.174351263703698,0.0052831578647818,5.530043287007115,0.25,11.89207115002721,0.2509122808107791,0.009034761653968382
OBM,0.0,20000,15,15.298000192288908,-3.9102318689785456,0.0080970444189793,5.530043287007115,0.275,15.232923070389067,0.273444096005222,0.015408875845225468
OBM,0.0,20000,19,12.930738213737836,-3.594181039552862,0.0126166394558676,5.530043287007115,0.3,19.51232399646889,0.29731334174418345,0.02660728659439795
OBM,0.0,20000,25,10.172496622726136,-3.1861764269266084,0.0208024022261118,5.530043287007115,0.325,24.9939414768837,0.3250244732264946,0.00024237029395886872
OBM,0.0,20000,32,7.828149106089879,-2.792152339778481,0.0320745106978061,5.530043287007115,0.35,32.01551545899593,0.34995105354701095,0.0004847405879181659
OBM,0.0,20000,42,5.558318158345457,-2.34688830506224,0.0504965626108074,5.530043287007115,0.375,41.00966752495598,0.377409432632266,0.023861786082320192
OBM,0.0,20000,54,3.858449206941502,-1.945194992850415,0.0747590956006745,5.530043287007115,0.4,52.53055608807536,0.4027857888853264,0.02758902554982295
OBM,0.0,20000,69,2.604961119406099,-1.5806221626664572,0.1067281084292474,5.530043287007115,0.425,67.28801986124834,0.4275369138534406,0.025124294769405104
OBM,0.0,20000,89,1.7024871759024751,-1.2461674077261815,0.1497411442538007,5.530043287007115,0.45,86.19131328547948,0.4532379473312581,0.0320669710908821
OBM,0.0,20000,114,1.1492508693919816,-0.9738795527418452,0.201060812158522,5.530043287007115,0.475,110.40512859784792,0.4782354118455604,0.032041860939834806
OBM,0.0,20000,147,0.8278997468123389,-0.7492110105147134,0.2669162538531774,5.530043287007115,0.5,141.4213562373095,0.5039065844537528,0.038688810510672314
OBM,0.0,20000,188,0.6836738239917143,-0.5810423145109027,0.3464967737066607,5.530043287007115,0.525,181.15100497595773,0.5287472655518185,0.0371109977484818
OBM,0.0,20000,223,0.6491564079637528,-0.4872280076576247,0.4122806273018623,5.530043287007115,0.55,232.04194526839143,0.5459866277183766,0.03974638243475211
OBM,0.0,20000,286,0.6682894804465633,-0.379216524270741,0.5251407340841863,5.530043287007115,0.575,297.22973036271696,0.5711111142227308,0.03851353188842065
OBM,0.0,20000,368,0.7611858378739433,-0.298336943579752,0.6730221836990594,5.530043287007115,0.6,380.7307877431756,0.5965658972990746,0.03400959335274568
OBM,0.0,20000,472,0.921517476693236,-0.2398531912023642,0.8650692599382015,5.530043287007115,0.625,487.6898840457368,0.6216980586812421,0.03270073474952464
OBM,0.0,20000,607,1.1661103790484173,-0.2024099323325456,1.126548784321954,5.530043287007115,0.65,624.6971105498872,0.6470981820357188,0.028738118088985083
OBM,0.0,20000,780,1.4994284782457166,-0.1975112935926741,1.462245574116711,5.530043287007115,0.675,800.1939197344099,0.6724190730141623,0.025560178278249395
OBM,0.0,20000,1002,1.9270865583266503,-0.2244739082033602,1.879046831401812,5.530043287007115,0.7,1024.993230105207,0.6977090893475533,0.022688005130478982
OBM,0.0,20000,1287,2.5190063933460305,-0.2832090698770626,2.44185133024821,5.530043287007115,0.725,1312.9456446135114,0.7229846222972781,0.019959267992566036
OBM,0.0,20000,1653,3.262764517935507,-0.3698370220105396,3.129897466919532,5.530043287007115,0.75,1681.792830507429,0.7482563146074083,0.01726856658107176
OBM,0.0,30000,5,24.502033730946987,-4.94989418513074,0.0005820144739657,5.530043287007115,0.15,4.694271328870265,0.15612040964921,0.06309501333745664
OBM,0.0,30000,6,23.47078955910238,-4.844579994829868,0.0008352768927358,5.530043287007115,0.175,6.074299753156561,0.17380615938497024,0.012307246384696045
OBM,0.0,30000,8,21.561363695016272,-4.643263130748848,0.0014730349383466,5.530043287007115,0.2,7.860030855966229,0.2017122020181897,0.01765100955097741
OBM,0.0,30000,10,19.83723319074993,-4.453645323945069,0.0022793684627358,5.530043287007115,0.225,10.170733675867188,0.22335781032193994,0.016929255650920155
OBM,0.0,30000,13,17.554937281471652,-4.18940995998779,0.0037862013784735,5.530043287007115,0.25,13.160740129524925,0.24880794799393632,0.012288807699536324
OBM,0.0,30000,17,14.99118231169533,-3.8710314785758495,0.0063054854269863,5.530043287007115,0.275,17.029752845447483,0.2748303767920441,0.0017486376209645733
OBM,0.0,30000,22,12.404646468511991,-3.520580131159129,0.0101747270083229,5.530043287007115,0.3,22.036183309053403,0.29984059051495643,0.0016433448349718553
OBM,0.0,30000,29,9.651783300186352,-3.104046153447236,0.0167016545239238,5.530043287007115,0.325,28.514411174206582,0.3266380146298997,0.016886215277078766
OBM,0.0,30000,37,7.385726743290997,-2.7129947894705944,0.0254177878311895,5.530043287007115,0.35,36.89711749119786,0.350270103230695,0.00278448141872228
OBM,0.0,30000,49,5.12304778579519,-2.254507170848828,0.0402955718512166,5.530043287007115,0.375,47.74418348819862,0.37751849544989513,0.02596305036901687
OBM,0.0,30000,63,3.5120241541925656,-1.8581421582140052,0.0594061317250219,5.530043287007115,0.4,61.78008505674121,0.40189676514942824,0.019553662133815528
OBM,0.0,30000,82,2.270011315818395,-1.4774488649034572,0.0872652489751,5.530043287007115,0.425,79.94228052013091,0.4274652714322233,0.025414366490428865
OBM,0.0,30000,107,1.4389994834275257,-1.145760057594618,0.1263913630521188,5.530043287007115,0.45,103.44382350541889,0.4532787168866349,0.03380013717197439
OBM,0.0,30000,138,0.9594795148085024,-0.8853033165655484,0.1759374743294547,5.530043287007115,0.475,133.85438283469583,0.4779587070922935,0.03050117135116586
OBM,0.0,30000,180,0.6907908357232151,-0.6716077995623682,0.2400338415921995,5.530043287007115,0.5,173.20508075688772,0.5037327284191505,0.03848052056806427
OBM,0.0,30000,234,0.5843880354034461,-0.5146330881216112,0.3199407459462932,5.530043287007115,0.525,224.12415166897196,0.529182866091147,0.043120968519447564
OBM,0.0,30000,278,0.5721280973115639,-0.4366589300719621,0.3819344942177452,5.530043287007115,0.55,290.0124819770266,0.545896493944994,0.042302849663724225
OBM,0.0,30000,361,0.6202868305084006,-0.352522476957656,0.4966355281582378,5.530043287007115,0.575,375.27075541015427,0.5712392085002391,0.03876982153758678
OBM,0.0,30000,469,0.7297324604476988,-0.3020633682569791,0.6392892936219756,5.530043287007115,0.6,485.59337483020374,0.5966273171402726,0.03476882794029588
OBM,0.0,30000,608,0.8938373474251466,-0.2709163082719357,0.8214685370087129,5.530043287007115,0.625,628.3487915845369,0.6218066076137692,0.03292053093651589
OBM,0.0,30000,789,1.1098780451219514,-0.2537288505648005,1.046808225795261,5.530043287007115,0.65,813.0716446117171,0.6470847757709037,0.030052908572916048
OBM,0.0,30000,1025,1.389152035093468,-0.2609817593905239,1.3226939237635988,5.530043287007115,0.675,1052.099579287026,0.6724686900579134,0.026095154362389336
OBM,0.0,30000,1330,1.7736002218376403,-0.2845491486073452,1.6947504419168715,5.530043287007115,0.7,1361.3972791592591,0.697736662297007,0.02333264123520476
OBM,0.0,30000,1726,2.3020339894315383,-0.3401221875305156,2.189087246038543,5.530043287007115,0.725,1761.6227476853735,0.7230183430852556,0.02042880732373851
OBM,0.0,30000,2240,2.9898358732657875,-0.4286560013586298,2.809601908150206,5.530043287007115,0.75,2279.5070569547775,0.748304061410537,0.017483350634133744
OBM,0.0,50000,5,25.226404086542637,-5.022560445579304,0.0002910208208898,5.530043287007115,0.15,5.068103794729894,0.14874962038298556,0.013528830227442057
OBM,0.0,50000,7,23.414106305811757,-4.838753932942444,0.0005673914851436,5.530043287007115,0.175,6.6423193338963555,0.17984750684393275,0.052448949283514026
OBM,0.0,50000,9,21.75855548475675,-4.6645069212716574,0.0009318309542492,5.530043287007115,0.2,8.705505632961243,0.20307482460172946,0.033268920454162604
OBM,0.0,50000,11,20.24438503154857,-4.4992227287556,0.001381595592085,5.530043287007115,0.225,11.409543040000797,0.22162147964283027,0.03655484119394312
OBM,0.0,50000,15,17.586762213790397,-4.193356876737093,0.0025234724526905,5.530043287007115,0.25,14.953487812212206,0.2502870326838503,0.003105629999639262
OBM,0.0,50000,19,15.348008767278229,-3.9171483975719306,0.0039621513670937,5.530043287007115,0.275,19.598225535066074,0.27213487206192993,0.031000049046387677
OBM,0.0,50000,26,12.221824938889243,-3.4949589694451384,0.0070956102970943,5.530043287007115,0.3,25.685676074155552,0.3011241499020292,0.012163052698397134
OBM,0.0,50000,34,9.567780951020705,-3.091333913567318,0.0114498982220519,5.530043287007115,0.325,33.66396382192787,0.3259180023769185,0.009932582182819337
OBM,0.0,50000,45,7.005356328978385,-2.643283704773348,0.0184306233372415,5.530043287007115,0.35,44.12040613345333,0.351824444984715,0.019740090226720956
OBM,0.0,50000,59,4.892705354259967,-2.205513966012879,0.0284490613087446,5.530043287007115,0.375,57.824748377162095,0.37685961178898225,0.020120587251863165
OBM,0.0,50000,78,3.1927162521294883,-1.7746732496243798,0.0433052407480683,5.530043287007115,0.4,75.78582832551992,0.4026615622028939,0.028797512925478264
OBM,0.0,50000,102,2.030806592859674,-1.4027518471158418,0.0631728142906314,5.530043287007115,0.425,99.32584120424065,0.42745541467778314,0.02656704240990083
OBM,0.0,50000,135,1.2451546900997543,-1.0740908263689564,0.091598084415326,5.530043287007115,0.45,130.17767238163063,0.45336185728557976,0.03637455045380198
OBM,0.0,50000,177,0.799345683859497,-0.8191305951426884,0.1285314162309712,5.530043287007115,0.475,170.61246279156248,0.4783970240898469,0.03675504747894491
OBM,0.0,50000,233,0.5588903291367499,-0.61783312926074,0.1773942963951257,5.530043287007115,0.5,223.60679774997897,0.5038031566154964,0.0411493113605591
OBM,0.0,50000,306,0.4551254308836452,-0.4662157351540603,0.2380659015553484,5.530043287007115,0.525,293.06182667959655,0.5289928269786479,0.043201502636982046
OBM,0.0,50000,368,0.4363950782315355,-0.3859520183758098,0.2877958625713882,5.530043287007115,0.55,384.09044412331593,0.5460447324213301,0.042795118256725266
OBM,0.0,50000,483,0.4646417738145362,-0.2948863853804884,0.378156489143195,5.530043287007115,0.575,503.39367272195074,0.5711777534810553,0.04135585988333955
OBM,0.0,50000,636,0.5585962971038412,-0.2340704811258307,0.5044378542872223,5.530043287007115,0.6,659.7539553864469,0.5966109834839332,0.03666840730604748
OBM,0.0,50000,836,0.7068736411456286,-0.2051157479406704,0.6656332126081281,5.530043287007115,0.625,864.6816701021309,0.6218823007472963,0.033732814671725286
OBM,0.0,50000,1099,0.9186871304301404,-0.2003857782036826,0.8796322105870785,5.530043287007115,0.65,1133.2624602040687,0.6471626100224903,0.030699930463062935
OBM,0.0,50000,1445,1.1867503651318578,-0.2168140058876844,1.1411685126235724,5.530043287007115,0.675,1485.2677558853384,0.6724596760942864,0.027485741430409077
OBM,0.0,50000,1899,1.5477543322970746,-0.2676487389429507,1.4779659422671565,5.530043287007115,0.7,1946.610237380866,0.6977114052040613,0.024762088274911827
OBM,0.0,50000,2497,2.038997069535069,-0.3472558258275393,1.9208114753080383,5.530043287007115,0.725,2551.251382965138,0.7230134559736172,0.02149396591768188
OBM,0.0,50000,3283,2.660002570592702,-0.45507719097158,2.4559772924656995,5.530043287007115,0.75,3343.7015248821103,0.7483067309399014,0.018320795806119707
OBM,0.0,100000,6,25.51254488034061,-5.05097770727908,0.0001692925260299,5.530043287007115,0.15,5.62341325190349,0.15563025007672873,0.06482064948252075
OBM,0.0,100000,8,24.063845489089644,-4.905460853215627,0.0002996812602372,5.530043287007115,0.175,7.498942093324557,0.18061799739838869,0.06467958531004617
OBM,0.0,100000,10,22.717177437048,-4.766205212276136,0.0004658938871553,5.530043287007115,0.2,10.000000000000002,0.2,2.220446049250313e-16
OBM,0.0,100000,13,20.870309412668988,-4.568318103665479,0.0007800915056185,5.530043287007115,0.225,13.335214321633241,0.22278867046136736,0.02545887215676478
OBM,0.0,100000,18,18.193807958085337,-4.265248357337121,0.0014662411197248,5.530043287007115,0.25,17.78279410038923,0.2510545010206612,0.012140391653607661
OBM,0.0,100000,24,15.529808893415389,-3.9404671034382472,0.0025310639663365,5.530043287007115,0.275,23.71373705661656,0.2760422483423212,0.011999327481132619
OBM,0.0,100000,32,12.70224261032622,-3.563417593411419,0.0043030440973157,5.530043287007115,0.3,31.62277660168379,0.3010299956639812,0.011858263308658178
OBM,0.0,100000,43,9.80378437173687,-3.1299385527276518,0.0072781255429329,5.530043287007115,0.325,42.16965034285823,0.3266936911159173,0.019499339578238004
OBM,0.0,100000,57,7.2369320356155,-2.6879703850370733,0.0117619472131658,5.530043287007115,0.35,56.234132519034894,0.3511749711344983,0.013527355094970562
OBM,0.0,100000,77,4.902433764987844,-2.209834465829383,0.0190892601956572,5.530043287007115,0.375,74.98942093324558,0.3772981450344964,0.026458372489848083
OBM,0.0,100000,103,3.1552275250406154,-1.7679491619568577,0.0296203111656197,5.530043287007115,0.4,100.00000000000003,0.40256744494103447,0.029558802241544214
OBM,0.0,100000,138,1.9199932621657736,-1.369473981966857,0.0445900123971087,5.530043287007115,0.425,133.3521432163324,0.4279758172802473,0.034260362544857766
OBM,0.0,100000,184,1.143382552828739,-1.038898736408889,0.064152158514896,5.530043287007115,0.45,177.8279410038923,0.4529635646019073,0.03411929837238258
OBM,0.0,100000,247,0.6789609516481394,-0.7678055167227482,0.0895475746065115,5.530043287007115,0.475,237.13737056616546,0.4785393906519332,0.04074874076711888
OBM,0.0,100000,330,0.4409474412493807,-0.5656426775828134,0.1211472365920658,5.530043287007115,0.5,316.22776601683796,0.5037027879755774,0.04262992197541153
OBM,0.0,100000,442,0.337389269699281,-0.4168538994683555,0.163826879797053,5.530043287007115,0.525,421.69650342858233,0.5290844538698184,0.04702401296832797
OBM,0.0,100000,537,0.3153076826488344,-0.3417479629561777,0.1987644680491986,5.530043287007115,0.55,562.3413251903494,0.5459948571399111,0.04611091122476142
OBM,0.0,100000,719,0.3383846130200978,-0.2636890753407872,0.269189171029806,5.530043287007115,0.575,749.8942093324555,0.5713457780765765,0.04207078463683416
OBM,0.0,100000,961,0.4128521901356753,-0.2142740619349545,0.3673980640976932,5.530043287007115,0.6,999.9999999999998,0.5965446775337091,0.03978087001184436
OBM,0.0,100000,1286,0.5357474303846697,-0.1941854363209332,0.4986627751744863,5.530043287007115,0.625,1333.521432163324,0.6218481937176407,0.036286510808828144
OBM,0.0,100000,1721,0.6989370952408914,-0.1967242395526591,0.6610629975602701,5.530043287007115,0.65,1778.2794100389233,0.6471561740655121,0.03274075601910928
OBM,0.0,100000,2303,0.9196413516166244,-0.2082452273646087,0.8773719918863448,5.530043287007115,0.675,2371.3737056616565,0.6724587875928463,0.02925678903421948
OBM,0.0,100000,3081,1.2749712839372078,-0.2476192793216993,1.2151749451268183,5.530043287007115,0.7,3162.2776601683777,0.697738339663388,0.026038326882491435
OBM,0.0,100000,4122,1.7619692740495816,-0.3115386315512296,1.6669967009769908,5.530043287007115,0.725,4216.965034285821,0.7230215974886388,0.022777200653010976
OBM,0.0,100000,5515,2.377040994605173,-0.4032366616182283,2.2172127052136767,5.530043287007115,0.75,5623.413251903491,0.7483091033552419,0.019467167040068557
OBM,0.0,200000,6,26.69954646508435,-5.167153670799983,6.949429047445648e-05,5.530043287007115,0.15,6.239567673133879,0.1467924631666183,0.039151427601471
OBM,0.0,200000,8,25.5528704727863,-5.054972547556713,0.0001231701970363,5.530043287007115,0.175,8.466038697065802,0.17036122937063797,0.05662117128794421
OBM,0.0,200000,11,23.95143690522405,-4.893996904773848,0.000231490651346,5.530043287007115,0.2,11.486983549970352,0.19645100782490202,0.04331925630766445
OBM,0.0,200000,15,22.015430055182915,-4.692014976205624,0.0004260508085657,5.530043287007115,0.225,15.585895103813016,0.22186089496148376,0.03831614414207903
OBM,0.0,200000,21,19.479794268699504,-4.413499361745281,0.0008186759183984,5.530043287007115,0.25,21.147425268811283,0.24942686531022062,0.006995723659120484
OBM,0.0,200000,29,16.663583647970817,-4.081920344335974,0.0015118402672358,5.530043287007115,0.275,28.69348167180654,0.2758705381963762,0.010625852465675911
OBM,0.0,200000,39,13.848880633291037,-3.7210580103788127,0.0026111806625345,5.530043287007115,0.3,38.932204747617334,0.30014253990789014,0.0017398524705943795
OBM,0.0,200000,54,10.690248548889851,-3.268885162980991,0.0046441453142324,5.530043287007115,0.325,52.82442137371227,0.32680323658609617,0.022010436766967692
OBM,0.0,200000,73,7.917682972619552,-2.812469216664147,0.0077095148296477,5.530043287007115,0.35,71.67381122021563,0.3515020404797889,0.0183340152128306
OBM,0.0,200000,100,5.40232134967632,-2.3215584922036694,0.0127033961985925,5.530043287007115,0.375,97.2492472466073,0.3772851694172483,0.027892943914276245
OBM,0.0,200000,136,3.4654622679996634,-1.8561674280432587,0.0201299094577618,5.530043287007115,0.4,131.95079107728947,0.40247629425137427,0.030225827523982264
OBM,0.0,200000,185,2.084237168273501,-1.432952894295532,0.030921823282662,5.530043287007115,0.425,179.0349206690635,0.4276851348242633,0.03277495072800116
OBM,0.0,200000,253,1.1863801283343762,-1.0681802470583737,0.0454278729698999,5.530043287007115,0.45,242.92012618706255,0.45333086648094223,0.04065679823894197
OBM,0.0,200000,344,0.6756819417364665,-0.7825247210781452,0.0634162729792614,5.530043287007115,0.475,329.6015519554173,0.47850294087117556,0.04275715074656621
OBM,0.0,200000,469,0.4083023993442246,-0.5657271956931034,0.088365596392933,5.530043287007115,0.5,447.21359549995793,0.5038969492532565,0.04756644568119249
OBM,0.0,200000,638,0.2897772868578804,-0.409659576851145,0.1221089541447019,5.530043287007115,0.525,606.793259356535,0.5291086224781575,0.05015014444144839
OBM,0.0,200000,784,0.2620286218304251,-0.3319228680510075,0.1520458888562882,5.530043287007115,0.55,823.315890450298,0.5459912630284807,0.048930934691188276
OBM,0.0,200000,1068,0.2728034628300684,-0.2471653369895214,0.2119777311849055,5.530043287007115,0.575,1117.1005033687768,0.571317509082156,0.04494875165970911
OBM,0.0,200000,1454,0.3297772610073604,-0.1926025155584803,0.2930478418101682,5.530043287007115,0.6,1515.7165665103976,0.5965943239539983,0.0415699292246392
OBM,0.0,200000,1980,0.4264346620167906,-0.1557355782566842,0.4026844472408981,5.530043287007115,0.625,2056.5711885957794,0.6218914424098834,0.0379432797677777
OBM,0.0,200000,2696,0.5585127456472125,-0.1277218240627045,0.5428784794045637,5.530043287007115,0.65,2790.4194934675093,0.6471798670578107,0.03442274756241545
OBM,0.0,200000,3671,0.75213200136457,-0.1053944346099751,0.7419514538351075,5.530043287007115,0.675,3786.1276053565794,0.6724701402217739,0.0308796522360335
OBM,0.0,200000,4998,1.0364680582299746,-0.0952274095282312,1.0286856557742348,5.530043287007115,0.7,5137.135214831108,0.697750485248318,0.027457740476223298
OBM,0.0,200000,6804,1.4723725915114867,-0.1096903705389342,1.462168324528178,5.530043287007115,0.725,6970.224188461407,0.723022565062935,0.024136714493623312
OBM,0.0,200000,9264,1.9990096518343308,-0.1595122979166028,1.9760355230515096,5.530043287007115,0.75,9457.416090031758,0.7483071308081702,0.02066328433485381
OBM,0.0,300000,7,26.837995538157077,-5.180535286399376,4.9746711397500615e-05,5.530043287007115,0.15,6.630834496675398,0.15429602535931292,0.054179486009562565
OBM,0.0,300000,9,25.88566988564862,-5.087788120701332,8.202703281755105e-05,5.530043287007115,0.175,9.088583876478463,0.17422336754313217,0.009794529550489707
OBM,0.0,300000,12,24.541751052591422,-4.953948538863767,0.0001451082663171,5.530043287007115,0.2,12.457309396155175,0.1970343901219439,0.0374009009396674
OBM,0.0,300000,17,22.505362549952423,-4.743951383237617,0.000288183659905,5.530043287007115,0.225,17.074668562300275,0.22465248880842104,0.004382650512410136
OBM,0.0,300000,23,20.353573035573454,-4.511435927838817,0.000519554021095,5.530043287007115,0.25,23.40347319320716,0.24862108627669788,0.017390222480434793
OBM,0.0,300000,32,17.618493122058837,-4.197322467543017,0.0009784485781516,5.530043287007115,0.275,32.07807844156349,0.27480676587594455,0.0024369794508166966
OBM,0.0,300000,44,14.691333434615196,-3.832696673363236,0.0017718594298726,5.530043287007115,0.3,43.967966122300474,0.3000577493277178,0.0007283078267599157
OBM,0.0,300000,61,11.564176475910626,-3.4001469445027004,0.0031812082098415,5.530043287007115,0.325,60.26489549408122,0.3259613493990734,0.012124094240851247
OBM,0.0,300000,84,8.60432694632705,-2.9323814722442862,0.0054726884260152,5.530043287007115,0.35,82.60235687978427,0.3513304154812568,0.01677858506989557
OBM,0.0,300000,116,5.957873806454172,-2.439006204793268,0.0091339568802144,5.530043287007115,0.375,113.21930132219957,0.37692391554194,0.02426353349198794
OBM,0.0,300000,160,3.8384727250385744,-1.9554537558590388,0.0146916983583008,5.530043287007115,0.4,155.184557391536,0.40242307594644244,0.03055871377849144
OBM,0.0,300000,221,2.29741056178617,-1.5081315285829184,0.0229785775021983,5.530043287007115,0.425,212.7044291173785,0.4280336630606701,0.038259156221459326
OBM,0.0,300000,304,1.3070614686927473,-1.1280704881935266,0.0345616444150843,5.530043287007115,0.45,291.5443065124053,0.45331725702973064,0.041835712268969476
OBM,0.0,300000,418,0.7246451969141519,-0.8209707357221925,0.0507156425551089,5.530043287007115,0.475,399.60654798069135,0.4785682404815038,0.045000999546545954
OBM,0.0,300000,575,0.4119617883634051,-0.5823875855351632,0.0728775855598781,5.530043287007115,0.5,547.7225575051662,0.5038537064176937,0.04860116397818126
OBM,0.0,300000,791,0.2634234047554689,-0.4012541587230744,0.1025466882231857,5.530043287007115,0.525,750.7384488967276,0.5291422900306075,0.05224064710752604
OBM,0.0,300000,979,0.2223990569971947,-0.308612609919412,0.1273164595703869,5.530043287007115,0.55,1029.0031165031005,0.546050115145062,0.0498141219705762
OBM,0.0,300000,1346,0.2164157024553911,-0.2037690869338471,0.1751127526062952,5.530043287007115,0.575,1410.4078661871597,0.5712937352248034,0.04674169813737074
OBM,0.0,300000,1852,0.2601530337455516,-0.1296492391569437,0.2436486693682875,5.530043287007115,0.6,1933.1820449317622,0.5965982548825578,0.04290123697687787
OBM,0.0,300000,2548,0.3450471224679645,-0.0781572840468625,0.3393627648744755,5.530043287007115,0.625,2649.7248834477414,0.6218959313212528,0.03914707933190723
OBM,0.0,300000,3505,0.4763347773702158,-0.0428105938552807,0.4750959002993482,5.530043287007115,0.65,3631.857628912531,0.6471808560469977,0.03555374039622957
OBM,0.0,300000,4821,0.6615216057510126,-0.0282632671541023,0.6615497306440935,5.530043287007115,0.675,4978.022404925004,0.6724585708795893,0.032051329300256545
OBM,0.0,300000,6632,0.9219752865189184,-0.0310603759806422,0.9221632436173812,5.530043287007115,0.7,6823.149362095244,0.697746925768548,0.028414730731705265
OBM,0.0,300000,9123,1.286385021609153,-0.0448358515026567,1.28598224583648,5.530043287007115,0.725,9352.18113349616,0.723032682807839,0.02481089504232051
OBM,0.0,300000,12549,1.791366304590797,-0.0706057412136056,1.7886169050297616,5.530043287007115,0.75,12818.610191887023,0.7483144755593097,0.021257055118445577
OBM,0.0,500000,7,27.63308068289065,-5.256715602816575,2.1781221947146456e-05,5.530043287007115,0.15,7.158886890101028,0.1482896101174897,0.022444357555335966
OBM,0.0,500000,9,26.86719277692908,-5.183353826240925,3.593383994538754e-05,5.530043287007115,0.175,9.938475026541154,0.16744122336374762,0.09918901370953807
OBM,0.0,500000,13,25.424387978541905,-5.042252818125991,7.45898797438399e-05,5.530043287007115,0.2,13.79729661461215,0.1954639788346493,0.05952331801932924
OBM,0.0,500000,19,23.460086600618936,-4.843545094327897,0.0001577169773188,5.530043287007115,0.225,19.154386700495632,0.2243832832915244,0.008092780749533634
OBM,0.0,500000,26,21.4302798278662,-4.629253650534336,0.0002908304187482,5.530043287007115,0.25,26.591479484724942,0.24828580373194561,0.02249430632960012
OBM,0.0,500000,37,18.709189644046056,-4.32534605235835,0.0005718862519026,5.530043287007115,0.275,36.91617968474297,0.27517283348988336,0.002267983858033839
OBM,0.0,500000,52,15.717672412131565,-3.964415831587692,0.0010808774852909,5.530043287007115,0.3,51.24966150526037,0.30110762862924195,0.014534705360128823
OBM,0.0,500000,73,12.53560254754098,-3.5402830049817884,0.0020012937953421,5.530043287007115,0.325,71.14841857510196,0.32695782899414466,0.025691343491984212
OBM,0.0,500000,101,9.51684146688405,-3.084368813696711,0.0035148815811697,5.530043287007115,0.35,98.77328585318219,0.351698881071083,0.022293334749744584
OBM,0.0,500000,141,6.689283136303768,-2.5851985001942523,0.006039400147338,5.530043287007115,0.375,137.12408783810366,0.3771241313816642,0.027873623851545
OBM,0.0,500000,197,4.349914891866516,-2.083250659217696,0.0099940753297172,5.530043287007115,0.4,190.3653938715879,0.4026106865654435,0.03425837777625657
OBM,0.0,500000,275,2.6249556207968374,-1.6152475406915694,0.0159509417638795,5.530043287007115,0.425,264.2787547777203,0.42803044970833587,0.03976666226973165
OBM,0.0,500000,383,1.492356136837608,-1.2114509111549392,0.0247737939419029,5.530043287007115,0.45,366.8905298721239,0.4532746745470173,0.04297146934869776
OBM,0.0,500000,534,0.819843528176859,-0.8842716149672185,0.0379546824932426,5.530043287007115,0.475,509.34348098871766,0.4786024939512451,0.047273234693139
OBM,0.0,500000,744,0.4586942800438423,-0.6340545642196531,0.0567400146543857,5.530043287007115,0.5,707.1067811865476,0.5038757763878497,0.05085934613092751
OBM,0.0,500000,1037,0.2850863897110241,-0.4496264032652544,0.0830262700353189,5.530043287007115,0.525,981.6558347412624,0.5291796156313349,0.054846435092254495
OBM,0.0,500000,1294,0.2314995016014043,-0.3571209328412292,0.1040942587514538,5.530043287007115,0.55,1362.8043225162298,0.5460520539615035,0.05180638251153561
OBM,0.0,500000,1803,0.2071359749672173,-0.2533114912151513,0.1431481986338655,5.530043287007115,0.575,1891.9417129104454,0.571330560477613,0.048151718804171274
OBM,0.0,500000,2512,0.228349751427046,-0.1833321272765449,0.1949828110491139,5.530043287007115,0.6,2626.5278044037664,0.5966024794793233,0.04458349885450761
OBM,0.0,500000,3501,0.2809664354007206,-0.1401183380692243,0.2616603621901769,5.530043287007115,0.625,3646.3323686085546,0.6219004676403737,0.040673189923039824
OBM,0.0,500000,4878,0.3737143079046348,-0.1248912830752759,0.3585646811679058,5.530043287007115,0.65,5062.097465737913,0.6471769097172895,0.03704561653694836
OBM,0.0,500000,6798,0.4935883556129981,-0.1238057832708561,0.4788590574635172,5.530043287007115,0.675,7027.5630859204075,0.6724690878055513,0.033211549491861156
OBM,0.0,500000,9472,0.6730949359337305,-0.1347140318228774,0.6557667740312945,5.530043287007115,0.7,9756.16199823444,0.6977474326682539,0.029559007059242668
OBM,0.0,500000,13199,0.9541459557396852,-0.1643536943879198,0.9282941866139952,5.530043287007115,0.725,13544.196725389875,0.7230325875951858,0.025817100489183478
OBM,0.0,500000,18391,1.32463239532971,-0.2265978509968382,1.2748794085139676,5.530043287007115,0.75,18803.015465431967,0.7483115968581989,0.02215583955426555
OBM,0.0,1000000,8,28.2263001784063,-5.312842004160938,1.002976669327287e-05,5.530043287007115,0.15,7.943282347242814,0.1505149978319906,0.007114957985194869
OBM,0.0,1000000,11,27.41685000739183,-5.236108397533927,1.8880266853987345e-05,5.530043287007115,0.175,11.220184543019633,0.17356544752637085,0.01981907484537731
OBM,0.0,1000000,15,26.39258155620345,-5.137367686308633,3.485544463369252e-05,5.530043287007115,0.2,15.848931924611136,0.19601520984261356,0.055051910490644874
OBM,0.0,1000000,22,24.73658794862648,-4.973581625677412,7.385366759454282e-05,5.530043287007115,0.225,22.387211385683397,0.22373711347036773,0.017447422183645853
OBM,0.0,1000000,32,22.63131942357208,-4.757222620070558,0.0001525573577948,5.530043287007115,0.25,31.622776601683793,0.25085832971998434,0.011858263308657958
OBM,0.0,1000000,45,20.27145942256242,-4.502351380642867,0.000291832576405,5.530043287007115,0.275,44.668359215096324,0.2755354189625573,0.0073970863301441436
OBM,0.0,1000000,64,17.42045892761376,-4.1737150706386,0.0005621394122498,5.530043287007115,0.3,63.095734448019314,0.3010299956639812,0.01422991597038981
OBM,0.0,1000000,91,14.26407864830227,-3.776640857815793,0.0010638091400882,5.530043287007115,0.325,89.12509381337456,0.32650689872018224,0.020818575178460825
OBM,0.0,1000000,129,11.028764799347432,-3.3206637957830134,0.0019592037280442,5.530043287007115,0.35,125.89254117941668,0.3517649517165415,0.024383709074176592
OBM,0.0,1000000,184,7.896463368529109,-2.8094341057050447,0.0035478089916429,5.530043287007115,0.375,177.82794100389228,0.3774696371682561,0.0341192983723828
OBM,0.0,1000000,261,5.238084428185757,-2.287344803139408,0.0061458620644798,5.530043287007115,0.4,251.1886431509581,0.40277341788971355,0.03831618413698343
OBM,0.0,1000000,370,3.189620714711637,-1.7831143661355129,0.0101365426711226,5.530043287007115,0.425,354.8133892335754,0.4280336206778325,0.041911018503453766
OBM,0.0,1000000,525,1.7885377878339062,-1.3312923815274091,0.016218656041037,5.530043287007115,0.45,501.18723362727235,0.4533598839009928,0.04641851150770025
OBM,0.0,1000000,744,0.948549355033092,-0.9609715401410864,0.0251144471308734,5.530043287007115,0.475,707.9457843841377,0.47859548925764644,0.04967351980006198
OBM,0.0,1000000,1055,0.4943890159832337,-0.6757482265933481,0.0378006009904173,5.530043287007115,0.5,1000.0,0.503875409938952,0.05354076692802976
OBM,0.0,1000000,1497,0.2760491321024431,-0.4693716369961533,0.0558091599359147,5.530043287007115,0.525,1412.5375446227547,0.5292036333905088,0.058075341488384086
OBM,0.0,1000000,1889,0.2056159240492996,-0.3663224038886312,0.0715132119735216,5.530043287007115,0.55,1995.262314968881,0.546038659653639,0.05472793937884181
OBM,0.0,1000000,2679,0.1700594014864417,-0.2504939765761147,0.1074464772821289,5.530043287007115,0.575,2818.382931264452,0.5713287856013681,0.050719701284848255
OBM,0.0,1000000,3799,0.190776040808403,-0.1722564111992426,0.1613054013608616,5.530043287007115,0.6,3981.0717055349714,0.5966115489257867,0.04681318159093857
OBM,0.0,1000000,5388,0.2466451695767637,-0.1189679695313996,0.2327827702651715,5.530043287007115,0.625,5623.413251903491,0.6219045978418247,0.042764561197416714
OBM,0.0,1000000,7640,0.3317223421996938,-0.0874176737900604,0.3244861001339958,5.530043287007115,0.65,7943.282347242817,0.6471822264292817,0.03892898051621227
OBM,0.0,1000000,10835,0.4584810965404304,-0.0751042082562287,0.4534072134594599,5.530043287007115,0.675,11220.18454301964,0.6724714859426395,0.034932712655426225
OBM,0.0,1000000,15364,0.637822215095945,-0.0764297821199369,0.6327716680861517,5.530043287007115,0.7,15848.931924611124,0.6977507164155231,0.031075001109195748
OBM,0.0,1000000,21787,0.8977221145060742,-0.0952934938777518,0.8897534563510836,5.530043287007115,0.725,22387.21138568339,0.7230329055677136,0.027176413897764564
OBM,0.0,1000000,30894,1.243497235824576,-0.1438036165568128,1.2243481909284175,5.530043287007115,0.75,31622.776601683792,0.7483123570351464,0.023315649199009164
OBM_RR,2.0,10000,5,13.457223595635645,-3.6658300629648624,0.0189372166194519,5.530043287007115,0.15,3.9810717055349722,0.1747425010840047,0.22788685663767297
OBM_RR,2.0,10000,5,13.457223595635645,-3.6658300629648624,0.0189372166194519,5.530043287007115,0.175,5.011872336272722,0.1747425010840047,0.002371652661731426
OBM_RR,2.0,10000,6,11.45619826361186,-3.3807529629971755,0.0267410931641311,5.530043287007115,0.2,6.309573444801933,0.19453781259591088,0.050308605167181636
OBM_RR,2.0,10000,8,8.329832620270995,-2.878251940785078,0.0455553298001811,5.530043287007115,0.225,7.943282347242816,0.22577249674798586,0.007114957985194649
OBM_RR,2.0,10000,10,6.087350116361949,-2.453451114772609,0.0680127597326585,5.530043287007115,0.25,10.0,0.25,0.0
OBM_RR,2.0,10000,13,3.8500135545859,-1.9346842069463597,0.1071445046089971,5.530043287007115,0.275,12.589254117941675,0.2784858380767092,0.032105755168086385
OBM_RR,2.0,10000,16,2.4873715460476538,-1.5285228857371544,0.151178306708804,5.530043287007115,0.3,15.848931924611133,0.30102999566398114,0.009486610646926505
OBM_RR,2.0,10000,20,1.4663171870944791,-1.118818572794149,0.2148307266736851,5.530043287007115,0.325,19.952623149688797,0.32525749891599526,0.002371652661731522
OBM_RR,2.0,10000,25,0.8751861463485635,-0.7592677167828272,0.2990725212515199,5.530043287007115,0.35,25.118864315095795,0.3494850021680094,0.0047433053234629385
OBM_RR,2.0,10000,32,0.6169578073390015,-0.4410290891613329,0.4229798746958967,5.530043287007115,0.375,31.622776601683793,0.37628749457997646,0.011858263308657958
OBM_RR,2.0,10000,40,0.6209139687055961,-0.234538347560143,0.5666139997290152,5.530043287007115,0.4,39.810717055349734,0.40051499783199057,0.004743305323462996
OBM_RR,2.0,10000,51,0.7649888431428132,-0.0946112668756571,0.7569837810493082,5.530043287007115,0.425,50.11872336272722,0.42689254402448407,0.017430974634448308
OBM_RR,2.0,10000,65,0.9852196954839688,-0.0308241784732183,0.9855014423083056,5.530043287007115,0.45,63.09573444801933,0.4532283391607138,0.02973410250635483
OBM_RR,2.0,10000,82,1.2621859452623905,-0.0245997839949581,1.2631597455717565,5.530043287007115,0.475,79.43282347242814,0.4784534630959292,0.03180757057556654
OBM_RR,2.0,10000,103,1.6156146833850584,-0.0496626933392052,1.6151672593495416,5.530043287007115,0.5,100.0,0.503209306176293,0.02955880224154443
OBM_RR,2.0,10000,130,2.093275670012707,-0.0850950007871853,2.088645317500611,5.530043287007115,0.525,125.89254117941675,0.5284858380767091,0.03210575516808617
OBM_RR,2.0,10000,165,2.7090391173842225,-0.1203280452013038,2.6979326947907434,5.530043287007115,0.55,158.48931924611142,0.5543709860534765,0.040258269313679595
OBM_RR,2.0,10000,192,3.1719686172190613,-0.146992639445604,3.1543046619953703,5.530043287007115,0.575,199.52623149688787,0.5708253071758873,0.03845034185852311
OBM_RR,2.0,10000,243,3.979740947044874,-0.2012087722644695,3.944186209770912,5.530043287007115,0.6,251.18864315095797,0.5964015683995779,0.03314277984516098
OBM_RR,2.0,10000,307,4.854960403619772,-0.3082248868562844,4.765915216763156,5.530043287007115,0.625,316.22776601683796,0.6217845938692965,0.02961498489791709
OBM_RR,2.0,10000,387,5.923450895463333,-0.4608668455899956,5.718200396595002,5.530043287007115,0.65,398.1071705534973,0.6469277412547279,0.02829654875473716
OBM_RR,2.0,10000,489,7.43602466617597,-0.6832251007778218,6.977950566050668,5.530043287007115,0.675,501.18723362727246,0.6723272147809051,0.02461726160905168
OBM_RR,2.0,10000,618,9.79905530555344,-0.9686542280409478,8.871854109688947,5.530043287007115,0.7,630.957344480193,0.6977471187722039,0.02074980292563674
OBM_RR,2.0,10000,780,13.02793680936933,-1.344827377498229,11.233417906483671,5.530043287007115,0.725,794.3282347242813,0.7230236506726201,0.01820284999909485
OBM_RR,2.0,10000,984,16.299871538576877,-1.768510616730233,13.18872764664764,5.530043287007115,0.75,1000.0,0.7482487746078353,0.016129381929883644
OBM_RR,2.0,20000,5,14.687577162256908,-3.831356707558923,0.0082933083355735,5.530043287007115,0.15,4.417275630574674,0.1625122366132473,0.12391477955368131
OBM_RR,2.0,20000,6,12.714739415860429,-3.564123373118612,0.0117787204505966,5.530043287007115,0.175,5.6582254690844485,0.18092207010137693,0.05864914753423278
OBM_RR,2.0,20000,7,11.01542254893006,-3.3165720719761707,0.0157919802931168,5.530043287007115,0.2,7.247796636776956,0.19648736253088905,0.0347873614519124
OBM_RR,2.0,20000,9,8.287725493307702,-2.8744598888391324,0.0252373874969983,5.530043287007115,0.225,9.28392768635557,0.2218637187839495,0.031060121984409494
OBM_RR,2.0,20000,12,5.443938914970064,-2.3241341145332988,0.0423925232866921,5.530043287007115,0.25,11.89207115002721,0.2509122808107791,0.009034761653968382
OBM_RR,2.0,20000,15,3.609664839886439,-1.8834464917787543,0.0623721176397932,5.530043287007115,0.275,15.232923070389067,0.273444096005222,0.015408875845225468
OBM_RR,2.0,20000,19,2.129227822800833,-1.4272851701299496,0.0922001160730452,5.530043287007115,0.3,19.51232399646889,0.29731334174418345,0.02660728659439795
OBM_RR,2.0,20000,25,1.0351265925380904,-0.9457858594332578,0.1407916902469933,5.530043287007115,0.325,24.9939414768837,0.3250244732264946,0.00024237029395886872
OBM_RR,2.0,20000,32,0.541981570745812,-0.5852741007606248,0.1996854044802546,5.530043287007115,0.35,32.01551545899593,0.34995105354701095,0.0004847405879181659
OBM_RR,2.0,20000,42,0.3659429759502038,-0.2881389230860627,0.2832730282383054,5.530043287007115,0.375,41.00966752495598,0.377409432632266,0.023861786082320192
OBM_RR,2.0,20000,54,0.3883457071234881,-0.1123135225052651,0.3762016318257295,5.530043287007115,0.4,52.53055608807536,0.4027857888853264,0.02758902554982295
OBM_RR,2.0,20000,69,0.4876141272504528,-0.0192838964219772,0.4878520736813408,5.530043287007115,0.425,67.28801986124834,0.4275369138534406,0.025124294769405104
OBM_RR,2.0,20000,89,0.6375458252263476,0.0166416708716612,0.6380664630958167,5.530043287007115,0.45,86.19131328547948,0.4532379473312581,0.0320669710908821
OBM_RR,2.0,20000,114,0.8264743978176964,0.0213039141538393,0.8270543590081824,5.530043287007115,0.475,110.40512859784792,0.4782354118455604,0.032041860939834806
OBM_RR,2.0,20000,147,1.0620696779357677,0.0111269493850727,1.063274962636445,5.530043287007115,0.5,141.4213562373095,0.5039065844537528,0.038688810510672314
OBM_RR,2.0,20000,188,1.3585867599533352,-0.0043995693784504,1.3602677384156392,5.530043287007115,0.525,181.15100497595773,0.5287472655518185,0.0371109977484818
OBM_RR,2.0,20000,223,1.6146582448140248,-0.0163881276561026,1.6164101868194765,5.530043287007115,0.55,232.04194526839143,0.5459866277183766,0.03974638243475211
OBM_RR,2.0,20000,286,2.111281375496485,-0.0397503589804113,2.1123417115969096,5.530043287007115,0.575,297.22973036271696,0.5711111142227308,0.03851353188842065
OBM_RR,2.0,20000,368,2.793241038276134,-0.0908293043915158,2.788476671579361,5.530043287007115,0.6,380.7307877431756,0.5965658972990746,0.03400959335274568
OBM_RR,2.0,20000,472,3.65434263848612,-0.1917286968405589,3.6221103832730313,5.530043287007115,0.625,487.6898840457368,0.6216980586812421,0.03270073474952464
OBM_RR,2.0,20000,607,4.892062945145119,-0.3279811213892456,4.790479428442927,5.530043287007115,0.65,624.6971105498872,0.6470981820357188,0.028738118088985083
OBM_RR,2.0,20000,780,6.403698192578142,-0.4980064796263272,6.163391978801836,5.530043287007115,0.675,800.1939197344099,0.6724190730141623,0.025560178278249395
OBM_RR,2.0,20000,1002,8.156956409616814,-0.7113082993204758,7.660572628720527,5.530043287007115,0.7,1024.993230105207,0.6977090893475533,0.022688005130478982
OBM_RR,2.0,20000,1287,10.27796413081307,-1.0220933394258491,9.244845393055709,5.530043287007115,0.725,1312.9456446135114,0.7229846222972781,0.019959267992566036
OBM_RR,2.0,20000,1653,13.413220775343184,-1.3706758618782962,11.54890458774205,5.530043287007115,0.75,1681.792830507429,0.7482563146074083,0.01726856658107176
OBM_RR,2.0,30000,5,15.666075342182252,-3.957396462759397,0.0050949474059184,5.530043287007115,0.15,4.694271328870265,0.15612040964921,0.06309501333745664
OBM_RR,2.0,30000,6,13.73619218130933,-3.705261553998783,0.0072380453245134,5.530043287007115,0.175,6.074299753156561,0.17380615938497024,0.012307246384696045
OBM_RR,2.0,30000,8,10.582837938211446,-3.251211472530792,0.0124774959655634,5.530043287007115,0.2,7.860030855966229,0.2017122020181897,0.01765100955097741
OBM_RR,2.0,30000,10,8.17666994755018,-2.8561958344497342,0.018838851386398,5.530043287007115,0.225,10.170733675867188,0.22335781032193994,0.016929255650920155
OBM_RR,2.0,30000,13,5.583698506911702,-2.356614265577686,0.0301053418647731,5.530043287007115,0.25,13.160740129524925,0.24880794799393632,0.012288807699536324
OBM_RR,2.0,30000,17,3.395180253225198,-1.8296465064940144,0.0476334563198446,5.530043287007115,0.275,17.029752845447483,0.2748303767920441,0.0017486376209645733
OBM_RR,2.0,30000,22,1.8644136655143309,-1.3386769348223408,0.0724482900515573,5.530043287007115,0.3,22.036183309053403,0.29984059051495643,0.0016433448349718553
OBM_RR,2.0,30000,29,0.8632889307324845,-0.8676298700445937,0.1106456463968825,5.530043287007115,0.325,28.514411174206582,0.3266380146298997,0.016886215277078766
OBM_RR,2.0,30000,37,0.4355403402953818,-0.5276082438079177,0.1573665895983045,5.530043287007115,0.35,36.89711749119786,0.350270103230695,0.00278448141872228
OBM_RR,2.0,30000,49,0.2916617741413752,-0.2428781676811988,0.2329631737724142,5.530043287007115,0.375,47.74418348819862,0.37751849544989513,0.02596305036901687
OBM_RR,2.0,30000,63,0.3317403767201318,-0.0859591723539141,0.3247573440884725,5.530043287007115,0.4,61.78008505674121,0.40189676514942824,0.019553662133815528
OBM_RR,2.0,30000,82,0.4411118432807071,-0.0024502622561177,0.4416579118854401,5.530043287007115,0.425,79.94228052013091,0.4274652714322233,0.025414366490428865
OBM_RR,2.0,30000,107,0.5847491295654375,0.0207920977671216,0.5850481283963754,5.530043287007115,0.45,103.44382350541889,0.4532787168866349,0.03380013717197439
OBM_RR,2.0,30000,138,0.7540777201902773,0.0061708944563907,0.754983369463715,5.530043287007115,0.475,133.85438283469583,0.4779587070922935,0.03050117135116586
OBM_RR,2.0,30000,180,0.9811537885985134,-0.0348404561243498,0.9811663892020632,5.530043287007115,0.5,173.20508075688772,0.5037327284191505,0.03848052056806427
OBM_RR,2.0,30000,234,1.2613749809656358,-0.0900696584895772,1.2548309763055887,5.530043287007115,0.525,224.12415166897196,0.529182866091147,0.043120968519447564
OBM_RR,2.0,30000,278,1.4970677503057428,-0.1256509564223957,1.4831335043363008,5.530043287007115,0.55,290.0124819770266,0.545896493944994,0.042302849663724225
OBM_RR,2.0,30000,361,1.9251912207125144,-0.1593896717527059,1.9021638580736715,5.530043287007115,0.575,375.27075541015427,0.5712392085002391,0.03876982153758678
OBM_RR,2.0,30000,469,2.4393315596719454,-0.21185979363071,2.397443792255017,5.530043287007115,0.6,485.59337483020374,0.5966273171402726,0.03476882794029588
OBM_RR,2.0,30000,608,3.113902836878199,-0.2774078668824984,3.040748648080001,5.530043287007115,0.625,628.3487915845369,0.6218066076137692,0.03292053093651589
OBM_RR,2.0,30000,789,4.099821473728128,-0.3769355187750642,3.962694456484506,5.530043287007115,0.65,813.0716446117171,0.6470847757709037,0.030052908572916048
OBM_RR,2.0,30000,1025,5.433748110868505,-0.5281255433022078,5.161283125286861,5.530043287007115,0.675,1052.099579287026,0.6724686900579134,0.026095154362389336
OBM_RR,2.0,30000,1330,7.159718006995369,-0.7184611168666359,6.651846438594358,5.530043287007115,0.7,1361.3972791592591,0.697736662297007,0.02333264123520476
OBM_RR,2.0,30000,1726,9.270337237007832,-0.9109193248013092,8.451127129623387,5.530043287007115,0.725,1761.6227476853735,0.7230183430852556,0.02042880732373851
OBM_RR,2.0,30000,2240,12.041175785312616,-1.1969330114404135,10.621804406945486,5.530043287007115,0.75,2279.5070569547775,0.748304061410537,0.017483350634133744
OBM_RR,2.0,50000,5,17.13388291739815,-4.1389998087892925,0.0025667086261327,5.530043287007115,0.15,5.068103794729894,0.14874962038298556,0.013528830227442057
OBM_RR,2.0,50000,7,13.658230126918184,-3.695038146603888,0.0049293837900182,5.530043287007115,0.175,6.6423193338963555,0.17984750684393275,0.052448949283514026
OBM_RR,2.0,50000,9,10.915970244100038,-3.302730851405144,0.0079491036562577,5.530043287007115,0.2,8.705505632961243,0.20307482460172946,0.033268920454162604
OBM_RR,2.0,50000,11,8.746330196686163,-2.9554701146825546,0.0115410241846813,5.530043287007115,0.225,11.409543040000797,0.22162147964283027,0.03655484119394312
OBM_RR,2.0,50000,15,5.6565729747004765,-2.374128360888862,0.0201126415255478,5.530043287007115,0.25,14.953487812212206,0.2502870326838503,0.003105629999639262
OBM_RR,2.0,50000,19,3.694205850090024,-1.914202858734352,0.0300708542710954,5.530043287007115,0.275,19.598225535066074,0.27213487206192993,0.031000049046387677
OBM_RR,2.0,50000,26,1.79852876504117,-1.3224456790974566,0.0497283513167842,5.530043287007115,0.3,25.685676074155552,0.3011241499020292,0.012163052698397134
OBM_RR,2.0,50000,34,0.8365971267703597,-0.8731186118246734,0.0743539589043456,5.530043287007115,0.325,33.66396382192787,0.3259180023769185,0.009932582182819337
OBM_RR,2.0,50000,45,0.3568289985268805,-0.4966042115700784,0.1103511945709553,5.530043287007115,0.35,44.12040613345333,0.351824444984715,0.019740090226720956
OBM_RR,2.0,50000,59,0.2163436647116109,-0.2419115203446287,0.1580200060437163,5.530043287007115,0.375,57.824748377162095,0.37685961178898225,0.020120587251863165
OBM_RR,2.0,50000,78,0.232538631290423,-0.0862890554399742,0.2253745483871841,5.530043287007115,0.4,75.78582832551992,0.4026615622028939,0.028797512925478264
OBM_RR,2.0,50000,102,0.3110315357238319,-0.0143529478194563,0.3112145467962192,5.530043287007115,0.425,99.32584120424065,0.42745541467778314,0.02656704240990083
OBM_RR,2.0,50000,135,0.4217662783241397,0.0133017858850417,0.422116987050221,5.530043287007115,0.45,130.17767238163063,0.45336185728557976,0.03637455045380198
OBM_RR,2.0,50000,177,0.5515710293238167,0.0160347033193035,0.5520039225164242,5.530043287007115,0.475,170.61246279156248,0.4783970240898469,0.03675504747894491
OBM_RR,2.0,50000,233,0.7201413161062604,0.0078575771051596,0.7209808005890331,5.530043287007115,0.5,223.60679774997897,0.5038031566154964,0.0411493113605591
OBM_RR,2.0,50000,306,0.9683030880110628,-0.0158009620767751,0.9692649988570824,5.530043287007115,0.525,293.06182667959655,0.5289928269786479,0.043201502636982046
OBM_RR,2.0,50000,368,1.1851935438394685,-0.0428105780828165,1.1848418505568794,5.530043287007115,0.55,384.09044412331593,0.5460447324213301,0.042795118256725266
OBM_RR,2.0,50000,483,1.5825422484590983,-0.1048863610745769,1.5735079847005071,5.530043287007115,0.575,503.39367272195074,0.5711777534810553,0.04135585988333955
OBM_RR,2.0,50000,636,2.0904900355008,-0.1780308085245217,2.0613717814437096,5.530043287007115,0.6,659.7539553864469,0.5966109834839332,0.03666840730604748
OBM_RR,2.0,50000,836,2.721197125244893,-0.2736851230618997,2.649605585641538,5.530043287007115,0.625,864.6816701021309,0.6218823007472963,0.033732814671725286
OBM_RR,2.0,50000,1099,3.575864077741548,-0.4136797143189135,3.408994414720971,5.530043287007115,0.65,1133.2624602040687,0.6471626100224903,0.030699930463062935
OBM_RR,2.0,50000,1445,4.7330637660013695,-0.5868088494512556,4.394211905088423,5.530043287007115,0.675,1485.2677558853384,0.6724596760942864,0.027485741430409077
OBM_RR,2.0,50000,1899,6.1094577505997885,-0.7803036258471101,5.507468337511531,5.530043287007115,0.7,1946.610237380866,0.6977114052040613,0.024762088274911827
OBM_RR,2.0,50000,2497,7.919306777946349,-1.0023714394583765,6.923212290667825,5.530043287007115,0.725,2551.251382965138,0.7230134559736172,0.02149396591768188
OBM_RR,2.0,50000,3283,10.451265968654388,-1.275390045700128,8.83569081350029,5.530043287007115,0.75,3343.7015248821103,0.7483067309399014,0.018320795806119707
OBM_RR,2.0,100000,6,17.765684812979035,-4.214758960942696,0.0014935811086632,5.530043287007115,0.15,5.62341325190349,0.15563025007672873,0.06482064948252075
OBM_RR,2.0,100000,8,14.901460953407204,-3.8599035471581846,0.0026088210692026,5.530043287007115,0.175,7.498942093324557,0.18061799739838869,0.06467958531004617
OBM_RR,2.0,100000,10,12.527942149923588,-3.538920386856284,0.0039896324571293,5.530043287007115,0.2,10.000000000000002,0.2,2.220446049250313e-16
OBM_RR,2.0,100000,13,9.69666114433329,-3.1129042262449045,0.0064965432389526,5.530043287007115,0.225,13.335214321633241,0.22278867046136736,0.02545887215676478
OBM_RR,2.0,100000,18,6.391045424405969,-2.525752215796484,0.011635713446931,5.530043287007115,0.25,17.78279410038923,0.2510545010206612,0.012140391653607661
OBM_RR,2.0,100000,24,3.9350024522492624,-1.9788848874405307,0.0190408555782116,5.530043287007115,0.275,23.71373705661656,0.2760422483423212,0.011999327481132619
OBM_RR,2.0,100000,32,2.1120717685707344,-1.4428093701074791,0.0304109037304552,5.530043287007115,0.3,31.62277660168379,0.3010299956639812,0.011858263308658178
OBM_RR,2.0,100000,43,0.9430012371737564,-0.9461938682703276,0.047778123475735,5.530043287007115,0.325,42.16965034285823,0.3266936911159173,0.019499339578238004
OBM_RR,2.0,100000,57,0.3838018013175316,-0.5589027465746339,0.0715189198386611,5.530043287007115,0.35,56.234132519034894,0.3511749711344983,0.013527355094970562
OBM_RR,2.0,100000,77,0.1743055933715245,-0.2615926062359106,0.1060074109979764,5.530043287007115,0.375,74.98942093324558,0.3772981450344964,0.026458372489848083
OBM_RR,2.0,100000,103,0.1553047781895457,-0.0860222023347505,0.1480900714843803,5.530043287007115,0.4,100.00000000000003,0.40256744494103447,0.029558802241544214
OBM_RR,2.0,100000,138,0.1998041155480887,0.0036593985450572,0.2000407753195266,5.530043287007115,0.425,133.3521432163324,0.4279758172802473,0.034260362544857766
OBM_RR,2.0,100000,184,0.2689522392573274,0.0295726218844425,0.2684132158119722,5.530043287007115,0.45,177.8279410038923,0.4529635646019073,0.03411929837238258
OBM_RR,2.0,100000,247,0.3647662692531954,0.0242227796492313,0.3646353203496972,5.530043287007115,0.475,237.13737056616546,0.4785393906519332,0.04074874076711888
OBM_RR,2.0,100000,330,0.4972172178205171,0.000211585481586,0.4978394723925918,5.530043287007115,0.5,316.22776601683796,0.5037027879755774,0.04262992197541153
OBM_RR,2.0,100000,442,0.6879180324740582,-0.0359063728814108,0.6874881250168302,5.530043287007115,0.525,421.69650342858233,0.5290844538698184,0.04702401296832797
OBM_RR,2.0,100000,537,0.8574731031739563,-0.0627759383728499,0.8546005354046201,5.530043287007115,0.55,562.3413251903494,0.5459948571399111,0.04611091122476142
OBM_RR,2.0,100000,719,1.1636475649250837,-0.124394173920054,1.149610667754524,5.530043287007115,0.575,749.8942093324555,0.5713457780765765,0.04207078463683416
OBM_RR,2.0,100000,961,1.497428152504392,-0.1838766063465735,1.4654493578401588,5.530043287007115,0.6,999.9999999999998,0.5965446775337091,0.03978087001184436
OBM_RR,2.0,100000,1286,2.036343126616412,-0.2466095019131646,1.977999379406812,5.530043287007115,0.625,1333.521432163324,0.6218481937176407,0.036286510808828144
OBM_RR,2.0,100000,1721,2.91351315892879,-0.3395584745753019,2.801715345454702,5.530043287007115,0.65,1778.2794100389233,0.6471561740655121,0.03274075601910928
OBM_RR,2.0,100000,2303,4.026299247538587,-0.4747859098727236,3.805634630613184,5.530043287007115,0.675,2371.3737056616565,0.6724587875928463,0.02925678903421948
OBM_RR,2.0,100000,3081,5.334360588106229,-0.651178297751061,4.916473003899133,5.530043287007115,0.7,3162.2776601683777,0.697738339663388,0.026038326882491435
OBM_RR,2.0,100000,4122,6.84369406718351,-0.8227619186483484,6.174474986138271,5.530043287007115,0.725,4216.965034285821,0.7230215974886388,0.022777200653010976
OBM_RR,2.0,100000,5515,9.005526302295406,-1.0525754103071652,7.9074956775089955,5.530043287007115,0.75,5623.413251903491,0.7483091033552419,0.019467167040068557
OBM_RR,2.0,200000,6,20.40594142555619,-4.51722546961593,0.0006162525249848,5.530043287007115,0.15,6.239567673133879,0.1467924631666183,0.039151427601471
OBM_RR,2.0,200000,8,17.913464394744924,-4.232302529447255,0.0010810452858997,5.530043287007115,0.175,8.466038697065802,0.17036122937063797,0.05662117128794421
OBM_RR,2.0,200000,11,14.789080717267009,-3.8453984954851856,0.0019936202125443,5.530043287007115,0.2,11.486983549970352,0.19645100782490202,0.04331925630766445
OBM_RR,2.0,200000,15,11.527125354015338,-3.3946378196490787,0.0035638822763336,5.530043287007115,0.225,15.585895103813016,0.22186089496148376,0.03831614414207903
OBM_RR,2.0,200000,21,8.02737734456568,-2.8321105769263366,0.006535193619677,5.530043287007115,0.25,21.147425268811283,0.24942686531022062,0.006995723659120484
OBM_RR,2.0,200000,29,5.049275699512743,-2.244536479551385,0.0113458738180894,5.530043287007115,0.275,28.69348167180654,0.2758705381963762,0.010625852465675911
OBM_RR,2.0,200000,39,2.900785315945421,-1.6977932682922718,0.0183062168579402,5.530043287007115,0.3,38.932204747617334,0.30014253990789014,0.0017398524705943795
OBM_RR,2.0,200000,54,1.321116912232389,-1.1362852028086785,0.0300103630642593,5.530043287007115,0.325,52.82442137371227,0.32680323658609617,0.022010436766967692
OBM_RR,2.0,200000,73,0.5297125843100343,-0.6952859679972105,0.0463479419436455,5.530043287007115,0.35,71.67381122021563,0.3515020404797889,0.0183340152128306
OBM_RR,2.0,200000,100,0.1918371791430854,-0.3490329139344617,0.0701008301712184,5.530043287007115,0.375,97.2492472466073,0.3772851694172483,0.027892943914276245
OBM_RR,2.0,200000,136,0.1162704651275282,-0.1324671712022764,0.0988464717709085,5.530043287007115,0.4,131.95079107728947,0.40247629425137427,0.030225827523982264
OBM_RR,2.0,200000,185,0.1347402169488701,-0.0179015869157828,0.1345879851161619,5.530043287007115,0.425,179.0349206690635,0.4276851348242633,0.03277495072800116
OBM_RR,2.0,200000,253,0.1899370751889404,0.0239621803808685,0.189599888961537,5.530043287007115,0.45,242.92012618706255,0.45333086648094223,0.04065679823894197
OBM_RR,2.0,200000,344,0.2650891047609944,0.024273180807036,0.2648309561496904,5.530043287007115,0.475,329.6015519554173,0.47850294087117556,0.04275715074656621
OBM_RR,2.0,200000,469,0.3746052963753185,0.0096242466074052,0.3749813969988068,5.530043287007115,0.5,447.21359549995793,0.5038969492532565,0.04756644568119249
OBM_RR,2.0,200000,638,0.5200982603809403,-0.0168330494979578,0.5204654906889008,5.530043287007115,0.525,606.793259356535,0.5291086224781575,0.05015014444144839
OBM_RR,2.0,200000,784,0.6442331346935696,-0.0327492411113734,0.6439655788737909,5.530043287007115,0.55,823.315890450298,0.5459912630284807,0.048930934691188276
OBM_RR,2.0,200000,1068,0.8707547898845232,-0.0497675848944254,0.8693646832323398,5.530043287007115,0.575,1117.1005033687768,0.571317509082156,0.04494875165970911
OBM_RR,2.0,200000,1454,1.1566476459854589,-0.0525039921865344,1.1553351457220875,5.530043287007115,0.6,1515.7165665103976,0.5965943239539983,0.0415699292246392
OBM_RR,2.0,200000,1980,1.5807311708171323,-0.0459844830790387,1.5805923385562817,5.530043287007115,0.625,2056.5711885957794,0.6218914424098834,0.0379432797677777
OBM_RR,2.0,200000,2696,2.2801564152825318,-0.0649902162684563,2.278781163526319,5.530043287007115,0.65,2790.4194934675093,0.6471798670578107,0.03442274756241545
OBM_RR,2.0,200000,3671,3.271187023206497,-0.131391986596066,3.257995663644392,5.530043287007115,0.675,3786.1276053565794,0.6724701402217739,0.0308796522360335
OBM_RR,2.0,200000,4998,4.404395806603943,-0.2512927445974489,4.346681114509762,5.530043287007115,0.7,5137.135214831108,0.697750485248318,0.027457740476223298
OBM_RR,2.0,200000,6804,6.008812060312714,-0.3931633746831968,5.861561573086793,5.530043287007115,0.725,6970.224188461407,0.723022565062935,0.024136714493623312
OBM_RR,2.0,200000,9264,7.982291658076815,-0.6186594569767419,7.609063463699682,5.530043287007115,0.75,9457.416090031758,0.7483071308081702,0.02066328433485381
OBM_RR,2.0,300000,7,20.753817404946773,-4.555587428380312,0.000441138753467,5.530043287007115,0.15,6.630834496675398,0.15429602535931292,0.054179486009562565
OBM_RR,2.0,300000,9,18.661260371784373,-4.319784703360559,0.0007213901341743,5.530043287007115,0.175,9.088583876478463,0.17422336754313217,0.009794529550489707
OBM_RR,2.0,300000,12,15.962955717061408,-3.995209439876535,0.0012588221104668,5.530043287007115,0.2,12.457309396155175,0.1970343901219439,0.0374009009396674
OBM_RR,2.0,300000,17,12.400964380257046,-3.521155077619844,0.0024343425372114,5.530043287007115,0.225,17.074668562300275,0.22465248880842104,0.004382650512410136
OBM_RR,2.0,300000,23,9.262906415467423,-3.042808021190589,0.0042310504587123,5.530043287007115,0.25,23.40347319320716,0.24862108627669788,0.017390222480434793
OBM_RR,2.0,300000,32,6.09485901888801,-2.4672544879328604,0.0075237153073015,5.530043287007115,0.275,32.07807844156349,0.27480676587594455,0.0024369794508166966
OBM_RR,2.0,300000,44,3.5893889968981534,-1.8912305054388223,0.0126519871797429,5.530043287007115,0.3,43.967966122300474,0.3000577493277178,0.0007283078267599157
OBM_RR,2.0,300000,61,1.7725110237138222,-1.3235468362432998,0.020760746917822,5.530043287007115,0.325,60.26489549408122,0.3259613493990734,0.012124094240851247
OBM_RR,2.0,300000,84,0.7332770935478149,-0.8370735157755664,0.0326258049911872,5.530043287007115,0.35,82.60235687978427,0.3513304154812568,0.01677858506989557
OBM_RR,2.0,300000,116,0.2548245130827387,-0.4526759385271655,0.0499714721014149,5.530043287007115,0.375,113.21930132219957,0.37692391554194,0.02426353349198794
OBM_RR,2.0,300000,160,0.1107525281608686,-0.1917824506862029,0.0740646005203137,5.530043287007115,0.4,155.184557391536,0.40242307594644244,0.03055871377849144
OBM_RR,2.0,300000,221,0.1091628617234408,-0.0409286128432215,0.1076222381718853,5.530043287007115,0.425,212.7044291173785,0.4280336630606701,0.038259156221459326
OBM_RR,2.0,300000,304,0.1548573732962857,0.0342516555176919,0.1538765430694198,5.530043287007115,0.45,291.5443065124053,0.45331725702973064,0.041835712268969476
OBM_RR,2.0,300000,418,0.2207500816293602,0.0707208067150872,0.2160186724675118,5.530043287007115,0.475,399.60654798069135,0.4785682404815038,0.045000999546545954
OBM_RR,2.0,300000,575,0.3035021503683818,0.080699147789951,0.2973614997890937,5.530043287007115,0.5,547.7225575051662,0.5038537064176937,0.04860116397818126
OBM_RR,2.0,300000,791,0.4197178665582711,0.0756887064657263,0.4145072202971876,5.530043287007115,0.525,750.7384488967276,0.5291422900306075,0.05224064710752604
OBM_RR,2.0,300000,979,0.519382819750195,0.0699108893388817,0.5151392113161869,5.530043287007115,0.55,1029.0031165031005,0.546050115145062,0.0498141219705762
OBM_RR,2.0,300000,1346,0.7247921846886672,0.0620905099440873,0.7218392523289614,5.530043287007115,0.575,1410.4078661871597,0.5712937352248034,0.04674169813737074
OBM_RR,2.0,300000,1852,1.023271918223359,0.0527855834384585,1.0217628039093072,5.530043287007115,0.6,1933.1820449317622,0.5965982548825578,0.04290123697687787
OBM_RR,2.0,300000,2548,1.4247530016380898,0.0242824705775959,1.4259457955051194,5.530043287007115,0.625,2649.7248834477414,0.6218959313212528,0.03914707933190723
OBM_RR,2.0,300000,3505,1.9822906198698769,-0.0233045683358996,1.9842278017167,5.530043287007115,0.65,3631.857628912531,0.6471808560469977,0.03555374039622957
OBM_RR,2.0,300000,4821,2.7669740078561085,-0.0698846622990094,2.7655470756760567,5.530043287007115,0.675,4978.022404925004,0.6724585708795893,0.032051329300256545
OBM_RR,2.0,300000,6632,3.842252137448381,-0.1249154085689019,3.831437575119345,5.530043287007115,0.7,6823.149362095244,0.697746925768548,0.028414730731705265
OBM_RR,2.0,300000,9123,5.269365436650512,-0.2184424191539982,5.228183575634204,5.530043287007115,0.725,9352.18113349616,0.723032682807839,0.02481089504232051
OBM_RR,2.0,300000,12549,7.208216379509625,-0.4142693818858669,7.045404013758724,5.530043287007115,0.75,12818.610191887023,0.7483144755593097,0.021257055118445577
OBM_RR,2.0,500000,7,22.652752118310104,-4.759470403137613,0.0001938422700267,5.530043287007115,0.15,7.158886890101028,0.1482896101174897,0.022444357555335966
OBM_RR,2.0,500000,9,20.866428403808374,-4.567943845904696,0.000317821746974,5.530043287007115,0.175,9.938475026541154,0.16744122336374762,0.09918901370953807
OBM_RR,2.0,500000,13,17.777450591811057,-4.216254482942681,0.0006495388003066,5.530043287007115,0.2,13.79729661461215,0.1954639788346493,0.05952331801932924
OBM_RR,2.0,500000,19,14.104667511539422,-3.755440561975648,0.0013353662152196,5.530043287007115,0.225,19.154386700495632,0.2243832832915244,0.008092780749533634
OBM_RR,2.0,500000,26,10.889596126547085,-3.2995780126410468,0.0023840450992185,5.530043287007115,0.25,26.591479484724942,0.24828580373194561,0.02249430632960012
OBM_RR,2.0,500000,37,7.396137873999686,-2.7187605371421504,0.0044846214550316,5.530043287007115,0.275,36.91617968474297,0.27517283348988336,0.002267983858033839
OBM_RR,2.0,500000,52,4.495968837203783,-2.118489651647937,0.0079804085751062,5.530043287007115,0.3,51.24966150526037,0.30110762862924195,0.014534705360128823
OBM_RR,2.0,500000,73,2.337640752141366,-1.5245026617454966,0.0135493231261688,5.530043287007115,0.325,71.14841857510196,0.32695782899414466,0.025691343491984212
OBM_RR,2.0,500000,101,1.0390908345200325,-1.0087013309341175,0.021639508877869,5.530043287007115,0.35,98.77328585318219,0.351698881071083,0.022293334749744584
OBM_RR,2.0,500000,141,0.3693703276786,-0.5791637172480151,0.033982194044617,5.530043287007115,0.375,137.12408783810366,0.3771241313816642,0.027873623851545
OBM_RR,2.0,500000,197,0.1296824283007694,-0.2776153530902476,0.0526779915187451,5.530043287007115,0.4,190.3653938715879,0.4026106865654435,0.03425837777625657
OBM_RR,2.0,500000,275,0.091026127700154,-0.1028918216816991,0.0805400758259577,5.530043287007115,0.425,264.2787547777203,0.42803044970833587,0.03976666226973165
OBM_RR,2.0,500000,383,0.1201095061556118,-0.0193136102412294,0.1198863485507501,5.530043287007115,0.45,366.8905298721239,0.4532746745470173,0.04297146934869776
OBM_RR,2.0,500000,534,0.1741192639462803,0.0121988230391609,0.1741881878976115,5.530043287007115,0.475,509.34348098871766,0.4786024939512451,0.047273234693139
OBM_RR,2.0,500000,744,0.2407695629763743,0.0166988185233529,0.2407917020638783,5.530043287007115,0.5,707.1067811865476,0.5038757763878497,0.05085934613092751
OBM_RR,2.0,500000,1037,0.3246843910537286,0.0096274124317314,0.3249979514228766,5.530043287007115,0.525,981.6558347412624,0.5291796156313349,0.054846435092254495
OBM_RR,2.0,500000,1294,0.3990218407466384,0.0004752424727589,0.3995210161614322,5.530043287007115,0.55,1362.8043225162298,0.5460520539615035,0.05180638251153561
OBM_RR,2.0,500000,1803,0.5370411271217478,-0.0220264948743906,0.5372274950140639,5.530043287007115,0.575,1891.9417129104454,0.571330560477613,0.048151718804171274
OBM_RR,2.0,500000,2512,0.7373001122428303,-0.0654285928673559,0.7339366322685638,5.530043287007115,0.6,2626.5278044037664,0.5966024794793233,0.04458349885450761
OBM_RR,2.0,500000,3501,0.987991398700316,-0.1081330294974947,0.977520547316155,5.530043287007115,0.625,3646.3323686085546,0.6219004676403737,0.040673189923039824
OBM_RR,2.0,500000,4878,1.396108974571637,-0.1483401580507797,1.375823952021133,5.530043287007115,0.65,5062.097465737913,0.6471769097172895,0.03704561653694836
OBM_RR,2.0,500000,6798,2.034501661529696,-0.2142733847839029,1.99107742488405,5.530043287007115,0.675,7027.5630859204075,0.6724690878055513,0.033211549491861156
OBM_RR,2.0,500000,9472,2.8200713196259657,-0.3327406296798472,2.712745925392966,5.530043287007115,0.7,9756.16199823444,0.6977474326682539,0.029559007059242668
OBM_RR,2.0,500000,13199,3.887972558726296,-0.4999739394407338,3.642551808366869,5.530043287007115,0.725,13544.196725389875,0.7230325875951858,0.025817100489183478
OBM_RR,2.0,500000,18391,5.533017101321357,-0.6824650354964188,5.073600577367938,5.530043287007115,0.75,18803.015465431967,0.7483115968581989,0.02215583955426555
OBM_RR,2.0,1000000,8,24.14488605435484,-4.91373559443206,8.867320776544422e-05,5.530043287007115,0.15,7.943282347242814,0.1505149978319906,0.007114957985194869
OBM_RR,2.0,1000000,11,22.194202663971986,-4.711054853820897,0.0001650345557414,5.530043287007115,0.175,11.220184543019633,0.17356544752637085,0.01981907484537731
OBM_RR,2.0,1000000,15,19.89701537083612,-4.460573466285171,0.0003000978311057,5.530043287007115,0.2,15.848931924611136,0.19601520984261356,0.055051910490644874
OBM_RR,2.0,1000000,22,16.552812221047024,-4.06843869942083,0.0006195445326324,5.530043287007115,0.225,22.387211385683397,0.22373711347036773,0.017447422183645853
OBM_RR,2.0,1000000,32,12.890824706374692,-3.5902075212066427,0.0012362063038275,5.530043287007115,0.25,31.622776601683793,0.25085832971998434,0.011858263308657958
OBM_RR,2.0,1000000,45,9.475673617819671,-3.0778887059918074,0.0022775783206509,5.530043287007115,0.275,44.668359215096324,0.2755354189625573,0.0073970863301441436
OBM_RR,2.0,1000000,64,6.19988102517512,-2.489116062439915,0.0041874872377802,5.530043287007115,0.3,63.095734448019314,0.3010299956639812,0.01422991597038981
OBM_RR,2.0,1000000,91,3.521637289767772,-1.8746126367646747,0.0074740944680506,5.530043287007115,0.325,89.12509381337456,0.32650689872018224,0.020818575178460825
OBM_RR,2.0,1000000,129,1.672820654533857,-1.2884299550237976,0.0127848866395316,5.530043287007115,0.35,125.89254117941668,0.3517649517165415,0.024383709074176592
OBM_RR,2.0,1000000,184,0.6165791719815996,-0.7718156872339144,0.0209058492327812,5.530043287007115,0.375,177.82794100389228,0.3774696371682561,0.0341192983723828
OBM_RR,2.0,1000000,261,0.1841549862630045,-0.3888445043910744,0.0329961828964852,5.530043287007115,0.4,251.1886431509581,0.40277341788971355,0.03831618413698343
OBM_RR,2.0,1000000,370,0.0728843354441126,-0.1489541906264309,0.0507604350827911,5.530043287007115,0.425,354.8133892335754,0.4280336206778325,0.041911018503453766
OBM_RR,2.0,1000000,525,0.0768527029643049,-0.0268563237584036,0.0762267242437934,5.530043287007115,0.45,501.18723362727235,0.4533598839009928,0.04641851150770025
OBM_RR,2.0,1000000,744,0.1130800499775433,0.0162511072604667,0.1129571479252587,5.530043287007115,0.475,707.9457843841377,0.47859548925764644,0.04967351980006198
OBM_RR,2.0,1000000,1055,0.1670980634846118,0.0260484216524039,0.1666278279990291,5.530043287007115,0.5,1000.0,0.503875409938952,0.05354076692802976
OBM_RR,2.0,1000000,1497,0.2576078500729133,0.0248372356070065,0.2573126025535073,5.530043287007115,0.525,1412.5375446227547,0.5292036333905088,0.058075341488384086
OBM_RR,2.0,1000000,1889,0.3342769313893371,0.0198069346871516,0.3343024948461938,5.530043287007115,0.55,1995.262314968881,0.546038659653639,0.05472793937884181
OBM_RR,2.0,1000000,2679,0.4694895128067702,0.0111434940101586,0.4699527763184138,5.530043287007115,0.575,2818.382931264452,0.5713287856013681,0.050719701284848255
OBM_RR,2.0,1000000,3799,0.6370907674319095,-0.0031886793550208,0.6378779471898678,5.530043287007115,0.6,3981.0717055349714,0.5966115489257867,0.04681318159093857
OBM_RR,2.0,1000000,5388,0.8939219989227405,-0.0314113429341702,0.8940528925735295,5.530043287007115,0.625,5623.413251903491,0.6219045978418247,0.042764561197416714
OBM_RR,2.0,1000000,7640,1.2514925339489755,-0.0654233701915831,1.2487732831857332,5.530043287007115,0.65,7943.282347242817,0.6471822264292817,0.03892898051621227
OBM_RR,2.0,1000000,10835,1.7785163529538486,-0.1142219161682565,1.7676793059531417,5.530043287007115,0.675,11220.18454301964,0.6724714859426395,0.034932712655426225
OBM_RR,2.0,1000000,15364,2.4857699461431726,-0.2095800598296948,2.444902272505586,5.530043287007115,0.7,15848.931924611124,0.6977507164155231,0.031075001109195748
OBM_RR,2.0,1000000,21787,3.476896514017349,-0.3086394631836793,3.385870533950478,5.530043287007115,0.725,22387.21138568339,0.7230329055677136,0.027176413897764564
OBM_RR,2.0,1000000,30894,4.937876015488012,-0.4217311467934141,4.765976325719473,5.530043287007115,0.75,31622.776601683792,0.7483123570351464,0.023315649199009164
OBM_RR,3.0,10000,5,10.441408965410352,-3.2263196758491333,0.0323107030178672,5.530043287007115,0.15,3.9810717055349722,0.1747425010840047,0.22788685663767297
OBM_RR,3.0,10000,5,10.441408965410352,-3.2263196758491333,0.0323107030178672,5.530043287007115,0.175,5.011872336272722,0.1747425010840047,0.002371652661731426
OBM_RR,3.0,10000,6,8.497633250483482,-2.907332029487836,0.0451101084331625,5.530043287007115,0.2,6.309573444801933,0.19453781259591088,0.050308605167181636
OBM_RR,3.0,10000,8,5.683749529200007,-2.3682613233563408,0.0751818107579284,5.530043287007115,0.225,7.943282347242816,0.22577249674798586,0.007114957985194649
OBM_RR,3.0,10000,10,3.8600326441220423,-1.9365474935004696,0.1099538919039688,5.530043287007115,0.25,10.0,0.25,0.0
OBM_RR,3.0,10000,13,2.2446730950949703,-1.4411138769629614,0.1680739811962469,5.530043287007115,0.275,12.589254117941675,0.2784858380767092,0.032105755168086385
OBM_RR,3.0,10000,16,1.3964185879193542,-1.0798562705283778,0.2306172945380695,5.530043287007115,0.3,15.848931924611133,0.30102999566398114,0.009486610646926505
OBM_RR,3.0,10000,20,0.8679055524664918,-0.7414077106708916,0.3186184320643197,5.530043287007115,0.325,19.952623149688797,0.32525749891599526,0.002371652661731522
OBM_RR,3.0,10000,25,0.6508410557342588,-0.4681291776073832,0.4322364243373157,5.530043287007115,0.35,25.118864315095795,0.3494850021680094,0.0047433053234629385
OBM_RR,3.0,10000,32,0.6500999906739396,-0.2491051453417929,0.5887825954825372,5.530043287007115,0.375,31.622776601683793,0.37628749457997646,0.011858263308657958
OBM_RR,3.0,10000,40,0.7742618657532999,-0.1244398165480156,0.7597262556303339,5.530043287007115,0.4,39.810717055349734,0.40051499783199057,0.004743305323462996
OBM_RR,3.0,10000,51,0.9879977325149396,-0.0574163708929011,0.9859335097556232,5.530043287007115,0.425,50.11872336272722,0.42689254402448407,0.017430974634448308
OBM_RR,3.0,10000,65,1.27234380154614,-0.0447652551442248,1.2719297857101504,5.530043287007115,0.45,63.09573444801933,0.4532283391607138,0.02973410250635483
OBM_RR,3.0,10000,82,1.6328293273322263,-0.0606141597032019,1.6311942437804263,5.530043287007115,0.475,79.43282347242814,0.4784534630959292,0.03180757057556654
OBM_RR,3.0,10000,103,2.091042957598909,-0.0885484846059965,2.085809385204396,5.530043287007115,0.5,100.0,0.503209306176293,0.02955880224154443
OBM_RR,3.0,10000,130,2.6727698693574564,-0.1271123641593678,2.659937237782501,5.530043287007115,0.525,125.89254117941675,0.5284858380767091,0.03210575516808617
OBM_RR,3.0,10000,165,3.369846614671216,-0.1796878008707105,3.341736078988199,5.530043287007115,0.55,158.48931924611142,0.5543709860534765,0.040258269313679595
OBM_RR,3.0,10000,192,3.860445583425451,-0.2335940341306051,3.8106427140365855,5.530043287007115,0.575,199.52623149688787,0.5708253071758873,0.03845034185852311
OBM_RR,3.0,10000,243,4.712211238380707,-0.3506451756130753,4.595002952891098,5.530043287007115,0.6,251.18864315095797,0.5964015683995779,0.03314277984516098
OBM_RR,3.0,10000,307,5.7895861536994575,-0.5187942088500117,5.527347907447457,5.530043287007115,0.625,316.22776601683796,0.6217845938692965,0.02961498489791709
OBM_RR,3.0,10000,387,7.383362805379143,-0.7460542305047317,6.835310028060213,5.530043287007115,0.65,398.1071705534973,0.6469277412547279,0.02829654875473716
OBM_RR,3.0,10000,489,9.785051731223168,-1.0581769684781015,8.676158432646472,5.530043287007115,0.675,501.18723362727246,0.6723272147809051,0.02461726160905168
OBM_RR,3.0,10000,618,12.47570875537983,-1.42336990140217,10.462805385894576,5.530043287007115,0.7,630.957344480193,0.6977471187722039,0.02074980292563674
OBM_RR,3.0,10000,780,15.201928462201902,-1.836590829449977,11.843667171346333,5.530043287007115,0.725,794.3282347242813,0.7230236506726201,0.01820284999909485
OBM_RR,3.0,10000,984,17.620256739635632,-2.303446818133884,12.329801747849334,5.530043287007115,0.75,1000.0,0.7482487746078353,0.016129381929883644
OBM_RR,3.0,20000,5,11.684585023029223,-3.4161809948129167,0.0143103216102652,5.530043287007115,0.15,4.417275630574674,0.1625122366132473,0.12391477955368131
OBM_RR,3.0,20000,6,9.705383227219867,-3.112118420728758,0.0201273217327722,5.530043287007115,0.175,5.6582254690844485,0.18092207010137693,0.05864914753423278
OBM_RR,3.0,20000,7,8.079532213199766,-2.8377554606026747,0.0267095459519071,5.530043287007115,0.2,7.247796636776956,0.19648736253088905,0.0347873614519124
OBM_RR,3.0,20000,9,5.63860248687424,-2.365762210262368,0.0418239312828586,5.530043287007115,0.225,9.28392768635557,0.2218637187839495,0.031060121984409494
OBM_RR,3.0,20000,12,3.351606595199935,-1.8120173846691063,0.0682849490431696,5.530043287007115,0.25,11.89207115002721,0.2509122808107791,0.009034761653968382
OBM_RR,3.0,20000,15,2.0494127349054967,-1.3970678373825027,0.0977363631107609,5.530043287007115,0.275,15.232923070389067,0.273444096005222,0.015408875845225468
OBM_RR,3.0,20000,19,1.1308516105516595,-0.9957862357238528,0.1394356778919445,5.530043287007115,0.3,19.51232399646889,0.29731334174418345,0.02660728659439795
OBM_RR,3.0,20000,25,0.5697285053554402,-0.6050619641463815,0.2038833791226667,5.530043287007115,0.325,24.9939414768837,0.3250244732264946,0.00024237029395886872
OBM_RR,3.0,20000,32,0.3917656246847473,-0.3396576421912147,0.2767442410872109,5.530043287007115,0.35,32.01551545899593,0.34995105354701095,0.0004847405879181659
OBM_RR,3.0,20000,42,0.3945335773046013,-0.1449178883700979,0.3739998827884387,5.530043287007115,0.375,41.00966752495598,0.377409432632266,0.023861786082320192
OBM_RR,3.0,20000,54,0.4896823228775704,-0.0437002720374701,0.4883830879613732,5.530043287007115,0.4,52.53055608807536,0.4027857888853264,0.02758902554982295
OBM_RR,3.0,20000,69,0.62772627095334,0.0012476779920262,0.6285103521932096,5.530043287007115,0.425,67.28801986124834,0.4275369138534406,0.025124294769405104
OBM_RR,3.0,20000,89,0.8064916834102466,0.01396812993287,0.8073057068900377,5.530043287007115,0.45,86.19131328547948,0.4532379473312581,0.0320669710908821
OBM_RR,3.0,20000,114,1.031068938999772,0.0086568104487314,1.032284354075221,5.530043287007115,0.475,110.40512859784792,0.4782354118455604,0.032041860939834806
OBM_RR,3.0,20000,147,1.3312801175047744,-0.0068589130549501,1.3328991968124946,5.530043287007115,0.5,141.4213562373095,0.5039065844537528,0.038688810510672314
OBM_RR,3.0,20000,188,1.7230579241615145,-0.0263578277514495,1.72451883762477,5.530043287007115,0.525,181.15100497595773,0.5287472655518185,0.0371109977484818
OBM_RR,3.0,20000,223,2.081035554400778,-0.0488163550995146,2.081254085482429,5.530043287007115,0.55,232.04194526839143,0.5459866277183766,0.03974638243475211
OBM_RR,3.0,20000,286,2.696057948110448,-0.1177809382325145,2.685542526858089,5.530043287007115,0.575,297.22973036271696,0.5711111142227308,0.03851353188842065
OBM_RR,3.0,20000,368,3.554622706442027,-0.2137459150366787,3.513327049058484,5.530043287007115,0.6,380.7307877431756,0.5965658972990746,0.03400959335274568
OBM_RR,3.0,20000,472,4.700377802281319,-0.3535066337417216,4.581137283786649,5.530043287007115,0.625,487.6898840457368,0.6216980586812421,0.03270073474952464
OBM_RR,3.0,20000,607,6.096655458686562,-0.5197747939806368,5.833781849540874,5.530043287007115,0.65,624.6971105498872,0.6470981820357188,0.028738118088985083
OBM_RR,3.0,20000,780,7.742213931005081,-0.7673401876613628,7.162355912295274,5.530043287007115,0.675,800.1939197344099,0.6724190730141623,0.025560178278249395
OBM_RR,3.0,20000,1002,9.959861116086334,-1.058191993207739,8.851154765053684,5.530043287007115,0.7,1024.993230105207,0.6977090893475533,0.022688005130478982
OBM_RR,3.0,20000,1287,12.64036626299411,-1.3984252878875711,10.698145659264757,5.530043287007115,0.725,1312.9456446135114,0.7229846222972781,0.019959267992566036
OBM_RR,3.0,20000,1653,15.477759638860675,-1.7690391871878268,12.363714636349943,5.530043287007115,0.75,1681.792830507429,0.7482563146074083,0.01726856658107176
OBM_RR,3.0,30000,5,12.707519383339068,-3.563528327921752,0.0087962347316841,5.530043287007115,0.15,4.694271328870265,0.15612040964921,0.06309501333745664
OBM_RR,3.0,30000,6,10.7258543040841,-3.2731462702855,0.012383276495843,5.530043287007115,0.175,6.074299753156561,0.17380615938497024,0.012307246384696045
OBM_RR,3.0,30000,8,7.685609952562204,-2.768518009017749,0.0209441665147437,5.530043287007115,0.2,7.860030855966229,0.2017122020181897,0.01765100955097741
OBM_RR,3.0,30000,10,5.549392442370893,-2.3491293633886774,0.0310224545041273,5.530043287007115,0.225,10.170733675867188,0.22335781032193994,0.016929255650920155
OBM_RR,3.0,30000,13,3.4552586326191217,-1.8458042781076345,0.0483256065468609,5.530043287007115,0.25,13.160740129524925,0.24880794799393632,0.012288807699536324
OBM_RR,3.0,30000,17,1.8951680590469373,-1.3494542056999137,0.0742341985138937,5.530043287007115,0.275,17.029752845447483,0.2748303767920441,0.0017486376209645733
OBM_RR,3.0,30000,22,0.9583124945371074,-0.9214412712649898,0.1093952221743842,5.530043287007115,0.3,22.036183309053403,0.29984059051495643,0.0016433448349718553
OBM_RR,3.0,30000,29,0.4601347497080295,-0.5459445136032608,0.1622821905126688,5.530043287007115,0.325,28.514411174206582,0.3266380146298997,0.016886215277078766
OBM_RR,3.0,30000,37,0.3166887793770682,-0.3006159184260077,0.2266021015929474,5.530043287007115,0.35,36.89711749119786,0.350270103230695,0.00278448141872228
OBM_RR,3.0,30000,49,0.3362526292663045,-0.116573578340601,0.3230670639290837,5.530043287007115,0.375,47.74418348819862,0.37751849544989513,0.02596305036901687
OBM_RR,3.0,30000,63,0.4289623169370724,-0.0287267556191288,0.4286729316131876,5.530043287007115,0.4,61.78008505674121,0.40189676514942824,0.019553662133815528
OBM_RR,3.0,30000,82,0.565366663856576,0.0035237765035622,0.5660618241358988,5.530043287007115,0.425,79.94228052013091,0.4274652714322233,0.025414366490428865
OBM_RR,3.0,30000,107,0.7340463505517204,-0.0052466728068649,0.7349374948447341,5.530043287007115,0.45,103.44382350541889,0.4532787168866349,0.03380013717197439
OBM_RR,3.0,30000,138,0.9427597973462994,-0.0405227966929233,0.9422955697566792,5.530043287007115,0.475,133.85438283469583,0.4779587070922935,0.03050117135116586
OBM_RR,3.0,30000,180,1.2183833337803565,-0.0910984693775249,1.2115989012840336,5.530043287007115,0.5,173.20508075688772,0.5037327284191505,0.03848052056806427
OBM_RR,3.0,30000,234,1.5690960711625086,-0.1289929303485717,1.5543998949512865,5.530043287007115,0.525,224.12415166897196,0.529182866091147,0.043120968519447564
OBM_RR,3.0,30000,278,1.836065114184292,-0.16219187724462,1.812023939063988,5.530043287007115,0.55,290.0124819770266,0.545896493944994,0.042302849663724225
OBM_RR,3.0,30000,361,2.3368819785500974,-0.2195350959278652,2.2915507586543584,5.530043287007115,0.575,375.27075541015427,0.5712392085002391,0.03876982153758678
OBM_RR,3.0,30000,469,3.0205958684250693,-0.288143549763034,2.941245720305408,5.530043287007115,0.6,485.59337483020374,0.5966273171402726,0.03476882794029588
OBM_RR,3.0,30000,608,3.952993050569536,-0.3987011773446891,3.798778895372711,5.530043287007115,0.625,628.3487915845369,0.6218066076137692,0.03292053093651589
OBM_RR,3.0,30000,789,5.195248830468058,-0.5511835947825796,4.897567434603867,5.530043287007115,0.65,813.0716446117171,0.6470847757709037,0.030052908572916048
OBM_RR,3.0,30000,1025,6.794488799781828,-0.7208627362543574,6.2826990891231125,5.530043287007115,0.675,1052.099579287026,0.6724686900579134,0.026095154362389336
OBM_RR,3.0,30000,1330,8.86999193920604,-0.9346231301579548,8.006479643333952,5.530043287007115,0.7,1361.3972791592591,0.697736662297007,0.02333264123520476
OBM_RR,3.0,30000,1726,11.28605161557126,-1.2568458597086254,9.718538273346226,5.530043287007115,0.725,1761.6227476853735,0.7230183430852556,0.02042880732373851
OBM_RR,3.0,30000,2240,14.371728786637872,-1.6230694701486277,11.752064362162024,5.530043287007115,0.75,2279.5070569547775,0.748304061410537,0.017483350634133744
OBM_RR,3.0,50000,5,14.283452008679056,-3.778755092315989,0.0044675454067952,5.530043287007115,0.15,5.068103794729894,0.14874962038298556,0.013528830227442057
OBM_RR,3.0,50000,7,10.663527021179316,-3.264214321412817,0.0084424381104186,5.530043287007115,0.175,6.6423193338963555,0.17984750684393275,0.052448949283514026
OBM_RR,3.0,50000,9,8.011778446618436,-2.8281486973855143,0.0133701047259622,5.530043287007115,0.2,8.705505632961243,0.20307482460172946,0.033268920454162604
OBM_RR,3.0,50000,11,6.056241373034089,-2.45707380651959,0.0190534992234488,5.530043287007115,0.225,11.409543040000797,0.22162147964283027,0.03655484119394312
OBM_RR,3.0,50000,15,3.5223947093854173,-1.8682471187914744,0.0320875219151651,5.530043287007115,0.25,14.953487812212206,0.2502870326838503,0.003105629999639262
OBM_RR,3.0,50000,19,2.0985066106321333,-1.432452939499676,0.0466434911147667,5.530043287007115,0.275,19.598225535066074,0.27213487206192993,0.031000049046387677
OBM_RR,3.0,50000,26,0.9105758896469596,-0.9145303897139998,0.0743029346047742,5.530043287007115,0.3,25.685676074155552,0.3011241499020292,0.012163052698397134
OBM_RR,3.0,50000,34,0.4194363124132357,-0.558460813890103,0.1076924473215907,5.530043287007115,0.325,33.66396382192787,0.3259180023769185,0.009932582182819337
OBM_RR,3.0,50000,45,0.2390294669008706,-0.2894943871667612,0.1554167376218395,5.530043287007115,0.35,44.12040613345333,0.351824444984715,0.019740090226720956
OBM_RR,3.0,50000,59,0.2333094986045935,-0.1259389097075924,0.2177210409274155,5.530043287007115,0.375,57.824748377162095,0.37685961178898225,0.020120587251863165
OBM_RR,3.0,50000,78,0.3022093329638612,-0.0353185326729246,0.3013386074730341,5.530043287007115,0.4,75.78582832551992,0.4026615622028939,0.028797512925478264
OBM_RR,3.0,50000,102,0.3999107536359663,0.0020523208268299,0.4004070504282254,5.530043287007115,0.425,99.32584120424065,0.42745541467778314,0.02656704240990083
OBM_RR,3.0,50000,135,0.5283728499400947,0.0116837118593506,0.5288974626455895,5.530043287007115,0.45,130.17767238163063,0.45336185728557976,0.03637455045380198
OBM_RR,3.0,50000,177,0.6934110261893648,0.0032380575894368,0.6942683766432163,5.530043287007115,0.475,170.61246279156248,0.4783970240898469,0.03675504747894491
OBM_RR,3.0,50000,233,0.9281690127436546,-0.0213665529434248,0.9288735751278804,5.530043287007115,0.5,223.60679774997897,0.5038031566154964,0.0411493113605591
OBM_RR,3.0,50000,306,1.2331015941576924,-0.0690701709281231,1.229868240946836,5.530043287007115,0.525,293.06182667959655,0.5289928269786479,0.043201502636982046
OBM_RR,3.0,50000,368,1.4983017499874274,-0.1077892485555631,1.4885439077679643,5.530043287007115,0.55,384.09044412331593,0.5460447324213301,0.042795118256725266
OBM_RR,3.0,50000,483,1.9567611812719108,-0.1782785651891645,1.927387168426537,5.530043287007115,0.575,503.39367272195074,0.5711777534810553,0.04135585988333955
OBM_RR,3.0,50000,636,2.574377902435298,-0.2861721796040291,2.495602889668063,5.530043287007115,0.6,659.7539553864469,0.5966109834839332,0.03666840730604748
OBM_RR,3.0,50000,836,3.405643468640672,-0.4206430586392073,3.23274381562886,5.530043287007115,0.625,864.6816701021309,0.6218823007472963,0.033732814671725286
OBM_RR,3.0,50000,1099,4.43550508809445,-0.5851784389490486,4.098194025215123,5.530043287007115,0.65,1133.2624602040687,0.6471626100224903,0.030699930463062935
OBM_RR,3.0,50000,1445,5.780639399204038,-0.7844935234130332,5.171673903306174,5.530043287007115,0.675,1485.2677558853384,0.6724596760942864,0.027485741430409077
OBM_RR,3.0,50000,1899,7.454859451979314,-1.0118591795988294,6.439049264221173,5.530043287007115,0.7,1946.610237380866,0.6977114052040613,0.024762088274911827
OBM_RR,3.0,50000,2497,9.75007715434682,-1.2714669919553565,8.143628378187552,5.530043287007115,0.725,2551.251382965138,0.7230134559736172,0.02149396591768188
OBM_RR,3.0,50000,3283,12.587654533131383,-1.5628645168406026,10.157806292998222,5.530043287007115,0.75,3343.7015248821103,0.7483067309399014,0.018320795806119707
OBM_RR,3.0,100000,6,14.997947784048575,-3.8723836823661415,0.0025956451494559,5.530043287007115,0.15,5.62341325190349,0.15563025007672873,0.06482064948252075
OBM_RR,3.0,100000,8,11.962021280532468,-3.457970228549557,0.0044687649535836,5.530043287007115,0.175,7.498942093324557,0.18061799739838869,0.06467958531004617
OBM_RR,3.0,100000,10,9.587631413881088,-3.095303639753058,0.0067352106258409,5.530043287007115,0.2,10.000000000000002,0.2,2.220446049250313e-16
OBM_RR,3.0,100000,13,6.938819407215295,-2.632125522302293,0.0107480771566235,5.530043287007115,0.225,13.335214321633241,0.22278867046136736,0.02545887215676478
OBM_RR,3.0,100000,18,4.132810578281378,-2.028329360772174,0.0187139749796448,5.530043287007115,0.25,17.78279410038923,0.2510545010206612,0.012140391653607661
OBM_RR,3.0,100000,24,2.289701564937872,-1.5033352078287985,0.0297219703030951,5.530043287007115,0.275,23.71373705661656,0.2760422483423212,0.011999327481132619
OBM_RR,3.0,100000,32,1.0977241232951718,-1.0256064636801288,0.0459128960728033,5.530043287007115,0.3,31.62277660168379,0.3010299956639812,0.011858263308658178
OBM_RR,3.0,100000,43,0.4530489355930333,-0.6193428696670988,0.0695502832396056,5.530043287007115,0.325,42.16965034285823,0.3266936911159173,0.019499339578238004
OBM_RR,3.0,100000,57,0.2092833541341431,-0.33130135062554,0.0996473283682971,5.530043287007115,0.35,56.234132519034894,0.3511749711344983,0.013527355094970562
OBM_RR,3.0,100000,77,0.1568805141153652,-0.1304479956641664,0.1400388831464998,5.530043287007115,0.375,74.98942093324558,0.3772981450344964,0.026458372489848083
OBM_RR,3.0,100000,103,0.189067709919298,-0.0251695264074713,0.1886700424127375,5.530043287007115,0.4,100.00000000000003,0.40256744494103447,0.029558802241544214
OBM_RR,3.0,100000,138,0.2549020041673492,0.0154840341077511,0.2549809750739416,5.530043287007115,0.425,133.3521432163324,0.4279758172802473,0.034260362544857766
OBM_RR,3.0,100000,184,0.34011406086968,0.0205131003542424,0.3401184216105499,5.530043287007115,0.45,177.8279410038923,0.4529635646019073,0.03411929837238258
OBM_RR,3.0,100000,247,0.4662933068199678,-0.0023636273002258,0.4668713092224816,5.530043287007115,0.475,237.13737056616546,0.4785393906519332,0.04074874076711888
OBM_RR,3.0,100000,330,0.6433136161150279,-0.0331032320863071,0.6430215691018452,5.530043287007115,0.5,316.22776601683796,0.5037027879755774,0.04262992197541153
OBM_RR,3.0,100000,442,0.8798961381866099,-0.0825487506476356,0.8741745601533162,5.530043287007115,0.525,421.69650342858233,0.5290844538698184,0.04702401296832797
OBM_RR,3.0,100000,537,1.0714431274860687,-0.1224588743717864,1.057769163027448,5.530043287007115,0.55,562.3413251903494,0.5459948571399111,0.04611091122476142
OBM_RR,3.0,100000,719,1.4059851851464271,-0.1732795522754466,1.3776814837643532,5.530043287007115,0.575,749.8942093324555,0.5713457780765765,0.04207078463683416
OBM_RR,3.0,100000,961,1.94692848207887,-0.2484760796783147,1.8875475543495024,5.530043287007115,0.6,999.9999999999998,0.5965446775337091,0.03978087001184436
OBM_RR,3.0,100000,1286,2.7244108955905104,-0.3447627512271936,2.608810554149453,5.530043287007115,0.625,1333.521432163324,0.6218481937176407,0.036286510808828144
OBM_RR,3.0,100000,1721,3.7015559207582753,-0.4695209457607818,3.485462830788662,5.530043287007115,0.65,1778.2794100389233,0.6471561740655121,0.03274075601910928
OBM_RR,3.0,100000,2303,4.93678539477736,-0.6347593903453292,4.539540336566493,5.530043287007115,0.675,2371.3737056616565,0.6724587875928463,0.02925678903421948
OBM_RR,3.0,100000,3081,6.3485138028229855,-0.8091414860219865,5.7009300209473,5.530043287007115,0.7,3162.2776601683777,0.697738339663388,0.026038326882491435
OBM_RR,3.0,100000,4122,8.383297965450417,-1.0537662656967326,7.281977094097602,5.530043287007115,0.725,4216.965034285821,0.7230215974886388,0.022777200653010976
OBM_RR,3.0,100000,5515,10.949643308430456,-1.396904613661218,9.009562762215229,5.530043287007115,0.75,5623.413251903491,0.7483091033552419,0.019467167040068557
OBM_RR,3.0,200000,6,17.98167642292604,-4.240353845877251,0.0010770309687579,5.530043287007115,0.15,6.239567673133879,0.1467924631666183,0.039151427601471
OBM_RR,3.0,200000,8,15.20247400297629,-3.8987955636478793,0.0018694927218085,5.530043287007115,0.175,8.466038697065802,0.17036122937063797,0.05662117128794421
OBM_RR,3.0,200000,11,11.902746323335876,-3.449545135011396,0.0033889210063469,5.530043287007115,0.2,11.486983549970352,0.19645100782490202,0.04331925630766445
OBM_RR,3.0,200000,15,8.69088269326477,-2.947027394096475,0.0059196312487724,5.530043287007115,0.225,15.585895103813016,0.22186089496148376,0.03831614414207903
OBM_RR,3.0,200000,21,5.539511287691473,-2.3513843086630124,0.0105162659973374,5.530043287007115,0.25,21.147425268811283,0.24942686531022062,0.006995723659120484
OBM_RR,3.0,200000,29,3.140760556391273,-1.7672336238449802,0.0176679600931276,5.530043287007115,0.275,28.69348167180654,0.2758705381963762,0.010625852465675911
OBM_RR,3.0,200000,39,1.6150030697334607,-1.259913891870239,0.0276546230847054,5.530043287007115,0.3,38.932204747617334,0.30014253990789014,0.0017398524705943795
OBM_RR,3.0,200000,54,0.6503005658068151,-0.7786596390502583,0.0440447883063201,5.530043287007115,0.325,52.82442137371227,0.32680323658609617,0.022010436766967692
OBM_RR,3.0,200000,73,0.2535653294068651,-0.434599561745209,0.0647695122280225,5.530043287007115,0.35,71.67381122021563,0.3515020404797889,0.0183340152128306
OBM_RR,3.0,200000,100,0.1279440751769323,-0.1903850903546065,0.0918123579950945,5.530043287007115,0.375,97.2492472466073,0.3772851694172483,0.027892943914276245
OBM_RR,3.0,200000,136,0.1289313919807347,-0.0543717448643628,0.1261327713052709,5.530043287007115,0.4,131.95079107728947,0.40247629425137427,0.030225827523982264
OBM_RR,3.0,200000,185,0.1750517069821573,0.0060116812537787,0.1752346099330767,5.530043287007115,0.425,179.0349206690635,0.4276851348242633,0.03277495072800116
OBM_RR,3.0,200000,253,0.2447226695400802,0.0196050991842939,0.2446441147695161,5.530043287007115,0.45,242.92012618706255,0.45333086648094223,0.04065679823894197
OBM_RR,3.0,200000,344,0.3438090421617228,0.0091965462254544,0.3441546590230246,5.530043287007115,0.475,329.6015519554173,0.47850294087117556,0.04275715074656621
OBM_RR,3.0,200000,469,0.4767286640224815,-0.0133648808527633,0.4771464770786212,5.530043287007115,0.5,447.21359549995793,0.5038969492532565,0.04756644568119249
OBM_RR,3.0,200000,638,0.6543755029958567,-0.0340807688065041,0.6540315436229428,5.530043287007115,0.525,606.793259356535,0.5291086224781575,0.05015014444144839
OBM_RR,3.0,200000,784,0.7958615537862115,-0.0434309756808124,0.7949690154068827,5.530043287007115,0.55,823.315890450298,0.5459912630284807,0.048930934691188276
OBM_RR,3.0,200000,1068,1.071048161438581,-0.0493515613257704,1.0699500223612413,5.530043287007115,0.575,1117.1005033687768,0.571317509082156,0.04494875165970911
OBM_RR,3.0,200000,1454,1.4652263086569215,-0.0505043677566368,1.464506250307308,5.530043287007115,0.6,1515.7165665103976,0.5965943239539983,0.0415699292246392
OBM_RR,3.0,200000,1980,2.111606907599488,-0.0714742364388119,2.1091347595744443,5.530043287007115,0.625,2056.5711885957794,0.6218914424098834,0.0379432797677777
OBM_RR,3.0,200000,2696,2.93964029111184,-0.1363918433696129,2.9246934229527706,5.530043287007115,0.65,2790.4194934675093,0.6471798670578107,0.03442274756241545
OBM_RR,3.0,200000,3671,4.0264480960572175,-0.2385781603755932,3.9744966782968856,5.530043287007115,0.675,3786.1276053565794,0.6724701402217739,0.0308796522360335
OBM_RR,3.0,200000,4998,5.484791298050422,-0.3824641680981546,5.34519395060967,5.530043287007115,0.7,5137.135214831108,0.697750485248318,0.027457740476223298
OBM_RR,3.0,200000,6804,7.129476940053973,-0.6123979530582124,6.7628993112831886,5.530043287007115,0.725,6970.224188461407,0.723022565062935,0.024136714493623312
OBM_RR,3.0,200000,9264,9.38679259997207,-0.8979975228468833,8.59113196388779,5.530043287007115,0.75,9457.416090031758,0.7483071308081702,0.02066328433485381
OBM_RR,3.0,300000,7,18.403375462169297,-4.2898257108122415,0.0007717977707522,5.530043287007115,0.15,6.630834496675398,0.15429602535931292,0.054179486009562565
OBM_RR,3.0,300000,9,16.054617391665445,-4.006665242212522,0.0012525942543384,5.530043287007115,0.175,9.088583876478463,0.17422336754313217,0.009794529550489707
OBM_RR,3.0,300000,12,13.158896285922433,-3.627222386412441,0.0021567413575614,5.530043287007115,0.2,12.457309396155175,0.1970343901219439,0.0374009009396674
OBM_RR,3.0,300000,17,9.57673898224342,-3.093973649819702,0.0040711253714855,5.530043287007115,0.225,17.074668562300275,0.22465248880842104,0.004382650512410136
OBM_RR,3.0,300000,23,6.665563993207709,-2.580444067851277,0.0068810071578124,5.530043287007115,0.25,23.40347319320716,0.24862108627669788,0.017390222480434793
OBM_RR,3.0,300000,32,3.992960953811029,-1.995292536696769,0.0117833760332407,5.530043287007115,0.275,32.07807844156349,0.27480676587594455,0.0024369794508166966
OBM_RR,3.0,300000,44,2.11183026346626,-1.4466450828784696,0.0190721077845357,5.530043287007115,0.3,43.967966122300474,0.3000577493277178,0.0007283078267599157
OBM_RR,3.0,300000,61,0.9226751856644634,-0.9446928509900312,0.0302684385009158,5.530043287007115,0.325,60.26489549408122,0.3259613493990734,0.012124094240851247
OBM_RR,3.0,300000,84,0.3471319743112381,-0.548766849080863,0.0460444752551684,5.530043287007115,0.35,82.60235687978427,0.3513304154812568,0.01677858506989557
OBM_RR,3.0,300000,116,0.137692781447698,-0.2635546688098911,0.0683171143891927,5.530043287007115,0.375,113.21930132219957,0.37692391554194,0.02426353349198794
OBM_RR,3.0,300000,160,0.1062586050968604,-0.0867898936768254,0.0988496815543686,5.530043287007115,0.4,155.184557391536,0.40242307594644244,0.03055871377849144
OBM_RR,3.0,300000,221,0.141200623049561,0.0113930123456942,0.1412473815461846,5.530043287007115,0.425,212.7044291173785,0.4280336630606701,0.038259156221459326
OBM_RR,3.0,300000,304,0.20006239166543,0.058333453251981,0.1969057320622067,5.530043287007115,0.45,291.5443065124053,0.45331725702973064,0.041835712268969476
OBM_RR,3.0,300000,418,0.2758196661930369,0.0747204843412001,0.2705747338301411,5.530043287007115,0.475,399.60654798069135,0.4785682404815038,0.045000999546545954
OBM_RR,3.0,300000,575,0.3830746749265724,0.0753963640249333,0.3778623912074012,5.530043287007115,0.5,547.7225575051662,0.5038537064176937,0.04860116397818126
OBM_RR,3.0,300000,791,0.5299460925979644,0.0679573568734088,0.5259853719596943,5.530043287007115,0.525,750.7384488967276,0.5291422900306075,0.05224064710752604
OBM_RR,3.0,300000,979,0.6608404619472762,0.0635569747512434,0.6576230016598208,5.530043287007115,0.55,1029.0031165031005,0.546050115145062,0.0498141219705762
OBM_RR,3.0,300000,1346,0.924780388136984,0.0510745119345985,0.9233259397923672,5.530043287007115,0.575,1410.4078661871597,0.5712937352248034,0.04674169813737074
OBM_RR,3.0,300000,1852,1.2888851543026405,0.0250849726356925,1.2898682337426854,5.530043287007115,0.6,1933.1820449317622,0.5965982548825578,0.04290123697687787
OBM_RR,3.0,300000,2548,1.8094078148124124,-0.0138553310757929,1.8114801948567636,5.530043287007115,0.625,2649.7248834477414,0.6218959313212528,0.03914707933190723
OBM_RR,3.0,300000,3505,2.510720761840767,-0.0607781449383759,2.5101644845442967,5.530043287007115,0.65,3631.857628912531,0.6471808560469977,0.03555374039622957
OBM_RR,3.0,300000,4821,3.463700779835408,-0.1193770264577649,3.4537671142823623,5.530043287007115,0.675,4978.022404925004,0.6724585708795893,0.032051329300256545
OBM_RR,3.0,300000,6632,4.760253488872265,-0.2161350207211763,4.719438439739797,5.530043287007115,0.7,6823.149362095244,0.697746925768548,0.028414730731705265
OBM_RR,3.0,300000,9123,6.480970846503888,-0.399620791688867,6.329185551292968,5.530043287007115,0.725,9352.18113349616,0.723032682807839,0.02481089504232051
OBM_RR,3.0,300000,12549,8.906701377837699,-0.6781603389774151,8.45737164703453,5.530043287007115,0.75,12818.610191887023,0.7483144755593097,0.021257055118445577
OBM_RR,3.0,500000,7,20.63355194278798,-4.5423795538010365,0.0003403574450875,5.530043287007115,0.15,7.158886890101028,0.1482896101174897,0.022444357555335966
OBM_RR,3.0,500000,9,18.56282713569583,-4.308395709073065,0.0005542425398062,5.530043287007115,0.175,9.938475026541154,0.16744122336374762,0.09918901370953807
OBM_RR,3.0,500000,13,15.131226029645164,-3.889744370023249,0.0011161607184952,5.530043287007115,0.2,13.79729661461215,0.1954639788346493,0.05952331801932924
OBM_RR,3.0,500000,19,11.303683044389622,-3.361760530254295,0.0022519966097442,5.530043287007115,0.225,19.154386700495632,0.2243832832915244,0.008092780749533634
OBM_RR,3.0,500000,26,8.191851167567302,-2.86145249406926,0.0039457239069958,5.530043287007115,0.25,26.591479484724942,0.24828580373194561,0.02249430632960012
OBM_RR,3.0,500000,37,5.092421394090645,-2.2550529100175862,0.0071667255187612,5.530043287007115,0.275,36.91617968474297,0.27517283348988336,0.002267983858033839
OBM_RR,3.0,500000,52,2.787427550069028,-1.6659061368249852,0.0121995427863656,5.530043287007115,0.3,51.24966150526037,0.30110762862924195,0.014534705360128823
OBM_RR,3.0,500000,73,1.283882673315905,-1.124272115538747,0.0199197832670206,5.530043287007115,0.325,71.14841857510196,0.32695782899414466,0.025691343491984212
OBM_RR,3.0,500000,101,0.5103113616831169,-0.6924279550691139,0.0308935056039275,5.530043287007115,0.35,98.77328585318219,0.351698881071083,0.022293334749744584
OBM_RR,3.0,500000,141,0.1810724098504476,-0.3652416346400011,0.0477306214527632,5.530043287007115,0.375,137.12408783810366,0.3771241313816642,0.027873623851545
OBM_RR,3.0,500000,197,0.0977586202406248,-0.1586656386238738,0.0726746787090893,5.530043287007115,0.4,190.3653938715879,0.4026106865654435,0.03425837777625657
OBM_RR,3.0,500000,275,0.1104265917954089,-0.0475247431570151,0.108303369795513,5.530043287007115,0.425,264.2787547777203,0.42803044970833587,0.03976666226973165
OBM_RR,3.0,500000,383,0.1555318356929462,-0.0003484261935744,0.1557263722574556,5.530043287007115,0.45,366.8905298721239,0.4532746745470173,0.04297146934869776
OBM_RR,3.0,500000,534,0.2156360940490459,0.0135001645341761,0.2157234939740636,5.530043287007115,0.475,509.34348098871766,0.4786024939512451,0.047273234693139
OBM_RR,3.0,500000,744,0.291931129275285,0.0096534583068095,0.2922031940105168,5.530043287007115,0.5,707.1067811865476,0.5038757763878497,0.05085934613092751
OBM_RR,3.0,500000,1037,0.3935687534880462,-0.0043463603989595,0.3940424156589022,5.530043287007115,0.525,981.6558347412624,0.5291796156313349,0.054846435092254495
OBM_RR,3.0,500000,1294,0.4816598241484434,-0.0208518894717935,0.481827306987634,5.530043287007115,0.55,1362.8043225162298,0.5460520539615035,0.05180638251153561
OBM_RR,3.0,500000,1803,0.6585959911897618,-0.0591771776060419,0.6559139452719348,5.530043287007115,0.575,1891.9417129104454,0.571330560477613,0.048151718804171274
OBM_RR,3.0,500000,2512,0.8803200829184152,-0.0964990151564251,0.8720981456743483,5.530043287007115,0.6,2626.5278044037664,0.5966024794793233,0.04458349885450761
OBM_RR,3.0,500000,3501,1.2561138256666773,-0.1438467802965988,1.2369681396395291,5.530043287007115,0.625,3646.3323686085546,0.6219004676403737,0.040673189923039824
OBM_RR,3.0,500000,4878,1.786325253306515,-0.210599768298386,1.7441531823771523,5.530043287007115,0.65,5062.097465737913,0.6471769097172895,0.03704561653694836
OBM_RR,3.0,500000,6798,2.488052873639192,-0.3169061428788682,2.390611634788315,5.530043287007115,0.675,7027.5630859204075,0.6724690878055513,0.033211549491861156
OBM_RR,3.0,500000,9472,3.4713498450841462,-0.4687544748004635,3.2556886983115767,5.530043287007115,0.7,9756.16199823444,0.6977474326682539,0.029559007059242668
OBM_RR,3.0,500000,13199,4.90247506000099,-0.6525545392404819,4.482250446375602,5.530043287007115,0.725,13544.196725389875,0.7230325875951858,0.025817100489183478
OBM_RR,3.0,500000,18391,6.876104686734206,-0.8935239733138154,6.085326253664781,5.530043287007115,0.75,18803.015465431967,0.7483115968581989,0.02215583955426555
OBM_RR,3.0,1000000,8,22.436310206279487,-4.736681899697614,0.0001549810828456,5.530043287007115,0.15,7.943282347242814,0.1505149978319906,0.007114957985194869
OBM_RR,3.0,1000000,11,20.13231218433233,-4.486872671492482,0.0002861718610788,5.530043287007115,0.175,11.220184543019633,0.17356544752637085,0.01981907484537731
OBM_RR,3.0,1000000,15,17.513427037176115,-4.184843227809985,0.0005148393782496,5.530043287007115,0.2,15.848931924611136,0.19601520984261356,0.055051910490644874
OBM_RR,3.0,1000000,22,13.88257938263999,-3.7257932140777696,0.0010456155915214,5.530043287007115,0.225,22.387211385683397,0.22373711347036773,0.017447422183645853
OBM_RR,3.0,1000000,32,10.159961168423145,-3.1871484704820507,0.0020483559720338,5.530043287007115,0.25,31.622776601683793,0.25085832971998434,0.011858263308657958
OBM_RR,3.0,1000000,45,6.946458463598145,-2.6349139211414325,0.0036917064062326,5.530043287007115,0.275,44.668359215096324,0.2755354189625573,0.0073970863301441436
OBM_RR,3.0,1000000,64,4.13745529999621,-2.032453344923588,0.0065969468887408,5.530043287007115,0.3,63.095734448019314,0.3010299956639812,0.01422991597038981
OBM_RR,3.0,1000000,91,2.0925523769161725,-1.4426504763853716,0.0113261375731986,5.530043287007115,0.325,89.12509381337456,0.32650689872018224,0.020818575178460825
OBM_RR,3.0,1000000,129,0.8680109149133264,-0.921744291727828,0.0184214023334063,5.530043287007115,0.35,125.89254117941668,0.3517649517165415,0.024383709074176592
OBM_RR,3.0,1000000,184,0.2837079762226508,-0.5043525460160065,0.0293732020523883,5.530043287007115,0.375,177.82794100389228,0.3774696371682561,0.0341192983723828
OBM_RR,3.0,1000000,261,0.0966231693535442,-0.2273618444276479,0.0449859935439318,5.530043287007115,0.4,251.1886431509581,0.40277341788971355,0.03831618413698343
OBM_RR,3.0,1000000,370,0.072313460425701,-0.0700962024495872,0.0674843382506608,5.530043287007115,0.425,354.8133892335754,0.4280336206778325,0.041911018503453766
OBM_RR,3.0,1000000,525,0.0991147403748808,-0.0016952391054685,0.0992359114285417,5.530043287007115,0.45,501.18723362727235,0.4533598839009928,0.04641851150770025
OBM_RR,3.0,1000000,744,0.1467267113831045,0.022162131618904,0.1464185745233651,5.530043287007115,0.475,707.9457843841377,0.47859548925764644,0.04967351980006198
OBM_RR,3.0,1000000,1055,0.225130754195186,0.0239718141526878,0.224837152762368,5.530043287007115,0.5,1000.0,0.503875409938952,0.05354076692802976
OBM_RR,3.0,1000000,1497,0.3288273484337148,0.0180223932416652,0.3289136838804082,5.530043287007115,0.525,1412.5375446227547,0.5292036333905088,0.058075341488384086
OBM_RR,3.0,1000000,1889,0.4151788563836585,0.0139327902075301,0.4155041138830453,5.530043287007115,0.55,1995.262314968881,0.546038659653639,0.05472793937884181
OBM_RR,3.0,1000000,2679,0.5656222162430139,-0.0019801712106612,0.5663262029186387,5.530043287007115,0.575,2818.382931264452,0.5713287856013681,0.050719701284848255
OBM_RR,3.0,1000000,3799,0.7883226386191938,-0.025813797503611,0.7886420890889977,5.530043287007115,0.6,3981.0717055349714,0.5966115489257867,0.04681318159093857
OBM_RR,3.0,1000000,5388,1.105477719255885,-0.0556257152988379,1.103763203057199,5.530043287007115,0.625,5623.413251903491,0.6219045978418247,0.042764561197416714
OBM_RR,3.0,1000000,7640,1.5570729307198297,-0.1091839017077518,1.5470856634069603,5.530043287007115,0.65,7943.282347242817,0.6471822264292817,0.03892898051621227
OBM_RR,3.0,1000000,10835,2.175193350150025,-0.1897691531623406,2.1418583415850545,5.530043287007115,0.675,11220.18454301964,0.6724714859426395,0.034932712655426225
OBM_RR,3.0,1000000,15364,3.0573839613807854,-0.2793545939810107,2.983073814470578,5.530043287007115,0.7,15848.931924611124,0.6977507164155231,0.031075001109195748
OBM_RR,3.0,1000000,21787,4.331100317619499,-0.4025995241237217,4.174231730457925,5.530043287007115,0.725,22387.21138568339,0.7230329055677136,0.027176413897764564
OBM_RR,3.0,1000000,30894,6.208076683388939,-0.5981544654308992,5.857609931288125,5.530043287007115,0.75,31622.776601683792,0.7483123570351464,0.023315649199009164
OBM_RR,4.0,10000,5,8.213869199829375,-2.857577430836693,0.0481806524176598,5.530043287007115,0.15,3.9810717055349722,0.1747425010840047,0.22788685663767297
OBM_RR,4.0,10000,5,8.213869199829375,-2.857577430836693,0.0481806524176598,5.530043287007115,0.175,5.011872336272722,0.1747425010840047,0.002371652661731426
OBM_RR,4.0,10000,6,6.430252415206444,-2.522659734894157,0.0665234314394824,5.530043287007115,0.2,6.309573444801933,0.19453781259591088,0.050308605167181636
OBM_RR,4.0,10000,8,4.022580865019201,-1.978432570753128,0.1085210793515576,5.530043287007115,0.225,7.943282347242816,0.22577249674798586,0.007114957985194649
OBM_RR,4.0,10000,10,2.600384426119448,-1.5636960867869694,0.1554332658689032,5.530043287007115,0.25,10.0,0.25,0.0
OBM_RR,4.0,10000,13,1.4705973571790625,-1.1133608778136337,0.2313140555024962,5.530043287007115,0.275,12.589254117941675,0.2784858380767092,0.032105755168086385
OBM_RR,4.0,10000,16,0.9569368505508876,-0.8035270213532737,0.3116707649622269,5.530043287007115,0.3,15.848931924611133,0.30102999566398114,0.009486610646926505
OBM_RR,4.0,10000,20,0.7008084167421798,-0.5292984226381447,0.4211780691213531,5.530043287007115,0.325,19.952623149688797,0.32525749891599526,0.002371652661731522
OBM_RR,4.0,10000,25,0.6583098138032727,-0.3217139784028786,0.5555043102913294,5.530043287007115,0.35,25.118864315095795,0.3494850021680094,0.0047433053234629385
OBM_RR,4.0,10000,32,0.7625745086548871,-0.1689908235263146,0.7349352793179326,5.530043287007115,0.375,31.622776601683793,0.37628749457997646,0.011858263308657958
OBM_RR,4.0,10000,40,0.9410920322583252,-0.0936806402429368,0.9334828234312876,5.530043287007115,0.4,39.810717055349734,0.40051499783199057,0.004743305323462996
OBM_RR,4.0,10000,51,1.2058138181804312,-0.06372533535158,1.2032569710285457,5.530043287007115,0.425,50.11872336272722,0.42689254402448407,0.017430974634448308
OBM_RR,4.0,10000,65,1.5597324695476515,-0.0670047266825299,1.557189322803355,5.530043287007115,0.45,63.09573444801933,0.4532283391607138,0.02973410250635483
OBM_RR,4.0,10000,82,2.0000417827632684,-0.0878077579580258,1.9948251117953972,5.530043287007115,0.475,79.43282347242814,0.4784534630959292,0.03180757057556654
OBM_RR,4.0,10000,103,2.5361839618560515,-0.1237424150114998,2.5240268100957937,5.530043287007115,0.5,100.0,0.503209306176293,0.02955880224154443
OBM_RR,4.0,10000,130,3.1700578119298224,-0.17837703306565,3.142167154948204,5.530043287007115,0.525,125.89254117941675,0.5284858380767091,0.03210575516808617
OBM_RR,4.0,10000,165,3.900130258838512,-0.2746028423561695,3.8295104258407258,5.530043287007115,0.55,158.48931924611142,0.5543709860534765,0.040258269313679595
OBM_RR,4.0,10000,192,4.448027952059896,-0.3521392692143825,4.329437684242359,5.530043287007115,0.575,199.52623149688787,0.5708253071758873,0.03845034185852311
OBM_RR,4.0,10000,243,5.48846333163726,-0.518098782214202,5.226570196250735,5.530043287007115,0.6,251.18864315095797,0.5964015683995779,0.03314277984516098
OBM_RR,4.0,10000,307,7.020241492731571,-0.7425499144351146,6.476957313946408,5.530043287007115,0.625,316.22776601683796,0.6217845938692965,0.02961498489791709
OBM_RR,4.0,10000,387,9.178453580313064,-1.0415256830558208,8.103807591337343,5.530043287007115,0.65,398.1071705534973,0.6469277412547279,0.02829654875473716
OBM_RR,4.0,10000,489,11.604384488585392,-1.398643034070452,9.660257473673685,5.530043287007115,0.675,501.18723362727246,0.6723272147809051,0.02461726160905168
OBM_RR,4.0,10000,618,14.065539575958896,-1.793699690111267,10.86175819539789,5.530043287007115,0.7,630.957344480193,0.6977471187722039,0.02074980292563674
OBM_RR,4.0,10000,780,16.369931768157187,-2.2724893925174,11.2197484145713,5.530043287007115,0.725,794.3282347242813,0.7230236506726201,0.01820284999909485
OBM_RR,4.0,10000,984,18.245264419373388,-2.846677500974807,10.15438460557418,5.530043287007115,0.75,1000.0,0.7482487746078353,0.016129381929883644
OBM_RR,4.0,20000,5,9.396747059098743,-3.061896817068705,0.0215618930896346,5.530043287007115,0.15,4.417275630574674,0.1625122366132473,0.12391477955368131
OBM_RR,4.0,20000,6,7.5236774409458596,-2.737463867395069,0.0300065238070447,5.530043287007115,0.175,5.6582254690844485,0.18092207010137693,0.05864914753423278
OBM_RR,4.0,20000,7,6.051627568566318,-2.4519921843664565,0.0394111603225339,5.530043287007115,0.2,7.247796636776956,0.19648736253088905,0.0347873614519124
OBM_RR,4.0,20000,9,3.971742800253021,-1.9776990896880495,0.0605247668586549,5.530043287007115,0.225,9.28392768635557,0.2218637187839495,0.031060121984409494
OBM_RR,4.0,20000,12,2.197942767643675,-1.4498474683180973,0.0960050926210556,5.530043287007115,0.25,11.89207115002721,0.2509122808107791,0.009034761653968382
OBM_RR,4.0,20000,15,1.2906829409428473,-1.075633795211334,0.1338622073012346,5.530043287007115,0.275,15.232923070389067,0.273444096005222,0.015408875845225468
OBM_RR,4.0,20000,19,0.7214279744048666,-0.7320939416393637,0.1856985582175787,5.530043287007115,0.3,19.51232399646889,0.29731334174418345,0.02660728659439795
OBM_RR,4.0,20000,25,0.4367356263953968,-0.419627994120991,0.2609741906837454,5.530043287007115,0.325,24.9939414768837,0.3250244732264946,0.00024237029395886872
OBM_RR,4.0,20000,32,0.3926922613930687,-0.2222694271181442,0.3437182109252972,5.530043287007115,0.35,32.01551545899593,0.34995105354701095,0.0004847405879181659
OBM_RR,4.0,20000,42,0.4662702412297397,-0.0877826058719968,0.4591383783089477,5.530043287007115,0.375,41.00966752495598,0.377409432632266,0.023861786082320192
OBM_RR,4.0,20000,54,0.5934138306663711,-0.0228850007032352,0.5936321475936761,5.530043287007115,0.4,52.53055608807536,0.4027857888853264,0.02758902554982295
OBM_RR,4.0,20000,69,0.7524235808588331,0.0030774047095816,0.7533558051955809,5.530043287007115,0.425,67.28801986124834,0.4275369138534406,0.025124294769405104
OBM_RR,4.0,20000,89,0.9668619476221002,0.0056337838339191,0.968040258424844,5.530043287007115,0.45,86.19131328547948,0.4532379473312581,0.0320669710908821
OBM_RR,4.0,20000,114,1.2408833711799896,-0.0046968331903842,1.2424143288490326,5.530043287007115,0.475,110.40512859784792,0.4782354118455604,0.032041860939834806
OBM_RR,4.0,20000,147,1.6236984422978316,-0.0250883586246368,1.6251003920494154,5.530043287007115,0.5,141.4213562373095,0.5039065844537528,0.038688810510672314
OBM_RR,4.0,20000,188,2.1132525173687533,-0.0669107333590268,2.111414739554553,5.530043287007115,0.525,181.15100497595773,0.5287472655518185,0.0371109977484818
OBM_RR,4.0,20000,223,2.5146631613272525,-0.1160987546501148,2.50431463378818,5.530043287007115,0.55,232.04194526839143,0.5459866277183766,0.03974638243475211
OBM_RR,4.0,20000,286,3.3036326524069217,-0.2063130759174338,3.2651490033666173,5.530043287007115,0.575,297.22973036271696,0.5711111142227308,0.03851353188842065
OBM_RR,4.0,20000,368,4.354095024871953,-0.3384917320190581,4.244824402730104,5.530043287007115,0.6,380.7307877431756,0.5965658972990746,0.03400959335274568
OBM_RR,4.0,20000,472,5.618299451410353,-0.4969218241136302,5.378090765586919,5.530043287007115,0.625,487.6898840457368,0.6216980586812421,0.03270073474952464
OBM_RR,4.0,20000,607,7.14812660385515,-0.740738478942589,6.607692725575941,5.530043287007115,0.65,624.6971105498872,0.6470981820357188,0.028738118088985083
OBM_RR,4.0,20000,780,9.231572491417175,-1.020128313273637,8.201162168585391,5.530043287007115,0.675,800.1939197344099,0.6724190730141623,0.025560178278249395
OBM_RR,4.0,20000,1002,11.66206676208258,-1.3467123778014418,9.860758481661046,5.530043287007115,0.7,1024.993230105207,0.6977090893475533,0.022688005130478982
OBM_RR,4.0,20000,1287,14.29455627303313,-1.705331717959779,11.400650818276327,5.530043287007115,0.725,1312.9456446135114,0.7229846222972781,0.019959267992566036
OBM_RR,4.0,20000,1653,16.668056227995738,-2.173227345508845,11.960089244283672,5.530043287007115,0.75,1681.792830507429,0.7482563146074083,0.01726856658107176
OBM_RR,4.0,30000,5,10.402680115732483,-3.223262710552956,0.0132742072503625,5.530043287007115,0.15,4.694271328870265,0.15612040964921,0.06309501333745664
OBM_RR,4.0,30000,6,8.4849325440318,-2.909717401183088,0.0185003146774839,5.530043287007115,0.175,6.074299753156561,0.17380615938497024,0.012307246384696045
OBM_RR,4.0,30000,8,5.708299055433399,-2.38278171495009,0.0306887152269414,5.530043287007115,0.2,7.860030855966229,0.2017122020181897,0.01765100955097741
OBM_RR,4.0,30000,10,3.8975892778189336,-1.962894485930457,0.0446903778951096,5.530043287007115,0.225,10.170733675867188,0.22335781032193994,0.016929255650920155
OBM_RR,4.0,30000,13,2.2641099081330154,-1.4819428857218977,0.0680402418936369,5.530043287007115,0.25,13.160740129524925,0.24880794799393632,0.012288807699536324
OBM_RR,4.0,30000,17,1.1711078115282283,-1.034102249710083,0.1018676832768686,5.530043287007115,0.275,17.029752845447483,0.2748303767920441,0.0017486376209645733
OBM_RR,4.0,30000,22,0.5979094432503863,-0.6714680689698147,0.1472241057365048,5.530043287007115,0.3,22.036183309053403,0.29984059051495643,0.0016433448349718553
OBM_RR,4.0,30000,29,0.3547686653034184,-0.3747136612284771,0.2146266206680031,5.530043287007115,0.325,28.514411174206582,0.3266380146298997,0.016886215277078766
OBM_RR,4.0,30000,37,0.3284285984196662,-0.1935351339179645,0.2913369215109109,5.530043287007115,0.35,36.89711749119786,0.350270103230695,0.00278448141872228
OBM_RR,4.0,30000,49,0.4043573759533559,-0.0685976262656939,0.4001519315384911,5.530043287007115,0.375,47.74418348819862,0.37751849544989513,0.02596305036901687
OBM_RR,4.0,30000,63,0.5217561958989978,-0.0191318678434955,0.522042720932983,5.530043287007115,0.4,61.78008505674121,0.40189676514942824,0.019553662133815528
OBM_RR,4.0,30000,82,0.6768921218571374,-0.0126096015916816,0.6775800949234908,5.530043287007115,0.425,79.94228052013091,0.4274652714322233,0.025414366490428865
OBM_RR,4.0,30000,107,0.8782182683930404,-0.039516004069882,0.8777539462481998,5.530043287007115,0.45,103.44382350541889,0.4532787168866349,0.03380013717197439
OBM_RR,4.0,30000,138,1.1229841853509483,-0.0808988472869893,1.1178368579309983,5.530043287007115,0.475,133.85438283469583,0.4779587070922935,0.03050117135116586
OBM_RR,4.0,30000,180,1.4496176195077004,-0.1175905785745135,1.437587059162165,5.530043287007115,0.5,173.20508075688772,0.5037327284191505,0.03848052056806427
OBM_RR,4.0,30000,234,1.8404831368515928,-0.1709544756452041,1.8135246098708044,5.530043287007115,0.525,224.12415166897196,0.529182866091147,0.043120968519447564
OBM_RR,4.0,30000,278,2.165658258836722,-0.2086618386190615,2.1247744640208603,5.530043287007115,0.55,290.0124819770266,0.545896493944994,0.042302849663724225
OBM_RR,4.0,30000,361,2.802413554750294,-0.2785455065085642,2.728236250867766,5.530043287007115,0.575,375.27075541015427,0.5712392085002391,0.03876982153758678
OBM_RR,4.0,30000,469,3.668218409101994,-0.3853355702389596,3.5241400825137523,5.530043287007115,0.6,485.59337483020374,0.5966273171402726,0.03476882794029588
OBM_RR,4.0,30000,608,4.784303340065436,-0.5280718992521525,4.511082262113302,5.530043287007115,0.625,628.3487915845369,0.6218066076137692,0.03292053093651589
OBM_RR,4.0,30000,789,6.233967763239092,-0.6876777539630154,5.768277416714368,5.530043287007115,0.65,813.0716446117171,0.6470847757709037,0.030052908572916048
OBM_RR,4.0,30000,1025,8.129486893672913,-0.8967633294524964,7.334470512763141,5.530043287007115,0.675,1052.099579287026,0.6724686900579134,0.026095154362389336
OBM_RR,4.0,30000,1330,10.33075307995444,-1.2087064742978155,8.880882842498105,5.530043287007115,0.7,1361.3972791592591,0.697736662297007,0.02333264123520476
OBM_RR,4.0,30000,1726,13.145888398182484,-1.5628833568218503,10.71667986097797,5.530043287007115,0.725,1761.6227476853735,0.7230183430852556,0.02042880732373851
OBM_RR,4.0,30000,2240,16.32038948672508,-2.0158316282128723,12.272152524076812,5.530043287007115,0.75,2279.5070569547775,0.748304061410537,0.017483350634133744
OBM_RR,4.0,50000,5,11.99381870784561,-3.4622295125565405,0.0067940027315226,5.530043287007115,0.15,5.068103794729894,0.14874962038298556,0.013528830227442057
OBM_RR,4.0,50000,7,8.439386674103798,-2.902895278912057,0.0126014255558357,5.530043287007115,0.175,6.6423193338963555,0.17984750684393275,0.052448949283514026
OBM_RR,4.0,50000,9,6.008357876380756,-2.447202920088299,0.0195802195665138,5.530043287007115,0.2,8.705505632961243,0.20307482460172946,0.033268920454162604
OBM_RR,4.0,50000,11,4.325594644027292,-2.0732102560280508,0.0274281635318113,5.530043287007115,0.225,11.409543040000797,0.22162147964283027,0.03655484119394312
OBM_RR,4.0,50000,15,2.3164724526938945,-1.507196178837309,0.0448882414939751,5.530043287007115,0.25,14.953487812212206,0.2502870326838503,0.003105629999639262
OBM_RR,4.0,50000,19,1.3000801292622637,-1.111892672073722,0.0638546333427005,5.530043287007115,0.275,19.598225535066074,0.27213487206192993,0.031000049046387677
OBM_RR,4.0,50000,26,0.5506071565694051,-0.6722088570320413,0.0988659915865645,5.530043287007115,0.3,25.685676074155552,0.3011241499020292,0.012163052698397134
OBM_RR,4.0,50000,34,0.2934806910374107,-0.3913317114215529,0.1405158274576105,5.530043287007115,0.325,33.66396382192787,0.3259180023769185,0.009932582182819337
OBM_RR,4.0,50000,45,0.235888006110391,-0.192586135803995,0.1990473956510396,5.530043287007115,0.35,44.12040613345333,0.351824444984715,0.019740090226720956
OBM_RR,4.0,50000,59,0.2784783637074978,-0.0777797054182354,0.2727696431865336,5.530043287007115,0.375,57.824748377162095,0.37685961178898225,0.020120587251863165
OBM_RR,4.0,50000,78,0.3669675914236115,-0.0178242069681457,0.3671087750383662,5.530043287007115,0.4,75.78582832551992,0.4026615622028939,0.028797512925478264
OBM_RR,4.0,50000,102,0.479853492042264,0.0040450253374118,0.4804376769084193,5.530043287007115,0.425,99.32584120424065,0.42745541467778314,0.02656704240990083
OBM_RR,4.0,50000,135,0.6369160032759917,0.0020478660018508,0.637708945702959,5.530043287007115,0.45,130.17767238163063,0.45336185728557976,0.03637455045380198
OBM_RR,4.0,50000,177,0.8465679764800004,-0.0184830361057874,0.8472854606821653,5.530043287007115,0.475,170.61246279156248,0.4783970240898469,0.03675504747894491
OBM_RR,4.0,50000,233,1.122863178303358,-0.0619348536201425,1.1204277869440895,5.530043287007115,0.5,223.60679774997897,0.5038031566154964,0.0411493113605591
OBM_RR,4.0,50000,306,1.4861197804348325,-0.116796313200516,1.4743213032867082,5.530043287007115,0.525,293.06182667959655,0.5289928269786479,0.043201502636982046
OBM_RR,4.0,50000,368,1.7781144047351938,-0.1635966365208627,1.753542473345937,5.530043287007115,0.55,384.09044412331593,0.5460447324213301,0.042795118256725266
OBM_RR,4.0,50000,483,2.336540250366981,-0.26421633429766,2.2695669377294503,5.530043287007115,0.575,503.39367272195074,0.5711777534810553,0.04135585988333955
OBM_RR,4.0,50000,636,3.098091871221474,-0.393726438849403,2.9467548060800413,5.530043287007115,0.6,659.7539553864469,0.5966109834839332,0.03666840730604748
OBM_RR,4.0,50000,836,4.039806748256558,-0.5491411888429001,3.742929364678613,5.530043287007115,0.625,864.6816701021309,0.6218823007472963,0.033732814671725286
OBM_RR,4.0,50000,1099,5.251286543813985,-0.7364193925749367,4.714866605310183,5.530043287007115,0.65,1133.2624602040687,0.6471626100224903,0.030699930463062935
OBM_RR,4.0,50000,1445,6.80096202732879,-0.9600692964509214,5.88658720735021,5.530043287007115,0.675,1485.2677558853384,0.6724596760942864,0.027485741430409077
OBM_RR,4.0,50000,1899,8.852834710148969,-1.209192517928643,7.399938087343536,5.530043287007115,0.7,1946.610237380866,0.6977114052040613,0.024762088274911827
OBM_RR,4.0,50000,2497,11.410197359863094,-1.4928561916265712,9.193069087344483,5.530043287007115,0.725,2551.251382965138,0.7230134559736172,0.02149396591768188
OBM_RR,4.0,50000,3283,13.975118494413673,-1.8767128577378545,10.46615003155453,5.530043287007115,0.75,3343.7015248821103,0.7483067309399014,0.018320795806119707
OBM_RR,4.0,100000,6,12.750954503353034,-3.570296902157969,0.0039394581168885,5.530043287007115,0.15,5.62341325190349,0.15563025007672873,0.06482064948252075
OBM_RR,4.0,100000,8,9.71656569816927,-3.116069840143349,0.0066828030220477,5.530043287007115,0.175,7.498942093324557,0.18061799739838869,0.06467958531004617
OBM_RR,4.0,100000,10,7.466955005031251,-2.7307564659403973,0.0099365494427669,5.530043287007115,0.2,10.000000000000002,0.2,2.220446049250313e-16
OBM_RR,4.0,100000,13,5.103202312600001,-2.2555800513165454,0.0155804202281348,5.530043287007115,0.225,13.335214321633241,0.22278867046136736,0.02545887215676478
OBM_RR,4.0,100000,18,2.801502569291168,-1.665867222708001,0.0264219930896598,5.530043287007115,0.25,17.78279410038923,0.2510545010206612,0.012140391653607661
OBM_RR,4.0,100000,24,1.4377538511315808,-1.1819023080857738,0.0409119251795752,5.530043287007115,0.275,23.71373705661656,0.2760422483423212,0.011999327481132619
OBM_RR,4.0,100000,32,0.6503433700443715,-0.7674309530118997,0.0614699398284043,5.530043287007115,0.3,31.62277660168379,0.3010299956639812,0.011858263308658178
OBM_RR,4.0,100000,43,0.2810455610783385,-0.4373496561053116,0.0898831933746224,5.530043287007115,0.325,42.16965034285823,0.3266936911159173,0.019499339578238004
OBM_RR,4.0,100000,57,0.1711006700055551,-0.2171643646959129,0.1240954279967714,5.530043287007115,0.35,56.234132519034894,0.3511749711344983,0.013527355094970562
OBM_RR,4.0,100000,77,0.1749452795313361,-0.0742797069146687,0.1696398544901196,5.530043287007115,0.375,74.98942093324558,0.3772981450344964,0.026458372489848083
OBM_RR,4.0,100000,103,0.2289097427117579,-0.0085872825771966,0.229122404295066,5.530043287007115,0.4,100.00000000000003,0.40256744494103447,0.029558802241544214
OBM_RR,4.0,100000,138,0.3061983226801677,0.012992422566552,0.3064125353051513,5.530043287007115,0.425,133.3521432163324,0.4279758172802473,0.034260362544857766
OBM_RR,4.0,100000,184,0.4146102434239964,0.0011290903569287,0.415127878426996,5.530043287007115,0.45,177.8279410038923,0.4529635646019073,0.03411929837238258
OBM_RR,4.0,100000,247,0.5734715902740248,-0.0252013452670363,0.5735534242510704,5.530043287007115,0.475,237.13737056616546,0.4785393906519332,0.04074874076711888
OBM_RR,4.0,100000,330,0.7825372816128087,-0.0701265109512387,0.77859279506845,5.530043287007115,0.5,316.22776601683796,0.5037027879755774,0.04262992197541153
OBM_RR,4.0,100000,442,1.0418265469119043,-0.124062042281964,1.0277198063346509,5.530043287007115,0.525,421.69650342858233,0.5290844538698184,0.04702401296832797
OBM_RR,4.0,100000,537,1.2592545785622624,-0.157025361044794,1.2361427930423174,5.530043287007115,0.55,562.3413251903494,0.5459948571399111,0.04611091122476142
OBM_RR,4.0,100000,719,1.7477278742247773,-0.2276774479054681,1.6980133706533462,5.530043287007115,0.575,749.8942093324555,0.5713457780765765,0.04207078463683416
OBM_RR,4.0,100000,961,2.4357434432838287,-0.3200831058046738,2.336210511802016,5.530043287007115,0.6,999.9999999999998,0.5965446775337091,0.03978087001184436
OBM_RR,4.0,100000,1286,3.303530750603485,-0.4383104112743394,3.1153088700595792,5.530043287007115,0.625,1333.521432163324,0.6218481937176407,0.036286510808828144
OBM_RR,4.0,100000,1721,4.400518444076942,-0.5895126663567725,4.058065842585103,5.530043287007115,0.65,1778.2794100389233,0.6471561740655121,0.03274075601910928
OBM_RR,4.0,100000,2303,5.705547540764846,-0.7575773923789022,5.138046593563183,5.530043287007115,0.675,2371.3737056616565,0.6724587875928463,0.02925678903421948
OBM_RR,4.0,100000,3081,7.529172783779346,-0.9893444232101372,6.55856860680085,5.530043287007115,0.7,3162.2776601683777,0.697738339663388,0.026038326882491435
OBM_RR,4.0,100000,4122,9.825923431530274,-1.3122112240421675,8.114167844834073,5.530043287007115,0.725,4216.965034285821,0.7230215974886388,0.022777200653010976
OBM_RR,4.0,100000,5515,12.560921229762815,-1.736670227622854,9.55684380500746,5.530043287007115,0.75,5623.413251903491,0.7483091033552419,0.019467167040068557
OBM_RR,4.0,200000,6,15.920675273170229,-3.989865965223327,0.0016469113619627,5.530043287007115,0.15,6.239567673133879,0.1467924631666183,0.039151427601471
OBM_RR,4.0,200000,8,13.00269158833678,-3.605533273893085,0.0028249303495329,5.530043287007115,0.175,8.466038697065802,0.17036122937063797,0.05662117128794421
OBM_RR,4.0,200000,11,9.707149159453138,-3.114823547395141,0.0050297151898754,5.530043287007115,0.2,11.486983549970352,0.19645100782490202,0.04331925630766445
OBM_RR,4.0,200000,15,6.695693849280884,-2.585945090855776,0.0085925770811484,5.530043287007115,0.225,15.585895103813016,0.22186089496148376,0.03831614414207903
OBM_RR,4.0,200000,21,3.963287176733246,-1.987066998455326,0.0148705085186377,5.530043287007115,0.25,21.147425268811283,0.24942686531022062,0.006995723659120484
OBM_RR,4.0,200000,29,2.070531390087172,-1.4304580169761243,0.0243516913701179,5.530043287007115,0.275,28.69348167180654,0.2758705381963762,0.010625852465675911
OBM_RR,4.0,200000,39,0.9858519149501568,-0.9739252072614564,0.0373683160058928,5.530043287007115,0.3,38.932204747617334,0.30014253990789014,0.0017398524705943795
OBM_RR,4.0,200000,54,0.3797088975926081,-0.5680373647284274,0.0571138421677009,5.530043287007115,0.325,52.82442137371227,0.32680323658609617,0.022010436766967692
OBM_RR,4.0,200000,73,0.1684220342317358,-0.2969581462908213,0.0803383164788541,5.530043287007115,0.35,71.67381122021563,0.3515020404797889,0.0183340152128306
OBM_RR,4.0,200000,100,0.1253478750695032,-0.1177332591610733,0.1116262876163351,5.530043287007115,0.375,97.2492472466073,0.3772851694172483,0.027892943914276245
OBM_RR,4.0,200000,136,0.1555741478041064,-0.0262235438872648,0.1550803239550428,5.530043287007115,0.4,131.95079107728947,0.40247629425137427,0.030225827523982264
OBM_RR,4.0,200000,185,0.2138130680235345,0.0083997326534808,0.2140100250461923,5.530043287007115,0.425,179.0349206690635,0.4276851348242633,0.03277495072800116
OBM_RR,4.0,200000,253,0.3011408181285527,0.0104595842330086,0.3014081754455322,5.530043287007115,0.45,242.92012618706255,0.45333086648094223,0.04065679823894197
OBM_RR,4.0,200000,344,0.4174702252900976,-0.0070842851472479,0.4179424662768962,5.530043287007115,0.475,329.6015519554173,0.47850294087117556,0.04275715074656621
OBM_RR,4.0,200000,469,0.5765878098351357,-0.0266144012446867,0.5766002337737396,5.530043287007115,0.5,447.21359549995793,0.5038969492532565,0.04756644568119249
OBM_RR,4.0,200000,638,0.7736738041216481,-0.0396137507722818,0.7730708934882599,5.530043287007115,0.525,606.793259356535,0.5291086224781575,0.05015014444144839
OBM_RR,4.0,200000,784,0.9460484772617884,-0.0454974592945367,0.9451599083449614,5.530043287007115,0.55,823.315890450298,0.5459912630284807,0.048930934691188276
OBM_RR,4.0,200000,1068,1.2940428173213403,-0.0488849712325585,1.2932696639889187,5.530043287007115,0.575,1117.1005033687768,0.571317509082156,0.04494875165970911
OBM_RR,4.0,200000,1454,1.8488365658685613,-0.0671094714314559,1.8466411861954963,5.530043287007115,0.6,1515.7165665103976,0.5965943239539983,0.0415699292246392
OBM_RR,4.0,200000,1980,2.5735375548903483,-0.121168744445681,2.5620582630886664,5.530043287007115,0.625,2056.5711885957794,0.6218914424098834,0.0379432797677777
OBM_RR,4.0,200000,2696,3.513950821170035,-0.2098954925340797,3.4742375002592354,5.530043287007115,0.65,2790.4194934675093,0.6471798670578107,0.03442274756241545
OBM_RR,4.0,200000,3671,4.820265460498621,-0.3363202905423286,4.7130454294549615,5.530043287007115,0.675,3786.1276053565794,0.6724701402217739,0.0308796522360335
OBM_RR,4.0,200000,4998,6.294656288044693,-0.5449057320618165,6.005240581938291,5.530043287007115,0.7,5137.135214831108,0.697750485248318,0.027457740476223298
OBM_RR,4.0,200000,6804,8.24819184343682,-0.8114417847350239,7.599253139847668,5.530043287007115,0.725,6970.224188461407,0.723022565062935,0.024136714493623312
OBM_RR,4.0,200000,9264,10.53184755212635,-1.1574950602134466,9.203557184188057,5.530043287007115,0.75,9457.416090031758,0.7483071308081702,0.02066328433485381
OBM_RR,4.0,300000,7,16.39867042934256,-4.049381361895165,0.0011824933953682,5.530043287007115,0.15,6.630834496675398,0.15429602535931292,0.054179486009562565
OBM_RR,4.0,300000,9,13.914972026338011,-3.730023209405622,0.0019012602086547,5.530043287007115,0.175,9.088583876478463,0.17422336754313217,0.009794529550489707
OBM_RR,4.0,300000,12,10.976139933793402,-3.3125396720980347,0.0032248856771437,5.530043287007115,0.2,12.457309396155175,0.1970343901219439,0.0374009009396674
OBM_RR,4.0,300000,17,7.544858511811665,-2.7457099413673003,0.0059428582612663,5.530043287007115,0.225,17.074668562300275,0.22465248880842104,0.004382650512410136
OBM_RR,4.0,300000,23,4.946828795114972,-2.2219491969775467,0.0097827896528745,5.530043287007115,0.25,23.40347319320716,0.24862108627669788,0.017390222480434793
OBM_RR,4.0,300000,32,2.746904529690052,-1.6524754198414038,0.0162498287960229,5.530043287007115,0.275,32.07807844156349,0.27480676587594455,0.0024369794508166966
OBM_RR,4.0,300000,44,1.3405574878205238,-1.1467061474211755,0.0256545674963797,5.530043287007115,0.3,43.967966122300474,0.3000577493277178,0.0007283078267599157
OBM_RR,4.0,300000,61,0.5441591831321864,-0.7103117877399194,0.0396659297420837,5.530043287007115,0.325,60.26489549408122,0.3259613493990734,0.012124094240851247
OBM_RR,4.0,300000,84,0.2089027781801065,-0.3873457719920177,0.0589397057321791,5.530043287007115,0.35,82.60235687978427,0.3513304154812568,0.01677858506989557
OBM_RR,4.0,300000,116,0.1139158661785183,-0.1680689587320873,0.0857759111782032,5.530043287007115,0.375,113.21930132219957,0.37692391554194,0.02426353349198794
OBM_RR,4.0,300000,160,0.1237305520350432,-0.0358703097566293,0.1225971193121468,5.530043287007115,0.4,155.184557391536,0.40242307594644244,0.03055871377849144
OBM_RR,4.0,300000,221,0.1728516369079925,0.0355923004604008,0.1717995745240841,5.530043287007115,0.425,212.7044291173785,0.4280336630606701,0.038259156221459326
OBM_RR,4.0,300000,304,0.2402330325710813,0.0652235135817598,0.2362742686829851,5.530043287007115,0.45,291.5443065124053,0.45331725702973064,0.041835712268969476
OBM_RR,4.0,300000,418,0.3338661429267362,0.0730272506115721,0.3289443440248819,5.530043287007115,0.475,399.60654798069135,0.4785682404815038,0.045000999546545954
OBM_RR,4.0,300000,575,0.4623154504938405,0.0700779186301421,0.4579770070731491,5.530043287007115,0.5,547.7225575051662,0.5038537064176937,0.04860116397818126
OBM_RR,4.0,300000,791,0.6433886105124367,0.0631948637541066,0.6401952637872708,5.530043287007115,0.525,750.7384488967276,0.5291422900306075,0.05224064710752604
OBM_RR,4.0,300000,979,0.804029980098305,0.055668897221115,0.8019333706938573,5.530043287007115,0.55,1029.0031165031005,0.546050115145062,0.0498141219705762
OBM_RR,4.0,300000,1346,1.1193077281205646,0.0327641317481619,1.119633782018877,5.530043287007115,0.575,1410.4078661871597,0.5712937352248034,0.04674169813737074
OBM_RR,4.0,300000,1852,1.5686664998033035,-0.0027543980434252,1.5706221908332636,5.530043287007115,0.6,1933.1820449317622,0.5965982548825578,0.04290123697687787
OBM_RR,4.0,300000,2548,2.180024722199875,-0.0450773363457646,2.1807186542656782,5.530043287007115,0.625,2649.7248834477414,0.6218959313212528,0.03914707933190723
OBM_RR,4.0,300000,3505,3.016110644477469,-0.0991882235551324,3.010034884390936,5.530043287007115,0.65,3631.857628912531,0.6471808560469977,0.03555374039622957
OBM_RR,4.0,300000,4821,4.141994236758619,-0.1850407390560979,4.112895280749128,5.530043287007115,0.675,4978.022404925004,0.6724585708795893,0.032051329300256545
OBM_RR,4.0,300000,6632,5.63212952841161,-0.3454860363455054,5.519668512742812,5.530043287007115,0.7,6823.149362095244,0.697746925768548,0.028414730731705265
OBM_RR,4.0,300000,9123,7.698652706801472,-0.590634959106012,7.359001804138485,5.530043287007115,0.725,9352.18113349616,0.723032682807839,0.02481089504232051
OBM_RR,4.0,300000,12549,10.722807964957434,-0.9389107321195702,9.853571566526286,5.530043287007115,0.75,12818.610191887023,0.7483144755593097,0.021257055118445577
OBM_RR,4.0,500000,7,18.85924020194073,-4.3426624958765725,0.0005233029765165,5.530043287007115,0.15,7.158886890101028,0.1482896101174897,0.022444357555335966
OBM_RR,4.0,500000,9,16.59983874415304,-4.074186313105888,0.0008456873628956,5.530043287007115,0.175,9.938475026541154,0.16744122336374762,0.09918901370953807
OBM_RR,4.0,500000,13,12.9986897533587,-3.6051368360749247,0.0016802468429327,5.530043287007115,0.2,13.79729661461215,0.1954639788346493,0.05952331801932924
OBM_RR,4.0,500000,19,9.205954793424311,-3.0335830432413133,0.0033328792821857,5.530043287007115,0.225,19.154386700495632,0.2243832832915244,0.008092780749533634
OBM_RR,4.0,500000,26,6.316776242413911,-2.5121857719789733,0.0057060220078289,5.530043287007115,0.25,26.591479484724942,0.24828580373194561,0.02249430632960012
OBM_RR,4.0,500000,37,3.647623032093626,-1.9072542837683335,0.0100166499534067,5.530043287007115,0.275,36.91617968474297,0.27517283348988336,0.002267983858033839
OBM_RR,4.0,500000,52,1.8401335692574896,-1.350412505292338,0.0165403101953049,5.530043287007115,0.3,51.24966150526037,0.30110762862924195,0.014534705360128823
OBM_RR,4.0,500000,73,0.7817571947858769,-0.8691679108756434,0.0263372590637766,5.530043287007115,0.325,71.14841857510196,0.32695782899414466,0.025691343491984212
OBM_RR,4.0,500000,101,0.3001830008924452,-0.5098351358833657,0.0403015120012365,5.530043287007115,0.35,98.77328585318219,0.351698881071083,0.022293334749744584
OBM_RR,4.0,500000,141,0.1268293242003113,-0.2557221924756261,0.0615123749444505,5.530043287007115,0.375,137.12408783810366,0.3771241313816642,0.027873623851545
OBM_RR,4.0,500000,197,0.1023170182764125,-0.1025477856912173,0.091915864757187,5.530043287007115,0.4,190.3653938715879,0.4026106865654435,0.03425837777625657
OBM_RR,4.0,500000,275,0.134075681797141,-0.0253488128860555,0.1336001196319487,5.530043287007115,0.425,264.2787547777203,0.42803044970833587,0.03976666226973165
OBM_RR,4.0,500000,383,0.1858280139351427,0.0046388506765522,0.1860390438042987,5.530043287007115,0.45,366.8905298721239,0.4532746745470173,0.04297146934869776
OBM_RR,4.0,500000,534,0.2525237598852373,0.0097545346219636,0.2527445396140638,5.530043287007115,0.475,509.34348098871766,0.4786024939512451,0.047273234693139
OBM_RR,4.0,500000,744,0.3418489771932161,0.0004266783873214,0.3422766409399448,5.530043287007115,0.5,707.1067811865476,0.5038757763878497,0.05085934613092751
OBM_RR,4.0,500000,1037,0.463152203633993,-0.0234227083256728,0.463182558566892,5.530043287007115,0.525,981.6558347412624,0.5291796156313349,0.054846435092254495
OBM_RR,4.0,500000,1294,0.5701257495549918,-0.0463662339395227,0.5686867803807332,5.530043287007115,0.55,1362.8043225162298,0.5460520539615035,0.05180638251153561
OBM_RR,4.0,500000,1803,0.7620229542913178,-0.0816965332560579,0.7562939982430634,5.530043287007115,0.575,1891.9417129104454,0.571330560477613,0.048151718804171274
OBM_RR,4.0,500000,2512,1.0670244569273344,-0.1240241951599747,1.0529586542600802,5.530043287007115,0.6,2626.5278044037664,0.5966024794793233,0.04458349885450761
OBM_RR,4.0,500000,3501,1.525430975366814,-0.1854753476000796,1.492895990787929,5.530043287007115,0.625,3646.3323686085546,0.6219004676403737,0.040673189923039824
OBM_RR,4.0,500000,4878,2.121903868379251,-0.2795989877406457,2.04628613209878,5.530043287007115,0.65,5062.097465737913,0.6471769097172895,0.03704561653694836
OBM_RR,4.0,500000,6798,2.9588630887898955,-0.4151037612775257,2.790039505545077,5.530043287007115,0.675,7027.5630859204075,0.6724690878055513,0.033211549491861156
OBM_RR,4.0,500000,9472,4.184534736620773,-0.5790738750852862,3.854025715959432,5.530043287007115,0.7,9756.16199823444,0.6977474326682539,0.029559007059242668
OBM_RR,4.0,500000,13199,5.894799534904691,-0.8045602427517444,5.254049913079293,5.530043287007115,0.725,13544.196725389875,0.7230325875951858,0.025817100489183478
OBM_RR,4.0,500000,18391,8.073197382600878,-1.0726250471001606,6.931337062262082,5.530043287007115,0.75,18803.015465431967,0.7483115968581989,0.02215583955426555
OBM_RR,4.0,1000000,8,20.903569124819963,-4.572016158707098,0.0002376664241886,5.530043287007115,0.15,7.943282347242814,0.1505149978319906,0.007114957985194869
OBM_RR,4.0,1000000,11,18.3414749953244,-4.282644084220853,0.0004351871965274,5.530043287007115,0.175,11.220184543019633,0.17356544752637085,0.01981907484537731
OBM_RR,4.0,1000000,15,15.521758855528132,-3.939668093444309,0.0007751379474532,5.530043287007115,0.2,15.848931924611136,0.19601520984261356,0.055051910490644874
OBM_RR,4.0,1000000,22,11.77964630114629,-3.431923051019667,0.0015524135430801,5.530043287007115,0.225,22.387211385683397,0.22373711347036773,0.017447422183645853
OBM_RR,4.0,1000000,32,8.160556559611006,-2.856146548695491,0.0029871859683002,5.530043287007115,0.25,31.622776601683793,0.25085832971998434,0.011858263308657958
OBM_RR,4.0,1000000,45,5.242593504692975,-2.288520417430064,0.00527439669457,5.530043287007115,0.275,44.668359215096324,0.2755354189625573,0.0073970863301441436
OBM_RR,4.0,1000000,64,2.8887702554973957,-1.6969431467523473,0.0091656692742302,5.530043287007115,0.3,63.095734448019314,0.3010299956639812,0.01422991597038981
OBM_RR,4.0,1000000,91,1.3350095224820735,-1.1488644775914452,0.015138858183339,5.530043287007115,0.325,89.12509381337456,0.32650689872018224,0.020818575178460825
OBM_RR,4.0,1000000,129,0.5079806511577769,-0.6956237358137951,0.0241184173519266,5.530043287007115,0.35,125.89254117941668,0.3517649517165415,0.024383709074176592
OBM_RR,4.0,1000000,184,0.165961795719682,-0.3583825411579422,0.0375707133044884,5.530043287007115,0.375,177.82794100389228,0.3774696371682561,0.0341192983723828
OBM_RR,4.0,1000000,261,0.078406997957928,-0.1483611619262737,0.0564665467732806,5.530043287007115,0.4,251.1886431509581,0.40277341788971355,0.03831618413698343
OBM_RR,4.0,1000000,370,0.0847607238475423,-0.0390241372560158,0.0833420180815679,5.530043287007115,0.425,354.8133892335754,0.4280336206778325,0.041911018503453766
OBM_RR,4.0,1000000,525,0.1217391790086422,0.0083856679139291,0.1218211360022824,5.530043287007115,0.45,501.18723362727235,0.4533598839009928,0.04641851150770025
OBM_RR,4.0,1000000,744,0.1865610733548438,0.0220377318814177,0.1863082970997411,5.530043287007115,0.475,707.9457843841377,0.47859548925764644,0.04967351980006198
OBM_RR,4.0,1000000,1055,0.276310634362257,0.0194848587826976,0.276276320040526,5.530043287007115,0.5,1000.0,0.503875409938952,0.05354076692802976
OBM_RR,4.0,1000000,1497,0.3933640505445185,0.0140699599214286,0.3936581594716674,5.530043287007115,0.525,1412.5375446227547,0.5292036333905088,0.058075341488384086
OBM_RR,4.0,1000000,1889,0.4839806273488804,0.0047312115414754,0.4845639479211316,5.530043287007115,0.55,1995.262314968881,0.546038659653639,0.05472793937884181
OBM_RR,4.0,1000000,2679,0.6727590950521771,-0.0168798758357091,0.6733158096059556,5.530043287007115,0.575,2818.382931264452,0.5713287856013681,0.050719701284848255
OBM_RR,4.0,1000000,3799,0.9368308611932236,-0.044480128494758,0.9360224073715276,5.530043287007115,0.6,3981.0717055349714,0.5966115489257867,0.04681318159093857
OBM_RR,4.0,1000000,5388,1.3211794790376263,-0.0857048402996634,1.3154785075212367,5.530043287007115,0.625,5623.413251903491,0.6219045978418247,0.042764561197416714
OBM_RR,4.0,1000000,7640,1.83586923398373,-0.1604629172113592,1.812386369145182,5.530043287007115,0.65,7943.282347242817,0.6471822264292817,0.03892898051621227
OBM_RR,4.0,1000000,10835,2.5901614361414693,-0.2430234558166359,2.5342688721546027,5.530043287007115,0.675,11220.18454301964,0.6724714859426395,0.034932712655426225
OBM_RR,4.0,1000000,15364,3.663100198710096,-0.3495104368980923,3.5453743711733683,5.530043287007115,0.7,15848.931924611124,0.6977507164155231,0.031075001109195748
OBM_RR,4.0,1000000,21787,5.2175519777951385,-0.526307641121079,4.946735664273045,5.530043287007115,0.725,22387.21138568339,0.7230329055677136,0.027176413897764564
OBM_RR,4.0,1000000,30894,7.352161121881786,-0.7488989866948259,6.799811193601252,5.530043287007115,0.75,31622.776601683792,0.7483123570351464,0.023315649199009164
