method,label,l2_median,width_median,cov_median,cov_mean,diverged_total
const_0.2,alpha=0.2 (const),8.17685629655089,8.010058232300567,80.0,80.0,0
const_0.02,alpha=0.02 (const),5.074858612283203,7.0485556841009815,90.0,90.0,0
RR,RR (0.2+0.02),4.913251949338251,7.03136436602604,90.0,90.0,0
dim_0.2,0.2/sqrt(k) (dim),6.3591777707713515,8.404480553661543,100.0,95.0,0
dim_0.02,0.02/sqrt(k) (dim),19.821253333400563,13.1259858934335,55.00000000000001,52.5,0
PR_OBM,PR + OBM CI,5.128260585234558,5.693683555406311,90.0,87.5,0
PR_MSB,PR + MSB bootstrap,5.128260585234558,5.614594809897186,85.00000000000001,85.0,0
RR_OBM,RR + OBM CI,4.91325194933821,7.138472881392057,85.00000000000001,87.5,0
RR_MSB,RR + MSB bootstrap,4.91325194933821,7.129406395432665,85.00000000000001,87.5,0
