method,label,l2_median,width_median,cov_median,cov_mean,diverged_total
const_0.2,alpha=0.2 (const),11.264450206679786,20.55736270746689,80.0,80.0,0
const_0.02,alpha=0.02 (const),7.697901649162692,17.35244314834711,80.0,80.0,0
RR,RR (0.2+0.02),7.716385537234783,17.25533798857858,80.0,80.0,0
dim_0.2,0.2/sqrt(k) (dim),8.252491453218601,20.550701513577312,90.0,90.0,0
dim_0.02,0.02/sqrt(k) (dim),17.71828263039402,15.826603377435136,43.333333333333336,43.333333333333336,0
PR_OBM,PR + OBM CI,7.509204498221621,13.315972098315775,70.0,70.0,0
PR_MSB,PR + MSB bootstrap,7.509204498221621,13.176192829088514,70.0,70.0,0
RR_OBM,RR + OBM CI,7.716385537234771,17.407585473348494,80.0,80.0,0
RR_MSB,RR + MSB bootstrap,7.716385537234771,17.126971384625318,80.0,80.0,0
