method,label,l2_mean,width_mean,cov_mean
const_0.2,alpha=0.2 (const),8.356126108132333,6.325875067785978,72.00000000000001
const_0.02,alpha=0.02 (const),2.2051440372234645,4.881093178123912,95.0
RR,RR (0.2+0.02),2.0394950916451635,4.894909126492874,94.0
dim_0.2,0.2/sqrt(k) (dim),2.9190782809053766,5.986051606912068,97.0
dim_0.02,0.02/sqrt(k) (dim),6.668628070074956,7.34372154980986,62.0
PR_OBM,PR + OBM CI,3.277336561225011,2.793686086155826,49.999999999999986
PR_MSB,PR + MSB bootstrap,3.277336561225011,2.7712057899308125,51.0
