method,label,l2_median,width_median,cov_median,cov_mean,diverged_total
const_0.2,alpha=0.2 (const),6.677640049280285,7.0819584297067735,80.0,80.0,0
const_0.02,alpha=0.02 (const),2.2546193804392076,6.452214597682998,90.0,90.0,0
RR,RR (0.2+0.02),2.4418580991838277,6.447605441952803,90.0,90.0,0
dim_0.2,0.2/sqrt(k) (dim),2.6355601739398455,7.321582807551581,90.0,90.0,0
dim_0.02,0.02/sqrt(k) (dim),5.149998922846666,6.953480540431614,65.0,65.0,0
PR_OBM,PR + OBM CI,2.4600799628364536,4.409437138468249,80.0,80.0,0
PR_MSB,PR + MSB bootstrap,2.4600799628364536,4.273651751687787,75.0,75.0,0
RR_OBM,RR + OBM CI,2.441858099183849,6.416670700305262,90.0,90.0,0
RR_MSB,RR + MSB bootstrap,2.441858099183849,6.349009214824107,90.0,90.0,0
