method,label,l2_median,width_median,cov_median,cov_mean,diverged_total
const_0.2,alpha=0.2 (const),9.457468792605132,10.576644851408263,90.0,90.0,0
const_0.02,alpha=0.02 (const),6.967937732418682,8.958795317013202,85.00000000000001,85.00000000000001,0
RR,RR (0.2+0.02),6.9398368674336,8.9224945709455,85.00000000000001,85.00000000000001,0
dim_0.2,0.2/sqrt(k) (dim),8.459490819900575,11.867872714555293,95.0,92.5,0
dim_0.02,0.02/sqrt(k) (dim),28.59267957733958,16.8642467802911,35.0,40.0,0
PR_OBM,PR + OBM CI,22.33605330110199,9.030673115906954,30.0,30.0,0
PR_MSB,PR + MSB bootstrap,22.33605330110199,8.835316860320138,30.0,30.0,0
