method,label,l2_mean,width_mean,cov_mean
const_0.2,alpha=0.2 (const),18.549832934802094,48.63163240554699,80.0
const_0.02,alpha=0.02 (const),14.8248100478873,32.37580879343856,70.0
RR,RR (0.2+0.02),14.58455998656068,31.90312821216483,70.0
dim_0.2,0.2/sqrt(k) (dim),18.980573407351653,38.308515353742465,70.0
dim_0.02,0.02/sqrt(k) (dim),41.47441394213486,19.727451942598854,20.0
PR_OBM,PR + OBM CI,38.03003639008652,15.683957707591457,10.0
PR_MSB,PR + MSB bootstrap,38.03003639008652,15.679568561880624,10.0
