method,label,l2_median,width_median,cov_median,cov_mean,diverged_total
const_0.2,alpha=0.2 (const),8.750332069837457,0.9013497283703237,0.0,9.3,500
const_0.02,alpha=0.02 (const),1.0131120891483147,0.8154848608721735,72.0,58.87,98
RR,RR (0.2+0.02),0.4993251607590812,0.786218967951838,93.0,87.21999999999998,500
dim_0.2,0.2/sqrt(k) (dim),0.6929371616982195,1.1264142958164647,94.0,93.35,0
dim_0.02,0.02/sqrt(k) (dim),1.155895325266528,1.3486880144412206,84.0,79.87,0
PR_OBM,PR + OBM CI,0.48307160185088466,0.6081149473250317,86.0,84.30000000000001,0
PR_MSB,PR + MSB bootstrap,0.48307160185088466,0.6039515452352782,86.0,83.82999999999998,0
RR_OBM,RR + OBM CI,0.49935352014077966,0.8057740607316873,94.0,87.47000000000001,576
RR_MSB,RR + MSB bootstrap,0.49935352014077966,0.79483045761111,93.5,87.08000000000001,576