method,label,l2_median,width_median,cov_median,cov_mean,diverged_total
const_0.2,alpha=0.2 (const),6.947925389113566,2.593958125230826,22.000000000000004,28.200000000000003,0
const_0.02,alpha=0.02 (const),1.4282293555051322,2.3360088226382363,92.0,91.19999999999999,0
RR,RR (0.2+0.02),1.30156792645191,2.3341896918224427,96.0,94.19999999999999,0
dim_0.2,0.2/sqrt(k) (dim),1.7108425876582534,2.9378378828551392,95.0,94.39999999999999,0
dim_0.02,0.02/sqrt(k) (dim),2.728368634879242,2.5032946429997414,75.0,76.8,0
PR_OBM,PR + OBM CI,1.2851673521596072,1.7641916857803175,90.0,88.79999999999998,0
PR_MSB,PR + MSB bootstrap,1.2851673521596072,1.7637468188756316,92.0,88.4,0
