estimator,lam,T,b,bias,var,mse_selected,eta,target_b,eta_actual,log_b_error,abs_bias,bias_sq,bias_sq_plus_var
OBM,0.0,10000,5,-4.828244167141911,0.0021978648206761,23.31413685502953,0.15,3.9810717055349722,0.1747425010840047,0.22788685663767297,4.828244167141911,23.311941737539883,23.31413960236056
OBM,0.0,10000,5,-4.828244167141911,0.0021978648206761,23.31413685502953,0.175,5.011872336272722,0.1747425010840047,0.002371652661731426,4.828244167141911,23.311941737539883,23.31413960236056
OBM,0.0,10000,6,-4.703434632103611,0.003147797341767,22.125441201066725,0.2,6.309573444801933,0.19453781259591088,0.050308605167181636,4.703434632103611,22.12229733847163,22.125445135813397
OBM,0.0,10000,8,-4.46703773087688,0.0055246227714147,19.95994380607062,0.225,7.943282347242816,0.22577249674798586,0.007114957985194649,4.46703773087688,19.954426089077668,19.959950711849082
OBM,0.0,10000,10,-4.247037115053387,0.0085049859801796,18.0458186113887,0.25,10.0,0.25,0.0,4.247037115053387,18.037324256640996,18.045829242621178
OBM,0.0,10000,13,-3.944888575829852,0.0140200736850357,15.576148424305808,0.275,12.589254117941675,0.2784858380767092,0.032105755168086385,3.944888575829852,15.562145875712877,15.576165949397913
OBM,0.0,10000,16,-3.672644835830979,0.0206658674259891,13.508960125247665,0.3,15.848931924611133,0.30102999566398114,0.009486610646926505,3.672644835830979,13.488320090155959,13.508985957581949
OBM,0.0,10000,20,-3.350244114912998,0.0310625019708789,11.255159303352592,0.325,19.952623149688797,0.32525749891599526,0.002371652661731522,3.350244114912998,11.224135629509176,11.255198131480055
OBM,0.0,10000,25,-3.002796269670516,0.0461502785591352,9.0628780278581,0.35,25.118864315095795,0.3494850021680094,0.0047433053234629385,3.002796269670516,9.016785437147167,9.062935715706303
OBM,0.0,10000,32,-2.600583860784066,0.0703383365172275,6.8332868305671415,0.375,31.622776601683793,0.37628749457997646,0.011858263308657958,2.600583860784066,6.763036416970559,6.833374753487787
OBM,0.0,10000,40,-2.234531343853573,0.1010705662724538,5.094074554728669,0.4,39.810717055349734,0.40051499783199057,0.004743305323462996,2.234531343853573,4.993130326664056,5.0942008929365095
OBM,0.0,10000,51,-1.850738342455017,0.1467511723740453,3.5718001456417223,0.425,50.11872336272722,0.42689254402448407,0.017430974634448308,1.850738342455017,3.425232412233144,3.5719835846071892
OBM,0.0,10000,65,-1.4995994377621678,0.2087766644572302,2.4573141673632675,0.45,63.09573444801933,0.4532283391607138,0.02973410250635483,1.4995994377621678,2.24879847373661,2.4575751381938398
OBM,0.0,10000,82,-1.2054684383818683,0.2862950345287796,1.7390913216704391,0.475,79.43282347242814,0.4784534630959292,0.03180757057556654,1.2054684383818683,1.4531541559348202,1.7394491904635998
OBM,0.0,10000,103,-0.9632953728319168,0.3808100479437366,1.3082720107031884,0.5,100.0,0.503209306176293,0.02955880224154443,0.9632953728319168,0.9279379753193816,1.3087480232631181
OBM,0.0,10000,130,-0.7652118081176926,0.4975933263610366,1.0825204459858335,0.525,125.89254117941675,0.5284858380767091,0.03210575516808617,0.7652118081176926,0.5855491112827484,1.083142437643785
OBM,0.0,10000,165,-0.6116907208491469,0.644504383752643,1.0178642912459008,0.55,158.48931924611142,0.5543709860534765,0.040258269313679595,0.6116907208491469,0.37416553797294894,1.018669921725592
OBM,0.0,10000,192,-0.5365946459498172,0.7558594028144178,1.0428483926229095,0.575,199.52623149688787,0.5708253071758873,0.03845034185852311,0.5365946459498172,0.2879338140620097,1.0437932168764275
OBM,0.0,10000,243,-0.4462051590616065,0.96906548748825,1.1669531996020837,0.6,251.18864315095797,0.5964015683995779,0.03314277984516098,0.4462051590616065,0.19909904397319358,1.1681645314614437
OBM,0.0,10000,307,-0.3816209407522084,1.2415453610554108,1.3856279717746924,0.625,316.22776601683796,0.6217845938692965,0.02961498489791709,0.3816209407522084,0.14563454242060056,1.3871799034760113
OBM,0.0,10000,387,-0.3407873539412565,1.5801430784694397,1.6943039202276364,0.65,398.1071705534973,0.6469277412547279,0.02829654875473716,0.3407873539412565,0.11613602060628321,1.6962790990757228
OBM,0.0,10000,489,-0.3236685628660476,1.9807453309315572,2.083030737855666,0.675,501.18723362727246,0.6723272147809051,0.02461726160905168,0.3236685628660476,0.10476133858777262,2.08550666951933
OBM,0.0,10000,618,-0.3460821088261703,2.427073686772104,2.5438126707132085,0.7,630.957344480193,0.6977471187722039,0.02074980292563674,0.3460821088261703,0.11977282604956918,2.5468465128216735
OBM,0.0,10000,780,-0.4034424212364751,2.93316166303392,3.0922609982082765,0.725,794.3282347242813,0.7230236506726201,0.01820284999909485,0.4034424212364751,0.1627657872531494,3.0959274502870695
OBM,0.0,10000,984,-0.5068041251715716,3.532247131923676,3.784682244299693,0.75,1000.0,0.7482487746078353,0.016129381929883644,0.5068041251715716,0.256850421290922,3.789097553214598
OBM,0.0,20000,5,-4.898333617309802,0.0009483210625965,23.994619362128603,0.15,4.417275630574674,0.1625122366132473,0.12391477955368131,4.898333617309802,23.993672226467336,23.994620547529934
OBM,0.0,20000,6,-4.784579154288784,0.0013609132814472,22.89355689579462,0.175,5.6582254690844485,0.18092207010137693,0.05864914753423278,4.784579154288784,22.89219768365478,22.893558596936227
OBM,0.0,20000,7,-4.674487845253513,0.0018450381993624,21.852679347324443,0.2,7.247796636776956,0.19648736253088905,0.0347873614519124,4.674487845253513,21.85083661542283,21.85268165362219
OBM,0.0,20000,9,-4.464750774991735,0.0030216373857571,19.93701734312832,0.225,9.28392768635557,0.2218637187839495,0.031060121984409494,4.464750774991735,19.9339994827893,19.937021120175057
OBM,0.0,20000,12,-4.174351263703698,0.0052831578647818,17.43048502670211,0.25,11.89207115002721,0.2509122808107791,0.009034761653968382,4.174351263703698,17.425208472784657,17.43049163064944
OBM,0.0,20000,15,-3.9102318689785456,0.0080970444189793,15.298000192288908,0.275,15.232923070389067,0.273444096005222,0.015408875845225467,3.9102318689785456,15.28991326917545,15.29801031359443
OBM,0.0,20000,19,-3.594181039552862,0.0126166394558676,12.930738213737836,0.3,19.51232399646889,0.29731334174418345,0.02660728659439795,3.594181039552862,12.918137345081293,12.93075398453716
OBM,0.0,20000,25,-3.1861764269266084,0.0208024022261118,10.172496622726136,0.325,24.9939414768837,0.3250244732264946,0.00024237029395886872,3.1861764269266084,10.151720223502808,10.17252262572892
OBM,0.0,20000,32,-2.792152339778481,0.0320745106978061,7.828149106089879,0.35,32.01551545899593,0.34995105354701095,0.0004847405879181659,2.792152339778481,7.796114688530446,7.828189199228253
OBM,0.0,20000,42,-2.34688830506224,0.0504965626108074,5.558318158345457,0.375,41.00966752495598,0.377409432632266,0.023861786082320192,2.34688830506224,5.507884716437915,5.558381279048723
OBM,0.0,20000,54,-1.945194992850415,0.0747590956006745,3.858449206941502,0.4,52.53055608807536,0.4027857888853264,0.02758902554982295,1.945194992850415,3.7837835602103262,3.8585426558110005
OBM,0.0,20000,69,-1.5806221626664572,0.1067281084292474,2.604961119406099,0.425,67.28801986124834,0.4275369138534406,0.025124294769405104,1.5806221626664572,2.4983664211123884,2.6050945295416357
OBM,0.0,20000,89,-1.2461674077261815,0.1497411442538007,1.7024871759024751,0.45,86.19131328547948,0.4532379473312581,0.0320669710908821,1.2461674077261815,1.552933208078991,1.7026743523327919
OBM,0.0,20000,114,-0.9738795527418452,0.201060812158522,1.1492508693919816,0.475,110.40512859784792,0.4782354118455604,0.032041860939834806,0.9738795527418452,0.9484413832486566,1.1495021954071785
OBM,0.0,20000,147,-0.7492110105147134,0.2669162538531774,0.8278997468123389,0.5,141.4213562373095,0.5039065844537528,0.038688810510672314,0.7492110105147134,0.561317138276478,0.8282333921296554
OBM,0.0,20000,188,-0.5810423145109027,0.3464967737066607,0.6836738239917143,0.525,181.15100497595773,0.5287472655518185,0.0371109977484818,0.5810423145109027,0.3376101712521868,0.6841069449588475
OBM,0.0,20000,223,-0.4872280076576247,0.4122806273018623,0.6491564079637528,0.55,232.04194526839143,0.5459866277183766,0.03974638243475211,0.4872280076576247,0.2373911314460184,0.6496717587478807
OBM,0.0,20000,286,-0.379216524270741,0.5251407340841863,0.6682894804465633,0.575,297.22973036271696,0.5711111142227308,0.03851353188842065,0.379216524270741,0.1438051722799815,0.6689459063641677
OBM,0.0,20000,368,-0.298336943579752,0.6730221836990594,0.7611858378739433,0.6,380.7307877431756,0.5965658972990746,0.03400959335274568,0.298336943579752,0.08900493190450812,0.7620271156035675
OBM,0.0,20000,472,-0.2398531912023642,0.8650692599382015,0.921517476693236,0.625,487.6898840457368,0.6216980586812421,0.03270073474952464,0.2398531912023642,0.05752955332995788,0.9225988132681594
OBM,0.0,20000,607,-0.2024099323325456,1.126548784321954,1.1661103790484173,0.65,624.6971105498872,0.6470981820357188,0.028738118088985083,0.2024099323325456,0.04096978070686568,1.1675185650288196
OBM,0.0,20000,780,-0.1975112935926741,1.462245574116711,1.4994284782457166,0.675,800.1939197344099,0.6724190730141623,0.025560178278249395,0.1975112935926741,0.03901071109665151,1.5012562852133626
OBM,0.0,20000,1002,-0.2244739082033602,1.879046831401812,1.9270865583266503,0.7,1024.993230105207,0.6977090893475533,0.022688005130478982,0.2244739082033602,0.05038853546409058,1.9294353668659026
OBM,0.0,20000,1287,-0.2832090698770626,2.44185133024821,2.5190063933460305,0.725,1312.9456446135114,0.7229846222972781,0.019959267992566036,0.2832090698770626,0.08020737726063094,2.5220587075088408
OBM,0.0,20000,1653,-0.3698370220105396,3.129897466919532,3.262764517935507,0.75,1681.792830507429,0.7482563146074083,0.01726856658107176,0.3698370220105396,0.13677942284962435,3.2666768897691565
OBM,0.0,30000,5,-4.94989418513074,0.0005820144739657,24.502033730946987,0.15,4.694271328870265,0.15612040964921,0.06309501333745664,4.94989418513074,24.50145244399111,24.502034458465076
OBM,0.0,30000,6,-4.844579994829868,0.0008352768927358,23.47078955910238,0.175,6.074299753156561,0.17380615938497024,0.012307246384696045,4.844579994829868,23.46995532630576,23.4707906031985
OBM,0.0,30000,8,-4.643263130748848,0.0014730349383466,21.561363695016272,0.2,7.860030855966229,0.2017122020181897,0.01765100955097741,4.643263130748848,21.559892501371596,21.561365536309943
OBM,0.0,30000,10,-4.453645323945069,0.0022793684627358,19.83723319074993,0.225,10.170733675867188,0.22335781032193994,0.016929255650920155,4.453645323945069,19.83495667149778,19.837236039960516
OBM,0.0,30000,13,-4.18940995998779,0.0037862013784735,17.554937281471652,0.25,13.160740129524925,0.24880794799393632,0.012288807699536324,4.18940995998779,17.551155812844897,17.55494201422337
OBM,0.0,30000,17,-3.8710314785758495,0.0063054854269863,14.99118231169533,0.275,17.029752845447483,0.2748303767920441,0.0017486376209645733,3.8710314785758495,14.984884708125128,14.991190193552114
OBM,0.0,30000,22,-3.520580131159129,0.0101747270083229,12.404646468511991,0.3,22.036183309053403,0.29984059051495643,0.0016433448349718553,3.520580131159129,12.39448445991243,12.404659186920753
OBM,0.0,30000,29,-3.104046153447236,0.0167016545239238,9.651783300186352,0.325,28.514411174206582,0.3266380146298997,0.016886215277078766,3.104046153447236,9.635102522730582,9.651804177254506
OBM,0.0,30000,37,-2.7129947894705944,0.0254177878311895,7.385726743290997,0.35,36.89711749119786,0.350270103230695,0.00278448141872228,2.7129947894705944,7.360340727694594,7.385758515525784
OBM,0.0,30000,49,-2.254507170848828,0.0402955718512166,5.12304778579519,0.375,47.74418348819862,0.37751849544989513,0.02596305036901687,2.254507170848828,5.082802583408785,5.123098155260002
OBM,0.0,30000,63,-1.8581421582140052,0.0594061317250219,3.5120241541925656,0.4,61.78008505674121,0.40189676514942824,0.019553662133815528,1.8581421582140052,3.4526922801322013,3.5120984118572234
OBM,0.0,30000,82,-1.4774488649034572,0.0872652489751,2.270011315818395,0.425,79.94228052013091,0.4274652714322233,0.025414366490428865,1.4774488649034572,2.182855148404514,2.270120397379614
OBM,0.0,30000,107,-1.145760057594618,0.1263913630521188,1.4389994834275257,0.45,103.44382350541889,0.4532787168866349,0.03380013717197439,1.145760057594618,1.3127661095792225,1.4391574726313412
OBM,0.0,30000,138,-0.8853033165655484,0.1759374743294547,0.9594795148085024,0.475,133.85438283469583,0.4779587070922935,0.03050117135116586,0.8853033165655484,0.7837619623219596,0.9596994366514143
OBM,0.0,30000,180,-0.6716077995623682,0.2400338415921995,0.6907908357232151,0.5,173.20508075688772,0.5037327284191505,0.03848052056806427,0.6716077995623682,0.4510570364330061,0.6910908780252056
OBM,0.0,30000,234,-0.5146330881216112,0.3199407459462932,0.5843880354034461,0.525,224.12415166897196,0.529182866091147,0.043120968519447564,0.5146330881216112,0.26484721538958605,0.5847879613358793
OBM,0.0,30000,278,-0.4366589300719621,0.3819344942177452,0.5721280973115639,0.55,290.0124819770266,0.545896493944994,0.042302849663724225,0.4366589300719621,0.19067102121159069,0.5726055154293359
OBM,0.0,30000,361,-0.352522476957656,0.4966355281582378,0.6202868305084006,0.575,375.27075541015427,0.5712392085002391,0.03876982153758678,0.352522476957656,0.12427209676036109,0.6209076249185989
OBM,0.0,30000,469,-0.3020633682569791,0.6392892936219756,0.7297324604476988,0.6,485.59337483020374,0.5966273171402726,0.03476882794029588,0.3020633682569791,0.09124227844275137,0.730531572064727
OBM,0.0,30000,608,-0.2709163082719357,0.8214685370087129,0.8938373474251466,0.625,628.3487915845369,0.6218066076137692,0.03292053093651589,0.2709163082719357,0.07339564608769449,0.8948641830964074
OBM,0.0,30000,789,-0.2537288505648005,1.046808225795261,1.1098780451219514,0.65,813.0716446117171,0.6470847757709037,0.030052908572916048,0.2537288505648005,0.06437832960893486,1.1111865554041958
OBM,0.0,30000,1025,-0.2609817593905239,1.3226939237635988,1.389152035093468,0.675,1052.099579287026,0.6724686900579134,0.02609515436238934,0.2609817593905239,0.06811147873457332,1.3908054024981722
OBM,0.0,30000,1330,-0.2845491486073452,1.6947504419168715,1.7736002218376403,0.7,1361.3972791592591,0.697736662297007,0.02333264123520476,0.2845491486073452,0.08096821797316503,1.7757186598900365
OBM,0.0,30000,1726,-0.3401221875305156,2.189087246038543,2.3020339894315383,0.725,1761.6227476853735,0.7230183430852556,0.02042880732373851,0.3401221875305156,0.11568310245054322,2.3047703484890865
OBM,0.0,30000,2240,-0.4286560013586298,2.809601908150206,2.9898358732657875,0.75,2279.5070569547775,0.748304061410537,0.017483350634133744,0.4286560013586298,0.18374596750076963,2.9933478756509757
OBM,0.0,50000,5,-5.022560445579304,0.0002910208208898,25.226404086542637,0.15,5.068103794729894,0.14874962038298556,0.013528830227442057,5.022560445579304,25.226113429497772,25.22640445031866
OBM,0.0,50000,7,-4.838753932942444,0.0005673914851436,23.414106305811757,0.175,6.6423193338963555,0.17984750684393275,0.052448949283514026,4.838753932942444,23.413539623565967,23.414107015051112
OBM,0.0,50000,9,-4.6645069212716574,0.0009318309542492,21.75855548475675,0.2,8.705505632961243,0.20307482460172946,0.033268920454162604,4.6645069212716574,21.757624818591196,21.758556649545447
OBM,0.0,50000,11,-4.4992227287556,0.001381595592085,20.24438503154857,0.225,11.409543040000797,0.22162147964283027,0.03655484119394312,4.4992227287556,20.24300516295099,20.244386758543076
OBM,0.0,50000,15,-4.193356876737093,0.0025234724526905,17.586762213790397,0.25,14.953487812212206,0.2502870326838503,0.003105629999639262,4.193356876737093,17.584241895678268,17.58676536813096
OBM,0.0,50000,19,-3.9171483975719306,0.0039621513670937,15.348008767278229,0.275,19.598225535066074,0.27213487206192993,0.031000049046387677,3.9171483975719306,15.344051568600344,15.348013719967438
OBM,0.0,50000,26,-3.4949589694451384,0.0070956102970943,12.221824938889243,0.3,25.685676074155552,0.3011241499020292,0.012163052698397134,3.4949589694451384,12.214738198105024,12.221833808402119
OBM,0.0,50000,34,-3.091333913567318,0.0114498982220519,9.567780951020705,0.325,33.66396382192787,0.3259180023769185,0.009932582182819337,3.091333913567318,9.55634536517143,9.567795263393482
OBM,0.0,50000,45,-2.643283704773348,0.0184306233372415,7.005356328978385,0.35,44.12040613345333,0.351824444984715,0.019740090226720956,2.643283704773348,6.9869487439203155,7.005379367257557
OBM,0.0,50000,59,-2.205513966012879,0.0284490613087446,4.892705354259967,0.375,57.824748377162095,0.37685961178898225,0.020120587251863165,2.205513966012879,4.864291854277858,4.892740915586603
OBM,0.0,50000,78,-1.7746732496243798,0.0433052407480683,3.1927162521294883,0.4,75.78582832551992,0.4026615622028939,0.028797512925478264,1.7746732496243798,3.1494651429323564,3.1927703836804247
OBM,0.0,50000,102,-1.4027518471158418,0.0631728142906314,2.030806592859674,0.425,99.32584120424065,0.42745541467778314,0.02656704240990083,1.4027518471158418,1.967712744586906,2.0308855588775376
OBM,0.0,50000,135,-1.0740908263689564,0.091598084415326,1.2451546900997543,0.45,130.17767238163063,0.45336185728557976,0.03637455045380198,1.0740908263689564,1.1536711032899476,1.2452691877052735
OBM,0.0,50000,177,-0.8191305951426884,0.1285314162309712,0.799345683859497,0.475,170.61246279156248,0.4783970240898469,0.03675504747894491,0.8191305951426884,0.6709749318988149,0.799506348129786
OBM,0.0,50000,233,-0.61783312926074,0.1773942963951257,0.5588903291367499,0.5,223.60679774997897,0.5038031566154964,0.0411493113605591,0.61783312926074,0.3817177756121182,0.5591120720072439
OBM,0.0,50000,306,-0.4662157351540603,0.2380659015553484,0.4551254308836452,0.525,293.06182667959655,0.5289928269786479,0.043201502636982046,0.4662157351540603,0.21735711170524089,0.4554230132605893
OBM,0.0,50000,368,-0.3859520183758098,0.2877958625713882,0.4363950782315355,0.55,384.09044412331593,0.5460447324213301,0.042795118256725266,0.3859520183758098,0.1489589604883614,0.43675482305974955
OBM,0.0,50000,483,-0.2948863853804884,0.378156489143195,0.4646417738145362,0.575,503.39367272195074,0.5711777534810553,0.04135585988333955,0.2948863853804884,0.08695798028276992,0.4651144694259649
OBM,0.0,50000,636,-0.2340704811258307,0.5044378542872223,0.5585962971038412,0.6,659.7539553864469,0.5966109834839332,0.03666840730604748,0.2340704811258307,0.05478899013447787,0.5592268444217002
OBM,0.0,50000,836,-0.2051157479406704,0.6656332126081281,0.7068736411456286,0.625,864.6816701021309,0.6218823007472963,0.033732814671725286,0.2051157479406704,0.04207247005326063,0.7077056826613888
OBM,0.0,50000,1099,-0.2003857782036826,0.8796322105870785,0.9186871304301404,0.65,1133.2624602040687,0.6471626100224903,0.030699930463062935,0.2003857782036826,0.04015446010629548,0.919786670693374
OBM,0.0,50000,1445,-0.2168140058876844,1.1411685126235724,1.1867503651318578,0.675,1485.2677558853384,0.6724596760942864,0.027485741430409077,0.2168140058876844,0.04700831314906485,1.1881768257726373
OBM,0.0,50000,1899,-0.2676487389429507,1.4779659422671565,1.5477543322970746,0.7,1946.610237380866,0.6977114052040613,0.024762088274911827,0.2676487389429507,0.07163584745775178,1.5496017897249084
OBM,0.0,50000,2497,-0.3472558258275393,1.9208114753080383,2.038997069535069,0.725,2551.251382965138,0.7230134559736172,0.02149396591768188,0.3472558258275393,0.12058660857116629,2.0413980838792045
OBM,0.0,50000,3283,-0.45507719097158,2.4559772924656995,2.660002570592702,0.75,3343.7015248821103,0.7483067309399014,0.018320795806119707,0.45507719097158,0.2070952497425839,2.6630725422082833
OBM,0.0,100000,6,-5.05097770727908,0.0001692925260299,25.51254488034061,0.15,5.62341325190349,0.15563025007672873,0.06482064948252075,5.05097770727908,25.512375799430234,25.512545091956266
OBM,0.0,100000,8,-4.905460853215627,0.0002996812602372,24.063845489089644,0.175,7.498942093324557,0.18061799739838869,0.06467958531004617,4.905460853215627,24.063546182430986,24.063845863691224
OBM,0.0,100000,10,-4.766205212276136,0.0004658938871553,22.717177437048,0.2,10.000000000000002,0.2,2.2204460492503136e-16,4.766205212276136,22.716712125528204,22.71717801941536
OBM,0.0,100000,13,-4.568318103665479,0.0007800915056185,20.870309412668988,0.225,13.335214321633241,0.22278867046136736,0.02545887215676478,4.568318103665479,20.869530296277762,20.87031038778338
OBM,0.0,100000,18,-4.265248357337121,0.0014662411197248,18.193807958085337,0.25,17.78279410038923,0.2510545010206612,0.012140391653607661,4.265248357337121,18.192343549767013,18.19380979088674
OBM,0.0,100000,24,-3.9404671034382472,0.0025310639663365,15.529808893415389,0.275,23.71373705661656,0.2760422483423212,0.011999327481132619,3.9404671034382472,15.52728099327901,15.529812057245346
OBM,0.0,100000,32,-3.563417593411419,0.0043030440973157,12.70224261032622,0.3,31.62277660168379,0.3010299956639812,0.011858263308658178,3.563417593411419,12.69794494503403,12.702247989131346
OBM,0.0,100000,43,-3.1299385527276518,0.0072781255429329,9.80378437173687,0.325,42.16965034285823,0.3266936911159173,0.019499339578238004,3.1299385527276518,9.796515343850867,9.803793469393801
OBM,0.0,100000,57,-2.6879703850370733,0.0117619472131658,7.2369320356155,0.35,56.234132519034894,0.3511749711344983,0.013527355094970562,2.6879703850370733,7.2251847908363525,7.236946738049518
OBM,0.0,100000,77,-2.209834465829383,0.0190892601956572,4.902433764987844,0.375,74.98942093324558,0.3772981450344964,0.026458372489848083,2.209834465829383,4.883368366367434,4.902457626563091
OBM,0.0,100000,103,-1.7679491619568577,0.0296203111656197,3.1552275250406154,0.4,100.00000000000003,0.40256744494103447,0.029558802241544214,1.7679491619568577,3.1256442392639556,3.1552645504295755
OBM,0.0,100000,138,-1.369473981966857,0.0445900123971087,1.9199932621657736,0.425,133.3521432163324,0.4279758172802473,0.034260362544857766,1.369473981966857,1.8754589872841596,1.9200489996812684
OBM,0.0,100000,184,-1.038898736408889,0.064152158514896,1.143382552828739,0.45,177.8279410038923,0.4529635646019073,0.03411929837238258,1.038898736408889,1.0793105845119864,1.1434627430268824
OBM,0.0,100000,247,-0.7678055167227482,0.0895475746065115,0.6789609516481394,0.475,237.13737056616546,0.4785393906519332,0.04074874076711888,0.7678055167227482,0.5895253115098864,0.6790728861163979
OBM,0.0,100000,330,-0.5656426775828134,0.1211472365920658,0.4409474412493807,0.5,316.22776601683796,0.5037027879755774,0.04262992197541153,0.5656426775828134,0.3199516387030546,0.4410988752951204
OBM,0.0,100000,442,-0.4168538994683555,0.163826879797053,0.337389269699281,0.525,421.69650342858233,0.5290844538698184,0.04702401296832797,0.4168538994683555,0.17376717350197382,0.3375940532990268
OBM,0.0,100000,537,-0.3417479629561777,0.1987644680491986,0.3153076826488344,0.55,562.3413251903494,0.5459948571399111,0.04611091122476142,0.3417479629561777,0.11679167018469701,0.3155561382338956
OBM,0.0,100000,719,-0.2636890753407872,0.269189171029806,0.3383846130200978,0.575,749.8942093324555,0.5713457780765765,0.04207078463683416,0.2636890753407872,0.06953192845407936,0.33872109948388535
OBM,0.0,100000,961,-0.2142740619349545,0.3673980640976932,0.4128521901356753,0.6,999.9999999999998,0.5965446775337091,0.03978087001184436,0.2142740619349545,0.045913373618104714,0.4133114377157979
OBM,0.0,100000,1286,-0.1941854363209332,0.4986627751744863,0.5357474303846697,0.625,1333.521432163324,0.6218481937176407,0.036286510808828144,0.1941854363209332,0.03770798367915121,0.5363707588536375
OBM,0.0,100000,1721,-0.1967242395526591,0.6610629975602701,0.6989370952408914,0.65,1778.2794100389233,0.6471561740655121,0.03274075601910928,0.1967242395526591,0.03870042642757201,0.6997634239878421
OBM,0.0,100000,2303,-0.2082452273646087,0.8773719918863448,0.9196413516166244,0.675,2371.3737056616565,0.6724587875928463,0.02925678903421948,0.2082452273646087,0.04336607472013758,0.9207380666064824
OBM,0.0,100000,3081,-0.2476192793216993,1.2151749451268183,1.2749712839372078,0.7,3162.2776601683777,0.697738339663388,0.026038326882491435,0.2476192793216993,0.06131530749179774,1.2764902526186162
OBM,0.0,100000,4122,-0.3115386315512296,1.6669967009769908,1.7619692740495816,0.725,4216.965034285821,0.7230215974886388,0.022777200653010976,0.3115386315512296,0.09705631894881277,1.7640530199258035
OBM,0.0,100000,5515,-0.4032366616182283,2.2172127052136767,2.377040994605173,0.75,5623.413251903491,0.7483091033552419,0.019467167040068557,0.4032366616182283,0.16259980527301354,2.3798125104866905
OBM,0.0,200000,6,-5.167153670799983,6.949429047445648e-05,26.69954646508435,0.15,6.239567673133879,0.1467924631666183,0.039151427601471,5.167153670799983,26.699477057661735,26.69954655195221
OBM,0.0,200000,8,-5.054972547556713,0.0001231701970363,25.5528704727863,0.175,8.466038697065802,0.17036122937063797,0.05662117128794421,5.054972547556713,25.552747456552005,25.55287062674904
OBM,0.0,200000,11,-4.893996904773848,0.000231490651346,23.95143690522405,0.2,11.486983549970352,0.19645100782490202,0.04331925630766445,4.893996904773848,23.951205703936008,23.951437194587353
OBM,0.0,200000,15,-4.692014976205624,0.0004260508085657,22.015430055182915,0.225,15.585895103813016,0.22186089496148376,0.03831614414207903,4.692014976205624,22.015004536937866,22.015430587746433
OBM,0.0,200000,21,-4.413499361745281,0.0008186759183984,19.479794268699504,0.25,21.147425268811283,0.24942686531022062,0.006995723659120484,4.413499361745281,19.478976616126,19.4797952920444
OBM,0.0,200000,29,-4.081920344335974,0.0015118402672358,16.663583647970817,0.275,28.69348167180654,0.2758705381963762,0.010625852465675911,4.081920344335974,16.662073697503917,16.66358553777115
OBM,0.0,200000,39,-3.7210580103788127,0.0026111806625345,13.848880633291037,0.3,38.932204747617334,0.30014253990789014,0.0017398524705943795,3.7210580103788127,13.846272716604329,13.848883897266862
OBM,0.0,200000,54,-3.268885162980991,0.0046441453142324,10.690248548889851,0.325,52.82442137371227,0.32680323658609617,0.022010436766967692,3.268885162980991,10.685610208757259,10.690254354071492
OBM,0.0,200000,73,-2.812469216664147,0.0077095148296477,7.917682972619552,0.35,71.67381122021563,0.3515020404797889,0.0183340152128306,2.812469216664147,7.909983094683442,7.9176926095130895
OBM,0.0,200000,100,-2.3215584922036694,0.0127033961985925,5.40232134967632,0.375,97.2492472466073,0.3772851694172483,0.027892943914276245,2.3215584922036694,5.389633832722975,5.402337228921567
OBM,0.0,200000,136,-1.8561674280432587,0.0201299094577618,3.4654622679996634,0.4,131.95079107728947,0.40247629425137427,0.030225827523982264,1.8561674280432587,3.445357520928726,3.4654874303864878
OBM,0.0,200000,185,-1.432952894295532,0.030921823282662,2.084237168273501,0.425,179.0349206690635,0.4276851348242633,0.03277495072800116,1.432952894295532,2.053353997269942,2.084275820552604
OBM,0.0,200000,253,-1.0681802470583737,0.0454278729698999,1.1863801283343762,0.45,242.92012618706255,0.45333086648094223,0.04065679823894197,1.0681802470583737,1.1410090402056883,1.186436913175588
OBM,0.0,200000,344,-0.7825247210781452,0.0634162729792614,0.6756819417364665,0.475,329.6015519554173,0.47850294087117556,0.04275715074656621,0.7825247210781452,0.6123449390984289,0.6757612120776904
OBM,0.0,200000,469,-0.5657271956931034,0.088365596392933,0.4083023993442246,0.5,447.21359549995793,0.5038969492532565,0.04756644568119249,0.5657271956931034,0.32004725994678285,0.40841285633971586
OBM,0.0,200000,638,-0.409659576851145,0.1221089541447019,0.2897772868578804,0.525,606.793259356535,0.5291086224781575,0.05015014444144839,0.409659576851145,0.16782096890585918,0.2899299230505611
OBM,0.0,200000,784,-0.3319228680510075,0.1520458888562882,0.2620286218304251,0.55,823.315890450298,0.5459912630284807,0.048930934691188276,0.3319228680510075,0.11017279033520655,0.2622186791914948
OBM,0.0,200000,1068,-0.2471653369895214,0.2119777311849055,0.2728034628300684,0.575,1117.1005033687768,0.571317509082156,0.04494875165970911,0.2471653369895214,0.06109070380914367,0.2730684349940492
OBM,0.0,200000,1454,-0.1926025155584803,0.2930478418101682,0.3297772610073604,0.6,1515.7165665103976,0.5965943239539983,0.0415699292246392,0.1926025155584803,0.037095728999454645,0.3301435708096228
OBM,0.0,200000,1980,-0.1557355782566842,0.4026844472408981,0.4264346620167906,0.625,2056.5711885957794,0.6218914424098834,0.0379432797677777,0.1557355782566842,0.024253570334943804,0.4269380175758419
OBM,0.0,200000,2696,-0.1277218240627045,0.5428784794045637,0.5585127456472125,0.65,2790.4194934675093,0.6471798670578107,0.03442274756241545,0.1277218240627045,0.01631286434190444,0.5591913437464682
OBM,0.0,200000,3671,-0.1053944346099751,0.7419514538351075,0.75213200136457,0.675,3786.1276053565794,0.6724701402217739,0.0308796522360335,0.1053944346099751,0.011107986846756316,0.7530594406818638
OBM,0.0,200000,4998,-0.0952274095282312,1.0286856557742348,1.0364680582299746,0.7,5137.135214831108,0.697750485248318,0.027457740476223298,0.0952274095282312,0.009068259525457457,1.0377539152996922
OBM,0.0,200000,6804,-0.1096903705389342,1.462168324528178,1.4723725915114867,0.725,6970.224188461407,0.723022565062935,0.024136714493623312,0.1096903705389342,0.012031977388968683,1.4742003019171468
OBM,0.0,200000,9264,-0.1595122979166028,1.9760355230515096,1.9990096518343308,0.75,9457.416090031758,0.7483071308081702,0.02066328433485381,0.1595122979166028,0.025444173186635045,2.0014796962381447
OBM,0.0,300000,7,-5.180535286399376,4.9746711397500615e-05,26.837995538157077,0.15,6.630834496675398,0.15429602535931292,0.054179486009562565,5.180535286399376,26.837945853629066,26.837995600340463
OBM,0.0,300000,9,-5.087788120701332,8.202703281755105e-05,25.88566988564862,0.175,9.088583876478463,0.17422336754313217,0.009794529550489707,5.087788120701332,25.885587961149593,25.88566998818241
OBM,0.0,300000,12,-4.953948538863767,0.0001451082663171,24.541751052591422,0.2,12.457309396155175,0.1970343901219439,0.0374009009396674,4.953948538863767,24.541606125710455,24.541751233976772
OBM,0.0,300000,17,-4.743951383237617,0.000288183659905,22.505362549952423,0.225,17.074668562300275,0.22465248880842104,0.004382650512410136,4.743951383237617,22.505074726522096,22.505362910182
OBM,0.0,300000,23,-4.511435927838817,0.000519554021095,20.353573035573454,0.25,23.40347319320716,0.24862108627669788,0.017390222480434793,4.511435927838817,20.353054130994888,20.353573685015984
OBM,0.0,300000,32,-4.197322467543017,0.0009784485781516,17.618493122058837,0.275,32.07807844156349,0.27480676587594455,0.0024369794508166966,4.197322467543017,17.617515896541406,17.618494345119558
OBM,0.0,300000,44,-3.832696673363236,0.0017718594298726,14.691333434615196,0.3,43.967966122300474,0.3000577493277178,0.0007283078267599157,3.832696673363236,14.689563790009617,14.69133564943949
OBM,0.0,300000,61,-3.4001469445027004,0.0031812082098415,11.564176475910626,0.325,60.26489549408122,0.3259613493990734,0.012124094240851247,3.4001469445027004,11.56099924421105,11.564180452420892
OBM,0.0,300000,84,-2.9323814722442862,0.0054726884260152,8.60432694632705,0.35,82.60235687978427,0.3513304154812568,0.01677858506989557,2.9323814722442862,8.598861098761567,8.604333787187583
OBM,0.0,300000,116,-2.439006204793268,0.0091339568802144,5.957873806454172,0.375,113.21930132219957,0.37692391554194,0.02426353349198794,2.439006204793268,5.948751267020062,5.957885223900276
OBM,0.0,300000,160,-1.9554537558590388,0.0146916983583008,3.8384727250385744,0.4,155.184557391536,0.40242307594644244,0.03055871377849144,1.9554537558590388,3.823799391303221,3.838491089661522
OBM,0.0,300000,221,-1.5081315285829184,0.0229785775021983,2.29741056178617,0.425,212.7044291173785,0.4280336630606701,0.038259156221459326,1.5081315285829184,2.2744607075058503,2.2974392850080485
OBM,0.0,300000,304,-1.1280704881935266,0.0345616444150843,1.3070614686927473,0.45,291.5443065124053,0.45331725702973064,0.041835712268969476,1.1280704881935266,1.2725430263331814,1.3071046707482656
OBM,0.0,300000,418,-0.8209707357221925,0.0507156425551089,0.7246451969141519,0.475,399.60654798069135,0.4785682404815038,0.045000999546545954,0.8209707357221925,0.673992948912238,0.7247085914673469
OBM,0.0,300000,575,-0.5823875855351632,0.0728775855598781,0.4119617883634051,0.5,547.7225575051662,0.5038537064176937,0.04860116397818126,0.5823875855351632,0.33917529978547706,0.41205288534535517
OBM,0.0,300000,791,-0.4012541587230744,0.1025466882231857,0.2634234047554689,0.525,750.7384488967276,0.5291422900306075,0.05224064710752604,0.4012541587230744,0.1610048998925622,0.2635515881157479
OBM,0.0,300000,979,-0.308612609919412,0.1273164595703869,0.2223990569971947,0.55,1029.0031165031005,0.546050115145062,0.0498141219705762,0.308612609919412,0.09524174300127114,0.22255820257165804
OBM,0.0,300000,1346,-0.2037690869338471,0.1751127526062952,0.2164157024553911,0.575,1410.4078661871597,0.5712937352248034,0.04674169813737074,0.2037690869338471,0.041521840789853735,0.21663459339614893
OBM,0.0,300000,1852,-0.1296492391569437,0.2436486693682875,0.2601530337455516,0.6,1933.1820449317622,0.5965982548825578,0.04290123697687787,0.1296492391569437,0.016808925213974386,0.26045759458226186
OBM,0.0,300000,2548,-0.0781572840468625,0.3393627648744755,0.3450471224679645,0.625,2649.7248834477414,0.6218959313212528,0.03914707933190723,0.0781572840468625,0.006108561049581946,0.34547132592405744
OBM,0.0,300000,3505,-0.0428105938552807,0.4750959002993482,0.4763347773702158,0.65,3631.857628912531,0.6471808560469977,0.03555374039622957,0.0428105938552807,0.0018327469462417977,0.47692864724559
OBM,0.0,300000,4821,-0.0282632671541023,0.6615497306440935,0.6615216057510126,0.675,4978.022404925004,0.6724585708795893,0.03205132930025654,0.0282632671541023,0.0007988122702241578,0.6623485429143177
OBM,0.0,300000,6632,-0.0310603759806422,0.9221632436173812,0.9219752865189184,0.7,6823.149362095244,0.697746925768548,0.028414730731705265,0.0310603759806422,0.000964746956058855,0.9231279905734401
OBM,0.0,300000,9123,-0.0448358515026567,1.28598224583648,1.286385021609153,0.725,9352.18113349616,0.723032682807839,0.02481089504232051,0.0448358515026567,0.0020102535799682826,1.2879924994164482
OBM,0.0,300000,12549,-0.0706057412136056,1.7886169050297616,1.791366304590797,0.75,12818.610191887023,0.7483144755593097,0.021257055118445577,0.0706057412136056,0.004985170692322645,1.7936020757220843
OBM,0.0,500000,7,-5.256715602816575,2.1781221947146456e-05,27.63308068289065,0.15,7.158886890101028,0.1482896101174897,0.022444357555335966,5.256715602816575,27.633058928895228,27.633080710117174
OBM,0.0,500000,9,-5.183353826240925,3.593383994538754e-05,26.86719277692908,0.175,9.938475026541154,0.16744122336374762,0.09918901370953807,5.183353826240925,26.867156888006438,26.867192821846384
OBM,0.0,500000,13,-5.042252818125991,7.45898797438399e-05,25.424387978541905,0.2,13.79729661461215,0.1954639788346493,0.05952331801932924,5.042252818125991,25.424313481899503,25.424388071779248
OBM,0.0,500000,19,-4.843545094327897,0.0001577169773188,23.460086600618936,0.225,19.154386700495632,0.2243832832915244,0.008092780749533634,4.843545094327897,23.459929080787838,23.460086797765157
OBM,0.0,500000,26,-4.629253650534336,0.0002908304187482,21.4302798278662,0.25,26.591479484724942,0.24828580373194561,0.02249430632960012,4.629253650534336,21.429989360985477,21.430280191404226
OBM,0.0,500000,37,-4.32534605235835,0.0005718862519026,18.709189644046056,0.275,36.91617968474297,0.27517283348988336,0.002267983858033839,4.32534605235835,18.708618472651963,18.709190358903864
OBM,0.0,500000,52,-3.964415831587692,0.0010808774852909,15.717672412131565,0.3,51.24966150526037,0.30110762862924195,0.014534705360128823,3.964415831587692,15.71659288574313,15.717673763228422
OBM,0.0,500000,73,-3.5402830049817884,0.0020012937953421,12.53560254754098,0.325,71.14841857510196,0.32695782899414466,0.025691343491984212,3.5402830049817884,12.533603755362881,12.535605049158223
OBM,0.0,500000,101,-3.084368813696711,0.0035148815811697,9.51684146688405,0.35,98.77328585318219,0.351698881071083,0.022293334749744584,3.084368813696711,9.513330978904856,9.516845860486026
OBM,0.0,500000,141,-2.5851985001942523,0.006039400147338,6.689283136303768,0.375,137.12408783810366,0.3771241313816642,0.027873623851545,2.5851985001942523,6.6832512854066115,6.689290685553949
OBM,0.0,500000,197,-2.083250659217696,0.0099940753297172,4.349914891866516,0.4,190.3653938715879,0.4026106865654435,0.03425837777625657,2.083250659217696,4.339933309130965,4.349927384460682
OBM,0.0,500000,275,-1.6152475406915694,0.0159509417638795,2.6249556207968374,0.425,264.2787547777203,0.42803044970833587,0.03976666226973165,1.6152475406915694,2.6090246177101633,2.6249755594740427
OBM,0.0,500000,383,-1.2114509111549392,0.0247737939419029,1.492356136837608,0.45,366.8905298721239,0.4532746745470173,0.04297146934869776,1.2114509111549392,1.4676133101381323,1.4923871040800352
OBM,0.0,500000,534,-0.8842716149672185,0.0379546824932426,0.819843528176859,0.475,509.34348098871766,0.4786024939512451,0.047273234693139,0.8842716149672185,0.7819362890367327,0.8198909715299754
OBM,0.0,500000,744,-0.6340545642196531,0.0567400146543857,0.4586942800438423,0.5,707.1067811865476,0.5038757763878497,0.05085934613092751,0.6340545642196531,0.40202519040777424,0.45876520506215995
OBM,0.0,500000,1037,-0.4496264032652544,0.0830262700353189,0.2850863897110241,0.525,981.6558347412624,0.5291796156313349,0.054846435092254495,0.4496264032652544,0.20216390251324914,0.28519017254856804
OBM,0.0,500000,1294,-0.3571209328412292,0.1040942587514538,0.2314995016014043,0.55,1362.8043225162298,0.5460520539615035,0.05180638251153561,0.3571209328412292,0.12753536067338975,0.23162961942484356
OBM,0.0,500000,1803,-0.2533114912151513,0.1431481986338655,0.2071359749672173,0.575,1891.9417129104454,0.571330560477613,0.048151718804171274,0.2533114912151513,0.06416671158164367,0.20731491021550916
OBM,0.0,500000,2512,-0.1833321272765449,0.1949828110491139,0.228349751427046,0.6,2626.5278044037664,0.5966024794793233,0.04458349885450761,0.1833321272765449,0.03361066889174326,0.22859347994085716
OBM,0.0,500000,3501,-0.1401183380692243,0.2616603621901769,0.2809664354007206,0.625,3646.3323686085546,0.6219004676403737,0.040673189923039824,0.1401183380692243,0.019633148663281433,0.28129351085345833
OBM,0.0,500000,4878,-0.1248912830752759,0.3585646811679058,0.3737143079046348,0.65,5062.097465737913,0.6471769097172895,0.03704561653694836,0.1248912830752759,0.015597832588188696,0.3741625137560945
OBM,0.0,500000,6798,-0.1238057832708561,0.4788590574635172,0.4935883556129981,0.675,7027.5630859204075,0.6724690878055513,0.033211549491861156,0.1238057832708561,0.015327871971310194,0.4941869294348274
OBM,0.0,500000,9472,-0.1347140318228774,0.6557667740312945,0.6730949359337305,0.7,9756.16199823444,0.6977474326682539,0.029559007059242668,0.1347140318228774,0.01814787036997522,0.6739146444012697
OBM,0.0,500000,13199,-0.1643536943879198,0.9282941866139952,0.9541459557396852,0.725,13544.196725389875,0.7230325875951858,0.025817100489183478,0.1643536943879198,0.02701213685895774,0.955306323472953
OBM,0.0,500000,18391,-0.2265978509968382,1.2748794085139676,1.32463239532971,0.75,18803.015465431967,0.7483115968581989,0.02215583955426555,0.2265978509968382,0.051346586076385294,1.326225994590353
OBM,0.0,1000000,8,-5.312842004160938,1.002976669327287e-05,28.2263001784063,0.15,7.943282347242814,0.1505149978319906,0.007114957985194869,5.312842004160938,28.226290161176813,28.226300190943505
OBM,0.0,1000000,11,-5.236108397533927,1.8880266853987345e-05,27.41685000739183,0.175,11.220184543019633,0.17356544752637085,0.01981907484537731,5.236108397533927,27.41683115072531,27.416850030992165
OBM,0.0,1000000,15,-5.137367686308633,3.485544463369252e-05,26.39258155620345,0.2,15.848931924611136,0.19601520984261356,0.055051910490644874,5.137367686308633,26.39254674432812,26.392581599772754
OBM,0.0,1000000,22,-4.973581625677412,7.385366759454282e-05,24.73658794862648,0.225,22.387211385683397,0.22373711347036773,0.017447422183645853,4.973581625677412,24.736514187275972,24.736588040943566
OBM,0.0,1000000,32,-4.757222620070558,0.0001525573577948,22.63131942357208,0.25,31.622776601683793,0.25085832971998434,0.011858263308657958,4.757222620070558,22.631167056910986,22.63131961426878
OBM,0.0,1000000,45,-4.502351380642867,0.000291832576405,20.27145942256242,0.275,44.668359215096324,0.2755354189625573,0.0073970863301441436,4.502351380642867,20.271167954776736,20.27145978735314
OBM,0.0,1000000,64,-4.1737150706386,0.0005621394122498,17.42045892761376,0.3,63.095734448019314,0.3010299956639812,0.01422991597038981,4.1737150706386,17.419897490875776,17.420459630288025
OBM,0.0,1000000,91,-3.776640857815793,0.0010638091400882,14.26407864830227,0.325,89.12509381337456,0.32650689872018224,0.020818575178460825,3.776640857815793,14.26301616892361,14.264079978063698
OBM,0.0,1000000,129,-3.3206637957830134,0.0019592037280442,11.028764799347432,0.35,125.89254117941668,0.3517649517165415,0.024383709074176592,3.3206637957830134,11.026808044624051,11.028767248352095
OBM,0.0,1000000,184,-2.8094341057050447,0.0035478089916429,7.896463368529109,0.375,177.82794100389228,0.3774696371682561,0.0341192983723828,2.8094341057050447,7.892919994298705,7.8964678032903475
OBM,0.0,1000000,261,-2.287344803139408,0.0061458620644798,5.238084428185757,0.4,251.1886431509581,0.40277341788971355,0.03831618413698343,2.287344803139408,5.231946248448857,5.238092110513336
OBM,0.0,1000000,370,-1.7831143661355129,0.0101365426711226,3.189620714711637,0.425,354.8133892335754,0.4280336206778325,0.041911018503453766,1.7831143661355129,3.179496842718852,3.1896333853899743
OBM,0.0,1000000,525,-1.3312923815274091,0.016218656041037,1.7885377878339062,0.45,501.18723362727235,0.4533598839009928,0.04641851150770025,1.3312923815274091,1.7723394051129207,1.7885580611539575
OBM,0.0,1000000,744,-0.9609715401410864,0.0251144471308734,0.948549355033092,0.475,707.9457843841377,0.47859548925764644,0.04967351980006198,0.9609715401410864,0.9234663009611317,0.9485807480920051
OBM,0.0,1000000,1055,-0.6757482265933481,0.0378006009904173,0.4943890159832337,0.5,1000.0,0.503875409938952,0.05354076692802976,0.6757482265933481,0.45663566574405495,0.4944362667344723
OBM,0.0,1000000,1497,-0.4693716369961533,0.0558091599359147,0.2760491321024431,0.525,1412.5375446227547,0.5292036333905088,0.058075341488384086,0.4693716369961533,0.2203097336164487,0.2761188935523634
OBM,0.0,1000000,1889,-0.3663224038886312,0.0715132119735216,0.2056159240492996,0.55,1995.262314968881,0.546038659653639,0.05472793937884181,0.3663224038886312,0.13419210359074543,0.20570531556426702
OBM,0.0,1000000,2679,-0.2504939765761147,0.1074464772821289,0.1700594014864417,0.575,2818.382931264452,0.5713287856013681,0.050719701284848255,0.2504939765761147,0.06274723230091511,0.17019370958304403
OBM,0.0,1000000,3799,-0.1722564111992426,0.1613054013608616,0.190776040808403,0.6,3981.0717055349714,0.5966115489257867,0.04681318159093857,0.1722564111992426,0.02967227119924255,0.19097767256010414
OBM,0.0,1000000,5388,-0.1189679695313996,0.2327827702651715,0.2466451695767637,0.625,5623.413251903491,0.6219045978418247,0.042764561197416714,0.1189679695313996,0.014153377774424023,0.24693614803959552
OBM,0.0,1000000,7640,-0.0874176737900604,0.3244861001339958,0.3317223421996938,0.65,7943.282347242817,0.6471822264292817,0.03892898051621227,0.0874176737900604,0.007641849690865412,0.3321279498248612
OBM,0.0,1000000,10835,-0.0751042082562287,0.4534072134594599,0.4584810965404304,0.675,11220.18454301964,0.6724714859426395,0.03493271265542623,0.0751042082562287,0.0056406420977949704,0.45904785555725486
OBM,0.0,1000000,15364,-0.0764297821199369,0.6327716680861517,0.637822215095945,0.7,15848.931924611124,0.6977507164155231,0.031075001109195748,0.0764297821199369,0.005841511594901026,0.6386131796810527
OBM,0.0,1000000,21787,-0.0952934938777518,0.8897534563510836,0.8977221145060742,0.725,22387.21138568339,0.7230329055677136,0.027176413897764564,0.0952934938777518,0.00908084997542912,0.8988343063265127
OBM,0.0,1000000,30894,-0.1438036165568128,1.2243481909284175,1.243497235824576,0.75,31622.776601683792,0.7483123570351464,0.023315649199009168,0.1438036165568128,0.020679480134818847,1.2450276710632364
OBM_RR,2.0,10000,5,-3.6658300629648624,0.0189372166194519,13.457223595635645,0.15,3.9810717055349722,0.1747425010840047,0.22788685663767297,3.6658300629648624,13.438310050536966,13.457247267156419
OBM_RR,2.0,10000,5,-3.6658300629648624,0.0189372166194519,13.457223595635645,0.175,5.011872336272722,0.1747425010840047,0.002371652661731426,3.6658300629648624,13.438310050536966,13.457247267156419
OBM_RR,2.0,10000,6,-3.3807529629971755,0.0267410931641311,11.45619826361186,0.2,6.309573444801933,0.19453781259591088,0.050308605167181636,3.3807529629971755,11.429490596814182,11.456231689978313
OBM_RR,2.0,10000,8,-2.878251940785078,0.0455553298001811,8.329832620270995,0.225,7.943282347242816,0.22577249674798586,0.007114957985194649,2.878251940785078,8.284334234633068,8.329889564433248
OBM_RR,2.0,10000,10,-2.453451114772609,0.0680127597326585,6.087350116361949,0.25,10.0,0.25,0.0,2.453451114772609,6.0194223725789575,6.087435132311616
OBM_RR,2.0,10000,13,-1.9346842069463597,0.1071445046089971,3.8500135545859,0.275,12.589254117941675,0.2784858380767092,0.032105755168086385,1.9346842069463597,3.7430029806076646,3.8501474852166617
OBM_RR,2.0,10000,16,-1.5285228857371544,0.151178306708804,2.4873715460476538,0.3,15.848931924611133,0.30102999566398114,0.009486610646926505,1.5285228857371544,2.336382212222238,2.487560518931042
OBM_RR,2.0,10000,20,-1.118818572794149,0.2148307266736851,1.4663171870944791,0.325,19.952623149688797,0.32525749891599526,0.002371652661731522,1.118818572794149,1.2517549988291368,1.4665857255028218
OBM_RR,2.0,10000,25,-0.7592677167828272,0.2990725212515199,0.8751861463485635,0.35,25.118864315095795,0.3494850021680094,0.0047433053234629385,0.7592677167828272,0.5764874657486075,0.8755599870001274
OBM_RR,2.0,10000,32,-0.4410290891613329,0.4229798746958967,0.6169578073390015,0.375,31.622776601683793,0.37628749457997646,0.011858263308657958,0.4410290891613329,0.19450665748647492,0.6174865321823716
OBM_RR,2.0,10000,40,-0.234538347560143,0.5666139997290152,0.6209139687055961,0.4,39.810717055349734,0.40051499783199057,0.004743305323462996,0.234538347560143,0.055008236476242436,0.6216222362052576
OBM_RR,2.0,10000,51,-0.0946112668756571,0.7569837810493082,0.7649888431428132,0.425,50.11872336272722,0.42689254402448407,0.017430974634448308,0.0946112668756571,0.00895129181981681,0.765935072869125
OBM_RR,2.0,10000,65,-0.0308241784732183,0.9855014423083056,0.9852196954839688,0.45,63.09573444801933,0.4532283391607138,0.02973410250635483,0.0308241784732183,0.0009501299785488143,0.9864515722868544
OBM_RR,2.0,10000,82,-0.0245997839949581,1.2631597455717565,1.2621859452623905,0.475,79.43282347242814,0.4784534630959292,0.03180757057556654,0.0245997839949581,0.0006051493725985966,1.2637648949443552
OBM_RR,2.0,10000,103,-0.0496626933392052,1.6151672593495416,1.6156146833850584,0.5,100.0,0.503209306176293,0.02955880224154443,0.0496626933392052,0.0024663831097039364,1.6176336424592457
OBM_RR,2.0,10000,130,-0.0850950007871853,2.088645317500611,2.093275670012707,0.525,125.89254117941675,0.5284858380767091,0.03210575516808617,0.0850950007871853,0.007241159158971066,2.095886476659582
OBM_RR,2.0,10000,165,-0.1203280452013038,2.6979326947907434,2.7090391173842225,0.55,158.48931924611142,0.5543709860534765,0.040258269313679595,0.1203280452013038,0.01447883846196701,2.7124115332527103
OBM_RR,2.0,10000,192,-0.146992639445604,3.1543046619953703,3.1719686172190613,0.575,199.52623149688787,0.5708253071758873,0.03845034185852311,0.146992639445604,0.021606836051185338,3.1759114980465557
OBM_RR,2.0,10000,243,-0.2012087722644695,3.944186209770912,3.979740947044874,0.6,251.18864315095797,0.5964015683995779,0.03314277984516098,0.2012087722644695,0.040484970036175155,3.984671179807087
OBM_RR,2.0,10000,307,-0.3082248868562844,4.765915216763156,4.854960403619772,0.625,316.22776601683796,0.6217845938692965,0.02961498489791709,0.3082248868562844,0.09500258087756933,4.860917797640726
OBM_RR,2.0,10000,387,-0.4608668455899956,5.718200396595002,5.923450895463333,0.65,398.1071705534973,0.6469277412547279,0.02829654875473716,0.4608668455899956,0.21239824936407284,5.9305986459590745
OBM_RR,2.0,10000,489,-0.6832251007778218,6.977950566050668,7.43602466617597,0.675,501.18723362727246,0.6723272147809051,0.02461726160905168,0.6832251007778218,0.46679653833286483,7.444747104383533
OBM_RR,2.0,10000,618,-0.9686542280409478,8.871854109688947,9.79905530555344,0.7,630.957344480193,0.6977471187722039,0.02074980292563674,0.9686542280409478,0.9382910135016045,9.810145123190551
OBM_RR,2.0,10000,780,-1.344827377498229,11.233417906483671,13.02793680936933,0.725,794.3282347242813,0.7230236506726201,0.01820284999909485,1.344827377498229,1.8085606752687637,13.041978581752435
OBM_RR,2.0,10000,984,-1.768510616730233,13.18872764664764,16.299871538576877,0.75,1000.0,0.7482487746078353,0.016129381929883644,1.768510616730233,3.1276298014875485,16.31635744813519
OBM_RR,2.0,20000,5,-3.831356707558923,0.0082933083355735,14.687577162256908,0.15,4.417275630574674,0.1625122366132473,0.12391477955368131,3.831356707558923,14.67929422055675,14.687587528892324
OBM_RR,2.0,20000,6,-3.564123373118612,0.0117787204505966,12.714739415860429,0.175,5.6582254690844485,0.18092207010137693,0.05864914753423278,3.564123373118612,12.702975418810393,12.71475413926099
OBM_RR,2.0,20000,7,-3.3165720719761707,0.0157919802931168,11.01542254893006,0.2,7.247796636776956,0.19648736253088905,0.0347873614519124,3.3165720719761707,10.99965030861231,11.015442288905426
OBM_RR,2.0,20000,9,-2.8744598888391324,0.0252373874969983,8.287725493307702,0.225,9.28392768635557,0.2218637187839495,0.031060121984409494,2.8744598888391324,8.262519652545077,8.287757040042075
OBM_RR,2.0,20000,12,-2.3241341145332988,0.0423925232866921,5.443938914970064,0.25,11.89207115002721,0.2509122808107791,0.009034761653968382,2.3241341145332988,5.401599382337481,5.443991905624173
OBM_RR,2.0,20000,15,-1.8834464917787543,0.0623721176397932,3.609664839886439,0.275,15.232923070389067,0.273444096005222,0.015408875845225467,1.8834464917787543,3.5473706873936974,3.6097428050334908
OBM_RR,2.0,20000,19,-1.4272851701299496,0.0922001160730452,2.129227822800833,0.3,19.51232399646889,0.29731334174418345,0.02660728659439795,1.4272851701299496,2.0371429568728794,2.1293430729459244
OBM_RR,2.0,20000,25,-0.9457858594332578,0.1407916902469933,1.0351265925380904,0.325,24.9939414768837,0.3250244732264946,0.00024237029395886872,0.9457858594332578,0.894510891903906,1.0353025821508992
OBM_RR,2.0,20000,32,-0.5852741007606248,0.1996854044802546,0.541981570745812,0.35,32.01551545899593,0.34995105354701095,0.0004847405879181659,0.5852741007606248,0.342545773021158,0.5422311775014126
OBM_RR,2.0,20000,42,-0.2881389230860627,0.2832730282383054,0.3659429759502038,0.375,41.00966752495598,0.377409432632266,0.023861786082320192,0.2881389230860627,0.08302403899719596,0.3662970672355014
OBM_RR,2.0,20000,54,-0.1123135225052651,0.3762016318257295,0.3883457071234881,0.4,52.53055608807536,0.4027857888853264,0.02758902554982295,0.1123135225052651,0.012614327337540691,0.3888159591632702
OBM_RR,2.0,20000,69,-0.0192838964219772,0.4878520736813408,0.4876141272504528,0.425,67.28801986124834,0.4275369138534406,0.025124294769405104,0.0192838964219772,0.0003718686612135451,0.48822394234255434
OBM_RR,2.0,20000,89,0.0166416708716612,0.6380664630958167,0.6375458252263476,0.45,86.19131328547948,0.4532379473312581,0.0320669710908821,0.0166416708716612,0.00027694520940069683,0.6383434083052174
OBM_RR,2.0,20000,114,0.0213039141538393,0.8270543590081824,0.8264743978176964,0.475,110.40512859784792,0.4782354118455604,0.032041860939834806,0.0213039141538393,0.00045385675827415444,0.8275082157664565
OBM_RR,2.0,20000,147,0.0111269493850727,1.063274962636445,1.0620696779357677,0.5,141.4213562373095,0.5039065844537528,0.038688810510672314,0.0111269493850727,0.00012380900261796973,1.063398771639063
OBM_RR,2.0,20000,188,-0.0043995693784504,1.3602677384156392,1.3585867599533352,0.525,181.15100497595773,0.5287472655518185,0.0371109977484818,0.0043995693784504,1.935621071579844e-05,1.360287094626355
OBM_RR,2.0,20000,223,-0.0163881276561026,1.6164101868194765,1.6146582448140248,0.55,232.04194526839143,0.5459866277183766,0.03974638243475211,0.0163881276561026,0.00026857072807271495,1.6166787575475492
OBM_RR,2.0,20000,286,-0.0397503589804113,2.1123417115969096,2.111281375496485,0.575,297.22973036271696,0.5711111142227308,0.03851353188842065,0.0397503589804113,0.0015800910390715653,2.113921802635981
OBM_RR,2.0,20000,368,-0.0908293043915158,2.788476671579361,2.793241038276134,0.6,380.7307877431756,0.5965658972990746,0.03400959335274568,0.0908293043915158,0.008249962536246632,2.7967266341156076
OBM_RR,2.0,20000,472,-0.1917286968405589,3.6221103832730313,3.65434263848612,0.625,487.6898840457368,0.6216980586812421,0.03270073474952464,0.1917286968405589,0.03675989319217894,3.65887027646521
OBM_RR,2.0,20000,607,-0.3279811213892456,4.790479428442927,4.892062945145119,0.65,624.6971105498872,0.6470981820357188,0.028738118088985083,0.3279811213892456,0.10757161598774707,4.898051044430674
OBM_RR,2.0,20000,780,-0.4980064796263272,6.163391978801836,6.403698192578142,0.675,800.1939197344099,0.6724190730141623,0.025560178278249395,0.4980064796263272,0.24801045374980746,6.411402432551643
OBM_RR,2.0,20000,1002,-0.7113082993204758,7.660572628720527,8.156956409616814,0.7,1024.993230105207,0.6977090893475533,0.022688005130478982,0.7113082993204758,0.5059594966821875,8.166532125402714
OBM_RR,2.0,20000,1287,-1.0220933394258491,9.244845393055709,10.27796413081307,0.725,1312.9456446135114,0.7229846222972781,0.019959267992566036,1.0220933394258491,1.044674794498684,10.289520187554393
OBM_RR,2.0,20000,1653,-1.3706758618782962,11.54890458774205,13.413220775343184,0.75,1681.792830507429,0.7482563146074083,0.01726856658107176,1.3706758618782962,1.87875231833581,13.42765690607786
OBM_RR,2.0,30000,5,-3.957396462759397,0.0050949474059184,15.666075342182252,0.15,4.694271328870265,0.15612040964921,0.06309501333745664,3.957396462759397,15.660986763460588,15.666081710866507
OBM_RR,2.0,30000,6,-3.705261553998783,0.0072380453245134,13.73619218130933,0.175,6.074299753156561,0.17380615938497024,0.012307246384696045,3.705261553998783,13.728963183541476,13.736201228865989
OBM_RR,2.0,30000,8,-3.251211472530792,0.0124774959655634,10.582837938211446,0.2,7.860030855966229,0.2017122020181897,0.01765100955097741,3.251211472530792,10.57037603911584,10.582853535081405
OBM_RR,2.0,30000,10,-2.8561958344497342,0.018838851386398,8.17666994755018,0.225,10.170733675867188,0.22335781032193994,0.016929255650920155,2.8561958344497342,8.157854644728014,8.176693496114412
OBM_RR,2.0,30000,13,-2.356614265577686,0.0301053418647731,5.583698506911702,0.25,13.160740129524925,0.24880794799393632,0.012288807699536324,2.356614265577686,5.553630796724256,5.583736138589029
OBM_RR,2.0,30000,17,-1.8296465064940144,0.0476334563198446,3.395180253225198,0.275,17.029752845447483,0.2748303767920441,0.0017486376209645733,1.8296465064940144,3.3476063387257513,3.3952397950455957
OBM_RR,2.0,30000,22,-1.3386769348223408,0.0724482900515573,1.8644136655143309,0.3,22.036183309053403,0.29984059051495643,0.0016433448349718553,1.3386769348223408,1.7920559358253378,1.8645042258768951
OBM_RR,2.0,30000,29,-0.8676298700445937,0.1106456463968825,0.8632889307324845,0.325,28.514411174206582,0.3266380146298997,0.016886215277078766,0.8676298700445937,0.7527815913935986,0.863427237790481
OBM_RR,2.0,30000,37,-0.5276082438079177,0.1573665895983045,0.4355403402953818,0.35,36.89711749119786,0.350270103230695,0.00278448141872228,0.5276082438079177,0.27837045893407514,0.4357370485323796
OBM_RR,2.0,30000,49,-0.2428781676811988,0.2329631737724142,0.2916617741413752,0.375,47.74418348819862,0.37751849544989513,0.02596305036901687,0.2428781676811988,0.05898980433617652,0.2919529781085907
OBM_RR,2.0,30000,63,-0.0859591723539141,0.3247573440884725,0.3317403767201318,0.4,61.78008505674121,0.40189676514942824,0.019553662133815528,0.0859591723539141,0.0073889793117699115,0.3321463234002424
OBM_RR,2.0,30000,82,-0.0024502622561177,0.4416579118854401,0.4411118432807071,0.425,79.94228052013091,0.4274652714322233,0.025414366490428865,0.0024502622561177,6.003785123755001e-06,0.4416639156705639
OBM_RR,2.0,30000,107,0.0207920977671216,0.5850481283963754,0.5847491295654375,0.45,103.44382350541889,0.4532787168866349,0.03380013717197439,0.0207920977671216,0.0004323113295575431,0.585480439725933
OBM_RR,2.0,30000,138,0.0061708944563907,0.754983369463715,0.7540777201902773,0.475,133.85438283469583,0.4779587070922935,0.03050117135116586,0.0061708944563907,3.8079938391913476e-05,0.7550214494021069
OBM_RR,2.0,30000,180,-0.0348404561243498,0.9811663892020632,0.9811537885985134,0.5,173.20508075688772,0.5037327284191505,0.03848052056806427,0.0348404561243498,0.0012138573829527436,0.982380246585016
OBM_RR,2.0,30000,234,-0.0900696584895772,1.2548309763055887,1.2613749809656358,0.525,224.12415166897196,0.529182866091147,0.043120968519447564,0.0900696584895772,0.008112543380429065,1.2629435196860177
OBM_RR,2.0,30000,278,-0.1256509564223957,1.4831335043363008,1.4970677503057428,0.55,290.0124819770266,0.545896493944994,0.042302849663724225,0.1256509564223957,0.015788162849862786,1.4989216671861636
OBM_RR,2.0,30000,361,-0.1593896717527059,1.9021638580736715,1.9251912207125144,0.575,375.27075541015427,0.5712392085002391,0.03876982153758678,0.1593896717527059,0.025405067461435334,1.9275689255351067
OBM_RR,2.0,30000,469,-0.21185979363071,2.397443792255017,2.4393315596719454,0.6,485.59337483020374,0.5966273171402726,0.03476882794029588,0.21185979363071,0.04488457215724703,2.442328364412264
OBM_RR,2.0,30000,608,-0.2774078668824984,3.040748648080001,3.113902836878199,0.625,628.3487915845369,0.6218066076137692,0.03292053093651589,0.2774078668824984,0.07695512460829795,3.117703772688299
OBM_RR,2.0,30000,789,-0.3769355187750642,3.962694456484506,4.099821473728128,0.65,813.0716446117171,0.6470847757709037,0.030052908572916048,0.3769355187750642,0.1420803853142268,4.104774841798733
OBM_RR,2.0,30000,1025,-0.5281255433022078,5.161283125286861,5.433748110868505,0.675,1052.099579287026,0.6724686900579134,0.02609515436238934,0.5281255433022078,0.2789165894882522,5.4401997147751135
OBM_RR,2.0,30000,1330,-0.7184611168666359,6.651846438594358,7.159718006995369,0.7,1361.3972791592591,0.697736662297007,0.02333264123520476,0.7184611168666359,0.5161863764492539,7.168032815043612
OBM_RR,2.0,30000,1726,-0.9109193248013092,8.451127129623387,9.270337237007832,0.725,1761.6227476853735,0.7230183430852556,0.02042880732373851,0.9109193248013092,0.8297740162964731,9.28090114591986
OBM_RR,2.0,30000,2240,-1.1969330114404135,10.621804406945486,12.041175785312616,0.75,2279.5070569547775,0.748304061410537,0.017483350634133744,1.1969330114404135,1.432648633875817,12.054453040821304
OBM_RR,2.0,50000,5,-4.1389998087892925,0.0025667086261327,17.13388291739815,0.15,5.068103794729894,0.14874962038298556,0.013528830227442057,4.1389998087892925,17.1313194171578,17.133886125783935
OBM_RR,2.0,50000,7,-3.695038146603888,0.0049293837900182,13.658230126918184,0.175,6.6423193338963555,0.17984750684393275,0.052448949283514026,3.695038146603888,13.653306904857896,13.658236288647915
OBM_RR,2.0,50000,9,-3.302730851405144,0.0079491036562577,10.915970244100038,0.2,8.705505632961243,0.20307482460172946,0.033268920454162604,3.302730851405144,10.908031076823349,10.915980180479606
OBM_RR,2.0,50000,11,-2.9554701146825546,0.0115410241846813,8.746330196686163,0.225,11.409543040000797,0.22162147964283027,0.03655484119394312,2.9554701146825546,8.734803598781712,8.746344622966394
OBM_RR,2.0,50000,15,-2.374128360888862,0.0201126415255478,5.6565729747004765,0.25,14.953487812212206,0.2502870326838503,0.003105629999639262,2.374128360888862,5.636485473976835,5.656598115502383
OBM_RR,2.0,50000,19,-1.914202858734352,0.0300708542710954,3.694205850090024,0.275,19.598225535066074,0.27213487206192993,0.031000049046387677,1.914202858734352,3.664172584386766,3.6942434386578613
OBM_RR,2.0,50000,26,-1.3224456790974566,0.0497283513167842,1.79852876504117,0.3,25.685676074155552,0.3011241499020292,0.012163052698397134,1.3224456790974566,1.748862574163533,1.7985909254803172
OBM_RR,2.0,50000,34,-0.8731186118246734,0.0743539589043456,0.8365971267703597,0.325,33.66396382192787,0.3259180023769185,0.009932582182819337,0.8731186118246734,0.7623361103146448,0.8366900692189904
OBM_RR,2.0,50000,45,-0.4966042115700784,0.1103511945709553,0.3568289985268805,0.35,44.12040613345333,0.351824444984715,0.019740090226720956,0.4966042115700784,0.24661574294913918,0.35696693752009445
OBM_RR,2.0,50000,59,-0.2419115203446287,0.1580200060437163,0.2163436647116109,0.375,57.824748377162095,0.37685961178898225,0.020120587251863165,0.2419115203446287,0.05852118367544971,0.216541189719166
OBM_RR,2.0,50000,78,-0.0862890554399742,0.2253745483871841,0.232538631290423,0.4,75.78582832551992,0.4026615622028939,0.028797512925478264,0.0862890554399742,0.007445801088722941,0.23282034947590705
OBM_RR,2.0,50000,102,-0.0143529478194563,0.3112145467962192,0.3110315357238319,0.425,99.32584120424065,0.42745541467778314,0.02656704240990083,0.0143529478194563,0.00020600711110803534,0.3114205539073272
OBM_RR,2.0,50000,135,0.0133017858850417,0.422116987050221,0.4217662783241397,0.45,130.17767238163063,0.45336185728557976,0.03637455045380198,0.0133017858850417,0.0001769375077314946,0.4222939245579525
OBM_RR,2.0,50000,177,0.0160347033193035,0.5520039225164242,0.5515710293238167,0.475,170.61246279156248,0.4783970240898469,0.03675504747894491,0.0160347033193035,0.0002571117105380827,0.5522610342269623
OBM_RR,2.0,50000,233,0.0078575771051596,0.7209808005890331,0.7201413161062604,0.5,223.60679774997897,0.5038031566154964,0.0411493113605591,0.0078575771051596,6.174151796352833e-05,0.7210425421069967
OBM_RR,2.0,50000,306,-0.0158009620767751,0.9692649988570824,0.9683030880110628,0.525,293.06182667959655,0.5289928269786479,0.043201502636982046,0.0158009620767751,0.0002496704025516848,0.969514669259634
OBM_RR,2.0,50000,368,-0.0428105780828165,1.1848418505568794,1.1851935438394685,0.55,384.09044412331593,0.5460447324213301,0.042795118256725266,0.0428105780828165,0.0018327455957849283,1.1866745961526644
OBM_RR,2.0,50000,483,-0.1048863610745769,1.5735079847005071,1.5825422484590983,0.575,503.39367272195074,0.5711777534810553,0.04135585988333955,0.1048863610745769,0.01100114873946652,1.5845091334399737
OBM_RR,2.0,50000,636,-0.1780308085245217,2.0613717814437096,2.0904900355008,0.6,659.7539553864469,0.5966109834839332,0.03666840730604748,0.1780308085245217,0.031694968783894904,2.0930667502276044
OBM_RR,2.0,50000,836,-0.2736851230618997,2.649605585641538,2.721197125244893,0.625,864.6816701021309,0.6218823007472963,0.033732814671725286,0.2736851230618997,0.07490354658540717,2.7245091322269452
OBM_RR,2.0,50000,1099,-0.4136797143189135,3.408994414720971,3.575864077741548,0.65,1133.2624602040687,0.6471626100224903,0.030699930463062935,0.4136797143189135,0.17113090603897788,3.580125320759949
OBM_RR,2.0,50000,1445,-0.5868088494512556,4.394211905088423,4.7330637660013695,0.675,1485.2677558853384,0.6724596760942864,0.027485741430409077,0.5868088494512556,0.3443446257943063,4.73855653088273
OBM_RR,2.0,50000,1899,-0.7803036258471101,5.507468337511531,6.1094577505997885,0.7,1946.610237380866,0.6977114052040613,0.024762088274911827,0.7803036258471101,0.6088737485101468,6.116342086021678
OBM_RR,2.0,50000,2497,-1.0023714394583765,6.923212290667825,7.919306777946349,0.725,2551.251382965138,0.7230134559736172,0.02149396591768188,1.0023714394583765,1.0047485026418577,7.927960793309683
OBM_RR,2.0,50000,3283,-1.275390045700128,8.83569081350029,10.451265968654388,0.75,3343.7015248821103,0.7483067309399014,0.018320795806119707,1.275390045700128,1.6266197686709745,10.462310582171265
OBM_RR,2.0,100000,6,-4.214758960942696,0.0014935811086632,17.765684812979035,0.15,5.62341325190349,0.15563025007672873,0.06482064948252075,4.214758960942696,17.764193098846754,17.765686679955415
OBM_RR,2.0,100000,8,-3.8599035471581846,0.0026088210692026,14.901460953407204,0.175,7.498942093324557,0.18061799739838869,0.06467958531004617,3.8599035471581846,14.898855393364336,14.901464214433538
OBM_RR,2.0,100000,10,-3.538920386856284,0.0039896324571293,12.527942149923588,0.2,10.000000000000002,0.2,2.2204460492503136e-16,3.538920386856284,12.523957504507031,12.52794713696416
OBM_RR,2.0,100000,13,-3.1129042262449045,0.0064965432389526,9.69666114433329,0.225,13.335214321633241,0.22278867046136736,0.02545887215676478,3.1129042262449045,9.690172721773388,9.696669265012341
OBM_RR,2.0,100000,18,-2.525752215796484,0.011635713446931,6.391045424405969,0.25,17.78279410038923,0.2510545010206612,0.012140391653607661,2.525752215796484,6.379424255600849,6.39105996904778
OBM_RR,2.0,100000,24,-1.9788848874405307,0.0190408555782116,3.9350024522492624,0.275,23.71373705661656,0.2760422483423212,0.011999327481132619,1.9788848874405307,3.915985397740522,3.9350262533187337
OBM_RR,2.0,100000,32,-1.4428093701074791,0.0304109037304552,2.1120717685707344,0.3,31.62277660168379,0.3010299956639812,0.011858263308658178,1.4428093701074791,2.0816988784699406,2.112109782200396
OBM_RR,2.0,100000,43,-0.9461938682703276,0.047778123475735,0.9430012371737564,0.325,42.16965034285823,0.3266936911159173,0.019499339578238004,0.9461938682703276,0.895282836352366,0.943060959828101
OBM_RR,2.0,100000,57,-0.5589027465746339,0.0715189198386611,0.3838018013175316,0.35,56.234132519034894,0.3511749711344983,0.013527355094970562,0.5589027465746339,0.31237228012866947,0.38389119996733057
OBM_RR,2.0,100000,77,-0.2615926062359106,0.1060074109979764,0.1743055933715245,0.375,74.98942093324558,0.3772981450344964,0.026458372489848083,0.2615926062359106,0.06843069163729616,0.17443810263527257
OBM_RR,2.0,100000,103,-0.0860222023347505,0.1480900714843803,0.1553047781895457,0.4,100.00000000000003,0.40256744494103447,0.029558802241544214,0.0860222023347505,0.0073998192945207535,0.15548989077890105
OBM_RR,2.0,100000,138,0.0036593985450572,0.2000407753195266,0.1998041155480887,0.425,133.3521432163324,0.4279758172802473,0.034260362544857766,0.0036593985450572,1.3391197711566751e-05,0.20005416651723817
OBM_RR,2.0,100000,184,0.0295726218844425,0.2684132158119722,0.2689522392573274,0.45,177.8279410038923,0.4529635646019073,0.03411929837238258,0.0295726218844425,0.0008745399651202074,0.2692877557770924
OBM_RR,2.0,100000,247,0.0242227796492313,0.3646353203496972,0.3647662692531954,0.475,237.13737056616546,0.4785393906519332,0.04074874076711888,0.0242227796492313,0.0005867430539352141,0.3652220634036324
OBM_RR,2.0,100000,330,0.000211585481586,0.4978394723925918,0.4972172178205171,0.5,316.22776601683796,0.5037027879755774,0.04262992197541153,0.000211585481586,4.4768416017979546e-08,0.4978395171610078
OBM_RR,2.0,100000,442,-0.0359063728814108,0.6874881250168302,0.6879180324740582,0.525,421.69650342858233,0.5290844538698184,0.04702401296832797,0.0359063728814108,0.0012892676134989127,0.6887773926303291
OBM_RR,2.0,100000,537,-0.0627759383728499,0.8546005354046201,0.8574731031739563,0.55,562.3413251903494,0.5459948571399111,0.04611091122476142,0.0627759383728499,0.003940818438591847,0.858541353843212
OBM_RR,2.0,100000,719,-0.124394173920054,1.149610667754524,1.1636475649250837,0.575,749.8942093324555,0.5713457780765765,0.04207078463683416,0.124394173920054,0.015473910505252644,1.1650845782597765
OBM_RR,2.0,100000,961,-0.1838766063465735,1.4654493578401588,1.497428152504392,0.6,999.9999999999998,0.5965446775337091,0.03978087001184436,0.1838766063465735,0.03381060636153275,1.4992599642016915
OBM_RR,2.0,100000,1286,-0.2466095019131646,1.977999379406812,2.036343126616412,0.625,1333.521432163324,0.6218481937176407,0.036286510808828144,0.2466095019131646,0.06081624643385914,2.0388156258406713
OBM_RR,2.0,100000,1721,-0.3395584745753019,2.801715345454702,2.91351315892879,0.65,1778.2794100389233,0.6471561740655121,0.03274075601910928,0.3395584745753019,0.11529995765590596,2.917015303110608
OBM_RR,2.0,100000,2303,-0.4747859098727236,3.805634630613184,4.026299247538587,0.675,2371.3737056616565,0.6724587875928463,0.02925678903421948,0.4747859098727236,0.22542166021367005,4.031056290826854
OBM_RR,2.0,100000,3081,-0.651178297751061,4.916473003899133,5.334360588106229,0.7,3162.2776601683777,0.697738339663388,0.026038326882491435,0.651178297751061,0.4240331754619694,5.340506179361102
OBM_RR,2.0,100000,4122,-0.8227619186483484,6.174474986138271,6.84369406718351,0.725,4216.965034285821,0.7230215974886388,0.022777200653010976,0.8227619186483484,0.6769371747779114,6.8514121609161815
OBM_RR,2.0,100000,5515,-1.0525754103071652,7.9074956775089955,9.005526302295406,0.75,5623.413251903491,0.7483091033552419,0.019467167040068557,1.0525754103071652,1.107914994383297,9.015410671892292
OBM_RR,2.0,200000,6,-4.51722546961593,0.0006162525249848,20.40594142555619,0.15,6.239567673133879,0.1467924631666183,0.039151427601471,4.51722546961593,20.40532594334686,20.405942195871845
OBM_RR,2.0,200000,8,-4.232302529447255,0.0010810452858997,17.913464394744924,0.175,8.466038697065802,0.17036122937063797,0.05662117128794421,4.232302529447255,17.91238470076563,17.913465746051532
OBM_RR,2.0,200000,11,-3.8453984954851856,0.0019936202125443,14.789080717267009,0.2,11.486983549970352,0.19645100782490202,0.04331925630766445,3.8453984954851856,14.787089589079729,14.789083209292274
OBM_RR,2.0,200000,15,-3.3946378196490787,0.0035638822763336,11.527125354015338,0.225,15.585895103813016,0.22186089496148376,0.03831614414207903,3.3946378196490787,11.523565926591852,11.527129808868185
OBM_RR,2.0,200000,21,-2.8321105769263366,0.006535193619677,8.02737734456568,0.25,21.147425268811283,0.24942686531022062,0.006995723659120484,2.8321105769263366,8.020850319938027,8.027385513557704
OBM_RR,2.0,200000,29,-2.244536479551385,0.0113458738180894,5.049275699512743,0.275,28.69348167180654,0.2758705381963762,0.010625852465675911,2.244536479551385,5.037944008036924,5.049289881855014
OBM_RR,2.0,200000,39,-1.6977932682922718,0.0183062168579402,2.900785315945421,0.3,38.932204747617334,0.30014253990789014,0.0017398524705943795,1.6977932682922718,2.882501981858554,2.900808198716494
OBM_RR,2.0,200000,54,-1.1362852028086785,0.0300103630642593,1.321116912232389,0.325,52.82442137371227,0.32680323658609617,0.022010436766967692,1.1362852028086785,1.2911440621219596,1.3211544251862188
OBM_RR,2.0,200000,73,-0.6952859679972105,0.0463479419436455,0.5297125843100343,0.35,71.67381122021563,0.3515020404797889,0.0183340152128306,0.6952859679972105,0.4834225772938181,0.5297705192374635
OBM_RR,2.0,200000,100,-0.3490329139344617,0.0701008301712184,0.1918371791430854,0.375,97.2492472466073,0.3772851694172483,0.027892943914276245,0.3490329139344617,0.12182397500958134,0.19192480518079974
OBM_RR,2.0,200000,136,-0.1324671712022764,0.0988464717709085,0.1162704651275282,0.4,131.95079107728947,0.40247629425137427,0.030225827523982264,0.1324671712022764,0.017547551446333208,0.11639402321724171
OBM_RR,2.0,200000,185,-0.0179015869157828,0.1345879851161619,0.1347402169488701,0.425,179.0349206690635,0.4276851348242633,0.03277495072800116,0.0179015869157828,0.000320466814103326,0.13490845193026524
OBM_RR,2.0,200000,253,0.0239621803808685,0.189599888961537,0.1899370751889404,0.45,242.92012618706255,0.45333086648094223,0.04065679823894197,0.0239621803808685,0.0005741860886052792,0.19017407505014228
OBM_RR,2.0,200000,344,0.024273180807036,0.2648309561496904,0.2650891047609944,0.475,329.6015519554173,0.47850294087117556,0.04275715074656621,0.024273180807036,0.0005891873064910607,0.2654201434561814
OBM_RR,2.0,200000,469,0.0096242466074052,0.3749813969988068,0.3746052963753185,0.5,447.21359549995793,0.5038969492532565,0.04756644568119249,0.0096242466074052,9.26261227601505e-05,0.37507402312156696
OBM_RR,2.0,200000,638,-0.0168330494979578,0.5204654906889008,0.5200982603809403,0.525,606.793259356535,0.5291086224781575,0.05015014444144839,0.0168330494979578,0.0002833515554006973,0.5207488422443015
OBM_RR,2.0,200000,784,-0.0327492411113734,0.6439655788737909,0.6442331346935696,0.55,823.315890450298,0.5459912630284807,0.048930934691188276,0.0327492411113734,0.0010725127933708697,0.6450380916671618
OBM_RR,2.0,200000,1068,-0.0497675848944254,0.8693646832323398,0.8707547898845232,0.575,1117.1005033687768,0.571317509082156,0.04494875165970911,0.0497675848944254,0.002476812506223839,0.8718414957385637
OBM_RR,2.0,200000,1454,-0.0525039921865344,1.1553351457220875,1.1566476459854589,0.6,1515.7165665103976,0.5965943239539983,0.0415699292246392,0.0525039921865344,0.002756669195523665,1.1580918149176112
OBM_RR,2.0,200000,1980,-0.0459844830790387,1.5805923385562817,1.5807311708171323,0.625,2056.5711885957794,0.6218914424098834,0.0379432797677777,0.0459844830790387,0.0021145726840463962,1.582706911240328
OBM_RR,2.0,200000,2696,-0.0649902162684563,2.278781163526319,2.2801564152825318,0.65,2790.4194934675093,0.6471798670578107,0.03442274756241545,0.0649902162684563,0.004223728210620723,2.28300489173694
OBM_RR,2.0,200000,3671,-0.131391986596066,3.257995663644392,3.271187023206497,0.675,3786.1276053565794,0.6724701402217739,0.0308796522360335,0.131391986596066,0.017263854141660786,3.275259517786053
OBM_RR,2.0,200000,4998,-0.2512927445974489,4.346681114509762,4.404395806603943,0.7,5137.135214831108,0.697750485248318,0.027457740476223298,0.2512927445974489,0.06314804348731867,4.4098291579970805
OBM_RR,2.0,200000,6804,-0.3931633746831968,5.861561573086793,6.008812060312714,0.725,6970.224188461407,0.723022565062935,0.024136714493623312,0.3931633746831968,0.1545774391922798,6.016139012279073
OBM_RR,2.0,200000,9264,-0.6186594569767419,7.609063463699682,7.982291658076815,0.75,9457.416090031758,0.7483071308081702,0.02066328433485381,0.6186594569767419,0.3827395237067571,7.991802987406439
OBM_RR,2.0,300000,7,-4.555587428380312,0.000441138753467,20.753817404946773,0.15,6.630834496675398,0.15429602535931292,0.054179486009562565,4.555587428380312,20.753376817616743,20.75381795637021
OBM_RR,2.0,300000,9,-4.319784703360559,0.0007213901341743,18.661260371784373,0.175,9.088583876478463,0.17422336754313217,0.009794529550489707,4.319784703360559,18.660539883387877,18.66126127352205
OBM_RR,2.0,300000,12,-3.995209439876535,0.0012588221104668,15.962955717061408,0.2,12.457309396155175,0.1970343901219439,0.0374009009396674,3.995209439876535,15.961698468478579,15.962957290589046
OBM_RR,2.0,300000,17,-3.521155077619844,0.0024343425372114,12.400964380257046,0.225,17.074668562300275,0.22465248880842104,0.004382650512410136,3.521155077619844,12.398533080648011,12.400967423185223
OBM_RR,2.0,300000,23,-3.042808021190589,0.0042310504587123,9.262906415467423,0.25,23.40347319320716,0.24862108627669788,0.017390222480434793,3.042808021190589,9.258680653821786,9.262911704280498
OBM_RR,2.0,300000,32,-2.4672544879328604,0.0075237153073015,6.09485901888801,0.275,32.07807844156349,0.27480676587594455,0.0024369794508166966,2.4672544879328604,6.087344708224841,6.094868423532143
OBM_RR,2.0,300000,44,-1.8912305054388223,0.0126519871797429,3.5893889968981534,0.3,43.967966122300474,0.3000577493277178,0.0007283078267599157,1.8912305054388223,3.576752824702383,3.589404811882126
OBM_RR,2.0,300000,61,-1.3235468362432998,0.020760746917822,1.7725110237138222,0.325,60.26489549408122,0.3259613493990734,0.012124094240851247,1.3235468362432998,1.7517762277296482,1.7725369746474702
OBM_RR,2.0,300000,84,-0.8370735157755664,0.0326258049911872,0.7332770935478149,0.35,82.60235687978427,0.3513304154812568,0.01677858506989557,0.8370735157755664,0.7006920708128674,0.7333178758040546
OBM_RR,2.0,300000,116,-0.4526759385271655,0.0499714721014149,0.2548245130827387,0.375,113.21930132219957,0.37692391554194,0.02426353349198794,0.4526759385271655,0.2049155053214501,0.254886977422865
OBM_RR,2.0,300000,160,-0.1917824506862029,0.0740646005203137,0.1107525281608686,0.4,155.184557391536,0.40242307594644244,0.03055871377849144,0.1917824506862029,0.03678050839120584,0.11084510891151955
OBM_RR,2.0,300000,221,-0.0409286128432215,0.1076222381718853,0.1091628617234408,0.425,212.7044291173785,0.4280336630606701,0.038259156221459326,0.0409286128432215,0.0016751513492703162,0.10929738952115563
OBM_RR,2.0,300000,304,0.0342516555176919,0.1538765430694198,0.1548573732962857,0.45,291.5443065124053,0.45331725702973064,0.041835712268969476,0.0342516555176919,0.001173175905702634,0.15504971897512243
OBM_RR,2.0,300000,418,0.0707208067150872,0.2160186724675118,0.2207500816293602,0.475,399.60654798069135,0.4785682404815038,0.045000999546545954,0.0707208067150872,0.005001432502432722,0.22102010496994454
OBM_RR,2.0,300000,575,0.080699147789951,0.2973614997890937,0.3035021503683818,0.5,547.7225575051662,0.5038537064176937,0.04860116397818126,0.080699147789951,0.0065123524540243545,0.3038738522431181
OBM_RR,2.0,300000,791,0.0756887064657263,0.4145072202971876,0.4197178665582711,0.525,750.7384488967276,0.5291422900306075,0.05224064710752604,0.0756887064657263,0.005728780286454878,0.4202360005836425
OBM_RR,2.0,300000,979,0.0699108893388817,0.5151392113161869,0.519382819750195,0.55,1029.0031165031005,0.546050115145062,0.0498141219705762,0.0699108893388817,0.004887532448153363,0.5200267437643402
OBM_RR,2.0,300000,1346,0.0620905099440873,0.7218392523289614,0.7247921846886672,0.575,1410.4078661871597,0.5712937352248034,0.04674169813737074,0.0620905099440873,0.0038552314251168044,0.7256944837540782
OBM_RR,2.0,300000,1852,0.0527855834384585,1.0217628039093072,1.023271918223359,0.6,1933.1820449317622,0.5965982548825578,0.04290123697687787,0.0527855834384585,0.0027863178189384647,1.0245491217282456
OBM_RR,2.0,300000,2548,0.0242824705775959,1.4259457955051194,1.4247530016380898,0.625,2649.7248834477414,0.6218959313212528,0.03914707933190723,0.0242824705775959,0.0005896383773518105,1.4265354338824712
OBM_RR,2.0,300000,3505,-0.0233045683358996,1.9842278017167,1.9822906198698769,0.65,3631.857628912531,0.6471808560469977,0.03555374039622957,0.0233045683358996,0.0005431029053226144,1.9847709046220228
OBM_RR,2.0,300000,4821,-0.0698846622990094,2.7655470756760567,2.7669740078561085,0.675,4978.022404925004,0.6724585708795893,0.03205132930025654,0.0698846622990094,0.004883866024646586,2.7704309417007034
OBM_RR,2.0,300000,6632,-0.1249154085689019,3.831437575119345,3.842252137448381,0.7,6823.149362095244,0.697746925768548,0.028414730731705265,0.1249154085689019,0.015603859297935691,3.8470414344172803
OBM_RR,2.0,300000,9123,-0.2184424191539982,5.228183575634204,5.269365436650512,0.725,9352.18113349616,0.723032682807839,0.02481089504232051,0.2184424191539982,0.047717090485851044,5.275900666120055
OBM_RR,2.0,300000,12549,-0.4142693818858669,7.045404013758724,7.208216379509625,0.75,12818.610191887023,0.7483144755593097,0.021257055118445577,0.4142693818858669,0.17161912076809824,7.217023134526823
OBM_RR,2.0,500000,7,-4.759470403137613,0.0001938422700267,22.652752118310104,0.15,7.158886890101028,0.1482896101174897,0.022444357555335966,4.759470403137613,22.652558518342914,22.65275236061294
OBM_RR,2.0,500000,9,-4.567943845904696,0.000317821746974,20.866428403808374,0.175,9.938475026541154,0.16744122336374762,0.09918901370953807,4.567943845904696,20.866110979338586,20.86642880108556
OBM_RR,2.0,500000,13,-4.216254482942681,0.0006495388003066,17.777450591811057,0.2,13.79729661461215,0.1954639788346493,0.05952331801932924,4.216254482942681,17.776801864934253,17.77745140373456
OBM_RR,2.0,500000,19,-3.755440561975648,0.0013353662152196,14.104667511539422,0.225,19.154386700495632,0.2243832832915244,0.008092780749533634,3.755440561975648,14.10333381453197,14.10466918074719
OBM_RR,2.0,500000,26,-3.2995780126410468,0.0023840450992185,10.889596126547085,0.25,26.591479484724942,0.24828580373194561,0.02249430632960012,3.2995780126410468,10.88721506150424,10.889599106603457
OBM_RR,2.0,500000,37,-2.7187605371421504,0.0044846214550316,7.396137873999686,0.275,36.91617968474297,0.27517283348988336,0.002267983858033839,2.7187605371421504,7.391658858321474,7.396143479776506
OBM_RR,2.0,500000,52,-2.118489651647937,0.0079804085751062,4.495968837203783,0.3,51.24966150526037,0.30110762862924195,0.014534705360128823,2.118489651647937,4.487998404139397,4.495978812714503
OBM_RR,2.0,500000,73,-1.5245026617454966,0.0135493231261688,2.337640752141366,0.325,71.14841857510196,0.32695782899414466,0.025691343491984212,1.5245026617454966,2.324108365669104,2.337657688795273
OBM_RR,2.0,500000,101,-1.0087013309341175,0.021639508877869,1.0390908345200325,0.35,98.77328585318219,0.351698881071083,0.022293334749744584,1.0087013309341175,1.01747837502826,1.039117883906129
OBM_RR,2.0,500000,141,-0.5791637172480151,0.033982194044617,0.3693703276786,0.375,137.12408783810366,0.3771241313816642,0.027873623851545,0.5791637172480151,0.33543061137653873,0.36941280542115573
OBM_RR,2.0,500000,197,-0.2776153530902476,0.0526779915187451,0.1296824283007694,0.4,190.3653938715879,0.4026106865654435,0.03425837777625657,0.2776153530902476,0.07707028427142285,0.12974827579016796
OBM_RR,2.0,500000,275,-0.1028918216816991,0.0805400758259577,0.091026127700154,0.425,264.2787547777203,0.42803044970833587,0.03976666226973165,0.1028918216816991,0.010586726968978563,0.09112680279493626
OBM_RR,2.0,500000,383,-0.0193136102412294,0.1198863485507501,0.1201095061556118,0.45,366.8905298721239,0.4532746745470173,0.04297146934869776,0.0193136102412294,0.00037301554055012114,0.12025936409130022
OBM_RR,2.0,500000,534,0.0121988230391609,0.1741881878976115,0.1741192639462803,0.475,509.34348098871766,0.4786024939512451,0.047273234693139,0.0121988230391609,0.00014881128354076278,0.17433699918115228
OBM_RR,2.0,500000,744,0.0166988185233529,0.2407917020638783,0.2407695629763743,0.5,707.1067811865476,0.5038757763878497,0.05085934613092751,0.0166988185233529,0.0002788505400758739,0.24107055260395416
OBM_RR,2.0,500000,1037,0.0096274124317314,0.3249979514228766,0.3246843910537286,0.525,981.6558347412624,0.5291796156313349,0.054846435092254495,0.0096274124317314,9.268707013065632e-05,0.32509063849300723
OBM_RR,2.0,500000,1294,0.0004752424727589,0.3995210161614322,0.3990218407466384,0.55,1362.8043225162298,0.5460520539615035,0.05180638251153561,0.0004752424727589,2.2585540791399384e-07,0.39952124201684014
OBM_RR,2.0,500000,1803,-0.0220264948743906,0.5372274950140639,0.5370411271217478,0.575,1891.9417129104454,0.571330560477613,0.048151718804171274,0.0220264948743906,0.00048516647645155533,0.5377126614905154
OBM_RR,2.0,500000,2512,-0.0654285928673559,0.7339366322685638,0.7373001122428303,0.6,2626.5278044037664,0.5966024794793233,0.04458349885450761,0.0654285928673559,0.0042809007646022156,0.738217533033166
OBM_RR,2.0,500000,3501,-0.1081330294974947,0.977520547316155,0.987991398700316,0.625,3646.3323686085546,0.6219004676403737,0.040673189923039824,0.1081330294974947,0.01169275206830606,0.9892132993844611
OBM_RR,2.0,500000,4878,-0.1483401580507797,1.375823952021133,1.396108974571637,0.65,5062.097465737913,0.6471769097172895,0.03704561653694836,0.1483401580507797,0.022004802490530304,1.3978287545116634
OBM_RR,2.0,500000,6798,-0.2142733847839029,1.99107742488405,2.034501661529696,0.675,7027.5630859204075,0.6724690878055513,0.033211549491861156,0.2142733847839029,0.04591308342675051,2.0369905083108004
OBM_RR,2.0,500000,9472,-0.3327406296798472,2.712745925392966,2.8200713196259657,0.7,9756.16199823444,0.6977474326682539,0.029559007059242668,0.3327406296798472,0.11071632663974121,2.8234622520327073
OBM_RR,2.0,500000,13199,-0.4999739394407338,3.642551808366869,3.887972558726296,0.725,13544.196725389875,0.7230325875951858,0.025817100489183478,0.4999739394407338,0.24997394011988658,3.8925257484867557
OBM_RR,2.0,500000,18391,-0.6824650354964188,5.073600577367938,5.533017101321357,0.75,18803.015465431967,0.7483115968581989,0.02215583955426555,0.6824650354964188,0.4657585246751282,5.539359102043067
OBM_RR,2.0,1000000,8,-4.91373559443206,8.867320776544422e-05,24.14488605435484,0.15,7.943282347242814,0.1505149978319906,0.007114957985194869,4.91373559443206,24.14479749198859,24.144886165196358
OBM_RR,2.0,1000000,11,-4.711054853820897,0.0001650345557414,22.194202663971986,0.175,11.220184543019633,0.17356544752637085,0.01981907484537731,4.711054853820897,22.194037835709437,22.19420287026518
OBM_RR,2.0,1000000,15,-4.460573466285171,0.0003000978311057,19.89701537083612,0.2,15.848931924611136,0.19601520984261356,0.055051910490644874,4.460573466285171,19.8967156481273,19.897015745958406
OBM_RR,2.0,1000000,22,-4.06843869942083,0.0006195445326324,16.552812221047024,0.225,22.387211385683397,0.22373711347036773,0.017447422183645853,4.06843869942083,16.552193450945055,16.552812995477687
OBM_RR,2.0,1000000,32,-3.5902075212066427,0.0012362063038275,12.890824706374692,0.25,31.622776601683793,0.25085832971998434,0.011858263308657958,3.5902075212066427,12.889590045328745,12.890826251632573
OBM_RR,2.0,1000000,45,-3.0778887059918074,0.0022775783206509,9.475673617819671,0.275,44.668359215096324,0.2755354189625573,0.0073970863301441436,3.0778887059918074,9.473398886471923,9.475676464792574
OBM_RR,2.0,1000000,64,-2.489116062439915,0.0041874872377802,6.19988102517512,0.3,63.095734448019314,0.3010299956639812,0.01422991597038981,2.489116062439915,6.195698772296388,6.199886259534168
OBM_RR,2.0,1000000,91,-1.8746126367646747,0.0074740944680506,3.521637289767772,0.325,89.12509381337456,0.32650689872018224,0.020818575178460825,1.8746126367646747,3.514172537917806,3.5216466323858566
OBM_RR,2.0,1000000,129,-1.2884299550237976,0.0127848866395316,1.672820654533857,0.35,125.89254117941668,0.3517649517165415,0.024383709074176592,1.2884299550237976,1.6600517490026252,1.672836635642157
OBM_RR,2.0,1000000,184,-0.7718156872339144,0.0209058492327812,0.6165791719815996,0.375,177.82794100389228,0.3774696371682561,0.0341192983723828,0.7718156872339144,0.5956994550603595,0.6166053042931406
OBM_RR,2.0,1000000,261,-0.3888445043910744,0.0329961828964852,0.1841549862630045,0.4,251.1886431509581,0.40277341788971355,0.03831618413698343,0.3888445043910744,0.15120004859514025,0.18419623149162545
OBM_RR,2.0,1000000,370,-0.1489541906264309,0.0507604350827911,0.0728843354441126,0.425,354.8133892335754,0.4280336206778325,0.041911018503453766,0.1489541906264309,0.022187350905175113,0.07294778598796621
OBM_RR,2.0,1000000,525,-0.0268563237584036,0.0762267242437934,0.0768527029643049,0.45,501.18723362727235,0.4533598839009928,0.04641851150770025,0.0268563237584036,0.0007212621258161938,0.07694798636960959
OBM_RR,2.0,1000000,744,0.0162511072604667,0.1129571479252587,0.1130800499775433,0.475,707.9457843841377,0.47859548925764644,0.04967351980006198,0.0162511072604667,0.0002640984871911935,0.11322124641244989
OBM_RR,2.0,1000000,1055,0.0260484216524039,0.1666278279990291,0.1670980634846118,0.5,1000.0,0.503875409938952,0.05354076692802976,0.0260484216524039,0.0006785202705814243,0.16730634826961052
OBM_RR,2.0,1000000,1497,0.0248372356070065,0.2573126025535073,0.2576078500729133,0.525,1412.5375446227547,0.5292036333905088,0.058075341488384086,0.0248372356070065,0.0006168882725979515,0.2579294908261052
OBM_RR,2.0,1000000,1889,0.0198069346871516,0.3343024948461938,0.3342769313893371,0.55,1995.262314968881,0.546038659653639,0.05472793937884181,0.0198069346871516,0.0003923146617010893,0.3346948095078949
OBM_RR,2.0,1000000,2679,0.0111434940101586,0.4699527763184138,0.4694895128067702,0.575,2818.382931264452,0.5713287856013681,0.050719701284848255,0.0111434940101586,0.0001241774587544406,0.47007695377716824
OBM_RR,2.0,1000000,3799,-0.0031886793550208,0.6378779471898678,0.6370907674319095,0.6,3981.0717055349714,0.5966115489257867,0.04681318159093857,0.0031886793550208,1.0167676029135865e-05,0.6378881148658969
OBM_RR,2.0,1000000,5388,-0.0314113429341702,0.8940528925735295,0.8939219989227405,0.625,5623.413251903491,0.6219045978418247,0.042764561197416714,0.0314113429341702,0.0009866724649280443,0.8950395650384575
OBM_RR,2.0,1000000,7640,-0.0654233701915831,1.2487732831857332,1.2514925339489755,0.65,7943.282347242817,0.6471822264292817,0.03892898051621227,0.0654233701915831,0.004280217367224925,1.2530535005529582
OBM_RR,2.0,1000000,10835,-0.1142219161682565,1.7676793059531417,1.7785163529538486,0.675,11220.18454301964,0.6724714859426395,0.03493271265542623,0.1142219161682565,0.013046646133148215,1.78072595208629
OBM_RR,2.0,1000000,15364,-0.2095800598296948,2.444902272505586,2.4857699461431726,0.7,15848.931924611124,0.6977507164155231,0.031075001109195748,0.2095800598296948,0.04392380147821845,2.4888260739838044
OBM_RR,2.0,1000000,21787,-0.3086394631836793,3.385870533950478,3.476896514017349,0.725,22387.21138568339,0.7230329055677136,0.027176413897764564,0.3086394631836793,0.09525831823430973,3.481128852184788
OBM_RR,2.0,1000000,30894,-0.4217311467934141,4.765976325719473,4.937876015488012,0.75,31622.776601683792,0.7483123570351464,0.023315649199009168,0.4217311467934141,0.1778571601756882,4.943833485895161
OBM_RR,3.0,10000,5,-3.2263196758491333,0.0323107030178672,10.441408965410352,0.15,3.9810717055349722,0.1747425010840047,0.22788685663767297,3.2263196758491333,10.409138650771256,10.441449353789123
OBM_RR,3.0,10000,5,-3.2263196758491333,0.0323107030178672,10.441408965410352,0.175,5.011872336272722,0.1747425010840047,0.002371652661731426,3.2263196758491333,10.409138650771256,10.441449353789123
OBM_RR,3.0,10000,6,-2.907332029487836,0.0451101084331625,8.497633250483482,0.2,6.309573444801933,0.19453781259591088,0.050308605167181636,2.907332029487836,8.45257952968586,8.497689638119022
OBM_RR,3.0,10000,8,-2.3682613233563408,0.0751818107579284,5.683749529200007,0.225,7.943282347242816,0.22577249674798586,0.007114957985194649,2.3682613233563408,5.608661695705527,5.683843506463455
OBM_RR,3.0,10000,10,-1.9365474935004696,0.1099538919039688,3.8600326441220423,0.25,10.0,0.25,0.0,1.9365474935004696,3.7502161945829515,3.8601700864869204
OBM_RR,3.0,10000,13,-1.4411138769629614,0.1680739811962469,2.2446730950949703,0.275,12.589254117941675,0.2784858380767092,0.032105755168086385,1.4411138769629614,2.0768092063752177,2.2448831875714648
OBM_RR,3.0,10000,16,-1.0798562705283778,0.2306172945380695,1.3964185879193542,0.3,15.848931924611133,0.30102999566398114,0.009486610646926505,1.0798562705283778,1.1660895649994572,1.3967068595375267
OBM_RR,3.0,10000,20,-0.7414077106708916,0.3186184320643197,0.8679055524664918,0.325,19.952623149688797,0.32525749891599526,0.002371652661731522,0.7414077106708916,0.5496853934422525,0.8683038255065723
OBM_RR,3.0,10000,25,-0.4681291776073832,0.4322364243373157,0.6508410557342588,0.35,25.118864315095795,0.3494850021680094,0.0047433053234629385,0.4681291776073832,0.21914492692736492,0.6513813512646807
OBM_RR,3.0,10000,32,-0.2491051453417929,0.5887825954825372,0.6500999906739396,0.375,31.622776601683793,0.37628749457997646,0.011858263308657958,0.2491051453417929,0.06205337343575577,0.650835968918293
OBM_RR,3.0,10000,40,-0.1244398165480156,0.7597262556303339,0.7742618657532999,0.4,39.810717055349734,0.40051499783199057,0.004743305323462996,0.1244398165480156,0.015485267942503777,0.7752115235728377
OBM_RR,3.0,10000,51,-0.0574163708929011,0.9859335097556232,0.9879977325149396,0.425,50.11872336272722,0.42689254402448407,0.017430974634448308,0.0574163708929011,0.003296639646511181,0.9892301494021344
OBM_RR,3.0,10000,65,-0.0447652551442248,1.2719297857101504,1.27234380154614,0.45,63.09573444801933,0.4532283391607138,0.02973410250635483,0.0447652551442248,0.002003928068127545,1.2739337137782778
OBM_RR,3.0,10000,82,-0.0606141597032019,1.6311942437804263,1.6328293273322263,0.475,79.43282347242814,0.4784534630959292,0.03180757057556654,0.0606141597032019,0.003674076356525265,1.6348683201369516
OBM_RR,3.0,10000,103,-0.0885484846059965,2.085809385204396,2.091042957598909,0.5,100.0,0.503209306176293,0.02955880224154443,0.0885484846059965,0.007840834126018398,2.0936502193304145
OBM_RR,3.0,10000,130,-0.1271123641593678,2.659937237782501,2.6727698693574564,0.525,125.89254117941675,0.5284858380767091,0.03210575516808617,0.1271123641593678,0.016157553122183733,2.676094790904685
OBM_RR,3.0,10000,165,-0.1796878008707105,3.341736078988199,3.369846614671216,0.55,158.48931924611142,0.5543709860534765,0.040258269313679595,0.1796878008707105,0.032287705781752114,3.3740237847699515
OBM_RR,3.0,10000,192,-0.2335940341306051,3.8106427140365855,3.860445583425451,0.575,199.52623149688787,0.5708253071758873,0.03845034185852311,0.2335940341306051,0.054566172781410294,3.865208886817996
OBM_RR,3.0,10000,243,-0.3506451756130753,4.595002952891098,4.712211238380707,0.6,251.18864315095797,0.5964015683995779,0.03314277984516098,0.3506451756130753,0.1229520391807244,4.717954992071822
OBM_RR,3.0,10000,307,-0.5187942088500117,5.527347907447457,5.7895861536994575,0.625,316.22776601683796,0.6217845938692965,0.02961498489791709,0.5187942088500117,0.26914743113630957,5.796495338583767
OBM_RR,3.0,10000,387,-0.7460542305047317,6.835310028060213,7.383362805379143,0.65,398.1071705534973,0.6469277412547279,0.02829654875473716,0.7460542305047317,0.5565969148540074,7.39190694291422
OBM_RR,3.0,10000,489,-1.0581769684781015,8.676158432646472,9.785051731223168,0.675,501.18723362727246,0.6723272147809051,0.02461726160905168,1.0581769684781015,1.119738496617505,9.795896929263977
OBM_RR,3.0,10000,618,-1.42336990140217,10.462805385894576,12.47570875537983,0.7,630.957344480193,0.6977471187722039,0.02074980292563674,1.42336990140217,2.0259818762176227,12.488787262112199
OBM_RR,3.0,10000,780,-1.836590829449977,11.843667171346333,15.201928462201902,0.725,794.3282347242813,0.7230236506726201,0.01820284999909485,1.836590829449977,3.373065874819755,15.216733046166087
OBM_RR,3.0,10000,984,-2.303446818133884,12.329801747849334,17.620256739635632,0.75,1000.0,0.7482487746078353,0.016129381929883644,2.303446818133884,5.305867243971114,17.63566899182045
OBM_RR,3.0,20000,5,-3.4161809948129167,0.0143103216102652,11.684585023029223,0.15,4.417275630574674,0.1625122366132473,0.12391477955368131,3.4161809948129167,11.670292589320969,11.684602910931234
OBM_RR,3.0,20000,6,-3.112118420728758,0.0201273217327722,9.705383227219867,0.175,5.6582254690844485,0.18092207010137693,0.05864914753423278,3.112118420728758,9.68528106463926,9.705408386372033
OBM_RR,3.0,20000,7,-2.8377554606026747,0.0267095459519071,8.079532213199766,0.2,7.247796636776956,0.19648736253088905,0.0347873614519124,2.8377554606026747,8.052856054180298,8.079565600132204
OBM_RR,3.0,20000,9,-2.365762210262368,0.0418239312828586,5.63860248687424,0.225,9.28392768635557,0.2218637187839495,0.031060121984409494,2.365762210262368,5.596830835505485,5.638654766788344
OBM_RR,3.0,20000,12,-1.8120173846691063,0.0682849490431696,3.351606595199935,0.25,11.89207115002721,0.2509122808107791,0.009034761653968382,1.8120173846691063,3.283407002343068,3.3516919513862375
OBM_RR,3.0,20000,15,-1.3970678373825027,0.0977363631107609,2.0494127349054967,0.275,15.232923070389067,0.273444096005222,0.015408875845225467,1.3970678373825027,1.951798542248623,2.049534905359384
OBM_RR,3.0,20000,19,-0.9957862357238528,0.1394356778919445,1.1308516105516595,0.3,19.51232399646889,0.29731334174418345,0.02660728659439795,0.9957862357238528,0.9915902272570806,1.131025905149025
OBM_RR,3.0,20000,25,-0.6050619641463815,0.2038833791226667,0.5697285053554402,0.325,24.9939414768837,0.3250244732264946,0.00024237029395886872,0.6050619641463815,0.366099980456677,0.5699833595793438
OBM_RR,3.0,20000,32,-0.3396576421912147,0.2767442410872109,0.3917656246847473,0.35,32.01551545899593,0.34995105354701095,0.0004847405879181659,0.3396576421912147,0.11536731389889522,0.3921115549861061
OBM_RR,3.0,20000,42,-0.1449178883700979,0.3739998827884387,0.3945335773046013,0.375,41.00966752495598,0.377409432632266,0.023861786082320192,0.1449178883700979,0.021001194369648153,0.39500107715808686
OBM_RR,3.0,20000,54,-0.0437002720374701,0.4883830879613732,0.4896823228775704,0.4,52.53055608807536,0.4027857888853264,0.02758902554982295,0.0437002720374701,0.0019097137761488912,0.4902928017375221
OBM_RR,3.0,20000,69,0.0012476779920262,0.6285103521932096,0.62772627095334,0.425,67.28801986124834,0.4275369138534406,0.025124294769405104,0.0012476779920262,1.5567003717865307e-06,0.6285119088935814
OBM_RR,3.0,20000,89,0.01396812993287,0.8073057068900377,0.8064916834102466,0.45,86.19131328547948,0.4532379473312581,0.0320669710908821,0.01396812993287,0.00019510865382153884,0.8075008155438592
OBM_RR,3.0,20000,114,0.0086568104487314,1.032284354075221,1.031068938999772,0.475,110.40512859784792,0.4782354118455604,0.032041860939834806,0.0086568104487314,7.494036714526514e-05,1.032359294442366
OBM_RR,3.0,20000,147,-0.0068589130549501,1.3328991968124946,1.3312801175047744,0.5,141.4213562373095,0.5039065844537528,0.038688810510672314,0.0068589130549501,4.7044688295364916e-05,1.33294624150079
OBM_RR,3.0,20000,188,-0.0263578277514495,1.72451883762477,1.7230579241615145,0.525,181.15100497595773,0.5287472655518185,0.0371109977484818,0.0263578277514495,0.0006947350837750814,1.7252135727085451
OBM_RR,3.0,20000,223,-0.0488163550995146,2.081254085482429,2.081035554400778,0.55,232.04194526839143,0.5459866277183766,0.03974638243475211,0.0488163550995146,0.002383036525201905,2.083637122007631
OBM_RR,3.0,20000,286,-0.1177809382325145,2.685542526858089,2.696057948110448,0.575,297.22973036271696,0.5711111142227308,0.03851353188842065,0.1177809382325145,0.013872349410931396,2.6994148762690204
OBM_RR,3.0,20000,368,-0.2137459150366787,3.513327049058484,3.554622706442027,0.6,380.7307877431756,0.5965658972990746,0.03400959335274568,0.2137459150366787,0.045687316194867066,3.559014365253351
OBM_RR,3.0,20000,472,-0.3535066337417216,4.581137283786649,4.700377802281319,0.625,487.6898840457368,0.6216980586812421,0.03270073474952464,0.3535066337417216,0.12496694009940369,4.706104223886053
OBM_RR,3.0,20000,607,-0.5197747939806368,5.833781849540874,6.096655458686562,0.65,624.6971105498872,0.6470981820357188,0.028738118088985083,0.5197747939806368,0.2701658364576134,6.103947685998488
OBM_RR,3.0,20000,780,-0.7673401876613628,7.162355912295274,7.742213931005081,0.675,800.1939197344099,0.6724190730141623,0.025560178278249395,0.7673401876613628,0.5888109636001755,7.751166875895449
OBM_RR,3.0,20000,1002,-1.058191993207739,8.851154765053684,9.959861116086334,0.7,1024.993230105207,0.6977090893475533,0.022688005130478982,1.058191993207739,1.1197702944889676,9.970925059542651
OBM_RR,3.0,20000,1287,-1.3984252878875711,10.698145659264757,12.64036626299411,0.725,1312.9456446135114,0.7229846222972781,0.019959267992566036,1.3984252878875711,1.9555932858034362,12.653738945068193
OBM_RR,3.0,20000,1653,-1.7690391871878268,12.363714636349943,15.477759638860675,0.75,1681.792830507429,0.7482563146074083,0.01726856658107176,1.7690391871878268,3.129499645806167,15.49321428215611
OBM_RR,3.0,30000,5,-3.563528327921752,0.0087962347316841,12.707519383339068,0.15,4.694271328870265,0.15612040964921,0.06309501333745664,3.563528327921752,12.698734143900795,12.707530378632478
OBM_RR,3.0,30000,6,-3.2731462702855,0.012383276495843,10.7258543040841,0.175,6.074299753156561,0.17380615938497024,0.012307246384696045,3.2731462702855,10.713486506683878,10.725869783179721
OBM_RR,3.0,30000,8,-2.768518009017749,0.0209441665147437,7.685609952562204,0.2,7.860030855966229,0.2017122020181897,0.01765100955097741,2.768518009017749,7.664691966255601,7.685636132770345
OBM_RR,3.0,30000,10,-2.3491293633886774,0.0310224545041273,5.549392442370893,0.225,10.170733675867188,0.22335781032193994,0.016929255650920155,2.3491293633886774,5.518408765934892,5.549431220439019
OBM_RR,3.0,30000,13,-1.8458042781076345,0.0483256065468609,3.4552586326191217,0.25,13.160740129524925,0.24880794799393632,0.012288807699536324,1.8458042781076345,3.4069934330804457,3.4553190396273066
OBM_RR,3.0,30000,17,-1.3494542056999137,0.0742341985138937,1.8951680590469373,0.275,17.029752845447483,0.2748303767920441,0.0017486376209645733,1.3494542056999137,1.821026653281185,1.8952608517950786
OBM_RR,3.0,30000,22,-0.9214412712649898,0.1093952221743842,0.9583124945371074,0.3,22.036183309053403,0.29984059051495643,0.0016433448349718553,0.9214412712649898,0.8490540163904404,0.9584492385648247
OBM_RR,3.0,30000,29,-0.5459445136032608,0.1622821905126688,0.4601347497080295,0.325,28.514411174206582,0.3266380146298997,0.016886215277078766,0.5459445136032608,0.298055411933501,0.4603376024461698
OBM_RR,3.0,30000,37,-0.3006159184260077,0.2266021015929474,0.3166887793770682,0.35,36.89711749119786,0.350270103230695,0.00278448141872228,0.3006159184260077,0.09036993041111212,0.31697203200405955
OBM_RR,3.0,30000,49,-0.116573578340601,0.3230670639290837,0.3362526292663045,0.375,47.74418348819862,0.37751849544989513,0.02596305036901687,0.116573578340601,0.013589399167132239,0.33665646309621594
OBM_RR,3.0,30000,63,-0.0287267556191288,0.4286729316131876,0.4289623169370724,0.4,61.78008505674121,0.40189676514942824,0.019553662133815528,0.0287267556191288,0.0008252264884011481,0.42949815810158876
OBM_RR,3.0,30000,82,0.0035237765035622,0.5660618241358988,0.565366663856576,0.425,79.94228052013091,0.4274652714322233,0.025414366490428865,0.0035237765035622,1.2417000847057044e-05,0.5660742411367459
OBM_RR,3.0,30000,107,-0.0052466728068649,0.7349374948447341,0.7340463505517204,0.45,103.44382350541889,0.4532787168866349,0.03380013717197439,0.0052466728068649,2.752757554229561e-05,0.7349650224202764
OBM_RR,3.0,30000,138,-0.0405227966929233,0.9422955697566792,0.9427597973462994,0.475,133.85438283469583,0.4779587070922935,0.03050117135116586,0.0405227966929233,0.0016420970518159956,0.9439376668084951
OBM_RR,3.0,30000,180,-0.0910984693775249,1.2115989012840336,1.2183833337803565,0.5,173.20508075688772,0.5037327284191505,0.03848052056806427,0.0910984693775249,0.008298931122927842,1.2198978324069614
OBM_RR,3.0,30000,234,-0.1289929303485717,1.5543998949512865,1.5690960711625086,0.525,224.12415166897196,0.529182866091147,0.043120968519447564,0.1289929303485717,0.016639176079911472,1.5710390710311979
OBM_RR,3.0,30000,278,-0.16219187724462,1.812023939063988,1.836065114184292,0.55,290.0124819770266,0.545896493944994,0.042302849663724225,0.16219187724462,0.026306205044133883,1.838330144108122
OBM_RR,3.0,30000,361,-0.2195350959278652,2.2915507586543584,2.3368819785500974,0.575,375.27075541015427,0.5712392085002391,0.03876982153758678,0.2195350959278652,0.04819565834405697,2.3397464169984152
OBM_RR,3.0,30000,469,-0.288143549763034,2.941245720305408,3.0205958684250693,0.6,485.59337483020374,0.5966273171402726,0.03476882794029588,0.288143549763034,0.08302670527004206,3.0242724255754503
OBM_RR,3.0,30000,608,-0.3987011773446891,3.798778895372711,3.952993050569536,0.625,628.3487915845369,0.6218066076137692,0.03292053093651589,0.3987011773446891,0.1589626288160412,3.9577415241887524
OBM_RR,3.0,30000,789,-0.5511835947825796,4.897567434603867,5.195248830468058,0.65,813.0716446117171,0.6470847757709037,0.030052908572916048,0.5511835947825796,0.30380335515744694,5.201370789761314
OBM_RR,3.0,30000,1025,-0.7208627362543574,6.2826990891231125,6.794488799781828,0.675,1052.099579287026,0.6724686900579134,0.02609515436238934,0.7208627362543574,0.5196430845201192,6.802342173643232
OBM_RR,3.0,30000,1330,-0.9346231301579548,8.006479643333952,8.86999193920604,0.7,1361.3972791592591,0.697736662297007,0.02333264123520476,0.9346231301579548,0.8735203954262534,8.880000038760205
OBM_RR,3.0,30000,1726,-1.2568458597086254,9.718538273346226,11.28605161557126,0.725,1761.6227476853735,0.7230183430852556,0.02042880732373851,1.2568458597086254,1.5796615150667137,11.29819978841294
OBM_RR,3.0,30000,2240,-1.6230694701486277,11.752064362162024,14.371728786637872,0.75,2279.5070569547775,0.748304061410537,0.017483350634133744,1.6230694701486277,2.634354504928547,14.38641886709057
OBM_RR,3.0,50000,5,-3.778755092315989,0.0044675454067952,14.283452008679056,0.15,5.068103794729894,0.14874962038298556,0.013528830227442057,3.778755092315989,14.278990047704019,14.283457593110814
OBM_RR,3.0,50000,7,-3.264214321412817,0.0084424381104186,10.663527021179316,0.175,6.6423193338963555,0.17984750684393275,0.052448949283514026,3.264214321412817,10.655095136116538,10.663537574226956
OBM_RR,3.0,50000,9,-2.8281486973855143,0.0133701047259622,8.011778446618436,0.2,8.705505632961243,0.20307482460172946,0.033268920454162604,2.8281486973855143,7.9984250545233815,8.011795159249344
OBM_RR,3.0,50000,11,-2.45707380651959,0.0190534992234488,6.056241373034089,0.225,11.409543040000797,0.22162147964283027,0.03655484119394312,2.45707380651959,6.037211690684668,6.056265189908117
OBM_RR,3.0,50000,15,-1.8682471187914744,0.0320875219151651,3.5223947093854173,0.25,14.953487812212206,0.2502870326838503,0.003105629999639262,1.8682471187914744,3.4903472968726454,3.5224348187878105
OBM_RR,3.0,50000,19,-1.432452939499676,0.0466434911147667,2.0985066106321333,0.275,19.598225535066074,0.27213487206192993,0.031000049046387677,1.432452939499676,2.051921423881262,2.098564914996029
OBM_RR,3.0,50000,26,-0.9145303897139998,0.0743029346047742,0.9105758896469596,0.3,25.685676074155552,0.3011241499020292,0.012163052698397134,0.9145303897139998,0.8363658337104404,0.9106687683152146
OBM_RR,3.0,50000,34,-0.558460813890103,0.1076924473215907,0.4194363124132357,0.325,33.66396382192787,0.3259180023769185,0.009932582182819337,0.558460813890103,0.3118784806507963,0.41957092797238704
OBM_RR,3.0,50000,45,-0.2894943871667612,0.1554167376218395,0.2390294669008706,0.35,44.12040613345333,0.351824444984715,0.019740090226720956,0.2894943871667612,0.08380700020105862,0.23922373782289813
OBM_RR,3.0,50000,59,-0.1259389097075924,0.2177210409274155,0.2333094986045935,0.375,57.824748377162095,0.37685961178898225,0.020120587251863165,0.1259389097075924,0.015860608978337108,0.23358164990575261
OBM_RR,3.0,50000,78,-0.0353185326729246,0.3013386074730341,0.3022093329638612,0.4,75.78582832551992,0.4026615622028939,0.028797512925478264,0.0353185326729246,0.0012473987501684424,0.30258600622320253
OBM_RR,3.0,50000,102,0.0020523208268299,0.4004070504282254,0.3999107536359663,0.425,99.32584120424065,0.42745541467778314,0.02656704240990083,0.0020523208268299,4.212020776239764e-06,0.4004112624490016
OBM_RR,3.0,50000,135,0.0116837118593506,0.5288974626455895,0.5283728499400947,0.45,130.17767238163063,0.45336185728557976,0.03637455045380198,0.0116837118593506,0.00013650912281232988,0.5290339717684018
OBM_RR,3.0,50000,177,0.0032380575894368,0.6942683766432163,0.6934110261893648,0.475,170.61246279156248,0.4783970240898469,0.03675504747894491,0.0032380575894368,1.048501695250926e-05,0.6942788616601688
OBM_RR,3.0,50000,233,-0.0213665529434248,0.9288735751278804,0.9281690127436546,0.5,223.60679774997897,0.5038031566154964,0.0411493113605591,0.0213665529434248,0.000456529584684175,0.9293301047125646
OBM_RR,3.0,50000,306,-0.0690701709281231,1.229868240946836,1.2331015941576924,0.525,293.06182667959655,0.5289928269786479,0.043201502636982046,0.0690701709281231,0.004770688512040142,1.2346389294588762
OBM_RR,3.0,50000,368,-0.1077892485555631,1.4885439077679643,1.4983017499874274,0.55,384.09044412331593,0.5460447324213301,0.042795118256725266,0.1077892485555631,0.011618522104172961,1.5001624298721372
OBM_RR,3.0,50000,483,-0.1782785651891645,1.927387168426537,1.9567611812719108,0.575,503.39367272195074,0.5711777534810553,0.04135585988333955,0.1782785651891645,0.031783246805907175,1.959170415232444
OBM_RR,3.0,50000,636,-0.2861721796040291,2.495602889668063,2.574377902435298,0.6,659.7539553864469,0.5966109834839332,0.03666840730604748,0.2861721796040291,0.08189451637932067,2.577497406047384
OBM_RR,3.0,50000,836,-0.4206430586392073,3.23274381562886,3.405643468640672,0.625,864.6816701021309,0.6218823007472963,0.033732814671725286,0.4206430586392073,0.1769405827813476,3.409684398410208
OBM_RR,3.0,50000,1099,-0.5851784389490486,4.098194025215123,4.43550508809445,0.65,1133.2624602040687,0.6471626100224903,0.030699930463062935,0.5851784389490486,0.34243380541084545,4.440627830625968
OBM_RR,3.0,50000,1445,-0.7844935234130332,5.171673903306174,5.780639399204038,0.675,1485.2677558853384,0.6724596760942864,0.027485741430409077,0.7844935234130332,0.6154300882769953,5.7871039915831695
OBM_RR,3.0,50000,1899,-1.0118591795988294,6.439049264221173,7.454859451979314,0.7,1946.610237380866,0.6977114052040613,0.024762088274911827,1.0118591795988294,1.0238589993384162,7.462908263559589
OBM_RR,3.0,50000,2497,-1.2714669919553565,8.143628378187552,9.75007715434682,0.725,2551.251382965138,0.7230134559736172,0.02149396591768188,1.2714669919553565,1.6166283116320026,9.760256689819554
OBM_RR,3.0,50000,3283,-1.5628645168406026,10.157806292998222,12.587654533131383,0.75,3343.7015248821103,0.7483067309399014,0.018320795806119707,1.5628645168406026,2.44254549799941,12.600351790997632
OBM_RR,3.0,100000,6,-3.8723836823661415,0.0025956451494559,14.997947784048575,0.15,5.62341325190349,0.15563025007672873,0.06482064948252075,3.8723836823661415,14.995355383455557,14.997951028605012
OBM_RR,3.0,100000,8,-3.457970228549557,0.0044687649535836,11.962021280532468,0.175,7.498942093324557,0.18061799739838869,0.06467958531004617,3.457970228549557,11.957558101535076,11.96202686648866
OBM_RR,3.0,100000,10,-3.095303639753058,0.0067352106258409,9.587631413881088,0.2,10.000000000000002,0.2,2.2204460492503136e-16,3.095303639753058,9.580904622268529,9.58763983289437
OBM_RR,3.0,100000,13,-2.632125522302293,0.0107480771566235,6.938819407215295,0.225,13.335214321633241,0.22278867046136736,0.02545887215676478,2.632125522302293,6.928084765155118,6.938832842311742
OBM_RR,3.0,100000,18,-2.028329360772174,0.0187139749796448,4.132810578281378,0.25,17.78279410038923,0.2510545010206612,0.012140391653607661,2.028329360772174,4.114119995770457,4.132833970750101
OBM_RR,3.0,100000,24,-1.5033352078287985,0.0297219703030951,2.289701564937872,0.275,23.71373705661656,0.2760422483423212,0.011999327481132619,1.5033352078287985,2.260016747097657,2.289738717400752
OBM_RR,3.0,100000,32,-1.0256064636801288,0.0459128960728033,1.0977241232951718,0.3,31.62277660168379,0.3010299956639812,0.011858263308658178,1.0256064636801288,1.0518686183424593,1.0977815144152625
OBM_RR,3.0,100000,43,-0.6193428696670988,0.0695502832396056,0.4530489355930333,0.325,42.16965034285823,0.3266936911159173,0.019499339578238004,0.6193428696670988,0.38358559020747696,0.45313587344708256
OBM_RR,3.0,100000,57,-0.33130135062554,0.0996473283682971,0.2092833541341431,0.35,56.234132519034894,0.3511749711344983,0.013527355094970562,0.33130135062554,0.109760584926307,0.2094079132946041
OBM_RR,3.0,100000,77,-0.1304479956641664,0.1400388831464998,0.1568805141153652,0.375,74.98942093324558,0.3772981450344964,0.026458372489848083,0.1304479956641664,0.017016679572798375,0.15705556271929816
OBM_RR,3.0,100000,103,-0.0251695264074713,0.1886700424127375,0.189067709919298,0.4,100.00000000000003,0.40256744494103447,0.029558802241544214,0.0251695264074713,0.0006335050595763952,0.1893035474723139
OBM_RR,3.0,100000,138,0.0154840341077511,0.2549809750739416,0.2549020041673492,0.425,133.3521432163324,0.4279758172802473,0.034260362544857766,0.0154840341077511,0.00023975531224999943,0.2552207303861916
OBM_RR,3.0,100000,184,0.0205131003542424,0.3401184216105499,0.34011406086968,0.45,177.8279410038923,0.4529635646019073,0.03411929837238258,0.0205131003542424,0.00042078728614321963,0.3405392088966931
OBM_RR,3.0,100000,247,-0.0023636273002258,0.4668713092224816,0.4662933068199678,0.475,237.13737056616546,0.4785393906519332,0.04074874076711888,0.0023636273002258,5.586734014372704e-06,0.46687689595649595
OBM_RR,3.0,100000,330,-0.0331032320863071,0.6430215691018452,0.6433136161150279,0.5,316.22776601683796,0.5037027879755774,0.04262992197541153,0.0331032320863071,0.0010958239745599116,0.644117393076405
OBM_RR,3.0,100000,442,-0.0825487506476356,0.8741745601533162,0.8798961381866099,0.525,421.69650342858233,0.5290844538698184,0.04702401296832797,0.0825487506476356,0.006814296233485519,0.8809888563868017
OBM_RR,3.0,100000,537,-0.1224588743717864,1.057769163027448,1.0714431274860687,0.55,562.3413251903494,0.5459948571399111,0.04611091122476142,0.1224588743717864,0.014996175912404965,1.0727653389398528
OBM_RR,3.0,100000,719,-0.1732795522754466,1.3776814837643532,1.4059851851464271,0.575,749.8942093324555,0.5713457780765765,0.04207078463683416,0.1732795522754466,0.030025803236779235,1.4077072870011325
OBM_RR,3.0,100000,961,-0.2484760796783147,1.8875475543495024,1.94692848207887,0.6,999.9999999999998,0.5965446775337091,0.03978087001184436,0.2484760796783147,0.06174036217230419,1.9492879165218067
OBM_RR,3.0,100000,1286,-0.3447627512271936,2.608810554149453,2.7244108955905104,0.625,1333.521432163324,0.6218481937176407,0.036286510808828144,0.3447627512271936,0.11886135463374377,2.7276719087831967
OBM_RR,3.0,100000,1721,-0.4695209457607818,3.485462830788662,3.7015559207582753,0.65,1778.2794100389233,0.6471561740655121,0.03274075601910928,0.4695209457607818,0.220449918508099,3.7059127492967607
OBM_RR,3.0,100000,2303,-0.6347593903453292,4.539540336566493,4.93678539477736,0.675,2371.3737056616565,0.6724587875928463,0.02925678903421948,0.6347593903453292,0.40291948363157404,4.942459820198066
OBM_RR,3.0,100000,3081,-0.8091414860219865,5.7009300209473,6.3485138028229855,0.7,3162.2776601683777,0.697738339663388,0.026038326882491435,0.8091414860219865,0.6547099444018687,6.3556399653491695
OBM_RR,3.0,100000,4122,-1.0537662656967326,7.281977094097602,8.383297965450417,0.725,4216.965034285821,0.7230215974886388,0.022777200653010976,1.0537662656967326,1.1104233427204369,8.39240043681804
OBM_RR,3.0,100000,5515,-1.396904613661218,9.009562762215229,10.949643308430456,0.75,5623.413251903491,0.7483091033552419,0.019467167040068557,1.396904613661218,1.9513424996679967,10.960905261883225
OBM_RR,3.0,200000,6,-4.240353845877251,0.0010770309687579,17.98167642292604,0.15,6.239567673133879,0.1467924631666183,0.039151427601471,4.240353845877251,17.98060073824599,17.98167776921475
OBM_RR,3.0,200000,8,-3.8987955636478793,0.0018694927218085,15.20247400297629,0.175,8.466038697065802,0.17036122937063797,0.05662117128794421,3.8987955636478793,15.200606847120385,15.202476339842194
OBM_RR,3.0,200000,11,-3.449545135011396,0.0033889210063469,11.902746323335876,0.2,11.486983549970352,0.19645100782490202,0.04331925630766445,3.449545135011396,11.899361638480789,11.902750559487135
OBM_RR,3.0,200000,15,-2.947027394096475,0.0059196312487724,8.69088269326477,0.225,15.585895103813016,0.22186089496148376,0.03831614414207903,2.947027394096475,8.684970461555059,8.690890092803832
OBM_RR,3.0,200000,21,-2.3513843086630124,0.0105162659973374,5.539511287691473,0.25,21.147425268811283,0.24942686531022062,0.006995723659120484,2.3513843086630124,5.529008167026633,5.53952443302397
OBM_RR,3.0,200000,29,-1.7672336238449802,0.0176679600931276,3.140760556391273,0.275,28.69348167180654,0.2758705381963762,0.010625852465675911,1.7672336238449802,3.123114681248261,3.1407826413413886
OBM_RR,3.0,200000,39,-1.259913891870239,0.0276546230847054,1.6150030697334607,0.3,38.932204747617334,0.30014253990789014,0.0017398524705943795,1.259913891870239,1.5873830149276125,1.615037638012318
OBM_RR,3.0,200000,54,-0.7786596390502583,0.0440447883063201,0.6503005658068151,0.325,52.82442137371227,0.32680323658609617,0.022010436766967692,0.7786596390502583,0.6063108334858784,0.6503556217921985
OBM_RR,3.0,200000,73,-0.434599561745209,0.0647695122280225,0.2535653294068651,0.35,71.67381122021563,0.3515020404797889,0.0183340152128306,0.434599561745209,0.1888767790691277,0.2536462912971502
OBM_RR,3.0,200000,100,-0.1903850903546065,0.0918123579950945,0.1279440751769323,0.375,97.2492472466073,0.3772851694172483,0.027892943914276245,0.1903850903546065,0.03624648262933168,0.12805884062442618
OBM_RR,3.0,200000,136,-0.0543717448643628,0.1261327713052709,0.1289313919807347,0.4,131.95079107728947,0.40247629425137427,0.030225827523982264,0.0543717448643628,0.002956286639595363,0.12908905794486625
OBM_RR,3.0,200000,185,0.0060116812537787,0.1752346099330767,0.1750517069821573,0.425,179.0349206690635,0.4276851348242633,0.03277495072800116,0.0060116812537787,3.6140311497034245e-05,0.17527075024457375
OBM_RR,3.0,200000,253,0.0196050991842939,0.2446441147695161,0.2447226695400802,0.45,242.92012618706255,0.45333086648094223,0.04065679823894197,0.0196050991842939,0.00038435991402600134,0.2450284746835421
OBM_RR,3.0,200000,344,0.0091965462254544,0.3441546590230246,0.3438090421617228,0.475,329.6015519554173,0.47850294087117556,0.04275715074656621,0.0091965462254544,8.457646247691956e-05,0.3442392354855015
OBM_RR,3.0,200000,469,-0.0133648808527633,0.4771464770786212,0.4767286640224815,0.5,447.21359549995793,0.5038969492532565,0.04756644568119249,0.0133648808527633,0.00017862004020855908,0.47732509711882976
OBM_RR,3.0,200000,638,-0.0340807688065041,0.6540315436229428,0.6543755029958567,0.525,606.793259356535,0.5291086224781575,0.05015014444144839,0.0340807688065041,0.0011614988024423827,0.6551930424253852
OBM_RR,3.0,200000,784,-0.0434309756808124,0.7949690154068827,0.7958615537862115,0.55,823.315890450298,0.5459912630284807,0.048930934691188276,0.0434309756808124,0.0018862496485873184,0.79685526505547
OBM_RR,3.0,200000,1068,-0.0493515613257704,1.0699500223612413,1.071048161438581,0.575,1117.1005033687768,0.571317509082156,0.04494875165970911,0.0493515613257704,0.0024355766052912764,1.0723855989665325
OBM_RR,3.0,200000,1454,-0.0505043677566368,1.464506250307308,1.4652263086569215,0.6,1515.7165665103976,0.5965943239539983,0.0415699292246392,0.0505043677566368,0.002550691162497615,1.4670569414698056
OBM_RR,3.0,200000,1980,-0.0714742364388119,2.1091347595744443,2.111606907599488,0.625,2056.5711885957794,0.6218914424098834,0.0379432797677777,0.0714742364388119,0.005108566474511187,2.1142433260489555
OBM_RR,3.0,200000,2696,-0.1363918433696129,2.9246934229527706,2.93964029111184,0.65,2790.4194934675093,0.6471798670578107,0.03442274756241545,0.1363918433696129,0.01860273493776102,2.9432961578905315
OBM_RR,3.0,200000,3671,-0.2385781603755932,3.9744966782968856,4.0264480960572175,0.675,3786.1276053565794,0.6724701402217739,0.0308796522360335,0.2385781603755932,0.05691953860820227,4.031416216905088
OBM_RR,3.0,200000,4998,-0.3824641680981546,5.34519395060967,5.484791298050422,0.7,5137.135214831108,0.697750485248318,0.027457740476223298,0.3824641680981546,0.14627883987901344,5.491472790488683
OBM_RR,3.0,200000,6804,-0.6123979530582124,6.7628993112831886,7.129476940053973,0.725,6970.224188461407,0.723022565062935,0.024136714493623312,0.6123979530582124,0.37503125290988854,7.137930564193077
OBM_RR,3.0,200000,9264,-0.8979975228468833,8.59113196388779,9.38679259997207,0.75,9457.416090031758,0.7483071308081702,0.02066328433485381,0.8979975228468833,0.8063995510391386,9.397531514926929
OBM_RR,3.0,300000,7,-4.2898257108122415,0.0007717977707522,18.403375462169297,0.15,6.630834496675398,0.15429602535931292,0.054179486009562565,4.2898257108122415,18.402604629145753,18.403376426916505
OBM_RR,3.0,300000,9,-4.006665242212522,0.0012525942543384,16.054617391665445,0.175,9.088583876478463,0.17422336754313217,0.009794529550489707,4.006665242212522,16.053366363153927,16.054618957408266
OBM_RR,3.0,300000,12,-3.627222386412441,0.0021567413575614,13.158896285922433,0.2,12.457309396155175,0.1970343901219439,0.0374009009396674,3.627222386412441,13.156742240491562,13.158898981849124
OBM_RR,3.0,300000,17,-3.093973649819702,0.0040711253714855,9.57673898224342,0.225,17.074668562300275,0.22465248880842104,0.004382650512410136,3.093973649819702,9.572672945778649,9.576744071150134
OBM_RR,3.0,300000,23,-2.580444067851277,0.0068810071578124,6.665563993207709,0.25,23.40347319320716,0.24862108627669788,0.017390222480434793,2.580444067851277,6.658691587308846,6.665572594466658
OBM_RR,3.0,300000,32,-1.995292536696769,0.0117833760332407,3.992960953811029,0.275,32.07807844156349,0.27480676587594455,0.0024369794508166966,1.995292536696769,3.9811923069978277,3.9929756830310685
OBM_RR,3.0,300000,44,-1.4466450828784696,0.0190721077845357,2.11183026346626,0.3,43.967966122300474,0.3000577493277178,0.0007283078267599157,1.4466450828784696,2.092781995816454,2.1118541036009897
OBM_RR,3.0,300000,61,-0.9446928509900312,0.0302684385009158,0.9226751856644634,0.325,60.26489549408122,0.3259613493990734,0.012124094240851247,0.9446928509900312,0.8924445827116733,0.922713021212589
OBM_RR,3.0,300000,84,-0.548766849080863,0.0460444752551684,0.3471319743112381,0.35,82.60235687978427,0.3513304154812568,0.01677858506989557,0.548766849080863,0.3011450546501387,0.3471895299053071
OBM_RR,3.0,300000,116,-0.2635546688098911,0.0683171143891927,0.137692781447698,0.375,113.21930132219957,0.37692391554194,0.02426353349198794,0.2635546688098911,0.06946106345149138,0.13777817784068408
OBM_RR,3.0,300000,160,-0.0867898936768254,0.0988496815543686,0.1062586050968604,0.4,155.184557391536,0.40242307594644244,0.03055871377849144,0.0867898936768254,0.007532485644434657,0.10638216719880325
OBM_RR,3.0,300000,221,0.0113930123456942,0.1412473815461846,0.141200623049561,0.425,212.7044291173785,0.4280336630606701,0.038259156221459326,0.0113930123456942,0.00012980073030914046,0.14137718227649373
OBM_RR,3.0,300000,304,0.058333453251981,0.1969057320622067,0.20006239166543,0.45,291.5443065124053,0.45331725702973064,0.041835712268969476,0.058333453251981,0.0034027917683010526,0.20030852383050776
OBM_RR,3.0,300000,418,0.0747204843412001,0.2705747338301411,0.2758196661930369,0.475,399.60654798069135,0.4785682404815038,0.045000999546545954,0.0747204843412001,0.005583150780183529,0.2761578846103246
OBM_RR,3.0,300000,575,0.0753963640249333,0.3778623912074012,0.3830746749265724,0.5,547.7225575051662,0.5038537064176937,0.04860116397818126,0.0753963640249333,0.005684611708180256,0.38354700291558147
OBM_RR,3.0,300000,791,0.0679573568734088,0.5259853719596943,0.5299460925979644,0.525,750.7384488967276,0.5291422900306075,0.05224064710752604,0.0679573568734088,0.004618202353219842,0.5306035743129142
OBM_RR,3.0,300000,979,0.0635569747512434,0.6576230016598208,0.6608404619472762,0.55,1029.0031165031005,0.546050115145062,0.0498141219705762,0.0635569747512434,0.004039489039530191,0.661662490699351
OBM_RR,3.0,300000,1346,0.0510745119345985,0.9233259397923672,0.924780388136984,0.575,1410.4078661871597,0.5712937352248034,0.04674169813737074,0.0510745119345985,0.0026086057693574445,0.9259345455617246
OBM_RR,3.0,300000,1852,0.0250849726356925,1.2898682337426854,1.2888851543026405,0.6,1933.1820449317622,0.5965982548825578,0.04290123697687787,0.0250849726356925,0.0006292558521334415,1.290497489594819
OBM_RR,3.0,300000,2548,-0.0138553310757929,1.8114801948567636,1.8094078148124124,0.625,2649.7248834477414,0.6218959313212528,0.03914707933190723,0.0138553310757929,0.00019197019921983244,1.8116721650559835
OBM_RR,3.0,300000,3505,-0.0607781449383759,2.5101644845442967,2.510720761840767,0.65,3631.857628912531,0.6471808560469977,0.03555374039622957,0.0607781449383759,0.0036939829021502275,2.513858467446447
OBM_RR,3.0,300000,4821,-0.1193770264577649,3.4537671142823623,3.463700779835408,0.675,4978.022404925004,0.6724585708795893,0.03205132930025654,0.1193770264577649,0.014250874445897902,3.4680179887282603
OBM_RR,3.0,300000,6632,-0.2161350207211763,4.719438439739797,4.760253488872265,0.7,6823.149362095244,0.697746925768548,0.028414730731705265,0.2161350207211763,0.046714347182143304,4.76615278692194
OBM_RR,3.0,300000,9123,-0.399620791688867,6.329185551292968,6.480970846503888,0.725,9352.18113349616,0.723032682807839,0.02481089504232051,0.399620791688867,0.15969677715003683,6.488882328443005
OBM_RR,3.0,300000,12549,-0.6781603389774151,8.45737164703453,8.906701377837699,0.75,12818.610191887023,0.7483144755593097,0.021257055118445577,0.6781603389774151,0.4599014453619626,8.917273092396492
OBM_RR,3.0,500000,7,-4.5423795538010365,0.0003403574450875,20.63355194278798,0.15,7.158886890101028,0.1482896101174897,0.022444357555335966,4.5423795538010365,20.633212010789705,20.633552368234792
OBM_RR,3.0,500000,9,-4.308395709073065,0.0005542425398062,18.56282713569583,0.175,9.938475026541154,0.16744122336374762,0.09918901370953807,4.308395709073065,18.5622735859592,18.562827828499007
OBM_RR,3.0,500000,13,-3.889744370023249,0.0011161607184952,15.131226029645164,0.2,13.79729661461215,0.1954639788346493,0.05952331801932924,3.889744370023249,15.13011126412756,15.131227424846056
OBM_RR,3.0,500000,19,-3.361760530254295,0.0022519966097442,11.303683044389622,0.225,19.154386700495632,0.2243832832915244,0.008092780749533634,3.361760530254295,11.301433862775639,11.303685859385382
OBM_RR,3.0,500000,26,-2.86145249406926,0.0039457239069958,8.191851167567302,0.25,26.591479484724942,0.24828580373194561,0.02249430632960012,2.86145249406926,8.18791037581519,8.191856099722186
OBM_RR,3.0,500000,37,-2.2550529100175862,0.0071667255187612,5.092421394090645,0.275,36.91617968474297,0.27517283348988336,0.002267983858033839,2.2550529100175862,5.085263626978784,5.092430352497545
OBM_RR,3.0,500000,52,-1.6659061368249852,0.0121995427863656,2.787427550069028,0.3,51.24966150526037,0.30110762862924195,0.014534705360128823,1.6659061368249852,2.7752432567111462,2.7874427994975117
OBM_RR,3.0,500000,73,-1.124272115538747,0.0199197832670206,1.283882673315905,0.325,71.14841857510196,0.32695782899414466,0.025691343491984212,1.124272115538747,1.2639877897779697,1.2839075730449903
OBM_RR,3.0,500000,101,-0.6924279550691139,0.0308935056039275,0.5103113616831169,0.35,98.77328585318219,0.351698881071083,0.022293334749744584,0.6924279550691139,0.47945647296119487,0.5103499785651223
OBM_RR,3.0,500000,141,-0.3652416346400011,0.0477306214527632,0.1810724098504476,0.375,137.12408783810366,0.3771241313816642,0.027873623851545,0.3652416346400011,0.13340145167450004,0.18113207312726326
OBM_RR,3.0,500000,197,-0.1586656386238738,0.0726746787090893,0.0977586202406248,0.4,190.3653938715879,0.4026106865654435,0.03425837777625657,0.1586656386238738,0.025174784879921717,0.097849463589011
OBM_RR,3.0,500000,275,-0.0475247431570151,0.108303369795513,0.1104265917954089,0.425,264.2787547777203,0.42803044970833587,0.03976666226973165,0.0475247431570151,0.002258601212140253,0.11056197100765325
OBM_RR,3.0,500000,383,-0.0003484261935744,0.1557263722574556,0.1555318356929462,0.45,366.8905298721239,0.4532746745470173,0.04297146934869776,0.0003484261935744,1.2140081236874525e-07,0.15572649365826796
OBM_RR,3.0,500000,534,0.0135001645341761,0.2157234939740636,0.2156360940490459,0.475,509.34348098871766,0.4786024939512451,0.047273234693139,0.0135001645341761,0.00018225444244982617,0.21590574841651342
OBM_RR,3.0,500000,744,0.0096534583068095,0.2922031940105168,0.291931129275285,0.5,707.1067811865476,0.5038757763878497,0.05085934613092751,0.0096534583068095,9.318925728130934e-05,0.2922963832677981
OBM_RR,3.0,500000,1037,-0.0043463603989595,0.3940424156589022,0.3935687534880462,0.525,981.6558347412624,0.5291796156313349,0.054846435092254495,0.0043463603989595,1.889084871764338e-05,0.39406130650761984
OBM_RR,3.0,500000,1294,-0.0208518894717935,0.481827306987634,0.4816598241484434,0.55,1362.8043225162298,0.5460520539615035,0.05180638251153561,0.0208518894717935,0.00043480129454389254,0.48226210828217786
OBM_RR,3.0,500000,1803,-0.0591771776060419,0.6559139452719348,0.6585959911897618,0.575,1891.9417129104454,0.571330560477613,0.048151718804171274,0.0591771776060419,0.003501938349417027,0.6594158836213518
OBM_RR,3.0,500000,2512,-0.0964990151564251,0.8720981456743483,0.8803200829184152,0.6,2626.5278044037664,0.5966024794793233,0.04458349885450761,0.0964990151564251,0.009312059926159962,0.8814102056005082
OBM_RR,3.0,500000,3501,-0.1438467802965988,1.2369681396395291,1.2561138256666773,0.625,3646.3323686085546,0.6219004676403737,0.040673189923039824,0.1438467802965988,0.02069189620169797,1.257660035841227
OBM_RR,3.0,500000,4878,-0.210599768298386,1.7441531823771523,1.786325253306515,0.65,5062.097465737913,0.6471769097172895,0.03704561653694836,0.210599768298386,0.04435226240733387,1.7885054447844861
OBM_RR,3.0,500000,6798,-0.3169061428788682,2.390611634788315,2.488052873639192,0.675,7027.5630859204075,0.6724690878055513,0.033211549491861156,0.3169061428788682,0.10042950339436163,2.491041138182677
OBM_RR,3.0,500000,9472,-0.4687544748004635,3.2556886983115767,3.4713498450841462,0.7,9756.16199823444,0.6977474326682539,0.029559007059242668,0.4687544748004635,0.21973075764545838,3.4754194559570353
OBM_RR,3.0,500000,13199,-0.6525545392404819,4.482250446375602,4.90247506000099,0.725,13544.196725389875,0.7230325875951858,0.025817100489183478,0.6525545392404819,0.42582742668335766,4.90807787305896
OBM_RR,3.0,500000,18391,-0.8935239733138154,6.085326253664781,6.876104686734206,0.75,18803.015465431967,0.7483115968581989,0.02215583955426555,0.8935239733138154,0.7983850908865079,6.883711344551289
OBM_RR,3.0,1000000,8,-4.736681899697614,0.0001549810828456,22.436310206279487,0.15,7.943282347242814,0.1505149978319906,0.007114957985194869,4.736681899697614,22.436155418922997,22.436310400005844
OBM_RR,3.0,1000000,11,-4.486872671492482,0.0002861718610788,20.13231218433233,0.175,11.220184543019633,0.17356544752637085,0.01981907484537731,4.486872671492482,20.132026370186082,20.13231254204716
OBM_RR,3.0,1000000,15,-4.184843227809985,0.0005148393782496,17.513427037176115,0.2,15.848931924611136,0.19601520984261356,0.055051910490644874,4.184843227809985,17.512912841347095,17.513427680725346
OBM_RR,3.0,1000000,22,-3.7257932140777696,0.0010456155915214,13.88257938263999,0.225,22.387211385683397,0.22373711347036773,0.017447422183645853,3.7257932140777696,13.881535074067957,13.882580689659479
OBM_RR,3.0,1000000,32,-3.1871484704820507,0.0020483559720338,10.159961168423145,0.25,31.622776601683793,0.25085832971998434,0.011858263308657958,3.1871484704820507,10.157915372896076,10.15996372886811
OBM_RR,3.0,1000000,45,-2.6349139211414325,0.0036917064062326,6.946458463598145,0.275,44.668359215096324,0.2755354189625573,0.0073970863301441436,2.6349139211414325,6.942771371824919,6.946463078231152
OBM_RR,3.0,1000000,64,-2.032453344923588,0.0065969468887408,4.13745529999621,0.3,63.095734448019314,0.3010299956639812,0.01422991597038981,2.032453344923588,4.130866599291082,4.137463546179823
OBM_RR,3.0,1000000,91,-1.4426504763853716,0.0113261375731986,2.0925523769161725,0.325,89.12509381337456,0.32650689872018224,0.020818575178460825,1.4426504763853716,2.08124039701494,2.0925665345881383
OBM_RR,3.0,1000000,129,-0.921744291727828,0.0184214023334063,0.8680109149133264,0.35,125.89254117941668,0.3517649517165415,0.024383709074176592,0.921744291727828,0.8496125393328353,0.8680339416662416
OBM_RR,3.0,1000000,184,-0.5043525460160065,0.0293732020523883,0.2837079762226508,0.375,177.82794100389228,0.3774696371682561,0.0341192983723828,0.5043525460160065,0.254371490672828,0.2837446927252163
OBM_RR,3.0,1000000,261,-0.2273618444276479,0.0449859935439318,0.0966231693535442,0.4,251.1886431509581,0.40277341788971355,0.03831618413698343,0.2273618444276479,0.05169340830154197,0.09667940184547377
OBM_RR,3.0,1000000,370,-0.0700962024495872,0.0674843382506608,0.072313460425701,0.425,354.8133892335754,0.4280336206778325,0.041911018503453766,0.0700962024495872,0.004913477597853514,0.07239781584851432
OBM_RR,3.0,1000000,525,-0.0016952391054685,0.0992359114285417,0.0991147403748808,0.45,501.18723362727235,0.4533598839009928,0.04641851150770025,0.0016952391054685,2.8738356247096395e-06,0.09923878526416641
OBM_RR,3.0,1000000,744,0.022162131618904,0.1464185745233651,0.1467267113831045,0.475,707.9457843841377,0.47859548925764644,0.04967351980006198,0.022162131618904,0.0004911600778936244,0.14690973460125872
OBM_RR,3.0,1000000,1055,0.0239718141526878,0.224837152762368,0.225130754195186,0.5,1000.0,0.503875409938952,0.05354076692802976,0.0239718141526878,0.0005746478737710031,0.225411800636139
OBM_RR,3.0,1000000,1497,0.0180223932416652,0.3289136838804082,0.3288273484337148,0.525,1412.5375446227547,0.5292036333905088,0.058075341488384086,0.0180223932416652,0.00032480665815721945,0.3292384905385654
OBM_RR,3.0,1000000,1889,0.0139327902075301,0.4155041138830453,0.4151788563836585,0.55,1995.262314968881,0.546038659653639,0.05472793937884181,0.0139327902075301,0.00019412264296704663,0.41569823652601234
OBM_RR,3.0,1000000,2679,-0.0019801712106612,0.5663262029186387,0.5656222162430139,0.575,2818.382931264452,0.5713287856013681,0.050719701284848255,0.0019801712106612,3.921078023531443e-06,0.5663301239966622
OBM_RR,3.0,1000000,3799,-0.025813797503611,0.7886420890889977,0.7883226386191938,0.6,3981.0717055349714,0.5966115489257867,0.04681318159093857,0.025813797503611,0.0006663521415574335,0.7893084412305551
OBM_RR,3.0,1000000,5388,-0.0556257152988379,1.103763203057199,1.105477719255885,0.625,5623.413251903491,0.6219045978418247,0.042764561197416714,0.0556257152988379,0.0030942202025073685,1.1068574232597064
OBM_RR,3.0,1000000,7640,-0.1091839017077518,1.5470856634069603,1.5570729307198297,0.65,7943.282347242817,0.6471822264292817,0.03892898051621227,0.1091839017077518,0.011921124392128007,1.5590067877990883
OBM_RR,3.0,1000000,10835,-0.1897691531623406,2.1418583415850545,2.175193350150025,0.675,11220.18454301964,0.6724714859426395,0.03493271265542623,0.1897691531623406,0.03601233149195189,2.1778706730770065
OBM_RR,3.0,1000000,15364,-0.2793545939810107,2.983073814470578,3.0573839613807854,0.7,15848.931924611124,0.6977507164155231,0.031075001109195748,0.2793545939810107,0.07803898917829534,3.0611128036488737
OBM_RR,3.0,1000000,21787,-0.4025995241237217,4.174231730457925,4.331100317619499,0.725,22387.21138568339,0.7230329055677136,0.027176413897764564,0.4025995241237217,0.16208637682464716,4.3363181072825725
OBM_RR,3.0,1000000,30894,-0.5981544654308992,5.857609931288125,6.208076683388939,0.75,31622.776601683792,0.7483123570351464,0.023315649199009168,0.5981544654308992,0.3577887645149248,6.215398695803049
OBM_RR,4.0,10000,5,-2.857577430836693,0.0481806524176598,8.213869199829375,0.15,3.9810717055349722,0.1747425010840047,0.22788685663767297,2.857577430836693,8.165748773227236,8.213929425644896
OBM_RR,4.0,10000,5,-2.857577430836693,0.0481806524176598,8.213869199829375,0.175,5.011872336272722,0.1747425010840047,0.002371652661731426,2.857577430836693,8.165748773227236,8.213929425644896
OBM_RR,4.0,10000,6,-2.522659734894157,0.0665234314394824,6.430252415206444,0.2,6.309573444801933,0.19453781259591088,0.050308605167181636,2.522659734894157,6.363812138056259,6.430335569495742
OBM_RR,4.0,10000,8,-1.978432570753128,0.1085210793515576,4.022580865019201,0.225,7.943282347242816,0.22577249674798586,0.007114957985194649,1.978432570753128,3.914195437016831,4.022716516368389
OBM_RR,4.0,10000,10,-1.5636960867869694,0.1554332658689032,2.600384426119448,0.25,10.0,0.25,0.0,1.5636960867869694,2.445145451832881,2.6005787177017843
OBM_RR,4.0,10000,13,-1.1133608778136337,0.2313140555024962,1.4705973571790625,0.275,12.589254117941675,0.2784858380767092,0.032105755168086385,1.1133608778136337,1.239572444245945,1.4708864997484412
OBM_RR,4.0,10000,16,-0.8035270213532737,0.3116707649622269,0.9569368505508876,0.3,15.848931924611133,0.30102999566398114,0.009486610646926505,0.8035270213532737,0.6456556740448643,0.9573264390070912
OBM_RR,4.0,10000,20,-0.5292984226381447,0.4211780691213531,0.7008084167421798,0.325,19.952623149688797,0.32525749891599526,0.002371652661731522,0.5292984226381447,0.2801568202072281,0.7013348893285811
OBM_RR,4.0,10000,25,-0.3217139784028786,0.5555043102913294,0.6583098138032727,0.35,25.118864315095795,0.3494850021680094,0.0047433053234629385,0.3217139784028786,0.10349988389980783,0.6590041941911372
OBM_RR,4.0,10000,32,-0.1689908235263146,0.7349352793179326,0.7625745086548871,0.375,31.622776601683793,0.37628749457997646,0.011858263308657958,0.1689908235263146,0.028557898436102,0.7634931777540346
OBM_RR,4.0,10000,40,-0.0936806402429368,0.9334828234312876,0.9410920322583252,0.4,39.810717055349734,0.40051499783199057,0.004743305323462996,0.0936806402429368,0.008776062356326551,0.9422588857876142
OBM_RR,4.0,10000,51,-0.06372533535158,1.2032569710285457,1.2058138181804312,0.425,50.11872336272722,0.42689254402448407,0.017430974634448308,0.06372533535158,0.004060918365671331,1.207317889394217
OBM_RR,4.0,10000,65,-0.0670047266825299,1.557189322803355,1.5597324695476515,0.45,63.09573444801933,0.4532283391607138,0.02973410250635483,0.0670047266825299,0.004489633397800534,1.5616789562011557
OBM_RR,4.0,10000,82,-0.0878077579580258,1.9948251117953972,2.0000417827632684,0.475,79.43282347242814,0.4784534630959292,0.03180757057556654,0.0878077579580258,0.007710202357615243,2.0025353141530124
OBM_RR,4.0,10000,103,-0.1237424150114998,2.5240268100957937,2.5361839618560515,0.5,100.0,0.503209306176293,0.02955880224154443,0.1237424150114998,0.01531218527287825,2.539338995368672
OBM_RR,4.0,10000,130,-0.17837703306565,3.142167154948204,3.1700578119298224,0.525,125.89254117941675,0.5284858380767091,0.03210575516808617,0.17837703306565,0.031818365925303994,3.1739855208735084
OBM_RR,4.0,10000,165,-0.2746028423561695,3.8295104258407258,3.900130258838512,0.55,158.48931924611142,0.5543709860534765,0.040258269313679595,0.2746028423561695,0.07540672103008728,3.904917146870813
OBM_RR,4.0,10000,192,-0.3521392692143825,4.329437684242359,4.448027952059896,0.575,199.52623149688787,0.5708253071758873,0.03845034185852311,0.3521392692143825,0.12400206492283934,4.453439749165199
OBM_RR,4.0,10000,243,-0.518098782214202,5.226570196250735,5.48846333163726,0.6,251.18864315095797,0.5964015683995779,0.03314277984516098,0.518098782214202,0.26842634813183913,5.494996544382574
OBM_RR,4.0,10000,307,-0.7425499144351146,6.476957313946408,7.020241492731571,0.625,316.22776601683796,0.6217845938692965,0.02961498489791709,0.7425499144351146,0.5513803754275961,7.028337689374004
OBM_RR,4.0,10000,387,-1.0415256830558208,8.103807591337343,9.178453580313064,0.65,398.1071705534973,0.6469277412547279,0.02829654875473716,1.0415256830558208,1.084775748464894,9.188583339802237
OBM_RR,4.0,10000,489,-1.398643034070452,9.660257473673685,11.604384488585392,0.675,501.18723362727246,0.6723272147809051,0.02461726160905168,1.398643034070452,1.9562023367537997,11.616459810427484
OBM_RR,4.0,10000,618,-1.793699690111267,10.86175819539789,14.065539575958896,0.7,630.957344480193,0.6977471187722039,0.02074980292563674,1.793699690111267,3.217358578305255,14.079116773703145
OBM_RR,4.0,10000,780,-2.2724893925174,11.2197484145713,16.369931768157187,0.725,794.3282347242813,0.7230236506726201,0.01820284999909485,2.2724893925174,5.1642080391041025,16.383956453675403
OBM_RR,4.0,10000,984,-2.846677500974807,10.15438460557418,18.245264419373388,0.75,1000.0,0.7482487746078353,0.016129381929883644,2.846677500974807,8.103572794556174,18.25795740013035
OBM_RR,4.0,20000,5,-3.061896817068705,0.0215618930896346,9.396747059098743,0.15,4.417275630574674,0.1625122366132473,0.12391477955368131,3.061896817068705,9.375212118375467,9.396774011465101
OBM_RR,4.0,20000,6,-2.737463867395069,0.0300065238070447,7.5236774409458596,0.175,5.6582254690844485,0.18092207010137693,0.05864914753423278,2.737463867395069,7.493708425293568,7.523714949100613
OBM_RR,4.0,20000,7,-2.4519921843664565,0.0394111603225339,6.051627568566318,0.2,7.247796636776956,0.19648736253088905,0.0347873614519124,2.4519921843664565,6.012265672194187,6.051676832516721
OBM_RR,4.0,20000,9,-1.9776990896880495,0.0605247668586549,3.971742800253021,0.225,9.28392768635557,0.2218637187839495,0.031060121984409494,1.9776990896880495,3.9112936893529398,3.9718184562115946
OBM_RR,4.0,20000,12,-1.4498474683180973,0.0960050926210556,2.197942767643675,0.25,11.89207115002721,0.2509122808107791,0.009034761653968382,1.4498474683180973,2.102057681388396,2.198062774009452
OBM_RR,4.0,20000,15,-1.075633795211334,0.1338622073012346,1.2906829409428473,0.275,15.232923070389067,0.273444096005222,0.015408875845225467,1.075633795211334,1.156988061400738,1.2908502687019725
OBM_RR,4.0,20000,19,-0.7320939416393637,0.1856985582175787,0.7214279744048666,0.3,19.51232399646889,0.29731334174418345,0.02660728659439795,0.7320939416393637,0.5359615393850601,0.7216600976026388
OBM_RR,4.0,20000,25,-0.419627994120991,0.2609741906837454,0.4367356263953968,0.325,24.9939414768837,0.3250244732264946,0.00024237029395886872,0.419627994120991,0.17608765345000646,0.4370618441337518
OBM_RR,4.0,20000,32,-0.2222694271181442,0.3437182109252972,0.3926922613930687,0.35,32.01551545899593,0.34995105354701095,0.0004847405879181659,0.2222694271181442,0.04940369823142802,0.39312190915672524
OBM_RR,4.0,20000,42,-0.0877826058719968,0.4591383783089477,0.4662702412297397,0.375,41.00966752495598,0.377409432632266,0.023861786082320192,0.0877826058719968,0.007705785893678326,0.46684416420262603
OBM_RR,4.0,20000,54,-0.0228850007032352,0.5936321475936761,0.5934138306663711,0.4,52.53055608807536,0.4027857888853264,0.02758902554982295,0.0228850007032352,0.0005237232571870755,0.5941558708508632
OBM_RR,4.0,20000,69,0.0030774047095816,0.7533558051955809,0.7524235808588331,0.425,67.28801986124834,0.4275369138534406,0.025124294769405104,0.0030774047095816,9.470419746555011e-06,0.7533652756153274
OBM_RR,4.0,20000,89,0.0056337838339191,0.968040258424844,0.9668619476221002,0.45,86.19131328547948,0.4532379473312581,0.0320669710908821,0.0056337838339191,3.17395202873282e-05,0.9680719979451313
OBM_RR,4.0,20000,114,-0.0046968331903842,1.2424143288490326,1.2408833711799896,0.475,110.40512859784792,0.4782354118455604,0.032041860939834806,0.0046968331903842,2.206024201829462e-05,1.2424363890910508
OBM_RR,4.0,20000,147,-0.0250883586246368,1.6251003920494154,1.6236984422978316,0.5,141.4213562373095,0.5039065844537528,0.038688810510672314,0.0250883586246368,0.0006294257384783877,1.6257298177878938
OBM_RR,4.0,20000,188,-0.0669107333590268,2.111414739554553,2.1132525173687533,0.525,181.15100497595773,0.5287472655518185,0.0371109977484818,0.0669107333590268,0.004477046238642781,2.115891785793196
OBM_RR,4.0,20000,223,-0.1160987546501148,2.50431463378818,2.5146631613272525,0.55,232.04194526839143,0.5459866277183766,0.03974638243475211,0.1160987546501148,0.01347892083130755,2.517793554619488
OBM_RR,4.0,20000,286,-0.2063130759174338,3.2651490033666173,3.3036326524069217,0.575,297.22973036271696,0.5711111142227308,0.03851353188842065,0.2063130759174338,0.042565085294512806,3.3077140886611303
OBM_RR,4.0,20000,368,-0.3384917320190581,4.244824402730104,4.354095024871953,0.6,380.7307877431756,0.5965658972990746,0.03400959335274568,0.3384917320190581,0.11457665264526183,4.359401055375366
OBM_RR,4.0,20000,472,-0.4969218241136302,5.378090765586919,5.618299451410353,0.625,487.6898840457368,0.6216980586812421,0.03270073474952464,0.4969218241136302,0.2469312992804176,5.625022064867336
OBM_RR,4.0,20000,607,-0.740738478942589,6.607692725575941,7.14812660385515,0.65,624.6971105498872,0.6470981820357188,0.028738118088985083,0.740738478942589,0.5486934941861804,7.156386219762121
OBM_RR,4.0,20000,780,-1.020128313273637,8.201162168585391,9.231572491417175,0.675,800.1939197344099,0.6724190730141623,0.025560178278249395,1.020128313273637,1.0406617755425156,9.241823944127907
OBM_RR,4.0,20000,1002,-1.3467123778014418,9.860758481661046,11.66206676208258,0.7,1024.993230105207,0.6977090893475533,0.022688005130478982,1.3467123778014418,1.8136342285236133,11.674392710184659
OBM_RR,4.0,20000,1287,-1.705331717959779,11.400650818276327,14.29455627303313,0.725,1312.9456446135114,0.7229846222972781,0.019959267992566036,1.705331717959779,2.908156268279651,14.308807086555978
OBM_RR,4.0,20000,1653,-2.173227345508845,11.960089244283672,16.668056227995738,0.75,1681.792830507429,0.7482563146074083,0.01726856658107176,2.173227345508845,4.72291709526742,16.683006339551092
OBM_RR,4.0,30000,5,-3.223262710552956,0.0132742072503625,10.402680115732483,0.15,4.694271328870265,0.15612040964921,0.06309501333745664,3.223262710552956,10.38942250124119,10.402696708491552
OBM_RR,4.0,30000,6,-2.909717401183088,0.0185003146774839,8.4849325440318,0.175,6.074299753156561,0.17380615938497024,0.012307246384696045,2.909717401183088,8.466455354747664,8.484955669425148
OBM_RR,4.0,30000,8,-2.38278171495009,0.0306887152269414,5.708299055433399,0.2,7.860030855966229,0.2017122020181897,0.01765100955097741,2.38278171495009,5.677648701100491,5.708337416327432
OBM_RR,4.0,30000,10,-1.962894485930457,0.0446903778951096,3.8975892778189336,0.225,10.170733675867188,0.22335781032193994,0.016929255650920155,1.962894485930457,3.852954762896193,3.8976451407913024
OBM_RR,4.0,30000,13,-1.4819428857218977,0.0680402418936369,2.2641099081330154,0.25,13.160740129524925,0.24880794799393632,0.012288807699536324,1.4819428857218977,2.1961547165417454,2.2641949584353824
OBM_RR,4.0,30000,17,-1.034102249710083,0.1018676832768686,1.1711078115282283,0.275,17.029752845447483,0.2748303767920441,0.0017486376209645733,1.034102249710083,1.0693674628554546,1.1712351461323232
OBM_RR,4.0,30000,22,-0.6714680689698147,0.1472241057365048,0.5979094432503863,0.3,22.036183309053403,0.29984059051495643,0.0016433448349718553,0.6714680689698147,0.45086936764605184,0.5980934733825567
OBM_RR,4.0,30000,29,-0.3747136612284771,0.2146266206680031,0.3547686653034184,0.325,28.514411174206582,0.3266380146298997,0.016886215277078766,0.3747136612284771,0.1404103279112499,0.355036948579253
OBM_RR,4.0,30000,37,-0.1935351339179645,0.2913369215109109,0.3284285984196662,0.35,36.89711749119786,0.350270103230695,0.00278448141872228,0.1935351339179645,0.037455848060644455,0.32879276957155534
OBM_RR,4.0,30000,49,-0.0685976262656939,0.4001519315384911,0.4043573759533559,0.375,47.74418348819862,0.37751849544989513,0.02596305036901687,0.0685976262656939,0.004705634329287819,0.40485756586777893
OBM_RR,4.0,30000,63,-0.0191318678434955,0.522042720932983,0.5217561958989978,0.4,61.78008505674121,0.40189676514942824,0.019553662133815528,0.0191318678434955,0.00036602836718097715,0.522408749300164
OBM_RR,4.0,30000,82,-0.0126096015916816,0.6775800949234908,0.6768921218571374,0.425,79.94228052013091,0.4274652714322233,0.025414366490428865,0.0126096015916816,0.00015900205230093913,0.6777390969757917
OBM_RR,4.0,30000,107,-0.039516004069882,0.8777539462481998,0.8782182683930404,0.45,103.44382350541889,0.4532787168866349,0.03380013717197439,0.039516004069882,0.001561514577650931,0.8793154608258508
OBM_RR,4.0,30000,138,-0.0808988472869893,1.1178368579309983,1.1229841853509483,0.475,133.85438283469583,0.4779587070922935,0.03050117135116586,0.0808988472869893,0.006544623492363616,1.124381481423362
OBM_RR,4.0,30000,180,-0.1175905785745135,1.437587059162165,1.4496176195077004,0.5,173.20508075688772,0.5037327284191505,0.03848052056806427,0.1175905785745135,0.013827544169488832,1.4514146033316537
OBM_RR,4.0,30000,234,-0.1709544756452041,1.8135246098708044,1.8404831368515928,0.525,224.12415166897196,0.529182866091147,0.043120968519447564,0.1709544756452041,0.029225432743126684,1.8427500426139312
OBM_RR,4.0,30000,278,-0.2086618386190615,2.1247744640208603,2.165658258836722,0.55,290.0124819770266,0.545896493944994,0.042302849663724225,0.2086618386190615,0.04353976289588727,2.1683142269167477
OBM_RR,4.0,30000,361,-0.2785455065085642,2.728236250867766,2.802413554750294,0.575,375.27075541015427,0.5712392085002391,0.03876982153758678,0.2785455065085642,0.07758759919611258,2.8058238500638786
OBM_RR,4.0,30000,469,-0.3853355702389596,3.5241400825137523,3.668218409101994,0.6,485.59337483020374,0.5966273171402726,0.03476882794029588,0.3853355702389596,0.14848350169138416,3.6726235842051365
OBM_RR,4.0,30000,608,-0.5280718992521525,4.511082262113302,4.784303340065436,0.625,628.3487915845369,0.6218066076137692,0.03292053093651589,0.5280718992521525,0.2788599307797755,4.789942192893077
OBM_RR,4.0,30000,789,-0.6876777539630154,5.768277416714368,6.233967763239092,0.65,813.0716446117171,0.6470847757709037,0.030052908572916048,0.6876777539630154,0.4729006932956176,6.241178110009986
OBM_RR,4.0,30000,1025,-0.8967633294524964,7.334470512763141,8.129486893672913,0.675,1052.099579287026,0.6724686900579134,0.02609515436238934,0.8967633294524964,0.8041844690507265,8.138654981813868
OBM_RR,4.0,30000,1330,-1.2087064742978155,8.880882842498105,10.33075307995444,0.7,1361.3972791592591,0.697736662297007,0.02333264123520476,1.2087064742978155,1.4609713410094558,10.34185418350756
OBM_RR,4.0,30000,1726,-1.5628833568218503,10.71667986097797,13.145888398182484,0.725,1761.6227476853735,0.7230183430852556,0.02042880732373851,1.5628833568218503,2.4426043870307352,13.159284248008706
OBM_RR,4.0,30000,2240,-2.0158316282128723,12.272152524076812,16.32038948672508,0.75,2279.5070569547775,0.748304061410537,0.017483350634133744,2.0158316282128723,4.06357715330336,16.335729677380172
OBM_RR,4.0,50000,5,-3.4622295125565405,0.0067940027315226,11.99381870784561,0.15,5.068103794729894,0.14874962038298556,0.013528830227442057,3.4622295125565405,11.9870331976175,11.993827200349022
OBM_RR,4.0,50000,7,-2.902895278912057,0.0126014255558357,8.439386674103798,0.175,6.6423193338963555,0.17984750684393275,0.052448949283514026,2.902895278912057,8.42680100032991,8.439402425885746
OBM_RR,4.0,50000,9,-2.447202920088299,0.0195802195665138,6.008357876380756,0.2,8.705505632961243,0.20307482460172946,0.033268920454162604,2.447202920088299,5.988802132088699,6.008382351655213
OBM_RR,4.0,50000,11,-2.0732102560280508,0.0274281635318113,4.325594644027292,0.225,11.409543040000797,0.22162147964283027,0.03655484119394312,2.0732102560280508,4.298200765699896,4.325628929231708
OBM_RR,4.0,50000,15,-1.507196178837309,0.0448882414939751,2.3164724526938945,0.25,14.953487812212206,0.2502870326838503,0.003105629999639262,1.507196178837309,2.2716403215017853,2.3165285629957606
OBM_RR,4.0,50000,19,-1.111892672073722,0.0638546333427005,1.3000801292622637,0.275,19.598225535066074,0.27213487206192993,0.031000049046387677,1.111892672073722,1.2363053142112417,1.3001599475539423
OBM_RR,4.0,50000,26,-0.6722088570320413,0.0988659915865645,0.5506071565694051,0.3,25.685676074155552,0.3011241499020292,0.012163052698397134,0.6722088570320413,0.4518647474723233,0.5507307390588878
OBM_RR,4.0,50000,34,-0.3913317114215529,0.1405158274576105,0.2934806910374107,0.325,33.66396382192787,0.3259180023769185,0.009932582182819337,0.3913317114215529,0.15314050836412155,0.293656335821732
OBM_RR,4.0,50000,45,-0.192586135803995,0.1990473956510396,0.235888006110391,0.35,44.12040613345333,0.351824444984715,0.019740090226720956,0.192586135803995,0.03708941970391481,0.2361368153549544
OBM_RR,4.0,50000,59,-0.0777797054182354,0.2727696431865336,0.2784783637074978,0.375,57.824748377162095,0.37685961178898225,0.020120587251863165,0.0777797054182354,0.006049682574947477,0.27881932576148105
OBM_RR,4.0,50000,78,-0.0178242069681457,0.3671087750383662,0.3669675914236115,0.4,75.78582832551992,0.4026615622028939,0.028797512925478264,0.0178242069681457,0.00031770235404329376,0.36742647739240947
OBM_RR,4.0,50000,102,0.0040450253374118,0.4804376769084193,0.479853492042264,0.425,99.32584120424065,0.42745541467778314,0.02656704240990083,0.0040450253374118,1.6362229980303444e-05,0.4804540391383996
OBM_RR,4.0,50000,135,0.0020478660018508,0.637708945702959,0.6369160032759917,0.45,130.17767238163063,0.45336185728557976,0.03637455045380198,0.0020478660018508,4.193755161536381e-06,0.6377131394581206
OBM_RR,4.0,50000,177,-0.0184830361057874,0.8472854606821653,0.8465679764800004,0.475,170.61246279156248,0.4783970240898469,0.03675504747894491,0.0184830361057874,0.0003416226236878407,0.8476270833058531
OBM_RR,4.0,50000,233,-0.0619348536201425,1.1204277869440895,1.122863178303358,0.5,223.60679774997897,0.5038031566154964,0.0411493113605591,0.0619348536201425,0.0038359260929484783,1.124263713037038
OBM_RR,4.0,50000,306,-0.116796313200516,1.4743213032867082,1.4861197804348325,0.525,293.06182667959655,0.5289928269786479,0.043201502636982046,0.116796313200516,0.013641378777233029,1.4879626820639411
OBM_RR,4.0,50000,368,-0.1635966365208627,1.753542473345937,1.7781144047351938,0.55,384.09044412331593,0.5460447324213301,0.042795118256725266,0.1635966365208627,0.02676385948093927,1.7803063328268762
OBM_RR,4.0,50000,483,-0.26421633429766,2.2695669377294503,2.336540250366981,0.575,503.39367272195074,0.5711777534810553,0.04135585988333955,0.26421633429766,0.06981027130969282,2.339377209039143
OBM_RR,4.0,50000,636,-0.393726438849403,2.9467548060800413,3.098091871221474,0.6,659.7539553864469,0.5966109834839332,0.03666840730604748,0.393726438849403,0.1550205086490327,3.101775314729074
OBM_RR,4.0,50000,836,-0.5491411888429001,3.742929364678613,4.039806748256558,0.625,864.6816701021309,0.6218823007472963,0.033732814671725286,0.5491411888429001,0.30155604528379365,4.044485409962406
OBM_RR,4.0,50000,1099,-0.7364193925749367,4.714866605310183,5.251286543813985,0.65,1133.2624602040687,0.6471626100224903,0.030699930463062935,0.7364193925749367,0.5423135217604388,5.2571801270706215
OBM_RR,4.0,50000,1445,-0.9600692964509214,5.88658720735021,6.80096202732879,0.675,1485.2677558853384,0.6724596760942864,0.027485741430409077,0.9600692964509214,0.9217330539877673,6.808320261337977
OBM_RR,4.0,50000,1899,-1.209192517928643,7.399938087343536,8.852834710148969,0.7,1946.610237380866,0.6977114052040613,0.024762088274911827,1.209192517928643,1.4621465454146114,8.862084632758148
OBM_RR,4.0,50000,2497,-1.4928561916265712,9.193069087344483,11.410197359863094,0.725,2551.251382965138,0.7230134559736172,0.02149396591768188,1.4928561916265712,2.22861960887779,11.421688696222272
OBM_RR,4.0,50000,3283,-1.8767128577378545,10.46615003155453,13.975118494413673,0.75,3343.7015248821103,0.7483067309399014,0.018320795806119707,1.8767128577378545,3.5220511503985845,13.988201181953116
OBM_RR,4.0,100000,6,-3.570296902157969,0.0039394581168885,12.750954503353034,0.15,5.62341325190349,0.15563025007672873,0.06482064948252075,3.570296902157969,12.74701996955879,12.75095942767568
OBM_RR,4.0,100000,8,-3.116069840143349,0.0066828030220477,9.71656569816927,0.175,7.498942093324557,0.18061799739838869,0.06467958531004617,3.116069840143349,9.709891248650997,9.716574051673046
OBM_RR,4.0,100000,10,-2.7307564659403973,0.0099365494427669,7.466955005031251,0.2,10.000000000000002,0.2,2.2204460492503136e-16,2.7307564659403973,7.457030876275288,7.466967425718055
OBM_RR,4.0,100000,13,-2.2555800513165454,0.0155804202281348,5.103202312600001,0.225,13.335214321633241,0.22278867046136736,0.02545887215676478,2.2555800513165454,5.08764136789715,5.103221788125285
OBM_RR,4.0,100000,18,-1.665867222708001,0.0264219930896598,2.801502569291168,0.25,17.78279410038923,0.2510545010206612,0.012140391653607661,1.665867222708001,2.7751136036928683,2.801535596782528
OBM_RR,4.0,100000,24,-1.1819023080857738,0.0409119251795752,1.4377538511315808,0.275,23.71373705661656,0.2760422483423212,0.011999327481132619,1.1819023080857738,1.3968930658584793,1.4378049910380544
OBM_RR,4.0,100000,32,-0.7674309530118997,0.0614699398284043,0.6503433700443715,0.3,31.62277660168379,0.3010299956639812,0.011858263308658178,0.7674309530118997,0.5889502676407525,0.6504202074691569
OBM_RR,4.0,100000,43,-0.4373496561053116,0.0898831933746224,0.2810455610783385,0.325,42.16965034285823,0.3266936911159173,0.019499339578238004,0.4373496561053116,0.19127472169543433,0.2811579150700567
OBM_RR,4.0,100000,57,-0.2171643646959129,0.1240954279967714,0.1711006700055551,0.35,56.234132519034894,0.3511749711344983,0.013527355094970562,0.2171643646959129,0.047160361293779464,0.17125578929055085
OBM_RR,4.0,100000,77,-0.0742797069146687,0.1696398544901196,0.1749452795313361,0.375,74.98942093324558,0.3772981450344964,0.026458372489848083,0.0742797069146687,0.0055174748593290815,0.17515732934944866
OBM_RR,4.0,100000,103,-0.0085872825771966,0.229122404295066,0.2289097427117579,0.4,100.00000000000003,0.40256744494103447,0.029558802241544214,0.0085872825771966,7.374142206062427e-05,0.22919614571712663
OBM_RR,4.0,100000,138,0.012992422566552,0.3064125353051513,0.3061983226801677,0.425,133.3521432163324,0.4279758172802473,0.034260362544857766,0.012992422566552,0.00016880304414784966,0.3065813383492991
OBM_RR,4.0,100000,184,0.0011290903569287,0.415127878426996,0.4146102434239964,0.45,177.8279410038923,0.4529635646019073,0.03411929837238258,0.0011290903569287,1.2748450341093792e-06,0.4151291532720301
OBM_RR,4.0,100000,247,-0.0252013452670363,0.5735534242510704,0.5734715902740248,0.475,237.13737056616546,0.4785393906519332,0.04074874076711888,0.0252013452670363,0.0006351078032683729,0.5741885320543387
OBM_RR,4.0,100000,330,-0.0701265109512387,0.77859279506845,0.7825372816128087,0.5,316.22776601683796,0.5037027879755774,0.04262992197541153,0.0701265109512387,0.004917727538194201,0.7835105226066442
OBM_RR,4.0,100000,442,-0.124062042281964,1.0277198063346509,1.0418265469119043,0.525,421.69650342858233,0.5290844538698184,0.04702401296832797,0.124062042281964,0.015391390335171824,1.0431111966698228
OBM_RR,4.0,100000,537,-0.157025361044794,1.2361427930423174,1.2592545785622624,0.55,562.3413251903494,0.5459948571399111,0.04611091122476142,0.157025361044794,0.02465696401124791,1.2607997570535654
OBM_RR,4.0,100000,719,-0.2276774479054681,1.6980133706533462,1.7477278742247773,0.575,749.8942093324555,0.5713457780765765,0.04207078463683416,0.2276774479054681,0.05183702028474714,1.7498503909380934
OBM_RR,4.0,100000,961,-0.3200831058046738,2.336210511802016,2.4357434432838287,0.6,999.9999999999998,0.5965446775337091,0.03978087001184436,0.3200831058046738,0.102453194621566,2.4386637064235823
OBM_RR,4.0,100000,1286,-0.4383104112743394,3.1153088700595792,3.303530750603485,0.625,1333.521432163324,0.6218481937176407,0.036286510808828144,0.4383104112743394,0.19211601663148054,3.30742488669106
OBM_RR,4.0,100000,1721,-0.5895126663567725,4.058065842585103,4.400518444076942,0.65,1778.2794100389233,0.6471561740655121,0.03274075601910928,0.5895126663567725,0.3475251837950713,4.405591026380175
OBM_RR,4.0,100000,2303,-0.7575773923789022,5.138046593563183,5.705547540764846,0.675,2371.3737056616565,0.6724587875928463,0.02925678903421948,0.7575773923789022,0.5739235054436171,5.7119700990068
OBM_RR,4.0,100000,3081,-0.9893444232101372,6.55856860680085,7.529172783779346,0.7,3162.2776601683777,0.697738339663388,0.026038326882491435,0.9893444232101372,0.978802387736999,7.537370994537849
OBM_RR,4.0,100000,4122,-1.3122112240421675,8.114167844834073,9.825923431530274,0.725,4216.965034285821,0.7230215974886388,0.022777200653010976,1.3122112240421675,1.7218982965022436,9.836066141336318
OBM_RR,4.0,100000,5515,-1.736670227622854,9.55684380500746,12.560921229762815,0.75,5623.413251903491,0.7483091033552419,0.019467167040068557,1.736670227622854,3.016023479511616,12.572867284519077
OBM_RR,4.0,200000,6,-3.989865965223327,0.0016469113619627,15.920675273170229,0.15,6.239567673133879,0.1467924631666183,0.039151427601471,3.989865965223327,15.919030420447472,15.920677331809435
OBM_RR,4.0,200000,8,-3.605533273893085,0.0028249303495329,13.00269158833678,0.175,8.466038697065802,0.17036122937063797,0.05662117128794421,3.605533273893085,12.999870189150188,13.002695119499721
OBM_RR,4.0,200000,11,-3.114823547395141,0.0050297151898754,9.707149159453138,0.2,11.486983549970352,0.19645100782490202,0.04331925630766445,3.114823547395141,9.702125731407252,9.707155446597127
OBM_RR,4.0,200000,15,-2.585945090855776,0.0085925770811484,6.695693849280884,0.225,15.585895103813016,0.22186089496148376,0.03831614414207903,2.585945090855776,6.687112012921087,6.695704590002236
OBM_RR,4.0,200000,21,-1.987066998455326,0.0148705085186377,3.963287176733246,0.25,21.147425268811283,0.24942686531022062,0.006995723659120484,1.987066998455326,3.9484352563502583,3.963305764868896
OBM_RR,4.0,200000,29,-1.4304580169761243,0.0243516913701179,2.070531390087172,0.275,28.69348167180654,0.2758705381963762,0.010625852465675911,1.4304580169761243,2.046210138331266,2.0705618297013837
OBM_RR,4.0,200000,39,-0.9739252072614564,0.0373683160058928,0.9858519149501568,0.3,38.932204747617334,0.30014253990789014,0.0017398524705943795,0.9739252072614564,0.9485303093392707,0.9858986253451636
OBM_RR,4.0,200000,54,-0.5680373647284274,0.0571138421677009,0.3797088975926081,0.325,52.82442137371227,0.32680323658609617,0.022010436766967692,0.5680373647284274,0.32266644772761643,0.3797802898953173
OBM_RR,4.0,200000,73,-0.2969581462908213,0.0803383164788541,0.1684220342317358,0.35,71.67381122021563,0.3515020404797889,0.0183340152128306,0.2969581462908213,0.08818414064848082,0.16852245712733493
OBM_RR,4.0,200000,100,-0.1177332591610733,0.1116262876163351,0.1253478750695032,0.375,97.2492472466073,0.3772851694172483,0.027892943914276245,0.1177332591610733,0.01386112031268845,0.12548740792902355
OBM_RR,4.0,200000,136,-0.0262235438872648,0.1550803239550428,0.1555741478041064,0.4,131.95079107728947,0.40247629425137427,0.030225827523982264,0.0262235438872648,0.0006876742540073029,0.1557679982090501
OBM_RR,4.0,200000,185,0.0083997326534808,0.2140100250461923,0.2138130680235345,0.425,179.0349206690635,0.4276851348242633,0.03277495072800116,0.0083997326534808,7.055550864995162e-05,0.21408058055484225
OBM_RR,4.0,200000,253,0.0104595842330086,0.3014081754455322,0.3011408181285527,0.45,242.92012618706255,0.45333086648094223,0.04065679823894197,0.0104595842330086,0.0001094029023274021,0.30151757834785964
OBM_RR,4.0,200000,344,-0.0070842851472479,0.4179424662768962,0.4174702252900976,0.475,329.6015519554173,0.47850294087117556,0.04275715074656621,0.0070842851472479,5.0187096047517195e-05,0.4179926533729437
OBM_RR,4.0,200000,469,-0.0266144012446867,0.5766002337737396,0.5765878098351357,0.5,447.21359549995793,0.5038969492532565,0.04756644568119249,0.0266144012446867,0.0007083263536131811,0.5773085601273528
OBM_RR,4.0,200000,638,-0.0396137507722818,0.7730708934882599,0.7736738041216481,0.525,606.793259356535,0.5291086224781575,0.05015014444144839,0.0396137507722818,0.0015692492502484567,0.7746401427385083
OBM_RR,4.0,200000,784,-0.0454974592945367,0.9451599083449614,0.9460484772617884,0.55,823.315890450298,0.5459912630284807,0.048930934691188276,0.0454974592945367,0.0020700188022580238,0.9472299271472194
OBM_RR,4.0,200000,1068,-0.0488849712325585,1.2932696639889187,1.2940428173213403,0.575,1117.1005033687768,0.571317509082156,0.04494875165970911,0.0488849712325585,0.002389740412408072,1.2956594044013268
OBM_RR,4.0,200000,1454,-0.0671094714314559,1.8466411861954963,1.8488365658685613,0.6,1515.7165665103976,0.5965943239539983,0.0415699292246392,0.0671094714314559,0.004503681155809396,1.8511448673513058
OBM_RR,4.0,200000,1980,-0.121168744445681,2.5620582630886664,2.5735375548903483,0.625,2056.5711885957794,0.6218914424098834,0.0379432797677777,0.121168744445681,0.014681864630542751,2.576740127719209
OBM_RR,4.0,200000,2696,-0.2098954925340797,3.4742375002592354,3.513950821170035,0.65,2790.4194934675093,0.6471798670578107,0.03442274756241545,0.2098954925340797,0.0440561177861239,3.5182936180453592
OBM_RR,4.0,200000,3671,-0.3363202905423286,4.7130454294549615,4.820265460498621,0.675,3786.1276053565794,0.6724701402217739,0.0308796522360335,0.3363202905423286,0.11311133783047632,4.826156767285438
OBM_RR,4.0,200000,4998,-0.5449057320618165,6.005240581938291,6.294656288044693,0.7,5137.135214831108,0.697750485248318,0.027457740476223298,0.5449057320618165,0.2969222568338241,6.302162838772115
OBM_RR,4.0,200000,6804,-0.8114417847350239,7.599253139847668,8.24819184343682,0.725,6970.224188461407,0.723022565062935,0.024136714493623312,0.8114417847350239,0.6584377700139609,8.257690909861628
OBM_RR,4.0,200000,9264,-1.1574950602134466,9.203557184188057,10.53184755212635,0.75,9457.416090031758,0.7483071308081702,0.02066328433485381,1.1574950602134466,1.3397948144185303,10.543351998606587
OBM_RR,4.0,300000,7,-4.049381361895165,0.0011824933953682,16.39867042934256,0.15,6.630834496675398,0.15429602535931292,0.054179486009562565,4.049381361895165,16.39748941406394,16.39867190745931
OBM_RR,4.0,300000,9,-3.730023209405622,0.0019012602086547,13.914972026338011,0.175,9.088583876478463,0.17422336754313217,0.009794529550489707,3.730023209405622,13.913073142704615,13.91497440291327
OBM_RR,4.0,300000,12,-3.3125396720980347,0.0032248856771437,10.976139933793402,0.2,12.457309396155175,0.1970343901219439,0.0374009009396674,3.3125396720980347,10.972919079223356,10.9761439649005
OBM_RR,4.0,300000,17,-2.7457099413673003,0.0059428582612663,7.544858511811665,0.225,17.074668562300275,0.22465248880842104,0.004382650512410136,2.7457099413673003,7.538923082123223,7.54486594038449
OBM_RR,4.0,300000,23,-2.2219491969775467,0.0097827896528745,4.946828795114972,0.25,23.40347319320716,0.24862108627669788,0.017390222480434793,2.2219491969775467,4.937058233949164,4.946841023602039
OBM_RR,4.0,300000,32,-1.6524754198414038,0.0162498287960229,2.746904529690052,0.275,32.07807844156349,0.27480676587594455,0.0024369794508166966,1.6524754198414038,2.7306750131800235,2.7469248419760466
OBM_RR,4.0,300000,44,-1.1467061474211755,0.0256545674963797,1.3405574878205238,0.3,43.967966122300474,0.3000577493277178,0.0007283078267599157,1.1467061474211755,1.3149349885335146,1.3405895560298944
OBM_RR,4.0,300000,61,-0.7103117877399194,0.0396659297420837,0.5441591831321864,0.325,60.26489549408122,0.3259613493990734,0.012124094240851247,0.7103117877399194,0.5045428358022803,0.544208765544364
OBM_RR,4.0,300000,84,-0.3873457719920177,0.0589397057321791,0.2089027781801065,0.35,82.60235687978427,0.3513304154812568,0.01677858506989557,0.3873457719920177,0.15003674708009215,0.20897645281227126
OBM_RR,4.0,300000,116,-0.1680689587320873,0.0857759111782032,0.1139158661785183,0.375,113.21930132219957,0.37692391554194,0.02426353349198794,0.1680689587320873,0.028247174889288063,0.11402308606749126
OBM_RR,4.0,300000,160,-0.0358703097566293,0.1225971193121468,0.1237305520350432,0.4,155.184557391536,0.40242307594644244,0.03055871377849144,0.0358703097566293,0.001286679122036535,0.12388379843418333
OBM_RR,4.0,300000,221,0.0355923004604008,0.1717995745240841,0.1728516369079925,0.425,212.7044291173785,0.4280336630606701,0.038259156221459326,0.0355923004604008,0.001266811852063447,0.17306638637614755
OBM_RR,4.0,300000,304,0.0652235135817598,0.2362742686829851,0.2402330325710813,0.45,291.5443065124053,0.45331725702973064,0.041835712268969476,0.0652235135817598,0.0042541067239500055,0.2405283754069351
OBM_RR,4.0,300000,418,0.0730272506115721,0.3289443440248819,0.3338661429267362,0.475,399.60654798069135,0.4785682404815038,0.045000999546545954,0.0730272506115721,0.005332979331885358,0.33427732335676724
OBM_RR,4.0,300000,575,0.0700779186301421,0.4579770070731491,0.4623154504938405,0.5,547.7225575051662,0.5038537064176937,0.04860116397818126,0.0700779186301421,0.004910914679532816,0.4628879217526819
OBM_RR,4.0,300000,791,0.0631948637541066,0.6401952637872708,0.6433886105124367,0.525,750.7384488967276,0.5291422900306075,0.05224064710752604,0.0631948637541066,0.003993590804900096,0.6441888545921709
OBM_RR,4.0,300000,979,0.055668897221115,0.8019333706938573,0.804029980098305,0.55,1029.0031165031005,0.546050115145062,0.0498141219705762,0.055668897221115,0.003099026117815066,0.8050323968116724
OBM_RR,4.0,300000,1346,0.0327641317481619,1.119633782018877,1.1193077281205646,0.575,1410.4078661871597,0.5712937352248034,0.04674169813737074,0.0327641317481619,0.0010734883292109107,1.120707270348088
OBM_RR,4.0,300000,1852,-0.0027543980434252,1.5706221908332636,1.5686664998033035,0.6,1933.1820449317622,0.5965982548825578,0.04290123697687787,0.0027543980434252,7.58670858162457e-06,1.5706297775418452
OBM_RR,4.0,300000,2548,-0.0450773363457646,2.1807186542656782,2.180024722199875,0.625,2649.7248834477414,0.6218959313212528,0.03914707933190723,0.0450773363457646,0.00203196625202919,2.1827506205177074
OBM_RR,4.0,300000,3505,-0.0991882235551324,3.010034884390936,3.016110644477469,0.65,3631.857628912531,0.6471808560469977,0.03555374039622957,0.0991882235551324,0.009838303692022923,3.019873188082959
OBM_RR,4.0,300000,4821,-0.1850407390560979,4.112895280749128,4.141994236758619,0.675,4978.022404925004,0.6724585708795893,0.03205132930025654,0.1850407390560979,0.03424007511042692,4.147135355859555
OBM_RR,4.0,300000,6632,-0.3454860363455054,5.519668512742812,5.63212952841161,0.7,6823.149362095244,0.697746925768548,0.028414730731705265,0.3454860363455054,0.11936060130972788,5.63902911405254
OBM_RR,4.0,300000,9123,-0.590634959106012,7.359001804138485,7.698652706801472,0.725,9352.18113349616,0.723032682807839,0.02481089504232051,0.590634959106012,0.3488496549181605,7.707851459056645
OBM_RR,4.0,300000,12549,-0.9389107321195702,9.853571566526286,10.722807964957434,0.75,12818.610191887023,0.7483144755593097,0.021257055118445577,0.9389107321195702,0.8815533628893073,10.735124929415594
OBM_RR,4.0,500000,7,-4.3426624958765725,0.0005233029765165,18.85924020194073,0.15,7.158886890101028,0.1482896101174897,0.022444357555335966,4.3426624958765725,18.85871755309294,18.85924085606946
OBM_RR,4.0,500000,9,-4.074186313105888,0.0008456873628956,16.59983874415304,0.175,9.938475026541154,0.16744122336374762,0.09918901370953807,4.074186313105888,16.598994113899348,16.599839801262245
OBM_RR,4.0,500000,13,-3.6051368360749247,0.0016802468429327,12.9986897533587,0.2,13.79729661461215,0.1954639788346493,0.05952331801932924,3.6051368360749247,12.99701160682432,12.998691853667252
OBM_RR,4.0,500000,19,-3.0335830432413133,0.0033328792821857,9.205954793424311,0.225,19.154386700495632,0.2243832832915244,0.008092780749533634,3.0335830432413133,9.202626080241227,9.205958959523413
OBM_RR,4.0,500000,26,-2.5121857719789733,0.0057060220078289,6.316776242413911,0.25,26.591479484724942,0.24828580373194561,0.02249430632960012,2.5121857719789733,6.31107735293359,6.316783374941419
OBM_RR,4.0,500000,37,-1.9072542837683335,0.0100166499534067,3.647623032093626,0.275,36.91617968474297,0.27517283348988336,0.002267983858033839,1.9072542837683335,3.6376189029526587,3.6476355529060656
OBM_RR,4.0,500000,52,-1.350412505292338,0.0165403101953049,1.8401335692574896,0.3,51.24966150526037,0.30110762862924195,0.014534705360128823,1.350412505292338,1.8236139344499285,1.8401542446452335
OBM_RR,4.0,500000,73,-0.8691679108756434,0.0263372590637766,0.7817571947858769,0.325,71.14841857510196,0.32695782899414466,0.025691343491984212,0.8691679108756434,0.7554528572959304,0.781790116359707
OBM_RR,4.0,500000,101,-0.5098351358833657,0.0403015120012365,0.3001830008924452,0.35,98.77328585318219,0.351698881071083,0.022293334749744584,0.5098351358833657,0.25993186578120997,0.30023337778244646
OBM_RR,4.0,500000,141,-0.2557221924756261,0.0615123749444505,0.1268293242003113,0.375,137.12408783810366,0.3771241313816642,0.027873623851545,0.2557221924756261,0.06539383972454117,0.12690621466899166
OBM_RR,4.0,500000,197,-0.1025477856912173,0.091915864757187,0.1023170182764125,0.4,190.3653938715879,0.4026106865654435,0.03425837777625657,0.1025477856912173,0.01051604835017183,0.10243191310735883
OBM_RR,4.0,500000,275,-0.0253488128860555,0.1336001196319487,0.134075681797141,0.425,264.2787547777203,0.42803044970833587,0.03976666226973165,0.0253488128860555,0.0006425623147322534,0.13424268194668096
OBM_RR,4.0,500000,383,0.0046388506765522,0.1860390438042987,0.1858280139351427,0.45,366.8905298721239,0.4532746745470173,0.04297146934869776,0.0046388506765522,2.15189355993488e-05,0.18606056273989804
OBM_RR,4.0,500000,534,0.0097545346219636,0.2527445396140638,0.2525237598852373,0.475,509.34348098871766,0.4786024939512451,0.047273234693139,0.0097545346219636,9.515094569108654e-05,0.25283969055975486
OBM_RR,4.0,500000,744,0.0004266783873214,0.3422766409399448,0.3418489771932161,0.5,707.1067811865476,0.5038757763878497,0.05085934613092751,0.0004266783873214,1.8205444620719064e-07,0.342276822994391
OBM_RR,4.0,500000,1037,-0.0234227083256728,0.463182558566892,0.463152203633993,0.525,981.6558347412624,0.5291796156313349,0.054846435092254495,0.0234227083256728,0.000548623265309542,0.4637311818322015
OBM_RR,4.0,500000,1294,-0.0463662339395227,0.5686867803807332,0.5701257495549918,0.55,1362.8043225162298,0.5460520539615035,0.05180638251153561,0.0463662339395227,0.002149827649734547,0.5708366080304678
OBM_RR,4.0,500000,1803,-0.0816965332560579,0.7562939982430634,0.7620229542913178,0.575,1891.9417129104454,0.571330560477613,0.048151718804171274,0.0816965332560579,0.006674323546058175,0.7629683217891216
OBM_RR,4.0,500000,2512,-0.1240241951599747,1.0529586542600802,1.0670244569273344,0.6,2626.5278044037664,0.5966024794793233,0.04458349885450761,0.1240241951599747,0.015382000985079494,1.0683406552451598
OBM_RR,4.0,500000,3501,-0.1854753476000796,1.492895990787929,1.525430975366814,0.625,3646.3323686085546,0.6219004676403737,0.040673189923039824,0.1854753476000796,0.034401104567370354,1.5272970953552993
OBM_RR,4.0,500000,4878,-0.2795989877406457,2.04628613209878,2.121903868379251,0.65,5062.097465737913,0.6471769097172895,0.03704561653694836,0.2795989877406457,0.07817559394559373,2.124461726044374
OBM_RR,4.0,500000,6798,-0.4151037612775257,2.790039505545077,2.9588630887898955,0.675,7027.5630859204075,0.6724690878055513,0.033211549491861156,0.4151037612775257,0.17231113262674902,2.9623506381718263
OBM_RR,4.0,500000,9472,-0.5790738750852862,3.854025715959432,4.184534736620773,0.7,9756.16199823444,0.6977474326682539,0.029559007059242668,0.5790738750852862,0.33532655280628965,4.189352268765722
OBM_RR,4.0,500000,13199,-0.8045602427517444,5.254049913079293,5.894799534904691,0.725,13544.196725389875,0.7230325875951858,0.025817100489183478,0.8045602427517444,0.6473171842167459,5.901367097296039
OBM_RR,4.0,500000,18391,-1.0726250471001606,6.931337062262082,8.073197382600878,0.75,18803.015465431967,0.7483115968581989,0.02215583955426555,1.0726250471001606,1.1505244916666217,8.081861553928704
OBM_RR,4.0,1000000,8,-4.572016158707098,0.0002376664241886,20.903569124819963,0.15,7.943282347242814,0.1505149978319906,0.007114957985194869,4.572016158707098,20.903331755478806,20.903569421902993
OBM_RR,4.0,1000000,11,-4.282644084220853,0.0004351871965274,18.3414749953244,0.175,11.220184543019633,0.17356544752637085,0.01981907484537731,4.282644084220853,18.341040352111868,18.341475539308394
OBM_RR,4.0,1000000,15,-3.939668093444309,0.0007751379474532,15.521758855528132,0.2,15.848931924611136,0.19601520984261356,0.055051910490644874,3.939668093444309,15.520984686503116,15.52175982445057
OBM_RR,4.0,1000000,22,-3.431923051019667,0.0015524135430801,11.77964630114629,0.225,22.387211385683397,0.22373711347036773,0.017447422183645853,3.431923051019667,11.77809582812014,11.77964824166322
OBM_RR,4.0,1000000,32,-2.856146548695491,0.0029871859683002,8.160556559611006,0.25,31.622776601683793,0.25085832971998434,0.011858263308657958,2.856146548695491,8.157573107625165,8.160560293593464
OBM_RR,4.0,1000000,45,-2.288520417430064,0.00527439669457,5.242593504692975,0.275,44.668359215096324,0.2755354189625573,0.0073970863301441436,2.288520417430064,5.237325700994274,5.242600097688844
OBM_RR,4.0,1000000,64,-1.6969431467523473,0.0091656692742302,2.8887702554973957,0.3,63.095734448019314,0.3010299956639812,0.01422991597038981,1.6969431467523473,2.8796160433097584,2.8887817125839885
OBM_RR,4.0,1000000,91,-1.1488644775914452,0.015138858183339,1.3350095224820735,0.325,89.12509381337456,0.32650689872018224,0.020818575178460825,1.1488644775914452,1.3198895878714643,1.3350284460548032
OBM_RR,4.0,1000000,129,-0.6956237358137951,0.0241184173519266,0.5079806511577769,0.35,125.89254117941668,0.3517649517165415,0.024383709074176592,0.6956237358137951,0.48389238182754063,0.5080107991794672
OBM_RR,4.0,1000000,184,-0.3583825411579422,0.0375707133044884,0.165961795719682,0.375,177.82794100389228,0.3774696371682561,0.0341192983723828,0.3583825411579422,0.12843804580682414,0.16600875911131252
OBM_RR,4.0,1000000,261,-0.1483611619262737,0.0564665467732806,0.078406997957928,0.4,251.1886431509581,0.40277341788971355,0.03831618413698343,0.1483611619262737,0.022011034368114,0.0784775811413946
OBM_RR,4.0,1000000,370,-0.0390241372560158,0.0833420180815679,0.0847607238475423,0.425,354.8133892335754,0.4280336206778325,0.041911018503453766,0.0390241372560158,0.0015228832885763603,0.08486490137014426
OBM_RR,4.0,1000000,525,0.0083856679139291,0.1218211360022824,0.1217391790086422,0.45,501.18723362727235,0.4533598839009928,0.04641851150770025,0.0083856679139291,7.031942636270003e-05,0.1218914554286451
OBM_RR,4.0,1000000,744,0.0220377318814177,0.1863082970997411,0.1865610733548438,0.475,707.9457843841377,0.47859548925764644,0.04967351980006198,0.0220377318814177,0.00048566162647725416,0.18679395872621835
OBM_RR,4.0,1000000,1055,0.0194848587826976,0.276276320040526,0.276310634362257,0.5,1000.0,0.503875409938952,0.05354076692802976,0.0194848587826976,0.00037965972178166776,0.27665597976230766
OBM_RR,4.0,1000000,1497,0.0140699599214286,0.3936581594716674,0.3933640505445185,0.525,1412.5375446227547,0.5292036333905088,0.058075341488384086,0.0140699599214286,0.00019796377219060709,0.393856123243858
OBM_RR,4.0,1000000,1889,0.0047312115414754,0.4845639479211316,0.4839806273488804,0.55,1995.262314968881,0.546038659653639,0.05472793937884181,0.0047312115414754,2.238436265019003e-05,0.4845863322837818
OBM_RR,4.0,1000000,2679,-0.0168798758357091,0.6733158096059556,0.6727590950521771,0.575,2818.382931264452,0.5713287856013681,0.050719701284848255,0.0168798758357091,0.000284930208228956,0.6736007398141846
OBM_RR,4.0,1000000,3799,-0.044480128494758,0.9360224073715276,0.9368308611932236,0.6,3981.0717055349714,0.5966115489257867,0.04681318159093857,0.044480128494758,0.0019784818309101825,0.9380008892024378
OBM_RR,4.0,1000000,5388,-0.0857048402996634,1.3154785075212367,1.3211794790376263,0.625,5623.413251903491,0.6219045978418247,0.042764561197416714,0.0857048402996634,0.007345319650790807,1.3228238271720276
OBM_RR,4.0,1000000,7640,-0.1604629172113592,1.812386369145182,1.83586923398373,0.65,7943.282347242817,0.6471822264292817,0.03892898051621227,0.1604629172113592,0.025748347799979514,1.8381347169451616
OBM_RR,4.0,1000000,10835,-0.2430234558166359,2.5342688721546027,2.5901614361414693,0.675,11220.18454301964,0.6724714859426395,0.03493271265542623,0.2430234558166359,0.05906040007706038,2.593329272231663
OBM_RR,4.0,1000000,15364,-0.3495104368980923,3.5453743711733683,3.663100198710096,0.7,15848.931924611124,0.6977507164155231,0.031075001109195748,0.3495104368980923,0.12215754550069537,3.6675319166740636
OBM_RR,4.0,1000000,21787,-0.526307641121079,4.946735664273045,5.2175519777951385,0.725,22387.21138568339,0.7230329055677136,0.027176413897764564,0.526307641121079,0.2769997331024345,5.22373539737548
OBM_RR,4.0,1000000,30894,-0.7488989866948259,6.799811193601252,7.352161121881786,0.75,31622.776601683792,0.7483123570351464,0.023315649199009168,0.7488989866948259,0.560849692272537,7.36066088587379
