method,label,l2_mean_x1e3,width_mean_x1e3,coverage_pct,diverged,problem_seed,sigma_true,rr_alpha_1,rr_alpha_2,T,T_eff,n_traj,b_n,n_bootstrap,max_a_norm,max_rho,warn_unstable,warn_assumption
RR_BATCH,RR + batch means,23.699370229321577,75.65512949564861,97.0,0,2095133046,7.757954275853825,0.2,0.1,20000,19000,100,380,500,0.7856952072177379,0.9732366535263169,False,False
RR_ORACLE,RR + oracle variance,23.699370229321627,79.20906631190832,97.0,0,2095133046,7.757954275853825,0.2,0.1,20000,19000,100,380,500,0.7856952072177379,0.9732366535263169,False,False
RR_OBM,RR + OBM,23.699370229321627,74.81058183469285,98.0,0,2095133046,7.757954275853825,0.2,0.1,20000,19000,100,380,500,0.7856952072177379,0.9732366535263169,False,False
RR_OBM_RR,RR + OBM-RR,23.699370229321627,77.9419250216433,98.0,0,2095133046,7.757954275853825,0.2,0.1,20000,19000,100,380,500,0.7856952072177379,0.9732366535263169,False,False
RR_MSB,RR + MSB,23.699370229321627,73.53752509959504,97.0,0,2095133046,7.757954275853825,0.2,0.1,20000,19000,100,380,500,0.7856952072177379,0.9732366535263169,False,False
RR_BATCH,RR + batch means,28.262358514592748,43.869654774595716,95.0,0,392022359,2.967907203679725,0.2,0.1,20000,19000,100,380,500,0.724357336895496,0.9891818939270395,False,False
RR_ORACLE,RR + oracle variance,28.262358514592766,48.992143960085144,97.0,0,392022359,2.967907203679725,0.2,0.1,20000,19000,100,380,500,0.724357336895496,0.9891818939270395,False,False
RR_OBM,RR + OBM,28.262358514592766,45.02131946444954,97.0,0,392022359,2.967907203679725,0.2,0.1,20000,19000,100,380,500,0.724357336895496,0.9891818939270395,False,False
RR_OBM_RR,RR + OBM-RR,28.262358514592766,45.6764525635784,95.0,0,392022359,2.967907203679725,0.2,0.1,20000,19000,100,380,500,0.724357336895496,0.9891818939270395,False,False
RR_MSB,RR + MSB,28.262358514592766,44.65143779393806,96.0,0,392022359,2.967907203679725,0.2,0.1,20000,19000,100,380,500,0.724357336895496,0.9891818939270395,False,False
RR_BATCH,RR + batch means,23.61738130747907,56.412559585101405,91.0,0,202244314,4.321050774280965,0.2,0.1,20000,19000,100,380,500,0.7861785897410013,0.9698795742731564,False,False
RR_ORACLE,RR + oracle variance,23.61738130747902,59.1147654749975,95.0,0,202244314,4.321050774280965,0.2,0.1,20000,19000,100,380,500,0.7861785897410013,0.9698795742731564,False,False
RR_OBM,RR + OBM,23.61738130747902,55.75753527508774,92.0,0,202244314,4.321050774280965,0.2,0.1,20000,19000,100,380,500,0.7861785897410013,0.9698795742731564,False,False
RR_OBM_RR,RR + OBM-RR,23.61738130747902,57.404384598240064,92.0,0,202244314,4.321050774280965,0.2,0.1,20000,19000,100,380,500,0.7861785897410013,0.9698795742731564,False,False
RR_MSB,RR + MSB,23.61738130747902,55.3382632902573,93.0,0,202244314,4.321050774280965,0.2,0.1,20000,19000,100,380,500,0.7861785897410013,0.9698795742731564,False,False
RR_BATCH,RR + batch means,20.597290924366558,28.096761377106702,91.0,0,1405681632,1.0944420187069794,0.2,0.1,20000,19000,100,380,500,0.6723387524196869,0.9608867344989493,False,False
RR_ORACLE,RR + oracle variance,20.597290924365645,29.75073266324788,94.0,0,1405681632,1.0944420187069794,0.2,0.1,20000,19000,100,380,500,0.6723387524196869,0.9608867344989493,False,False
RR_OBM,RR + OBM,20.597290924365645,28.10371422000774,90.0,0,1405681632,1.0944420187069794,0.2,0.1,20000,19000,100,380,500,0.6723387524196869,0.9608867344989493,False,False
RR_OBM_RR,RR + OBM-RR,20.597290924365645,28.576629970973375,92.0,0,1405681632,1.0944420187069794,0.2,0.1,20000,19000,100,380,500,0.6723387524196869,0.9608867344989493,False,False
RR_MSB,RR + MSB,20.597290924365645,27.71489272519371,90.0,0,1405681632,1.0944420187069794,0.2,0.1,20000,19000,100,380,500,0.6723387524196869,0.9608867344989493,False,False
RR_BATCH,RR + batch means,22.825317225369247,32.639085382791855,89.0,0,967196436,1.5225872863170185,0.2,0.1,20000,19000,100,380,500,0.71009375439602,0.9744737283784642,False,False
RR_ORACLE,RR + oracle variance,22.82531722536909,35.09072860397365,91.0,0,967196436,1.5225872863170185,0.2,0.1,20000,19000,100,380,500,0.71009375439602,0.9744737283784642,False,False
RR_OBM,RR + OBM,22.82531722536909,33.11038354681245,89.0,0,967196436,1.5225872863170185,0.2,0.1,20000,19000,100,380,500,0.71009375439602,0.9744737283784642,False,False
RR_OBM_RR,RR + OBM-RR,22.82531722536909,33.72625306807819,90.0,0,967196436,1.5225872863170185,0.2,0.1,20000,19000,100,380,500,0.71009375439602,0.9744737283784642,False,False
RR_MSB,RR + MSB,22.82531722536909,32.65693296297716,89.0,0,967196436,1.5225872863170185,0.2,0.1,20000,19000,100,380,500,0.71009375439602,0.9744737283784642,False,False
RR_BATCH,RR + batch means,26.053286544857432,35.10836989398435,94.0,0,1662057958,1.6217304504020316,0.2,0.1,20000,19000,100,380,500,0.6790765424225903,0.9828583565537448,False,False
RR_ORACLE,RR + oracle variance,26.053286544856963,36.21517781112787,97.0,0,1662057958,1.6217304504020316,0.2,0.1,20000,19000,100,380,500,0.6790765424225903,0.9828583565537448,False,False
RR_OBM,RR + OBM,26.053286544856963,34.288733585422605,95.0,0,1662057958,1.6217304504020316,0.2,0.1,20000,19000,100,380,500,0.6790765424225903,0.9828583565537448,False,False
RR_OBM_RR,RR + OBM-RR,26.053286544856963,35.20673647420317,95.0,0,1662057958,1.6217304504020316,0.2,0.1,20000,19000,100,380,500,0.6790765424225903,0.9828583565537448,False,False
RR_MSB,RR + MSB,26.053286544856963,34.175923874760876,95.0,0,1662057958,1.6217304504020316,0.2,0.1,20000,19000,100,380,500,0.6790765424225903,0.9828583565537448,False,False
RR_BATCH,RR + batch means,19.68888656694422,38.3889336490085,93.0,0,942484272,2.1211773083799685,0.2,0.1,20000,19000,100,380,500,0.6856096098338498,0.9800598439929239,False,False
RR_ORACLE,RR + oracle variance,19.688886566944436,41.41806186609501,97.0,0,942484272,2.1211773083799685,0.2,0.1,20000,19000,100,380,500,0.6856096098338498,0.9800598439929239,False,False
RR_OBM,RR + OBM,19.688886566944436,38.58338040883016,96.0,0,942484272,2.1211773083799685,0.2,0.1,20000,19000,100,380,500,0.6856096098338498,0.9800598439929239,False,False
RR_OBM_RR,RR + OBM-RR,19.688886566944436,39.00592876139757,94.0,0,942484272,2.1211773083799685,0.2,0.1,20000,19000,100,380,500,0.6856096098338498,0.9800598439929239,False,False
RR_MSB,RR + MSB,19.688886566944436,38.23156027416538,96.0,0,942484272,2.1211773083799685,0.2,0.1,20000,19000,100,380,500,0.6856096098338498,0.9800598439929239,False,False
RR_BATCH,RR + batch means,18.402560817676548,27.057794474267137,90.0,0,1074497556,0.9918530277480927,0.2,0.1,20000,19000,100,380,500,0.782542343257498,0.9631394294138098,False,False
RR_ORACLE,RR + oracle variance,18.402560817676967,28.322067134917166,91.0,0,1074497556,0.9918530277480927,0.2,0.1,20000,19000,100,380,500,0.782542343257498,0.9631394294138098,False,False
RR_OBM,RR + OBM,18.402560817676967,27.33605118745043,89.0,0,1074497556,0.9918530277480927,0.2,0.1,20000,19000,100,380,500,0.782542343257498,0.9631394294138098,False,False
RR_OBM_RR,RR + OBM-RR,18.402560817676967,27.232150379663484,89.0,0,1074497556,0.9918530277480927,0.2,0.1,20000,19000,100,380,500,0.782542343257498,0.9631394294138098,False,False
RR_MSB,RR + MSB,18.402560817676967,27.130303516396697,90.0,0,1074497556,0.9918530277480927,0.2,0.1,20000,19000,100,380,500,0.782542343257498,0.9631394294138098,False,False
RR_BATCH,RR + batch means,21.07153129097681,33.90997113987257,94.0,0,1843824993,1.7001381961701993,0.2,0.1,20000,19000,100,380,500,0.7788366723395868,0.9910725969960036,False,False
RR_ORACLE,RR + oracle variance,21.071531290976846,37.08031360248076,96.0,0,1843824993,1.7001381961701993,0.2,0.1,20000,19000,100,380,500,0.7788366723395868,0.9910725969960036,False,False
RR_OBM,RR + OBM,21.071531290976846,34.6945100599177,96.0,0,1843824993,1.7001381961701993,0.2,0.1,20000,19000,100,380,500,0.7788366723395868,0.9910725969960036,False,False
RR_OBM_RR,RR + OBM-RR,21.071531290976846,34.12602358078246,94.0,0,1843824993,1.7001381961701993,0.2,0.1,20000,19000,100,380,500,0.7788366723395868,0.9910725969960036,False,False
RR_MSB,RR + MSB,21.071531290976846,34.46898184202915,96.0,0,1843824993,1.7001381961701993,0.2,0.1,20000,19000,100,380,500,0.7788366723395868,0.9910725969960036,False,False
RR_BATCH,RR + batch means,22.045702701071516,39.04744357110886,98.0,0,184566854,2.1112269925914977,0.2,0.1,20000,19000,100,380,500,0.7491233564398936,0.9591915905840974,False,False
RR_ORACLE,RR + oracle variance,22.04570270107187,41.32080284841406,99.0,0,184566854,2.1112269925914977,0.2,0.1,20000,19000,100,380,500,0.7491233564398936,0.9591915905840974,False,False
RR_OBM,RR + OBM,22.04570270107187,39.09146133762738,98.0,0,184566854,2.1112269925914977,0.2,0.1,20000,19000,100,380,500,0.7491233564398936,0.9591915905840974,False,False
RR_OBM_RR,RR + OBM-RR,22.04570270107187,38.81460822125168,97.0,0,184566854,2.1112269925914977,0.2,0.1,20000,19000,100,380,500,0.7491233564398936,0.9591915905840974,False,False
RR_MSB,RR + MSB,22.04570270107187,38.569260996006065,98.0,0,184566854,2.1112269925914977,0.2,0.1,20000,19000,100,380,500,0.7491233564398936,0.9591915905840974,False,False
RR_BATCH,RR + batch means,22.56805868730666,48.746296089299385,92.0,0,796282693,3.4994070452205612,0.2,0.1,20000,19000,100,380,500,0.7676501965691008,0.9862118083480076,False,False
RR_ORACLE,RR + oracle variance,22.568058687306614,53.1983934483615,95.0,0,796282693,3.4994070452205612,0.2,0.1,20000,19000,100,380,500,0.7676501965691008,0.9862118083480076,False,False
RR_OBM,RR + OBM,22.568058687306614,49.42595706437882,92.0,0,796282693,3.4994070452205612,0.2,0.1,20000,19000,100,380,500,0.7676501965691008,0.9862118083480076,False,False
RR_OBM_RR,RR + OBM-RR,22.568058687306614,49.731168210292275,94.0,0,796282693,3.4994070452205612,0.2,0.1,20000,19000,100,380,500,0.7676501965691008,0.9862118083480076,False,False
RR_MSB,RR + MSB,22.568058687306614,48.817085613930054,92.0,0,796282693,3.4994070452205612,0.2,0.1,20000,19000,100,380,500,0.7676501965691008,0.9862118083480076,False,False
RR_BATCH,RR + batch means,18.260231158243748,37.94613018817869,92.0,0,1540770720,2.0848593466381438,0.2,0.1,20000,19000,100,380,500,0.8102771343106778,0.9821970848719925,False,False
RR_ORACLE,RR + oracle variance,18.26023115824378,41.06195915814535,94.0,0,1540770720,2.0848593466381438,0.2,0.1,20000,19000,100,380,500,0.8102771343106778,0.9821970848719925,False,False
RR_OBM,RR + OBM,18.26023115824378,38.07417340991566,92.0,0,1540770720,2.0848593466381438,0.2,0.1,20000,19000,100,380,500,0.8102771343106778,0.9821970848719925,False,False
RR_OBM_RR,RR + OBM-RR,18.26023115824378,39.16044583652934,91.0,0,1540770720,2.0848593466381438,0.2,0.1,20000,19000,100,380,500,0.8102771343106778,0.9821970848719925,False,False
RR_MSB,RR + MSB,18.26023115824378,37.89896803960397,93.0,0,1540770720,2.0848593466381438,0.2,0.1,20000,19000,100,380,500,0.8102771343106778,0.9821970848719925,False,False
RR_BATCH,RR + batch means,18.39294772261361,25.927117994241765,87.0,0,929893138,0.9084848316243732,0.2,0.1,20000,19000,100,380,500,0.7969711608066093,0.9611676845272247,False,False
RR_ORACLE,RR + oracle variance,18.39294772261318,27.105668740612998,93.0,0,929893138,0.9084848316243732,0.2,0.1,20000,19000,100,380,500,0.7969711608066093,0.9611676845272247,False,False
RR_OBM,RR + OBM,18.39294772261318,26.342739082518648,91.0,0,929893138,0.9084848316243732,0.2,0.1,20000,19000,100,380,500,0.7969711608066093,0.9611676845272247,False,False
RR_OBM_RR,RR + OBM-RR,18.39294772261318,26.248547417683895,89.0,0,929893138,0.9084848316243732,0.2,0.1,20000,19000,100,380,500,0.7969711608066093,0.9611676845272247,False,False
RR_MSB,RR + MSB,18.39294772261318,26.231638934286106,89.0,0,929893138,0.9084848316243732,0.2,0.1,20000,19000,100,380,500,0.7969711608066093,0.9611676845272247,False,False
RR_BATCH,RR + batch means,21.132796422085224,33.41820235731369,91.0,0,1688060241,1.4441085443788395,0.2,0.1,20000,19000,100,380,500,0.8471715979797765,0.97691339865281,False,False
RR_ORACLE,RR + oracle variance,21.132796422085562,34.1744241266503,94.0,0,1688060241,1.4441085443788395,0.2,0.1,20000,19000,100,380,500,0.8471715979797765,0.97691339865281,False,False
RR_OBM,RR + OBM,21.132796422085562,33.01010662925677,91.0,0,1688060241,1.4441085443788395,0.2,0.1,20000,19000,100,380,500,0.8471715979797765,0.97691339865281,False,False
RR_OBM_RR,RR + OBM-RR,21.132796422085562,33.37785168172159,90.0,0,1688060241,1.4441085443788395,0.2,0.1,20000,19000,100,380,500,0.8471715979797765,0.97691339865281,False,False
RR_MSB,RR + MSB,21.132796422085562,32.576290909206676,90.0,0,1688060241,1.4441085443788395,0.2,0.1,20000,19000,100,380,500,0.8471715979797765,0.97691339865281,False,False
RR_BATCH,RR + batch means,19.523086267702286,39.254733589751126,92.0,0,1130604998,2.1629023445129523,0.2,0.1,20000,19000,100,380,500,0.8180013399446049,0.9648496803828693,False,False
RR_ORACLE,RR + oracle variance,19.523086267702354,41.82343913375115,97.0,0,1130604998,2.1629023445129523,0.2,0.1,20000,19000,100,380,500,0.8180013399446049,0.9648496803828693,False,False
RR_OBM,RR + OBM,19.523086267702354,39.91430724662898,94.0,0,1130604998,2.1629023445129523,0.2,0.1,20000,19000,100,380,500,0.8180013399446049,0.9648496803828693,False,False
RR_OBM_RR,RR + OBM-RR,19.523086267702354,40.58335228619844,91.0,0,1130604998,2.1629023445129523,0.2,0.1,20000,19000,100,380,500,0.8180013399446049,0.9648496803828693,False,False
RR_MSB,RR + MSB,19.523086267702354,39.58697325110365,94.0,0,1130604998,2.1629023445129523,0.2,0.1,20000,19000,100,380,500,0.8180013399446049,0.9648496803828693,False,False
RR_BATCH,RR + batch means,19.75716169562005,42.21200343943291,95.0,0,1497586439,2.482036996357162,0.2,0.1,20000,19000,100,380,500,0.7570355025661545,0.9546844288686142,False,False
RR_ORACLE,RR + oracle variance,19.757161695620457,44.802826304046995,98.0,0,1497586439,2.482036996357162,0.2,0.1,20000,19000,100,380,500,0.7570355025661545,0.9546844288686142,False,False
RR_OBM,RR + OBM,19.757161695620457,42.45784112823166,95.0,0,1497586439,2.482036996357162,0.2,0.1,20000,19000,100,380,500,0.7570355025661545,0.9546844288686142,False,False
RR_OBM_RR,RR + OBM-RR,19.757161695620457,42.352159980984474,95.0,0,1497586439,2.482036996357162,0.2,0.1,20000,19000,100,380,500,0.7570355025661545,0.9546844288686142,False,False
RR_MSB,RR + MSB,19.757161695620457,42.200410348278304,95.0,0,1497586439,2.482036996357162,0.2,0.1,20000,19000,100,380,500,0.7570355025661545,0.9546844288686142,False,False
RR_BATCH,RR + batch means,18.760340359074917,36.69739600799504,92.0,0,432652533,1.9611068538101502,0.2,0.1,20000,19000,100,380,500,0.7171510190072995,0.9811557567616923,False,False
RR_ORACLE,RR + oracle variance,18.760340359074878,39.82464516481882,97.0,0,432652533,1.9611068538101502,0.2,0.1,20000,19000,100,380,500,0.7171510190072995,0.9811557567616923,False,False
RR_OBM,RR + OBM,18.760340359074878,36.727168225015355,96.0,0,432652533,1.9611068538101502,0.2,0.1,20000,19000,100,380,500,0.7171510190072995,0.9811557567616923,False,False
RR_OBM_RR,RR + OBM-RR,18.760340359074878,37.22956377654997,95.0,0,432652533,1.9611068538101502,0.2,0.1,20000,19000,100,380,500,0.7171510190072995,0.9811557567616923,False,False
RR_MSB,RR + MSB,18.760340359074878,36.12269525588315,96.0,0,432652533,1.9611068538101502,0.2,0.1,20000,19000,100,380,500,0.7171510190072995,0.9811557567616923,False,False
RR_BATCH,RR + batch means,23.016279139396172,45.54755571920122,90.0,0,1580016184,2.9767465568954146,0.2,0.1,20000,19000,100,380,500,0.693869447479337,0.9799992470541787,False,False
RR_ORACLE,RR + oracle variance,23.01627913939539,49.0650466603301,94.0,0,1580016184,2.9767465568954146,0.2,0.1,20000,19000,100,380,500,0.693869447479337,0.9799992470541787,False,False
RR_OBM,RR + OBM,23.01627913939539,45.65076272860979,90.0,0,1580016184,2.9767465568954146,0.2,0.1,20000,19000,100,380,500,0.693869447479337,0.9799992470541787,False,False
RR_OBM_RR,RR + OBM-RR,23.01627913939539,47.15138525893534,88.0,0,1580016184,2.9767465568954146,0.2,0.1,20000,19000,100,380,500,0.693869447479337,0.9799992470541787,False,False
RR_MSB,RR + MSB,23.01627913939539,45.7032860621811,92.0,0,1580016184,2.9767465568954146,0.2,0.1,20000,19000,100,380,500,0.693869447479337,0.9799992470541787,False,False
RR_BATCH,RR + batch means,14.682371684603204,29.947130376930676,95.0,0,1990212659,1.288161905605608,0.2,0.1,20000,19000,100,380,500,0.8433534285194172,0.9410252605005613,False,False
RR_ORACLE,RR + oracle variance,14.682371684603407,32.27650576134716,99.0,0,1990212659,1.288161905605608,0.2,0.1,20000,19000,100,380,500,0.8433534285194172,0.9410252605005613,False,False
RR_OBM,RR + OBM,14.682371684603407,30.544494345896126,98.0,0,1990212659,1.288161905605608,0.2,0.1,20000,19000,100,380,500,0.8433534285194172,0.9410252605005613,False,False
RR_OBM_RR,RR + OBM-RR,14.682371684603407,30.333565208120756,99.0,0,1990212659,1.288161905605608,0.2,0.1,20000,19000,100,380,500,0.8433534285194172,0.9410252605005613,False,False
RR_MSB,RR + MSB,14.682371684603407,30.392597867417322,96.0,0,1990212659,1.288161905605608,0.2,0.1,20000,19000,100,380,500,0.8433534285194172,0.9410252605005613,False,False
RR_BATCH,RR + batch means,26.54029772894533,32.1771486647911,96.0,0,1634535063,1.4231973693020514,0.2,0.1,20000,19000,100,380,500,0.6945541001652723,0.9748787957217653,False,False
RR_ORACLE,RR + oracle variance,26.54029772894482,33.92609332029982,98.0,0,1634535063,1.4231973693020514,0.2,0.1,20000,19000,100,380,500,0.6945541001652723,0.9748787957217653,False,False
RR_OBM,RR + OBM,26.54029772894482,31.777084405313133,97.0,0,1634535063,1.4231973693020514,0.2,0.1,20000,19000,100,380,500,0.6945541001652723,0.9748787957217653,False,False
RR_OBM_RR,RR + OBM-RR,26.54029772894482,32.580236917538144,96.0,0,1634535063,1.4231973693020514,0.2,0.1,20000,19000,100,380,500,0.6945541001652723,0.9748787957217653,False,False
RR_MSB,RR + MSB,26.54029772894482,31.60188697222118,97.0,0,1634535063,1.4231973693020514,0.2,0.1,20000,19000,100,380,500,0.6945541001652723,0.9748787957217653,False,False
RR_BATCH,RR + batch means,17.013053023822227,33.45447720359735,90.0,0,1803345591,1.560769649441434,0.2,0.1,20000,19000,100,380,500,0.7700944482408887,0.9718405574716356,False,False
RR_ORACLE,RR + oracle variance,17.013053023822227,35.52799440891195,97.0,0,1803345591,1.560769649441434,0.2,0.1,20000,19000,100,380,500,0.7700944482408887,0.9718405574716356,False,False
RR_OBM,RR + OBM,17.013053023822227,33.612923857471856,96.0,0,1803345591,1.560769649441434,0.2,0.1,20000,19000,100,380,500,0.7700944482408887,0.9718405574716356,False,False
RR_OBM_RR,RR + OBM-RR,17.013053023822227,34.68989370335743,94.0,0,1803345591,1.560769649441434,0.2,0.1,20000,19000,100,380,500,0.7700944482408887,0.9718405574716356,False,False
RR_MSB,RR + MSB,17.013053023822227,33.41927950790508,95.0,0,1803345591,1.560769649441434,0.2,0.1,20000,19000,100,380,500,0.7700944482408887,0.9718405574716356,False,False
RR_BATCH,RR + batch means,28.29441901798374,46.41602594060847,93.0,0,1102145673,3.154660057345609,0.2,0.1,20000,19000,100,380,500,0.7767013668421681,0.9865087667766611,False,False
RR_ORACLE,RR + oracle variance,28.294419017983206,50.51002340042953,97.0,0,1102145673,3.154660057345609,0.2,0.1,20000,19000,100,380,500,0.7767013668421681,0.9865087667766611,False,False
RR_OBM,RR + OBM,28.294419017983206,47.43790321324349,95.0,0,1102145673,3.154660057345609,0.2,0.1,20000,19000,100,380,500,0.7767013668421681,0.9865087667766611,False,False
RR_OBM_RR,RR + OBM-RR,28.294419017983206,48.152122856190225,93.0,0,1102145673,3.154660057345609,0.2,0.1,20000,19000,100,380,500,0.7767013668421681,0.9865087667766611,False,False
RR_MSB,RR + MSB,28.294419017983206,47.0731800151614,96.0,0,1102145673,3.154660057345609,0.2,0.1,20000,19000,100,380,500,0.7767013668421681,0.9865087667766611,False,False
RR_BATCH,RR + batch means,24.051820692433626,47.87813008122921,91.0,0,275121931,3.0829958319904613,0.2,0.1,20000,19000,100,380,500,0.5797995358321507,0.9809040601384286,False,False
RR_ORACLE,RR + oracle variance,24.05182069243363,49.93301098358621,96.0,0,275121931,3.0829958319904613,0.2,0.1,20000,19000,100,380,500,0.5797995358321507,0.9809040601384286,False,False
RR_OBM,RR + OBM,24.05182069243363,47.4042921091922,94.0,0,275121931,3.0829958319904613,0.2,0.1,20000,19000,100,380,500,0.5797995358321507,0.9809040601384286,False,False
RR_OBM_RR,RR + OBM-RR,24.05182069243363,48.306515933421544,93.0,0,275121931,3.0829958319904613,0.2,0.1,20000,19000,100,380,500,0.5797995358321507,0.9809040601384286,False,False
RR_MSB,RR + MSB,24.05182069243363,46.95164443586344,92.0,0,275121931,3.0829958319904613,0.2,0.1,20000,19000,100,380,500,0.5797995358321507,0.9809040601384286,False,False
RR_BATCH,RR + batch means,22.13498472247897,51.58479252426372,90.0,0,191664964,3.6494337442282094,0.2,0.1,20000,19000,100,380,500,0.6170130688482545,0.9783108365748661,False,False
RR_ORACLE,RR + oracle variance,22.134984722478684,54.326787901025384,92.0,0,191664964,3.6494337442282094,0.2,0.1,20000,19000,100,380,500,0.6170130688482545,0.9783108365748661,False,False
RR_OBM,RR + OBM,22.134984722478684,51.75274138781599,91.0,0,191664964,3.6494337442282094,0.2,0.1,20000,19000,100,380,500,0.6170130688482545,0.9783108365748661,False,False
RR_OBM_RR,RR + OBM-RR,22.134984722478684,52.70029335581037,94.0,0,191664964,3.6494337442282094,0.2,0.1,20000,19000,100,380,500,0.6170130688482545,0.9783108365748661,False,False
RR_MSB,RR + MSB,22.134984722478684,50.65857850299678,90.0,0,191664964,3.6494337442282094,0.2,0.1,20000,19000,100,380,500,0.6170130688482545,0.9783108365748661,False,False
RR_BATCH,RR + batch means,20.00697745930313,27.90726495652294,99.0,0,1678403331,1.0130933577483543,0.2,0.1,20000,19000,100,380,500,0.8130787548824936,0.9704160595057733,False,False
RR_ORACLE,RR + oracle variance,20.006977459303123,28.623716391570515,99.0,0,1678403331,1.0130933577483543,0.2,0.1,20000,19000,100,380,500,0.8130787548824936,0.9704160595057733,False,False
RR_OBM,RR + OBM,20.006977459303123,27.497516233467312,98.0,0,1678403331,1.0130933577483543,0.2,0.1,20000,19000,100,380,500,0.8130787548824936,0.9704160595057733,False,False
RR_OBM_RR,RR + OBM-RR,20.006977459303123,28.14155728512889,98.0,0,1678403331,1.0130933577483543,0.2,0.1,20000,19000,100,380,500,0.8130787548824936,0.9704160595057733,False,False
RR_MSB,RR + MSB,20.006977459303123,27.25035566011595,98.0,0,1678403331,1.0130933577483543,0.2,0.1,20000,19000,100,380,500,0.8130787548824936,0.9704160595057733,False,False
RR_BATCH,RR + batch means,19.46254732101748,22.99046878053579,96.0,0,864178267,0.7480735775826947,0.2,0.1,20000,19000,100,380,500,0.8160020274446405,0.9722262482260365,False,False
RR_ORACLE,RR + oracle variance,19.462547321017674,24.59650742487106,96.0,0,864178267,0.7480735775826947,0.2,0.1,20000,19000,100,380,500,0.8160020274446405,0.9722262482260365,False,False
RR_OBM,RR + OBM,19.462547321017674,23.61957310510026,96.0,0,864178267,0.7480735775826947,0.2,0.1,20000,19000,100,380,500,0.8160020274446405,0.9722262482260365,False,False
RR_OBM_RR,RR + OBM-RR,19.462547321017674,23.284237213732645,95.0,0,864178267,0.7480735775826947,0.2,0.1,20000,19000,100,380,500,0.8160020274446405,0.9722262482260365,False,False
RR_MSB,RR + MSB,19.462547321017674,23.22289964188556,94.0,0,864178267,0.7480735775826947,0.2,0.1,20000,19000,100,380,500,0.8160020274446405,0.9722262482260365,False,False
RR_BATCH,RR + batch means,15.663379552510628,29.569897242205318,94.0,0,1171300113,1.2144267650326144,0.2,0.1,20000,19000,100,380,500,0.7602631152445626,0.9706581183138677,False,False
RR_ORACLE,RR + oracle variance,15.663379552510525,31.339131108841734,94.0,0,1171300113,1.2144267650326144,0.2,0.1,20000,19000,100,380,500,0.7602631152445626,0.9706581183138677,False,False
RR_OBM,RR + OBM,15.663379552510525,29.653482644923926,94.0,0,1171300113,1.2144267650326144,0.2,0.1,20000,19000,100,380,500,0.7602631152445626,0.9706581183138677,False,False
RR_OBM_RR,RR + OBM-RR,15.663379552510525,30.18046434740091,93.0,0,1171300113,1.2144267650326144,0.2,0.1,20000,19000,100,380,500,0.7602631152445626,0.9706581183138677,False,False
RR_MSB,RR + MSB,15.663379552510525,29.250327007649446,92.0,0,1171300113,1.2144267650326144,0.2,0.1,20000,19000,100,380,500,0.7602631152445626,0.9706581183138677,False,False
RR_BATCH,RR + batch means,20.571818245813557,20.12333827353354,91.0,0,487991439,0.5788421349952112,0.2,0.1,20000,19000,100,380,500,0.7499907647920281,0.9684521682237308,False,False
RR_ORACLE,RR + oracle variance,20.571818245814303,21.636218296214015,95.0,0,487991439,0.5788421349952112,0.2,0.1,20000,19000,100,380,500,0.7499907647920281,0.9684521682237308,False,False
RR_OBM,RR + OBM,20.571818245814303,20.359378607406946,90.0,0,487991439,0.5788421349952112,0.2,0.1,20000,19000,100,380,500,0.7499907647920281,0.9684521682237308,False,False
RR_OBM_RR,RR + OBM-RR,20.571818245814303,19.970665916390082,90.0,0,487991439,0.5788421349952112,0.2,0.1,20000,19000,100,380,500,0.7499907647920281,0.9684521682237308,False,False
RR_MSB,RR + MSB,20.571818245814303,20.14969577860505,88.0,0,487991439,0.5788421349952112,0.2,0.1,20000,19000,100,380,500,0.7499907647920281,0.9684521682237308,False,False
RR_BATCH,RR + batch means,23.091315322511853,33.69544556350868,93.0,0,952224741,1.5701323961864633,0.2,0.1,20000,19000,100,380,500,0.7938242041958898,0.974776274450555,False,False
RR_ORACLE,RR + oracle variance,23.091315322510933,35.6343977609692,97.0,0,952224741,1.5701323961864633,0.2,0.1,20000,19000,100,380,500,0.7938242041958898,0.974776274450555,False,False
RR_OBM,RR + OBM,23.091315322510933,34.17757393781439,95.0,0,952224741,1.5701323961864633,0.2,0.1,20000,19000,100,380,500,0.7938242041958898,0.974776274450555,False,False
RR_OBM_RR,RR + OBM-RR,23.091315322510933,34.20425068533094,93.0,0,952224741,1.5701323961864633,0.2,0.1,20000,19000,100,380,500,0.7938242041958898,0.974776274450555,False,False
RR_MSB,RR + MSB,23.091315322510933,33.78842002604611,94.0,0,952224741,1.5701323961864633,0.2,0.1,20000,19000,100,380,500,0.7938242041958898,0.974776274450555,False,False
RR_BATCH,RR + batch means,21.09597361341339,32.99341654700664,95.0,0,1382689816,1.4935088068017774,0.2,0.1,20000,19000,100,380,500,0.7014268498840708,0.983754894179103,False,False
RR_ORACLE,RR + oracle variance,21.09597361341331,34.7540306777821,95.0,0,1382689816,1.4935088068017774,0.2,0.1,20000,19000,100,380,500,0.7014268498840708,0.983754894179103,False,False
RR_OBM,RR + OBM,21.09597361341331,33.29454171862464,95.0,0,1382689816,1.4935088068017774,0.2,0.1,20000,19000,100,380,500,0.7014268498840708,0.983754894179103,False,False
RR_OBM_RR,RR + OBM-RR,21.09597361341331,33.83514272739311,94.0,0,1382689816,1.4935088068017774,0.2,0.1,20000,19000,100,380,500,0.7014268498840708,0.983754894179103,False,False
RR_MSB,RR + MSB,21.09597361341331,33.07429184838339,95.0,0,1382689816,1.4935088068017774,0.2,0.1,20000,19000,100,380,500,0.7014268498840708,0.983754894179103,False,False
RR_BATCH,RR + batch means,22.368358490500984,44.611092047245776,89.0,0,1627981025,2.734181500222118,0.2,0.1,20000,19000,100,380,500,0.7706907675027578,0.9582762062789966,False,False
RR_ORACLE,RR + oracle variance,22.36835849050059,47.02350060041526,93.0,0,1627981025,2.734181500222118,0.2,0.1,20000,19000,100,380,500,0.7706907675027578,0.9582762062789966,False,False
RR_OBM,RR + OBM,22.36835849050059,44.54578373487886,93.0,0,1627981025,2.734181500222118,0.2,0.1,20000,19000,100,380,500,0.7706907675027578,0.9582762062789966,False,False
RR_OBM_RR,RR + OBM-RR,22.36835849050059,45.0667319800249,90.0,0,1627981025,2.734181500222118,0.2,0.1,20000,19000,100,380,500,0.7706907675027578,0.9582762062789966,False,False
RR_MSB,RR + MSB,22.36835849050059,44.11583903197851,93.0,0,1627981025,2.734181500222118,0.2,0.1,20000,19000,100,380,500,0.7706907675027578,0.9582762062789966,False,False
RR_BATCH,RR + batch means,18.619180661504817,24.9881093757046,90.0,0,1504361615,0.9098223959898789,0.2,0.1,20000,19000,100,380,500,0.8142058505260306,0.9621530203066779,False,False
RR_ORACLE,RR + oracle variance,18.619180661505247,27.1256152715682,94.0,0,1504361615,0.9098223959898789,0.2,0.1,20000,19000,100,380,500,0.8142058505260306,0.9621530203066779,False,False
RR_OBM,RR + OBM,18.619180661505247,25.522184552672044,93.0,0,1504361615,0.9098223959898789,0.2,0.1,20000,19000,100,380,500,0.8142058505260306,0.9621530203066779,False,False
RR_OBM_RR,RR + OBM-RR,18.619180661505247,25.04387442621335,91.0,0,1504361615,0.9098223959898789,0.2,0.1,20000,19000,100,380,500,0.8142058505260306,0.9621530203066779,False,False
RR_MSB,RR + MSB,18.619180661505247,25.45879863926637,92.0,0,1504361615,0.9098223959898789,0.2,0.1,20000,19000,100,380,500,0.8142058505260306,0.9621530203066779,False,False
RR_BATCH,RR + batch means,23.87567876122075,41.33468112629349,90.0,0,1766867110,2.461885435521448,0.2,0.1,20000,19000,100,380,500,0.7862294349166898,0.966528381029845,False,False
RR_ORACLE,RR + oracle variance,23.875678761220907,44.6205794433165,94.0,0,1766867110,2.461885435521448,0.2,0.1,20000,19000,100,380,500,0.7862294349166898,0.966528381029845,False,False
RR_OBM,RR + OBM,23.875678761220907,42.10778315267775,92.0,0,1766867110,2.461885435521448,0.2,0.1,20000,19000,100,380,500,0.7862294349166898,0.966528381029845,False,False
RR_OBM_RR,RR + OBM-RR,23.875678761220907,42.246497559715976,90.0,0,1766867110,2.461885435521448,0.2,0.1,20000,19000,100,380,500,0.7862294349166898,0.966528381029845,False,False
RR_MSB,RR + MSB,23.875678761220907,41.50092313228877,90.0,0,1766867110,2.461885435521448,0.2,0.1,20000,19000,100,380,500,0.7862294349166898,0.966528381029845,False,False
RR_BATCH,RR + batch means,27.961946819527963,28.327634628213715,94.0,0,1190961761,1.0578529340808747,0.2,0.1,20000,19000,100,380,500,0.7727634973220407,0.9846966062055065,False,False
RR_ORACLE,RR + oracle variance,27.961946819528638,29.24919606496503,94.0,0,1190961761,1.0578529340808747,0.2,0.1,20000,19000,100,380,500,0.7727634973220407,0.9846966062055065,False,False
RR_OBM,RR + OBM,27.961946819528638,27.58538978308139,95.0,0,1190961761,1.0578529340808747,0.2,0.1,20000,19000,100,380,500,0.7727634973220407,0.9846966062055065,False,False
RR_OBM_RR,RR + OBM-RR,27.961946819528638,28.055546965664515,96.0,0,1190961761,1.0578529340808747,0.2,0.1,20000,19000,100,380,500,0.7727634973220407,0.9846966062055065,False,False
RR_MSB,RR + MSB,27.961946819528638,27.232117361726402,95.0,0,1190961761,1.0578529340808747,0.2,0.1,20000,19000,100,380,500,0.7727634973220407,0.9846966062055065,False,False
RR_BATCH,RR + batch means,24.810622308054263,34.02238322884244,90.0,0,137046513,1.731572060392841,0.2,0.1,20000,19000,100,380,500,0.7744613768105492,0.9840899487630653,False,False
RR_ORACLE,RR + oracle variance,24.810622308055276,37.42153268419719,96.0,0,137046513,1.731572060392841,0.2,0.1,20000,19000,100,380,500,0.7744613768105492,0.9840899487630653,False,False
RR_OBM,RR + OBM,24.810622308055276,34.637979910059244,94.0,0,137046513,1.731572060392841,0.2,0.1,20000,19000,100,380,500,0.7744613768105492,0.9840899487630653,False,False
RR_OBM_RR,RR + OBM-RR,24.810622308055276,35.203649613303675,93.0,0,137046513,1.731572060392841,0.2,0.1,20000,19000,100,380,500,0.7744613768105492,0.9840899487630653,False,False
RR_MSB,RR + MSB,24.810622308055276,34.345723769183444,94.0,0,137046513,1.731572060392841,0.2,0.1,20000,19000,100,380,500,0.7744613768105492,0.9840899487630653,False,False
RR_BATCH,RR + batch means,17.038216925492808,37.24878678617923,92.0,0,967354525,1.970912519537936,0.2,0.1,20000,19000,100,380,500,0.7755973481799772,0.9446797600389772,False,False
RR_ORACLE,RR + oracle variance,17.03821692549271,39.924083967332656,92.0,0,967354525,1.970912519537936,0.2,0.1,20000,19000,100,380,500,0.7755973481799772,0.9446797600389772,False,False
RR_OBM,RR + OBM,17.03821692549271,37.93665518123104,92.0,0,967354525,1.970912519537936,0.2,0.1,20000,19000,100,380,500,0.7755973481799772,0.9446797600389772,False,False
RR_OBM_RR,RR + OBM-RR,17.03821692549271,37.92942211261523,92.0,0,967354525,1.970912519537936,0.2,0.1,20000,19000,100,380,500,0.7755973481799772,0.9446797600389772,False,False
RR_MSB,RR + MSB,17.03821692549271,37.763805701403705,92.0,0,967354525,1.970912519537936,0.2,0.1,20000,19000,100,380,500,0.7755973481799772,0.9446797600389772,False,False
RR_BATCH,RR + batch means,23.27518061011312,42.48410297051925,92.0,0,1906728919,2.4702153729064475,0.2,0.1,20000,19000,100,380,500,0.840954022969886,0.9673394202974377,False,False
RR_ORACLE,RR + oracle variance,23.275180610113,44.69600390301174,96.0,0,1906728919,2.4702153729064475,0.2,0.1,20000,19000,100,380,500,0.840954022969886,0.9673394202974377,False,False
RR_OBM,RR + OBM,23.275180610113,42.34827798813263,96.0,0,1906728919,2.4702153729064475,0.2,0.1,20000,19000,100,380,500,0.840954022969886,0.9673394202974377,False,False
RR_OBM_RR,RR + OBM-RR,23.275180610113,42.85256021078737,93.0,0,1906728919,2.4702153729064475,0.2,0.1,20000,19000,100,380,500,0.840954022969886,0.9673394202974377,False,False
RR_MSB,RR + MSB,23.275180610113,42.08182639051992,95.0,0,1906728919,2.4702153729064475,0.2,0.1,20000,19000,100,380,500,0.840954022969886,0.9673394202974377,False,False
RR_BATCH,RR + batch means,23.043247148602607,38.83782875008719,92.0,0,1356488968,2.0826256161997465,0.2,0.1,20000,19000,100,380,500,0.7032738151997727,0.9694387541389551,False,False
RR_ORACLE,RR + oracle variance,23.043247148603047,41.039956252039,95.0,0,1356488968,2.0826256161997465,0.2,0.1,20000,19000,100,380,500,0.7032738151997727,0.9694387541389551,False,False
RR_OBM,RR + OBM,23.043247148603047,39.12168904771987,94.0,0,1356488968,2.0826256161997465,0.2,0.1,20000,19000,100,380,500,0.7032738151997727,0.9694387541389551,False,False
RR_OBM_RR,RR + OBM-RR,23.043247148603047,39.208608619452875,92.0,0,1356488968,2.0826256161997465,0.2,0.1,20000,19000,100,380,500,0.7032738151997727,0.9694387541389551,False,False
RR_MSB,RR + MSB,23.043247148603047,38.263892303982416,93.0,0,1356488968,2.0826256161997465,0.2,0.1,20000,19000,100,380,500,0.7032738151997727,0.9694387541389551,False,False
RR_BATCH,RR + batch means,28.797317471035832,48.67625977950037,95.0,0,354826746,3.1441445040209923,0.2,0.1,20000,19000,100,380,500,0.6751285977489111,0.9896895517092816,False,False
RR_ORACLE,RR + oracle variance,28.797317471035917,50.42576959934252,94.0,0,354826746,3.1441445040209923,0.2,0.1,20000,19000,100,380,500,0.6751285977489111,0.9896895517092816,False,False
RR_OBM,RR + OBM,28.797317471035917,47.156348657310744,94.0,0,354826746,3.1441445040209923,0.2,0.1,20000,19000,100,380,500,0.6751285977489111,0.9896895517092816,False,False
RR_OBM_RR,RR + OBM-RR,28.797317471035917,48.99828572058691,94.0,0,354826746,3.1441445040209923,0.2,0.1,20000,19000,100,380,500,0.6751285977489111,0.9896895517092816,False,False
RR_MSB,RR + MSB,28.797317471035917,46.60539284371646,94.0,0,354826746,3.1441445040209923,0.2,0.1,20000,19000,100,380,500,0.6751285977489111,0.9896895517092816,False,False
RR_BATCH,RR + batch means,19.07379808911274,14.713944161656883,88.0,0,1777324408,0.3029161727201015,0.2,0.1,20000,19000,100,380,500,0.8010976155873887,0.9654714672176318,False,False
RR_ORACLE,RR + oracle variance,19.073798089112337,15.65173609759457,94.0,0,1777324408,0.3029161727201015,0.2,0.1,20000,19000,100,380,500,0.8010976155873887,0.9654714672176318,False,False
RR_OBM,RR + OBM,19.073798089112337,15.081914485861633,91.0,0,1777324408,0.3029161727201015,0.2,0.1,20000,19000,100,380,500,0.8010976155873887,0.9654714672176318,False,False
RR_OBM_RR,RR + OBM-RR,19.073798089112337,14.967744817765858,91.0,0,1777324408,0.3029161727201015,0.2,0.1,20000,19000,100,380,500,0.8010976155873887,0.9654714672176318,False,False
RR_MSB,RR + MSB,19.073798089112337,15.068757804993846,92.0,0,1777324408,0.3029161727201015,0.2,0.1,20000,19000,100,380,500,0.8010976155873887,0.9654714672176318,False,False
RR_BATCH,RR + batch means,25.09532512424191,52.466696864724895,94.0,0,2084558134,3.9084452161781185,0.2,0.1,20000,19000,100,380,500,0.812614119494143,0.9917058152267927,False,False
RR_ORACLE,RR + oracle variance,25.09532512424263,56.221612908929565,96.0,0,2084558134,3.9084452161781185,0.2,0.1,20000,19000,100,380,500,0.812614119494143,0.9917058152267927,False,False
RR_OBM,RR + OBM,25.09532512424263,52.259149560401006,93.0,0,2084558134,3.9084452161781185,0.2,0.1,20000,19000,100,380,500,0.812614119494143,0.9917058152267927,False,False
RR_OBM_RR,RR + OBM-RR,25.09532512424263,53.81150054275656,93.0,0,2084558134,3.9084452161781185,0.2,0.1,20000,19000,100,380,500,0.812614119494143,0.9917058152267927,False,False
RR_MSB,RR + MSB,25.09532512424263,51.56433981422758,91.0,0,2084558134,3.9084452161781185,0.2,0.1,20000,19000,100,380,500,0.812614119494143,0.9917058152267927,False,False
RR_BATCH,RR + batch means,19.116711948824996,31.92474480450587,90.0,0,1843166519,1.3821944944951714,0.2,0.1,20000,19000,100,380,500,0.7978711813536549,0.9687988672836144,False,False
RR_ORACLE,RR + oracle variance,19.11671194882542,33.43380965364988,94.0,0,1843166519,1.3821944944951714,0.2,0.1,20000,19000,100,380,500,0.7978711813536549,0.9687988672836144,False,False
RR_OBM,RR + OBM,19.11671194882542,31.74658820069228,89.0,0,1843166519,1.3821944944951714,0.2,0.1,20000,19000,100,380,500,0.7978711813536549,0.9687988672836144,False,False
RR_OBM_RR,RR + OBM-RR,19.11671194882542,32.2068338132874,91.0,0,1843166519,1.3821944944951714,0.2,0.1,20000,19000,100,380,500,0.7978711813536549,0.9687988672836144,False,False
RR_MSB,RR + MSB,19.11671194882542,31.357673389801985,91.0,0,1843166519,1.3821944944951714,0.2,0.1,20000,19000,100,380,500,0.7978711813536549,0.9687988672836144,False,False
RR_BATCH,RR + batch means,21.269076118683905,33.23290986950556,92.0,0,197860369,1.526526566184373,0.2,0.1,20000,19000,100,380,500,0.712148603784999,0.9743046378159217,False,False
RR_ORACLE,RR + oracle variance,21.269076118684175,35.13609313180567,96.0,0,197860369,1.526526566184373,0.2,0.1,20000,19000,100,380,500,0.712148603784999,0.9743046378159217,False,False
RR_OBM,RR + OBM,21.269076118684175,33.07930027458129,95.0,0,197860369,1.526526566184373,0.2,0.1,20000,19000,100,380,500,0.712148603784999,0.9743046378159217,False,False
RR_OBM_RR,RR + OBM-RR,21.269076118684175,33.71053345496711,94.0,0,197860369,1.526526566184373,0.2,0.1,20000,19000,100,380,500,0.712148603784999,0.9743046378159217,False,False
RR_MSB,RR + MSB,21.269076118684175,32.4440316923798,94.0,0,197860369,1.526526566184373,0.2,0.1,20000,19000,100,380,500,0.712148603784999,0.9743046378159217,False,False
RR_BATCH,RR + batch means,22.137016932639334,47.14905004445301,93.0,0,145857092,2.9101272309384143,0.2,0.1,20000,19000,100,380,500,0.7528959886832006,0.9939675814751682,False,False
RR_ORACLE,RR + oracle variance,22.137016932639035,48.51290424235066,97.0,0,145857092,2.9101272309384143,0.2,0.1,20000,19000,100,380,500,0.7528959886832006,0.9939675814751682,False,False
RR_OBM,RR + OBM,22.137016932639035,45.91298801820542,95.0,0,145857092,2.9101272309384143,0.2,0.1,20000,19000,100,380,500,0.7528959886832006,0.9939675814751682,False,False
RR_OBM_RR,RR + OBM-RR,22.137016932639035,47.14704963049915,94.0,0,145857092,2.9101272309384143,0.2,0.1,20000,19000,100,380,500,0.7528959886832006,0.9939675814751682,False,False
RR_MSB,RR + MSB,22.137016932639035,45.54384868558647,93.0,0,145857092,2.9101272309384143,0.2,0.1,20000,19000,100,380,500,0.7528959886832006,0.9939675814751682,False,False
RR_BATCH,RR + batch means,16.57025661121729,17.76400576679064,92.0,0,594336918,0.4439071282822261,0.2,0.1,20000,19000,100,380,500,0.7276265850596422,0.9523667283337245,False,False
RR_ORACLE,RR + oracle variance,16.570256611217253,18.947300618786976,96.0,0,594336918,0.4439071282822261,0.2,0.1,20000,19000,100,380,500,0.7276265850596422,0.9523667283337245,False,False
RR_OBM,RR + OBM,16.570256611217253,18.01350481337227,93.0,0,594336918,0.4439071282822261,0.2,0.1,20000,19000,100,380,500,0.7276265850596422,0.9523667283337245,False,False
RR_OBM_RR,RR + OBM-RR,16.570256611217253,17.97815088346989,91.0,0,594336918,0.4439071282822261,0.2,0.1,20000,19000,100,380,500,0.7276265850596422,0.9523667283337245,False,False
RR_MSB,RR + MSB,16.570256611217253,17.764205163548322,92.0,0,594336918,0.4439071282822261,0.2,0.1,20000,19000,100,380,500,0.7276265850596422,0.9523667283337245,False,False
RR_BATCH,RR + batch means,20.330256204203383,29.890491963162827,95.0,0,761338719,1.238475455786897,0.2,0.1,20000,19000,100,380,500,0.7118095414239449,0.9776871575892329,False,False
RR_ORACLE,RR + oracle variance,20.330256204203636,31.647906603574576,96.0,0,761338719,1.238475455786897,0.2,0.1,20000,19000,100,380,500,0.7118095414239449,0.9776871575892329,False,False
RR_OBM,RR + OBM,20.330256204203636,29.8319961874167,94.0,0,761338719,1.238475455786897,0.2,0.1,20000,19000,100,380,500,0.7118095414239449,0.9776871575892329,False,False
RR_OBM_RR,RR + OBM-RR,20.330256204203636,30.04875557418145,92.0,0,761338719,1.238475455786897,0.2,0.1,20000,19000,100,380,500,0.7118095414239449,0.9776871575892329,False,False
RR_MSB,RR + MSB,20.330256204203636,29.554860223166667,94.0,0,761338719,1.238475455786897,0.2,0.1,20000,19000,100,380,500,0.7118095414239449,0.9776871575892329,False,False
RR_BATCH,RR + batch means,24.335256168027527,41.13085507180806,87.0,0,957106590,2.3313894499296532,0.2,0.1,20000,19000,100,380,500,0.7348882644495972,0.9754288061410912,False,False
RR_ORACLE,RR + oracle variance,24.335256168027247,43.42188768207619,94.0,0,957106590,2.3313894499296532,0.2,0.1,20000,19000,100,380,500,0.7348882644495972,0.9754288061410912,False,False
RR_OBM,RR + OBM,24.335256168027247,41.10180866321461,90.0,0,957106590,2.3313894499296532,0.2,0.1,20000,19000,100,380,500,0.7348882644495972,0.9754288061410912,False,False
RR_OBM_RR,RR + OBM-RR,24.335256168027247,41.77840955929659,89.0,0,957106590,2.3313894499296532,0.2,0.1,20000,19000,100,380,500,0.7348882644495972,0.9754288061410912,False,False
RR_MSB,RR + MSB,24.335256168027247,41.05333216188213,90.0,0,957106590,2.3313894499296532,0.2,0.1,20000,19000,100,380,500,0.7348882644495972,0.9754288061410912,False,False
RR_BATCH,RR + batch means,20.265725975972295,37.79327330904098,96.0,0,1917963003,1.9637654442760555,0.2,0.1,20000,19000,100,380,500,0.8229603265655668,0.9611764889274746,False,False
RR_ORACLE,RR + oracle variance,20.26572597597187,39.85163032440934,97.0,0,1917963003,1.9637654442760555,0.2,0.1,20000,19000,100,380,500,0.8229603265655668,0.9611764889274746,False,False
RR_OBM,RR + OBM,20.26572597597187,38.07703172355341,97.0,0,1917963003,1.9637654442760555,0.2,0.1,20000,19000,100,380,500,0.8229603265655668,0.9611764889274746,False,False
RR_OBM_RR,RR + OBM-RR,20.26572597597187,37.741779242738055,96.0,0,1917963003,1.9637654442760555,0.2,0.1,20000,19000,100,380,500,0.8229603265655668,0.9611764889274746,False,False
RR_MSB,RR + MSB,20.26572597597187,38.04089539958134,95.0,0,1917963003,1.9637654442760555,0.2,0.1,20000,19000,100,380,500,0.8229603265655668,0.9611764889274746,False,False
RR_BATCH,RR + batch means,20.010432477812135,35.696957469575345,90.0,0,1671565831,1.8420410772944598,0.2,0.1,20000,19000,100,380,500,0.7405757056332045,0.980835913940108,False,False
RR_ORACLE,RR + oracle variance,20.010432477812408,38.59676818882423,95.0,0,1671565831,1.8420410772944598,0.2,0.1,20000,19000,100,380,500,0.7405757056332045,0.980835913940108,False,False
RR_OBM,RR + OBM,20.010432477812408,36.02149210332205,93.0,0,1671565831,1.8420410772944598,0.2,0.1,20000,19000,100,380,500,0.7405757056332045,0.980835913940108,False,False
RR_OBM_RR,RR + OBM-RR,20.010432477812408,36.07645181926135,91.0,0,1671565831,1.8420410772944598,0.2,0.1,20000,19000,100,380,500,0.7405757056332045,0.980835913940108,False,False
RR_MSB,RR + MSB,20.010432477812408,35.68891043971907,92.0,0,1671565831,1.8420410772944598,0.2,0.1,20000,19000,100,380,500,0.7405757056332045,0.980835913940108,False,False
RR_BATCH,RR + batch means,19.423834239780536,36.03812014341515,92.0,0,1455819992,1.895765264710268,0.2,0.1,20000,19000,100,380,500,0.6659950111111707,0.9843288752540928,False,False
RR_ORACLE,RR + oracle variance,19.423834239780167,39.1555714879069,96.0,0,1455819992,1.895765264710268,0.2,0.1,20000,19000,100,380,500,0.6659950111111707,0.9843288752540928,False,False
RR_OBM,RR + OBM,19.423834239780167,36.62529903264838,93.0,0,1455819992,1.895765264710268,0.2,0.1,20000,19000,100,380,500,0.6659950111111707,0.9843288752540928,False,False
RR_OBM_RR,RR + OBM-RR,19.423834239780167,36.61593208005458,92.0,0,1455819992,1.895765264710268,0.2,0.1,20000,19000,100,380,500,0.6659950111111707,0.9843288752540928,False,False
RR_MSB,RR + MSB,19.423834239780167,36.303881455687616,94.0,0,1455819992,1.895765264710268,0.2,0.1,20000,19000,100,380,500,0.6659950111111707,0.9843288752540928,False,False
RR_BATCH,RR + batch means,20.75491433024522,46.00114966876394,93.0,0,417983442,2.8751362617689455,0.2,0.1,20000,19000,100,380,500,0.8070450189256176,0.9532349513235565,False,False
RR_ORACLE,RR + oracle variance,20.75491433024517,48.220365982303946,97.0,0,417983442,2.8751362617689455,0.2,0.1,20000,19000,100,380,500,0.8070450189256176,0.9532349513235565,False,False
RR_OBM,RR + OBM,20.75491433024517,45.16148503831197,95.0,0,417983442,2.8751362617689455,0.2,0.1,20000,19000,100,380,500,0.8070450189256176,0.9532349513235565,False,False
RR_OBM_RR,RR + OBM-RR,20.75491433024517,45.893727610050775,93.0,0,417983442,2.8751362617689455,0.2,0.1,20000,19000,100,380,500,0.8070450189256176,0.9532349513235565,False,False
RR_MSB,RR + MSB,20.75491433024517,45.0500158049637,95.0,0,417983442,2.8751362617689455,0.2,0.1,20000,19000,100,380,500,0.8070450189256176,0.9532349513235565,False,False
RR_BATCH,RR + batch means,20.75717756659127,53.5328138372188,91.0,0,1631871624,4.166823713063872,0.2,0.1,20000,19000,100,380,500,0.7347772227554935,0.9697292239561879,False,False
RR_ORACLE,RR + oracle variance,20.75717756659183,58.05021729290062,98.0,0,1631871624,4.166823713063872,0.2,0.1,20000,19000,100,380,500,0.7347772227554935,0.9697292239561879,False,False
RR_OBM,RR + OBM,20.75717756659183,54.32227312629378,94.0,0,1631871624,4.166823713063872,0.2,0.1,20000,19000,100,380,500,0.7347772227554935,0.9697292239561879,False,False
RR_OBM_RR,RR + OBM-RR,20.75717756659183,52.823295462485405,91.0,0,1631871624,4.166823713063872,0.2,0.1,20000,19000,100,380,500,0.7347772227554935,0.9697292239561879,False,False
RR_MSB,RR + MSB,20.75717756659183,53.41605308745727,94.0,0,1631871624,4.166823713063872,0.2,0.1,20000,19000,100,380,500,0.7347772227554935,0.9697292239561879,False,False
RR_BATCH,RR + batch means,24.036284350275416,31.4179994999566,93.0,0,1466836457,1.4440585932393484,0.2,0.1,20000,19000,100,380,500,0.7142161934250567,0.9640237491430843,False,False
RR_ORACLE,RR + oracle variance,24.03628435027533,34.173833081678296,94.0,0,1466836457,1.4440585932393484,0.2,0.1,20000,19000,100,380,500,0.7142161934250567,0.9640237491430843,False,False
RR_OBM,RR + OBM,24.03628435027533,31.504579010122853,94.0,0,1466836457,1.4440585932393484,0.2,0.1,20000,19000,100,380,500,0.7142161934250567,0.9640237491430843,False,False
RR_OBM_RR,RR + OBM-RR,24.03628435027533,31.226926569555392,92.0,0,1466836457,1.4440585932393484,0.2,0.1,20000,19000,100,380,500,0.7142161934250567,0.9640237491430843,False,False
RR_MSB,RR + MSB,24.03628435027533,31.026703428952228,94.0,0,1466836457,1.4440585932393484,0.2,0.1,20000,19000,100,380,500,0.7142161934250567,0.9640237491430843,False,False
RR_BATCH,RR + batch means,22.2455394379765,51.77523924864289,94.0,0,1002275723,3.6973840613786653,0.2,0.1,20000,19000,100,380,500,0.7909197468303723,0.9600676908738776,False,False
RR_ORACLE,RR + oracle variance,22.245539437976458,54.68252605738143,96.0,0,1002275723,3.6973840613786653,0.2,0.1,20000,19000,100,380,500,0.7909197468303723,0.9600676908738776,False,False
RR_OBM,RR + OBM,22.245539437976458,52.270563079135925,95.0,0,1002275723,3.6973840613786653,0.2,0.1,20000,19000,100,380,500,0.7909197468303723,0.9600676908738776,False,False
RR_OBM_RR,RR + OBM-RR,22.245539437976458,53.276934658240215,97.0,0,1002275723,3.6973840613786653,0.2,0.1,20000,19000,100,380,500,0.7909197468303723,0.9600676908738776,False,False
RR_MSB,RR + MSB,22.245539437976458,52.016778110243635,95.0,0,1002275723,3.6973840613786653,0.2,0.1,20000,19000,100,380,500,0.7909197468303723,0.9600676908738776,False,False
RR_BATCH,RR + batch means,25.281732110692502,55.43968273186134,90.0,0,781482251,4.363005701707702,0.2,0.1,20000,19000,100,380,500,0.7151975208258752,0.978576859609315,False,False
RR_ORACLE,RR + oracle variance,25.28173211069257,59.40105747342215,94.0,0,781482251,4.363005701707702,0.2,0.1,20000,19000,100,380,500,0.7151975208258752,0.978576859609315,False,False
RR_OBM,RR + OBM,25.28173211069257,54.99669860336926,92.0,0,781482251,4.363005701707702,0.2,0.1,20000,19000,100,380,500,0.7151975208258752,0.978576859609315,False,False
RR_OBM_RR,RR + OBM-RR,25.28173211069257,55.79034453108624,91.0,0,781482251,4.363005701707702,0.2,0.1,20000,19000,100,380,500,0.7151975208258752,0.978576859609315,False,False
RR_MSB,RR + MSB,25.28173211069257,54.93341051327487,92.0,0,781482251,4.363005701707702,0.2,0.1,20000,19000,100,380,500,0.7151975208258752,0.978576859609315,False,False
RR_BATCH,RR + batch means,22.989254873730705,44.22364526373587,91.0,0,1173749072,2.706626465225628,0.2,0.1,20000,19000,100,380,500,0.7785593399232804,0.9794972428830395,False,False
RR_ORACLE,RR + oracle variance,22.989254873730953,46.78594955340455,93.0,0,1173749072,2.706626465225628,0.2,0.1,20000,19000,100,380,500,0.7785593399232804,0.9794972428830395,False,False
RR_OBM,RR + OBM,22.989254873730953,43.07280795066994,92.0,0,1173749072,2.706626465225628,0.2,0.1,20000,19000,100,380,500,0.7785593399232804,0.9794972428830395,False,False
RR_OBM_RR,RR + OBM-RR,22.989254873730953,44.34578904624877,93.0,0,1173749072,2.706626465225628,0.2,0.1,20000,19000,100,380,500,0.7785593399232804,0.9794972428830395,False,False
RR_MSB,RR + MSB,22.989254873730953,42.69375103611705,92.0,0,1173749072,2.706626465225628,0.2,0.1,20000,19000,100,380,500,0.7785593399232804,0.9794972428830395,False,False
RR_BATCH,RR + batch means,20.084928141606042,41.53509416431194,91.0,0,1981113450,2.4549938247732,0.2,0.1,20000,19000,100,380,500,0.7964510801748972,0.9684849066021706,False,False
RR_ORACLE,RR + oracle variance,20.084928141605584,44.55808198396105,94.0,0,1981113450,2.4549938247732,0.2,0.1,20000,19000,100,380,500,0.7964510801748972,0.9684849066021706,False,False
RR_OBM,RR + OBM,20.084928141605584,42.159928238304765,93.0,0,1981113450,2.4549938247732,0.2,0.1,20000,19000,100,380,500,0.7964510801748972,0.9684849066021706,False,False
RR_OBM_RR,RR + OBM-RR,20.084928141605584,42.28348689013092,91.0,0,1981113450,2.4549938247732,0.2,0.1,20000,19000,100,380,500,0.7964510801748972,0.9684849066021706,False,False
RR_MSB,RR + MSB,20.084928141605584,41.92697070056489,93.0,0,1981113450,2.4549938247732,0.2,0.1,20000,19000,100,380,500,0.7964510801748972,0.9684849066021706,False,False
RR_BATCH,RR + batch means,18.98913484633754,25.666622735613238,91.0,0,1944623249,0.9263361362850611,0.2,0.1,20000,19000,100,380,500,0.8032198794834147,0.9731738471305574,False,False
RR_ORACLE,RR + oracle variance,18.989134846337805,27.37068013177206,96.0,0,1944623249,0.9263361362850611,0.2,0.1,20000,19000,100,380,500,0.8032198794834147,0.9731738471305574,False,False
RR_OBM,RR + OBM,18.989134846337805,26.115837990822936,94.0,0,1944623249,0.9263361362850611,0.2,0.1,20000,19000,100,380,500,0.8032198794834147,0.9731738471305574,False,False
RR_OBM_RR,RR + OBM-RR,18.989134846337805,26.30887857795864,94.0,0,1944623249,0.9263361362850611,0.2,0.1,20000,19000,100,380,500,0.8032198794834147,0.9731738471305574,False,False
RR_MSB,RR + MSB,18.989134846337805,25.65282900554925,94.0,0,1944623249,0.9263361362850611,0.2,0.1,20000,19000,100,380,500,0.8032198794834147,0.9731738471305574,False,False
RR_BATCH,RR + batch means,20.057966558989,38.73729201404161,91.0,0,2077711329,2.076317845404007,0.2,0.1,20000,19000,100,380,500,0.7885947741651329,0.9693267472582436,False,False
RR_ORACLE,RR + oracle variance,20.057966558989126,40.97775905560644,89.0,0,2077711329,2.076317845404007,0.2,0.1,20000,19000,100,380,500,0.7885947741651329,0.9693267472582436,False,False
RR_OBM,RR + OBM,20.057966558989126,38.72410629392528,89.0,0,2077711329,2.076317845404007,0.2,0.1,20000,19000,100,380,500,0.7885947741651329,0.9693267472582436,False,False
RR_OBM_RR,RR + OBM-RR,20.057966558989126,39.4431632074738,92.0,0,2077711329,2.076317845404007,0.2,0.1,20000,19000,100,380,500,0.7885947741651329,0.9693267472582436,False,False
RR_MSB,RR + MSB,20.057966558989126,38.09796108767166,89.0,0,2077711329,2.076317845404007,0.2,0.1,20000,19000,100,380,500,0.7885947741651329,0.9693267472582436,False,False
RR_BATCH,RR + batch means,20.56530867207746,27.617755817260303,95.0,0,787359109,1.0330179330869644,0.2,0.1,20000,19000,100,380,500,0.7433911244204893,0.9718714684166588,False,False
RR_ORACLE,RR + oracle variance,20.565308672077336,28.903818181548758,94.0,0,787359109,1.0330179330869644,0.2,0.1,20000,19000,100,380,500,0.7433911244204893,0.9718714684166588,False,False
RR_OBM,RR + OBM,20.565308672077336,27.255644093017214,93.0,0,787359109,1.0330179330869644,0.2,0.1,20000,19000,100,380,500,0.7433911244204893,0.9718714684166588,False,False
RR_OBM_RR,RR + OBM-RR,20.565308672077336,27.32492406079712,94.0,0,787359109,1.0330179330869644,0.2,0.1,20000,19000,100,380,500,0.7433911244204893,0.9718714684166588,False,False
RR_MSB,RR + MSB,20.565308672077336,26.891083388582118,90.0,0,787359109,1.0330179330869644,0.2,0.1,20000,19000,100,380,500,0.7433911244204893,0.9718714684166588,False,False
RR_BATCH,RR + batch means,22.749731475515638,35.100512302790456,94.0,0,94067870,1.6265275770275067,0.2,0.1,20000,19000,100,380,500,0.8237571747788438,0.9806093965803354,False,False
RR_ORACLE,RR + oracle variance,22.749731475515638,36.268701042938005,97.0,0,94067870,1.6265275770275067,0.2,0.1,20000,19000,100,380,500,0.8237571747788438,0.9806093965803354,False,False
RR_OBM,RR + OBM,22.749731475515638,34.39914640926976,96.0,0,94067870,1.6265275770275067,0.2,0.1,20000,19000,100,380,500,0.8237571747788438,0.9806093965803354,False,False
RR_OBM_RR,RR + OBM-RR,22.749731475515638,34.72549995794958,93.0,0,94067870,1.6265275770275067,0.2,0.1,20000,19000,100,380,500,0.8237571747788438,0.9806093965803354,False,False
RR_MSB,RR + MSB,22.749731475515638,33.916823303347364,96.0,0,94067870,1.6265275770275067,0.2,0.1,20000,19000,100,380,500,0.8237571747788438,0.9806093965803354,False,False
RR_BATCH,RR + batch means,22.056528515276,44.71391596745914,97.0,0,163945743,2.8274275854498367,0.2,0.1,20000,19000,100,380,500,0.7347524612229042,0.9746170642846718,False,False
RR_ORACLE,RR + oracle variance,22.05652851527622,47.818619227683044,98.0,0,163945743,2.8274275854498367,0.2,0.1,20000,19000,100,380,500,0.7347524612229042,0.9746170642846718,False,False
RR_OBM,RR + OBM,22.05652851527622,45.01367487795429,96.0,0,163945743,2.8274275854498367,0.2,0.1,20000,19000,100,380,500,0.7347524612229042,0.9746170642846718,False,False
RR_OBM_RR,RR + OBM-RR,22.05652851527622,45.262708241698434,96.0,0,163945743,2.8274275854498367,0.2,0.1,20000,19000,100,380,500,0.7347524612229042,0.9746170642846718,False,False
RR_MSB,RR + MSB,22.05652851527622,44.36346362755691,95.0,0,163945743,2.8274275854498367,0.2,0.1,20000,19000,100,380,500,0.7347524612229042,0.9746170642846718,False,False
RR_BATCH,RR + batch means,19.13723927072049,34.890174726658024,89.0,0,1068999196,1.8155421682428823,0.2,0.1,20000,19000,100,380,500,0.7620009701421451,0.9858189132595618,False,False
RR_ORACLE,RR + oracle variance,19.137239270720357,38.318143226465814,96.0,0,1068999196,1.8155421682428823,0.2,0.1,20000,19000,100,380,500,0.7620009701421451,0.9858189132595618,False,False
RR_OBM,RR + OBM,19.137239270720357,35.617675149932374,93.0,0,1068999196,1.8155421682428823,0.2,0.1,20000,19000,100,380,500,0.7620009701421451,0.9858189132595618,False,False
RR_OBM_RR,RR + OBM-RR,19.137239270720357,35.604268923322444,92.0,0,1068999196,1.8155421682428823,0.2,0.1,20000,19000,100,380,500,0.7620009701421451,0.9858189132595618,False,False
RR_MSB,RR + MSB,19.137239270720357,35.24528839034942,93.0,0,1068999196,1.8155421682428823,0.2,0.1,20000,19000,100,380,500,0.7620009701421451,0.9858189132595618,False,False
RR_BATCH,RR + batch means,25.66052587663786,48.43181319453562,93.0,0,1596387605,3.060338144238423,0.2,0.1,20000,19000,100,380,500,0.7950634690006232,0.9693720320764538,False,False
RR_ORACLE,RR + oracle variance,25.660525876637607,49.74918768655293,93.0,0,1596387605,3.060338144238423,0.2,0.1,20000,19000,100,380,500,0.7950634690006232,0.9693720320764538,False,False
RR_OBM,RR + OBM,25.660525876637607,47.40159348311455,93.0,0,1596387605,3.060338144238423,0.2,0.1,20000,19000,100,380,500,0.7950634690006232,0.9693720320764538,False,False
RR_OBM_RR,RR + OBM-RR,25.660525876637607,48.4894714516446,90.0,0,1596387605,3.060338144238423,0.2,0.1,20000,19000,100,380,500,0.7950634690006232,0.9693720320764538,False,False
RR_MSB,RR + MSB,25.660525876637607,47.486518705347855,92.0,0,1596387605,3.060338144238423,0.2,0.1,20000,19000,100,380,500,0.7950634690006232,0.9693720320764538,False,False
RR_BATCH,RR + batch means,24.09150797785737,31.08821257783607,94.0,0,699704628,1.3584523817710155,0.2,0.1,20000,19000,100,380,500,0.7937605249583184,0.9655883563292331,False,False
RR_ORACLE,RR + oracle variance,24.09150797785745,33.1454176699465,94.0,0,699704628,1.3584523817710155,0.2,0.1,20000,19000,100,380,500,0.7937605249583184,0.9655883563292331,False,False
RR_OBM,RR + OBM,24.09150797785745,31.704332587387167,92.0,0,699704628,1.3584523817710155,0.2,0.1,20000,19000,100,380,500,0.7937605249583184,0.9655883563292331,False,False
RR_OBM_RR,RR + OBM-RR,24.09150797785745,31.606330974480603,93.0,0,699704628,1.3584523817710155,0.2,0.1,20000,19000,100,380,500,0.7937605249583184,0.9655883563292331,False,False
RR_MSB,RR + MSB,24.09150797785745,31.30092487970116,91.0,0,699704628,1.3584523817710155,0.2,0.1,20000,19000,100,380,500,0.7937605249583184,0.9655883563292331,False,False
RR_BATCH,RR + batch means,19.21239519017256,37.874252463996086,89.0,0,331334161,1.9375291091622746,0.2,0.1,20000,19000,100,380,500,0.8241349755475844,0.9711524805845761,False,False
RR_ORACLE,RR + oracle variance,19.212395190172277,39.584521926586795,94.0,0,331334161,1.9375291091622746,0.2,0.1,20000,19000,100,380,500,0.8241349755475844,0.9711524805845761,False,False
RR_OBM,RR + OBM,19.212395190172277,37.969611393362385,90.0,0,331334161,1.9375291091622746,0.2,0.1,20000,19000,100,380,500,0.8241349755475844,0.9711524805845761,False,False
RR_OBM_RR,RR + OBM-RR,19.212395190172277,38.050340956515804,90.0,0,331334161,1.9375291091622746,0.2,0.1,20000,19000,100,380,500,0.8241349755475844,0.9711524805845761,False,False
RR_MSB,RR + MSB,19.212395190172277,37.55508431389817,91.0,0,331334161,1.9375291091622746,0.2,0.1,20000,19000,100,380,500,0.8241349755475844,0.9711524805845761,False,False
RR_BATCH,RR + batch means,17.6899729032585,39.30060930041072,96.0,0,882294417,1.9707624558351595,0.2,0.1,20000,19000,100,380,500,0.7887314413145017,0.9612621307900595,False,False
RR_ORACLE,RR + oracle variance,17.689972903258457,39.92256404449096,96.0,0,882294417,1.9707624558351595,0.2,0.1,20000,19000,100,380,500,0.7887314413145017,0.9612621307900595,False,False
RR_OBM,RR + OBM,17.689972903258457,38.727500114996715,96.0,0,882294417,1.9707624558351595,0.2,0.1,20000,19000,100,380,500,0.7887314413145017,0.9612621307900595,False,False
RR_OBM_RR,RR + OBM-RR,17.689972903258457,38.869778451607964,96.0,0,882294417,1.9707624558351595,0.2,0.1,20000,19000,100,380,500,0.7887314413145017,0.9612621307900595,False,False
RR_MSB,RR + MSB,17.689972903258457,38.22863514781163,95.0,0,882294417,1.9707624558351595,0.2,0.1,20000,19000,100,380,500,0.7887314413145017,0.9612621307900595,False,False
RR_BATCH,RR + batch means,21.053208899118804,36.19156435114993,93.0,0,1599364551,1.7186457336326737,0.2,0.1,20000,19000,100,380,500,0.7493977786570357,0.9827606234996767,False,False
RR_ORACLE,RR + oracle variance,21.05320889911898,37.28159363295726,96.0,0,1599364551,1.7186457336326737,0.2,0.1,20000,19000,100,380,500,0.7493977786570357,0.9827606234996767,False,False
RR_OBM,RR + OBM,21.05320889911898,35.13538494798729,94.0,0,1599364551,1.7186457336326737,0.2,0.1,20000,19000,100,380,500,0.7493977786570357,0.9827606234996767,False,False
RR_OBM_RR,RR + OBM-RR,21.05320889911898,36.20120884324765,94.0,0,1599364551,1.7186457336326737,0.2,0.1,20000,19000,100,380,500,0.7493977786570357,0.9827606234996767,False,False
RR_MSB,RR + MSB,21.05320889911898,34.7099052546612,95.0,0,1599364551,1.7186457336326737,0.2,0.1,20000,19000,100,380,500,0.7493977786570357,0.9827606234996767,False,False
RR_BATCH,RR + batch means,22.637407244817858,32.96407158341479,93.0,0,1008363426,1.5665402994477549,0.2,0.1,20000,19000,100,380,500,0.755666838213906,0.9815452084793563,False,False
RR_ORACLE,RR + oracle variance,22.63740724481779,35.59361282526728,95.0,0,1008363426,1.5665402994477549,0.2,0.1,20000,19000,100,380,500,0.755666838213906,0.9815452084793563,False,False
RR_OBM,RR + OBM,22.63740724481779,33.65438738536741,94.0,0,1008363426,1.5665402994477549,0.2,0.1,20000,19000,100,380,500,0.755666838213906,0.9815452084793563,False,False
RR_OBM_RR,RR + OBM-RR,22.63740724481779,34.652161407593645,94.0,0,1008363426,1.5665402994477549,0.2,0.1,20000,19000,100,380,500,0.755666838213906,0.9815452084793563,False,False
RR_MSB,RR + MSB,22.63740724481779,33.40530420112164,93.0,0,1008363426,1.5665402994477549,0.2,0.1,20000,19000,100,380,500,0.755666838213906,0.9815452084793563,False,False
RR_BATCH,RR + batch means,28.6831155756499,69.09896252705151,90.0,0,795556160,6.443874465109782,0.2,0.1,20000,19000,100,380,500,0.7093983741750088,0.9762226760420812,False,False
RR_ORACLE,RR + oracle variance,28.683115575649296,72.189630985185,92.0,0,795556160,6.443874465109782,0.2,0.1,20000,19000,100,380,500,0.7093983741750088,0.9762226760420812,False,False
RR_OBM,RR + OBM,28.683115575649296,67.97142349519245,92.0,0,795556160,6.443874465109782,0.2,0.1,20000,19000,100,380,500,0.7093983741750088,0.9762226760420812,False,False
RR_OBM_RR,RR + OBM-RR,28.683115575649296,69.03053954645932,89.0,0,795556160,6.443874465109782,0.2,0.1,20000,19000,100,380,500,0.7093983741750088,0.9762226760420812,False,False
RR_MSB,RR + MSB,28.683115575649296,67.41237955207149,91.0,0,795556160,6.443874465109782,0.2,0.1,20000,19000,100,380,500,0.7093983741750088,0.9762226760420812,False,False
RR_BATCH,RR + batch means,20.9961643860476,41.12849084594816,93.0,0,406886645,2.354562057055686,0.2,0.1,20000,19000,100,380,500,0.7445890093971937,0.9572448254781045,False,False
RR_ORACLE,RR + oracle variance,20.996164386047333,43.63714782263355,93.0,0,406886645,2.354562057055686,0.2,0.1,20000,19000,100,380,500,0.7445890093971937,0.9572448254781045,False,False
RR_OBM,RR + OBM,20.996164386047333,41.873440737597036,92.0,0,406886645,2.354562057055686,0.2,0.1,20000,19000,100,380,500,0.7445890093971937,0.9572448254781045,False,False
RR_OBM_RR,RR + OBM-RR,20.996164386047333,41.9909679854399,92.0,0,406886645,2.354562057055686,0.2,0.1,20000,19000,100,380,500,0.7445890093971937,0.9572448254781045,False,False
RR_MSB,RR + MSB,20.996164386047333,41.20800839148483,90.0,0,406886645,2.354562057055686,0.2,0.1,20000,19000,100,380,500,0.7445890093971937,0.9572448254781045,False,False
RR_BATCH,RR + batch means,23.091459617040346,29.554579616100042,88.0,0,1708709736,1.2374600583517064,0.2,0.1,20000,19000,100,380,500,0.7864258994086526,0.9788075935840435,False,False
RR_ORACLE,RR + oracle variance,23.091459617040037,31.634930249269942,93.0,0,1708709736,1.2374600583517064,0.2,0.1,20000,19000,100,380,500,0.7864258994086526,0.9788075935840435,False,False
RR_OBM,RR + OBM,23.091459617040037,29.601911728113137,90.0,0,1708709736,1.2374600583517064,0.2,0.1,20000,19000,100,380,500,0.7864258994086526,0.9788075935840435,False,False
RR_OBM_RR,RR + OBM-RR,23.091459617040037,30.357343770026606,91.0,0,1708709736,1.2374600583517064,0.2,0.1,20000,19000,100,380,500,0.7864258994086526,0.9788075935840435,False,False
RR_MSB,RR + MSB,23.091459617040037,29.177540668106893,89.0,0,1708709736,1.2374600583517064,0.2,0.1,20000,19000,100,380,500,0.7864258994086526,0.9788075935840435,False,False
RR_BATCH,RR + batch means,17.803910496255693,28.851772560317794,95.0,0,994157307,1.1319447869937644,0.2,0.1,20000,19000,100,380,500,0.8376670420369194,0.9724813800172213,False,False
RR_ORACLE,RR + oracle variance,17.803910496255032,30.256166962632957,96.0,0,994157307,1.1319447869937644,0.2,0.1,20000,19000,100,380,500,0.8376670420369194,0.9724813800172213,False,False
RR_OBM,RR + OBM,17.803910496255032,29.098911566785205,95.0,0,994157307,1.1319447869937644,0.2,0.1,20000,19000,100,380,500,0.8376670420369194,0.9724813800172213,False,False
RR_OBM_RR,RR + OBM-RR,17.803910496255032,28.941297982129075,95.0,0,994157307,1.1319447869937644,0.2,0.1,20000,19000,100,380,500,0.8376670420369194,0.9724813800172213,False,False
RR_MSB,RR + MSB,17.803910496255032,29.05787639655078,95.0,0,994157307,1.1319447869937644,0.2,0.1,20000,19000,100,380,500,0.8376670420369194,0.9724813800172213,False,False
RR_BATCH,RR + batch means,21.76945690148484,41.01894762731899,90.0,0,279004308,2.323440686562524,0.2,0.1,20000,19000,100,380,500,0.7318279552606795,0.9727303749556581,False,False
RR_ORACLE,RR + oracle variance,21.76945690148494,43.347802031949676,93.0,0,279004308,2.323440686562524,0.2,0.1,20000,19000,100,380,500,0.7318279552606795,0.9727303749556581,False,False
RR_OBM,RR + OBM,21.76945690148494,41.134971656963714,93.0,0,279004308,2.323440686562524,0.2,0.1,20000,19000,100,380,500,0.7318279552606795,0.9727303749556581,False,False
RR_OBM_RR,RR + OBM-RR,21.76945690148494,42.63871895497356,93.0,0,279004308,2.323440686562524,0.2,0.1,20000,19000,100,380,500,0.7318279552606795,0.9727303749556581,False,False
RR_MSB,RR + MSB,21.76945690148494,40.98988662994109,93.0,0,279004308,2.323440686562524,0.2,0.1,20000,19000,100,380,500,0.7318279552606795,0.9727303749556581,False,False
RR_BATCH,RR + batch means,25.123939076186893,24.515177800930992,90.0,0,1438414600,0.8269873022362143,0.2,0.1,20000,19000,100,380,500,0.7581022248743589,0.9744324308398994,False,False
RR_ORACLE,RR + oracle variance,25.12393907618658,25.86132111567122,90.0,0,1438414600,0.8269873022362143,0.2,0.1,20000,19000,100,380,500,0.7581022248743589,0.9744324308398994,False,False
RR_OBM,RR + OBM,25.12393907618658,24.18144045107974,89.0,0,1438414600,0.8269873022362143,0.2,0.1,20000,19000,100,380,500,0.7581022248743589,0.9744324308398994,False,False
RR_OBM_RR,RR + OBM-RR,25.12393907618658,24.583956059509244,87.0,0,1438414600,0.8269873022362143,0.2,0.1,20000,19000,100,380,500,0.7581022248743589,0.9744324308398994,False,False
RR_MSB,RR + MSB,25.12393907618658,24.021002478311335,89.0,0,1438414600,0.8269873022362143,0.2,0.1,20000,19000,100,380,500,0.7581022248743589,0.9744324308398994,False,False
RR_BATCH,RR + batch means,25.429898217650184,33.577370081809015,89.0,0,1788162810,1.4653522983672826,0.2,0.1,20000,19000,100,380,500,0.6931201435895925,0.9767900513556478,False,False
RR_ORACLE,RR + oracle variance,25.429898217650543,34.424870177448625,93.0,0,1788162810,1.4653522983672826,0.2,0.1,20000,19000,100,380,500,0.6931201435895925,0.9767900513556478,False,False
RR_OBM,RR + OBM,25.429898217650543,33.08712427605988,92.0,0,1788162810,1.4653522983672826,0.2,0.1,20000,19000,100,380,500,0.6931201435895925,0.9767900513556478,False,False
RR_OBM_RR,RR + OBM-RR,25.429898217650543,34.45640489052538,91.0,0,1788162810,1.4653522983672826,0.2,0.1,20000,19000,100,380,500,0.6931201435895925,0.9767900513556478,False,False
RR_MSB,RR + MSB,25.429898217650543,32.65653243213638,91.0,0,1788162810,1.4653522983672826,0.2,0.1,20000,19000,100,380,500,0.6931201435895925,0.9767900513556478,False,False
RR_BATCH,RR + batch means,22.32953654222569,33.926006145783724,94.0,0,1474200732,1.6274102473950909,0.2,0.1,20000,19000,100,380,500,0.7607996072523888,0.9829777603836092,False,False
RR_ORACLE,RR + oracle variance,22.329536542225803,36.27854070570581,96.0,0,1474200732,1.6274102473950909,0.2,0.1,20000,19000,100,380,500,0.7607996072523888,0.9829777603836092,False,False
RR_OBM,RR + OBM,22.329536542225803,34.31756986548006,95.0,0,1474200732,1.6274102473950909,0.2,0.1,20000,19000,100,380,500,0.7607996072523888,0.9829777603836092,False,False
RR_OBM_RR,RR + OBM-RR,22.329536542225803,34.91953532971244,95.0,0,1474200732,1.6274102473950909,0.2,0.1,20000,19000,100,380,500,0.7607996072523888,0.9829777603836092,False,False
RR_MSB,RR + MSB,22.329536542225803,34.22010382698984,96.0,0,1474200732,1.6274102473950909,0.2,0.1,20000,19000,100,380,500,0.7607996072523888,0.9829777603836092,False,False
RR_BATCH,RR + batch means,19.934382083448067,24.885971366446533,94.0,0,1021568550,0.8399501464702047,0.2,0.1,20000,19000,100,380,500,0.8244093890795153,0.9817270297576983,False,False
RR_ORACLE,RR + oracle variance,19.934382083447137,26.06321828131014,96.0,0,1021568550,0.8399501464702047,0.2,0.1,20000,19000,100,380,500,0.8244093890795153,0.9817270297576983,False,False
RR_OBM,RR + OBM,19.934382083447137,24.625048977944534,95.0,0,1021568550,0.8399501464702047,0.2,0.1,20000,19000,100,380,500,0.8244093890795153,0.9817270297576983,False,False
RR_OBM_RR,RR + OBM-RR,19.934382083447137,25.487090326993187,94.0,0,1021568550,0.8399501464702047,0.2,0.1,20000,19000,100,380,500,0.8244093890795153,0.9817270297576983,False,False
RR_MSB,RR + MSB,19.934382083447137,24.700316332312262,94.0,0,1021568550,0.8399501464702047,0.2,0.1,20000,19000,100,380,500,0.8244093890795153,0.9817270297576983,False,False
RR_BATCH,RR + batch means,20.499350433038693,39.91783690225288,91.0,0,1212254291,2.225397226657608,0.2,0.1,20000,19000,100,380,500,0.7634470531511427,0.9649499692378661,False,False
RR_ORACLE,RR + oracle variance,20.499350433038522,42.423359518305375,96.0,0,1212254291,2.225397226657608,0.2,0.1,20000,19000,100,380,500,0.7634470531511427,0.9649499692378661,False,False
RR_OBM,RR + OBM,20.499350433038522,40.13334645485475,95.0,0,1212254291,2.225397226657608,0.2,0.1,20000,19000,100,380,500,0.7634470531511427,0.9649499692378661,False,False
RR_OBM_RR,RR + OBM-RR,20.499350433038522,40.04750869902382,93.0,0,1212254291,2.225397226657608,0.2,0.1,20000,19000,100,380,500,0.7634470531511427,0.9649499692378661,False,False
RR_MSB,RR + MSB,20.499350433038522,39.76463259505882,94.0,0,1212254291,2.225397226657608,0.2,0.1,20000,19000,100,380,500,0.7634470531511427,0.9649499692378661,False,False
RR_BATCH,RR + batch means,22.547338100830423,31.83490376534892,93.0,0,208792607,1.4675938251813647,0.2,0.1,20000,19000,100,380,500,0.6087943187396713,0.966523977573583,False,False
RR_ORACLE,RR + oracle variance,22.547338100830412,34.45118971267574,96.0,0,208792607,1.4675938251813647,0.2,0.1,20000,19000,100,380,500,0.6087943187396713,0.966523977573583,False,False
RR_OBM,RR + OBM,22.547338100830412,32.271471131151024,93.0,0,208792607,1.4675938251813647,0.2,0.1,20000,19000,100,380,500,0.6087943187396713,0.966523977573583,False,False
RR_OBM_RR,RR + OBM-RR,22.547338100830412,32.88188430730659,94.0,0,208792607,1.4675938251813647,0.2,0.1,20000,19000,100,380,500,0.6087943187396713,0.966523977573583,False,False
RR_MSB,RR + MSB,22.547338100830412,32.13500245023054,92.0,0,208792607,1.4675938251813647,0.2,0.1,20000,19000,100,380,500,0.6087943187396713,0.966523977573583,False,False
RR_BATCH,RR + batch means,22.321536871378733,26.668380307315235,91.0,0,2019291965,0.9373880688365333,0.2,0.1,20000,19000,100,380,500,0.7743907638099192,0.9813637413925418,False,False
RR_ORACLE,RR + oracle variance,22.321536871378928,27.533473084480207,94.0,0,2019291965,0.9373880688365333,0.2,0.1,20000,19000,100,380,500,0.7743907638099192,0.9813637413925418,False,False
RR_OBM,RR + OBM,22.321536871378928,26.544948462273712,91.0,0,2019291965,0.9373880688365333,0.2,0.1,20000,19000,100,380,500,0.7743907638099192,0.9813637413925418,False,False
RR_OBM_RR,RR + OBM-RR,22.321536871378928,26.48819169873038,91.0,0,2019291965,0.9373880688365333,0.2,0.1,20000,19000,100,380,500,0.7743907638099192,0.9813637413925418,False,False
RR_MSB,RR + MSB,22.321536871378928,26.100317495408195,91.0,0,2019291965,0.9373880688365333,0.2,0.1,20000,19000,100,380,500,0.7743907638099192,0.9813637413925418,False,False
RR_BATCH,RR + batch means,23.058188654587966,47.809627379444926,96.0,0,487284116,3.203194060886938,0.2,0.1,20000,19000,100,380,500,0.7906857224400382,0.9722391780189573,False,False
RR_ORACLE,RR + oracle variance,23.058188654587966,50.89708518091684,97.0,0,487284116,3.203194060886938,0.2,0.1,20000,19000,100,380,500,0.7906857224400382,0.9722391780189573,False,False
RR_OBM,RR + OBM,23.058188654587966,47.48419418405051,95.0,0,487284116,3.203194060886938,0.2,0.1,20000,19000,100,380,500,0.7906857224400382,0.9722391780189573,False,False
RR_OBM_RR,RR + OBM-RR,23.058188654587966,48.67016158601113,94.0,0,487284116,3.203194060886938,0.2,0.1,20000,19000,100,380,500,0.7906857224400382,0.9722391780189573,False,False
RR_MSB,RR + MSB,23.058188654587966,47.274330000008064,96.0,0,487284116,3.203194060886938,0.2,0.1,20000,19000,100,380,500,0.7906857224400382,0.9722391780189573,False,False
RR_BATCH,RR + batch means,28.984324981694876,71.95096943538123,95.0,0,1352408539,7.004354026268703,0.2,0.1,20000,19000,100,380,500,0.6039294242984731,0.9836185308196135,False,False
RR_ORACLE,RR + oracle variance,28.984324981694627,75.26365944566136,96.0,0,1352408539,7.004354026268703,0.2,0.1,20000,19000,100,380,500,0.6039294242984731,0.9836185308196135,False,False
RR_OBM,RR + OBM,28.984324981694627,70.87310903819127,94.0,0,1352408539,7.004354026268703,0.2,0.1,20000,19000,100,380,500,0.6039294242984731,0.9836185308196135,False,False
RR_OBM_RR,RR + OBM-RR,28.984324981694627,73.88238303098,95.0,0,1352408539,7.004354026268703,0.2,0.1,20000,19000,100,380,500,0.6039294242984731,0.9836185308196135,False,False
RR_MSB,RR + MSB,28.984324981694627,70.66093406730333,95.0,0,1352408539,7.004354026268703,0.2,0.1,20000,19000,100,380,500,0.6039294242984731,0.9836185308196135,False,False
RR_BATCH,RR + batch means,20.808575372118746,21.930545256783812,94.0,0,709091226,0.6416041532524789,0.2,0.1,20000,19000,100,380,500,0.7716686336166987,0.9802060012410437,False,False
RR_ORACLE,RR + oracle variance,20.808575372119787,22.779011271485576,95.0,0,709091226,0.6416041532524789,0.2,0.1,20000,19000,100,380,500,0.7716686336166987,0.9802060012410437,False,False
RR_OBM,RR + OBM,20.808575372119787,21.33388220844603,94.0,0,709091226,0.6416041532524789,0.2,0.1,20000,19000,100,380,500,0.7716686336166987,0.9802060012410437,False,False
RR_OBM_RR,RR + OBM-RR,20.808575372119787,21.857794727678332,95.0,0,709091226,0.6416041532524789,0.2,0.1,20000,19000,100,380,500,0.7716686336166987,0.9802060012410437,False,False
RR_MSB,RR + MSB,20.808575372119787,21.176185534244546,94.0,0,709091226,0.6416041532524789,0.2,0.1,20000,19000,100,380,500,0.7716686336166987,0.9802060012410437,False,False
RR_BATCH,RR + batch means,19.250889284041044,29.164856480827503,93.0,0,938776597,1.1404076644168968,0.2,0.1,20000,19000,100,380,500,0.818841818878113,0.976899325569409,False,False
RR_ORACLE,RR + oracle variance,19.250889284041204,30.36906002275297,96.0,0,938776597,1.1404076644168968,0.2,0.1,20000,19000,100,380,500,0.818841818878113,0.976899325569409,False,False
RR_OBM,RR + OBM,19.250889284041204,28.769681280779835,95.0,0,938776597,1.1404076644168968,0.2,0.1,20000,19000,100,380,500,0.818841818878113,0.976899325569409,False,False
RR_OBM_RR,RR + OBM-RR,19.250889284041204,29.120978152002223,95.0,0,938776597,1.1404076644168968,0.2,0.1,20000,19000,100,380,500,0.818841818878113,0.976899325569409,False,False
RR_MSB,RR + MSB,19.250889284041204,28.583738810890118,95.0,0,938776597,1.1404076644168968,0.2,0.1,20000,19000,100,380,500,0.818841818878113,0.976899325569409,False,False
RR_BATCH,RR + batch means,15.695282439329636,42.09000381083064,96.0,0,1503807855,2.412941087733757,0.2,0.1,20000,19000,100,380,500,0.798555470419618,0.9609758422861282,False,False
RR_ORACLE,RR + oracle variance,15.695282439329429,44.17480545405018,97.0,0,1503807855,2.412941087733757,0.2,0.1,20000,19000,100,380,500,0.798555470419618,0.9609758422861282,False,False
RR_OBM,RR + OBM,15.695282439329429,41.79390936641195,94.0,0,1503807855,2.412941087733757,0.2,0.1,20000,19000,100,380,500,0.798555470419618,0.9609758422861282,False,False
RR_OBM_RR,RR + OBM-RR,15.695282439329429,42.024673329254504,97.0,0,1503807855,2.412941087733757,0.2,0.1,20000,19000,100,380,500,0.798555470419618,0.9609758422861282,False,False
RR_MSB,RR + MSB,15.695282439329429,41.74449406019495,94.0,0,1503807855,2.412941087733757,0.2,0.1,20000,19000,100,380,500,0.798555470419618,0.9609758422861282,False,False
RR_BATCH,RR + batch means,19.115038864070417,25.128000546906513,94.0,0,1787264314,0.8433099627428157,0.2,0.1,20000,19000,100,380,500,0.7005529485506353,0.9633826801506715,False,False
RR_ORACLE,RR + oracle variance,19.115038864070513,26.115292938319424,98.0,0,1787264314,0.8433099627428157,0.2,0.1,20000,19000,100,380,500,0.7005529485506353,0.9633826801506715,False,False
RR_OBM,RR + OBM,19.115038864070513,24.919354303396673,97.0,0,1787264314,0.8433099627428157,0.2,0.1,20000,19000,100,380,500,0.7005529485506353,0.9633826801506715,False,False
RR_OBM_RR,RR + OBM-RR,19.115038864070513,25.112504934544454,94.0,0,1787264314,0.8433099627428157,0.2,0.1,20000,19000,100,380,500,0.7005529485506353,0.9633826801506715,False,False
RR_MSB,RR + MSB,19.115038864070513,24.946609064281905,96.0,0,1787264314,0.8433099627428157,0.2,0.1,20000,19000,100,380,500,0.7005529485506353,0.9633826801506715,False,False
RR_BATCH,RR + batch means,19.729884089408106,52.936517098077275,90.0,0,345075200,3.8984762994739355,0.2,0.1,20000,19000,100,380,500,0.7292263339413828,0.9570228667303432,False,False
RR_ORACLE,RR + oracle variance,19.729884089408234,56.14986744677822,95.0,0,345075200,3.8984762994739355,0.2,0.1,20000,19000,100,380,500,0.7292263339413828,0.9570228667303432,False,False
RR_OBM,RR + OBM,19.729884089408234,52.88945586347447,90.0,0,345075200,3.8984762994739355,0.2,0.1,20000,19000,100,380,500,0.7292263339413828,0.9570228667303432,False,False
RR_OBM_RR,RR + OBM-RR,19.729884089408234,54.11508761982154,92.0,0,345075200,3.8984762994739355,0.2,0.1,20000,19000,100,380,500,0.7292263339413828,0.9570228667303432,False,False
RR_MSB,RR + MSB,19.729884089408234,52.403205197699876,91.0,0,345075200,3.8984762994739355,0.2,0.1,20000,19000,100,380,500,0.7292263339413828,0.9570228667303432,False,False
RR_BATCH,RR + batch means,19.87714799408354,51.336950609502466,90.0,0,1728218298,3.5742347952439077,0.2,0.1,20000,19000,100,380,500,0.802814012501832,0.9595683087022744,False,False
RR_ORACLE,RR + oracle variance,19.877147994083714,53.764155113198974,94.0,0,1728218298,3.5742347952439077,0.2,0.1,20000,19000,100,380,500,0.802814012501832,0.9595683087022744,False,False
RR_OBM,RR + OBM,19.877147994083714,52.30274756589735,94.0,0,1728218298,3.5742347952439077,0.2,0.1,20000,19000,100,380,500,0.802814012501832,0.9595683087022744,False,False
RR_OBM_RR,RR + OBM-RR,19.877147994083714,52.09194034993427,92.0,0,1728218298,3.5742347952439077,0.2,0.1,20000,19000,100,380,500,0.802814012501832,0.9595683087022744,False,False
RR_MSB,RR + MSB,19.877147994083714,51.384290782253046,94.0,0,1728218298,3.5742347952439077,0.2,0.1,20000,19000,100,380,500,0.802814012501832,0.9595683087022744,False,False
RR_BATCH,RR + batch means,21.236723489861244,51.06243995602275,91.0,0,934620677,3.37104561229576,0.2,0.1,20000,19000,100,380,500,0.7674081319090251,0.96550879251693,False,False
RR_ORACLE,RR + oracle variance,21.2367234898615,52.21359553202851,93.0,0,934620677,3.37104561229576,0.2,0.1,20000,19000,100,380,500,0.7674081319090251,0.96550879251693,False,False
RR_OBM,RR + OBM,21.2367234898615,49.48816745565449,92.0,0,934620677,3.37104561229576,0.2,0.1,20000,19000,100,380,500,0.7674081319090251,0.96550879251693,False,False
RR_OBM_RR,RR + OBM-RR,21.2367234898615,51.37973992857785,92.0,0,934620677,3.37104561229576,0.2,0.1,20000,19000,100,380,500,0.7674081319090251,0.96550879251693,False,False
RR_MSB,RR + MSB,21.2367234898615,49.066166281109695,92.0,0,934620677,3.37104561229576,0.2,0.1,20000,19000,100,380,500,0.7674081319090251,0.96550879251693,False,False
RR_BATCH,RR + batch means,20.732766420275077,51.864308969781646,94.0,0,670802254,3.427604295372431,0.2,0.1,20000,19000,100,380,500,0.7803566706151667,0.9591163685199341,False,False
RR_ORACLE,RR + oracle variance,20.7327664202755,52.649787832445995,96.0,0,670802254,3.427604295372431,0.2,0.1,20000,19000,100,380,500,0.7803566706151667,0.9591163685199341,False,False
RR_OBM,RR + OBM,20.7327664202755,50.853705215382135,95.0,0,670802254,3.427604295372431,0.2,0.1,20000,19000,100,380,500,0.7803566706151667,0.9591163685199341,False,False
RR_OBM_RR,RR + OBM-RR,20.7327664202755,51.79845077866091,95.0,0,670802254,3.427604295372431,0.2,0.1,20000,19000,100,380,500,0.7803566706151667,0.9591163685199341,False,False
RR_MSB,RR + MSB,20.7327664202755,50.331637350010105,95.0,0,670802254,3.427604295372431,0.2,0.1,20000,19000,100,380,500,0.7803566706151667,0.9591163685199341,False,False
RR_BATCH,RR + batch means,24.841600207841573,36.00544015811869,98.0,0,832103482,1.8467872299257386,0.2,0.1,20000,19000,100,380,500,0.609236402748877,0.9719750872813987,False,False
RR_ORACLE,RR + oracle variance,24.841600207841775,38.646459889193636,98.0,0,832103482,1.8467872299257386,0.2,0.1,20000,19000,100,380,500,0.609236402748877,0.9719750872813987,False,False
RR_OBM,RR + OBM,24.841600207841775,36.1161217081216,98.0,0,832103482,1.8467872299257386,0.2,0.1,20000,19000,100,380,500,0.609236402748877,0.9719750872813987,False,False
RR_OBM_RR,RR + OBM-RR,24.841600207841775,35.41109679970285,95.0,0,832103482,1.8467872299257386,0.2,0.1,20000,19000,100,380,500,0.609236402748877,0.9719750872813987,False,False
RR_MSB,RR + MSB,24.841600207841775,35.842221925595595,96.0,0,832103482,1.8467872299257386,0.2,0.1,20000,19000,100,380,500,0.609236402748877,0.9719750872813987,False,False
RR_BATCH,RR + batch means,24.88853652626772,40.46377381252446,93.0,0,1648932250,2.339013830207248,0.2,0.1,20000,19000,100,380,500,0.6991674983530618,0.972203257911216,False,False
RR_ORACLE,RR + oracle variance,24.888536526268446,43.492831374897875,94.0,0,1648932250,2.339013830207248,0.2,0.1,20000,19000,100,380,500,0.6991674983530618,0.972203257911216,False,False
RR_OBM,RR + OBM,24.888536526268446,40.60814982450558,95.0,0,1648932250,2.339013830207248,0.2,0.1,20000,19000,100,380,500,0.6991674983530618,0.972203257911216,False,False
RR_OBM_RR,RR + OBM-RR,24.888536526268446,41.54832390972585,95.0,0,1648932250,2.339013830207248,0.2,0.1,20000,19000,100,380,500,0.6991674983530618,0.972203257911216,False,False
RR_MSB,RR + MSB,24.888536526268446,40.08197850654373,95.0,0,1648932250,2.339013830207248,0.2,0.1,20000,19000,100,380,500,0.6991674983530618,0.972203257911216,False,False
RR_BATCH,RR + batch means,18.080925534827273,26.636002111722046,91.0,0,1807519525,0.9723897426489855,0.2,0.1,20000,19000,100,380,500,0.7894567361140395,0.9674766768483056,False,False
RR_ORACLE,RR + oracle variance,18.0809255348276,28.042806204092745,92.0,0,1807519525,0.9723897426489855,0.2,0.1,20000,19000,100,380,500,0.7894567361140395,0.9674766768483056,False,False
RR_OBM,RR + OBM,18.0809255348276,26.83643069816271,91.0,0,1807519525,0.9723897426489855,0.2,0.1,20000,19000,100,380,500,0.7894567361140395,0.9674766768483056,False,False
RR_OBM_RR,RR + OBM-RR,18.0809255348276,27.048903444091515,90.0,0,1807519525,0.9723897426489855,0.2,0.1,20000,19000,100,380,500,0.7894567361140395,0.9674766768483056,False,False
RR_MSB,RR + MSB,18.0809255348276,26.551196946871613,91.0,0,1807519525,0.9723897426489855,0.2,0.1,20000,19000,100,380,500,0.7894567361140395,0.9674766768483056,False,False
RR_BATCH,RR + batch means,22.451957494483185,46.25112119093267,92.0,0,1928628491,2.7944941096607088,0.2,0.1,20000,19000,100,380,500,0.7886025025448311,0.9730379108273683,False,False
RR_ORACLE,RR + oracle variance,22.451957494483555,47.53931126072378,96.0,0,1928628491,2.7944941096607088,0.2,0.1,20000,19000,100,380,500,0.7886025025448311,0.9730379108273683,False,False
RR_OBM,RR + OBM,22.451957494483555,45.304393460689475,93.0,0,1928628491,2.7944941096607088,0.2,0.1,20000,19000,100,380,500,0.7886025025448311,0.9730379108273683,False,False
RR_OBM_RR,RR + OBM-RR,22.451957494483555,45.39313171810953,92.0,0,1928628491,2.7944941096607088,0.2,0.1,20000,19000,100,380,500,0.7886025025448311,0.9730379108273683,False,False
RR_MSB,RR + MSB,22.451957494483555,45.23707335522992,94.0,0,1928628491,2.7944941096607088,0.2,0.1,20000,19000,100,380,500,0.7886025025448311,0.9730379108273683,False,False
RR_BATCH,RR + batch means,17.802426454904584,31.699628888497706,93.0,0,619179888,1.3904310474496269,0.2,0.1,20000,19000,100,380,500,0.8181650406233747,0.957962340095406,False,False
RR_ORACLE,RR + oracle variance,17.802426454904776,33.533278401870206,95.0,0,619179888,1.3904310474496269,0.2,0.1,20000,19000,100,380,500,0.8181650406233747,0.957962340095406,False,False
RR_OBM,RR + OBM,17.802426454904776,31.89720673552724,97.0,0,619179888,1.3904310474496269,0.2,0.1,20000,19000,100,380,500,0.8181650406233747,0.957962340095406,False,False
RR_OBM_RR,RR + OBM-RR,17.802426454904776,31.706012584562703,94.0,0,619179888,1.3904310474496269,0.2,0.1,20000,19000,100,380,500,0.8181650406233747,0.957962340095406,False,False
RR_MSB,RR + MSB,17.802426454904776,31.74593687387729,95.0,0,619179888,1.3904310474496269,0.2,0.1,20000,19000,100,380,500,0.8181650406233747,0.957962340095406,False,False
RR_BATCH,RR + batch means,21.7853796091413,53.15191060795953,92.0,0,514446424,3.826453449941487,0.2,0.1,20000,19000,100,380,500,0.6650854396717192,0.9865237322781218,False,False
RR_ORACLE,RR + oracle variance,21.785379609141362,55.62877588793544,95.0,0,514446424,3.826453449941487,0.2,0.1,20000,19000,100,380,500,0.6650854396717192,0.9865237322781218,False,False
RR_OBM,RR + OBM,21.785379609141362,53.25088610461507,94.0,0,514446424,3.826453449941487,0.2,0.1,20000,19000,100,380,500,0.6650854396717192,0.9865237322781218,False,False
RR_OBM_RR,RR + OBM-RR,21.785379609141362,53.59040922611191,93.0,0,514446424,3.826453449941487,0.2,0.1,20000,19000,100,380,500,0.6650854396717192,0.9865237322781218,False,False
RR_MSB,RR + MSB,21.785379609141362,52.670937694313864,94.0,0,514446424,3.826453449941487,0.2,0.1,20000,19000,100,380,500,0.6650854396717192,0.9865237322781218,False,False
RR_BATCH,RR + batch means,17.59108973788849,37.1150893259814,94.0,0,1465647934,1.8816782005191437,0.2,0.1,20000,19000,100,380,500,0.8046305474845927,0.9606968152294643,False,False
RR_ORACLE,RR + oracle variance,17.59108973788924,39.00982149230496,96.0,0,1465647934,1.8816782005191437,0.2,0.1,20000,19000,100,380,500,0.8046305474845927,0.9606968152294643,False,False
RR_OBM,RR + OBM,17.59108973788924,37.417405099362554,94.0,0,1465647934,1.8816782005191437,0.2,0.1,20000,19000,100,380,500,0.8046305474845927,0.9606968152294643,False,False
RR_OBM_RR,RR + OBM-RR,17.59108973788924,37.09434515636834,92.0,0,1465647934,1.8816782005191437,0.2,0.1,20000,19000,100,380,500,0.8046305474845927,0.9606968152294643,False,False
RR_MSB,RR + MSB,17.59108973788924,37.12148065786053,94.0,0,1465647934,1.8816782005191437,0.2,0.1,20000,19000,100,380,500,0.8046305474845927,0.9606968152294643,False,False
RR_BATCH,RR + batch means,17.763449470617584,24.24285367709439,90.0,0,1367435608,0.7860562113867311,0.2,0.1,20000,19000,100,380,500,0.7780577788232529,0.9601545481079107,False,False
RR_ORACLE,RR + oracle variance,17.763449470617818,25.213206926834214,94.0,0,1367435608,0.7860562113867311,0.2,0.1,20000,19000,100,380,500,0.7780577788232529,0.9601545481079107,False,False
RR_OBM,RR + OBM,17.763449470617818,24.066503312163977,93.0,0,1367435608,0.7860562113867311,0.2,0.1,20000,19000,100,380,500,0.7780577788232529,0.9601545481079107,False,False
RR_OBM_RR,RR + OBM-RR,17.763449470617818,23.732089179151135,87.0,0,1367435608,0.7860562113867311,0.2,0.1,20000,19000,100,380,500,0.7780577788232529,0.9601545481079107,False,False
RR_MSB,RR + MSB,17.763449470617818,23.79658989228401,94.0,0,1367435608,0.7860562113867311,0.2,0.1,20000,19000,100,380,500,0.7780577788232529,0.9601545481079107,False,False
RR_BATCH,RR + batch means,23.989991106351596,43.81192077524121,96.0,0,300116173,2.7382898532631184,0.2,0.1,20000,19000,100,380,500,0.709263124937005,0.978121368174102,False,False
RR_ORACLE,RR + oracle variance,23.989991106351724,47.058815853835796,97.0,0,300116173,2.7382898532631184,0.2,0.1,20000,19000,100,380,500,0.709263124937005,0.978121368174102,False,False
RR_OBM,RR + OBM,23.989991106351724,44.13120138480156,97.0,0,300116173,2.7382898532631184,0.2,0.1,20000,19000,100,380,500,0.709263124937005,0.978121368174102,False,False
RR_OBM_RR,RR + OBM-RR,23.989991106351724,43.814915528780354,93.0,0,300116173,2.7382898532631184,0.2,0.1,20000,19000,100,380,500,0.709263124937005,0.978121368174102,False,False
RR_MSB,RR + MSB,23.989991106351724,43.43059184071018,96.0,0,300116173,2.7382898532631184,0.2,0.1,20000,19000,100,380,500,0.709263124937005,0.978121368174102,False,False
RR_BATCH,RR + batch means,10.950331183483431,16.12036011514328,92.0,0,929893138,0.9084848316243732,0.2,0.1,50000,49000,100,659,500,0.7969711608066093,0.9611676845272247,False,False
RR_ORACLE,RR + oracle variance,10.950331183484021,16.87869583391736,96.0,0,929893138,0.9084848316243732,0.2,0.1,50000,49000,100,659,500,0.7969711608066093,0.9611676845272247,False,False
RR_OBM,RR + OBM,10.950331183484021,16.516665582658412,96.0,0,929893138,0.9084848316243732,0.2,0.1,50000,49000,100,659,500,0.7969711608066093,0.9611676845272247,False,False
RR_OBM_RR,RR + OBM-RR,10.950331183484021,16.368449586765692,92.0,0,929893138,0.9084848316243732,0.2,0.1,50000,49000,100,659,500,0.7969711608066093,0.9611676845272247,False,False
RR_MSB,RR + MSB,10.950331183484021,16.388120789332923,95.0,0,929893138,0.9084848316243732,0.2,0.1,50000,49000,100,659,500,0.7969711608066093,0.9611676845272247,False,False
RR_BATCH,RR + batch means,13.473766634751724,20.86718764260999,91.0,0,1688060241,1.4441085443788395,0.2,0.1,50000,49000,100,659,500,0.8471715979797765,0.97691339865281,False,False
RR_ORACLE,RR + oracle variance,13.473766634751811,21.280408745966707,94.0,0,1688060241,1.4441085443788395,0.2,0.1,50000,49000,100,659,500,0.8471715979797765,0.97691339865281,False,False
RR_OBM,RR + OBM,13.473766634751811,20.684818418119146,94.0,0,1688060241,1.4441085443788395,0.2,0.1,50000,49000,100,659,500,0.8471715979797765,0.97691339865281,False,False
RR_OBM_RR,RR + OBM-RR,13.473766634751811,20.861858021394237,91.0,0,1688060241,1.4441085443788395,0.2,0.1,50000,49000,100,659,500,0.8471715979797765,0.97691339865281,False,False
RR_MSB,RR + MSB,13.473766634751811,20.52415372024604,94.0,0,1688060241,1.4441085443788395,0.2,0.1,50000,49000,100,659,500,0.8471715979797765,0.97691339865281,False,False
RR_BATCH,RR + batch means,11.864816060311417,24.139887322278994,90.0,0,1540770720,2.0848593466381438,0.2,0.1,50000,49000,100,659,500,0.8102771343106778,0.9821970848719925,False,False
RR_ORACLE,RR + oracle variance,11.864816060312224,25.569275770592874,96.0,0,1540770720,2.0848593466381438,0.2,0.1,50000,49000,100,659,500,0.8102771343106778,0.9821970848719925,False,False
RR_OBM,RR + OBM,11.864816060312224,24.534833479593594,92.0,0,1540770720,2.0848593466381438,0.2,0.1,50000,49000,100,659,500,0.8102771343106778,0.9821970848719925,False,False
RR_OBM_RR,RR + OBM-RR,11.864816060312224,24.49010849837189,90.0,0,1540770720,2.0848593466381438,0.2,0.1,50000,49000,100,659,500,0.8102771343106778,0.9821970848719925,False,False
RR_MSB,RR + MSB,11.864816060312224,24.189705282803086,92.0,0,1540770720,2.0848593466381438,0.2,0.1,50000,49000,100,659,500,0.8102771343106778,0.9821970848719925,False,False
RR_BATCH,RR + batch means,12.650135956478952,24.323156467295185,94.0,0,184566854,2.1112269925914977,0.2,0.1,50000,49000,100,659,500,0.7491233564398936,0.9591915905840974,False,False
RR_ORACLE,RR + oracle variance,12.650135956478987,25.730457697457787,93.0,0,184566854,2.1112269925914977,0.2,0.1,50000,49000,100,659,500,0.7491233564398936,0.9591915905840974,False,False
RR_OBM,RR + OBM,12.650135956478987,24.60568431057558,94.0,0,184566854,2.1112269925914977,0.2,0.1,50000,49000,100,659,500,0.7491233564398936,0.9591915905840974,False,False
RR_OBM_RR,RR + OBM-RR,12.650135956478987,24.598702215456065,92.0,0,184566854,2.1112269925914977,0.2,0.1,50000,49000,100,659,500,0.7491233564398936,0.9591915905840974,False,False
RR_MSB,RR + MSB,12.650135956478987,24.33319752733116,94.0,0,184566854,2.1112269925914977,0.2,0.1,50000,49000,100,659,500,0.7491233564398936,0.9591915905840974,False,False
RR_BATCH,RR + batch means,18.902927411638622,30.072383885696272,92.0,0,1102145673,3.154660057345609,0.2,0.1,50000,49000,100,659,500,0.7767013668421681,0.9865087667766611,False,False
RR_ORACLE,RR + oracle variance,18.902927411638945,31.4525839483353,96.0,0,1102145673,3.154660057345609,0.2,0.1,50000,49000,100,659,500,0.7767013668421681,0.9865087667766611,False,False
RR_OBM,RR + OBM,18.902927411638945,30.2069165129982,94.0,0,1102145673,3.154660057345609,0.2,0.1,50000,49000,100,659,500,0.7767013668421681,0.9865087667766611,False,False
RR_OBM_RR,RR + OBM-RR,18.902927411638945,30.24992113535255,93.0,0,1102145673,3.154660057345609,0.2,0.1,50000,49000,100,659,500,0.7767013668421681,0.9865087667766611,False,False
RR_MSB,RR + MSB,18.902927411638945,29.80410760263439,93.0,0,1102145673,3.154660057345609,0.2,0.1,50000,49000,100,659,500,0.7767013668421681,0.9865087667766611,False,False
RR_BATCH,RR + batch means,13.81456188240715,22.067785738395944,94.0,0,1843824993,1.7001381961701993,0.2,0.1,50000,49000,100,659,500,0.7788366723395868,0.9910725969960036,False,False
RR_ORACLE,RR + oracle variance,13.814561882406839,23.089905684001444,96.0,0,1843824993,1.7001381961701993,0.2,0.1,50000,49000,100,659,500,0.7788366723395868,0.9910725969960036,False,False
RR_OBM,RR + OBM,13.814561882406839,22.34536568205965,96.0,0,1843824993,1.7001381961701993,0.2,0.1,50000,49000,100,659,500,0.7788366723395868,0.9910725969960036,False,False
RR_OBM_RR,RR + OBM-RR,13.814561882406839,22.310720751668008,96.0,0,1843824993,1.7001381961701993,0.2,0.1,50000,49000,100,659,500,0.7788366723395868,0.9910725969960036,False,False
RR_MSB,RR + MSB,13.814561882406839,22.02454365008022,96.0,0,1843824993,1.7001381961701993,0.2,0.1,50000,49000,100,659,500,0.7788366723395868,0.9910725969960036,False,False
RR_BATCH,RR + batch means,14.098181612284812,32.64891809745069,94.0,0,191664964,3.6494337442282094,0.2,0.1,50000,49000,100,659,500,0.6170130688482545,0.9783108365748661,False,False
RR_ORACLE,RR + oracle variance,14.098181612284934,33.82928262681968,95.0,0,191664964,3.6494337442282094,0.2,0.1,50000,49000,100,659,500,0.6170130688482545,0.9783108365748661,False,False
RR_OBM,RR + OBM,14.098181612284934,32.93431983240927,94.0,0,191664964,3.6494337442282094,0.2,0.1,50000,49000,100,659,500,0.6170130688482545,0.9783108365748661,False,False
RR_OBM_RR,RR + OBM-RR,14.098181612284934,32.94963058283531,95.0,0,191664964,3.6494337442282094,0.2,0.1,50000,49000,100,659,500,0.6170130688482545,0.9783108365748661,False,False
RR_MSB,RR + MSB,14.098181612284934,32.6764093867102,94.0,0,191664964,3.6494337442282094,0.2,0.1,50000,49000,100,659,500,0.6170130688482545,0.9783108365748661,False,False
RR_BATCH,RR + batch means,14.550576513838891,21.167023748791316,90.0,0,967196436,1.5225872863170185,0.2,0.1,50000,49000,100,659,500,0.71009375439602,0.9744737283784642,False,False
RR_ORACLE,RR + oracle variance,14.550576513838745,21.850991405704757,93.0,0,967196436,1.5225872863170185,0.2,0.1,50000,49000,100,659,500,0.71009375439602,0.9744737283784642,False,False
RR_OBM,RR + OBM,14.550576513838745,21.325164132980213,93.0,0,967196436,1.5225872863170185,0.2,0.1,50000,49000,100,659,500,0.71009375439602,0.9744737283784642,False,False
RR_OBM_RR,RR + OBM-RR,14.550576513838745,21.341901225801283,91.0,0,967196436,1.5225872863170185,0.2,0.1,50000,49000,100,659,500,0.71009375439602,0.9744737283784642,False,False
RR_MSB,RR + MSB,14.550576513838745,21.001811966190612,92.0,0,967196436,1.5225872863170185,0.2,0.1,50000,49000,100,659,500,0.71009375439602,0.9744737283784642,False,False
RR_BATCH,RR + batch means,15.975762301177664,30.344432153089606,91.0,0,275121931,3.0829958319904613,0.2,0.1,50000,49000,100,659,500,0.5797995358321507,0.9809040601384286,False,False
RR_ORACLE,RR + oracle variance,15.97576230117781,31.09327840345127,93.0,0,275121931,3.0829958319904613,0.2,0.1,50000,49000,100,659,500,0.5797995358321507,0.9809040601384286,False,False
RR_OBM,RR + OBM,15.97576230117781,30.283972212426736,91.0,0,275121931,3.0829958319904613,0.2,0.1,50000,49000,100,659,500,0.5797995358321507,0.9809040601384286,False,False
RR_OBM_RR,RR + OBM-RR,15.97576230117781,30.72555794480211,91.0,0,275121931,3.0829958319904613,0.2,0.1,50000,49000,100,659,500,0.5797995358321507,0.9809040601384286,False,False
RR_MSB,RR + MSB,15.97576230117781,29.638681047291414,91.0,0,275121931,3.0829958319904613,0.2,0.1,50000,49000,100,659,500,0.5797995358321507,0.9809040601384286,False,False
RR_BATCH,RR + batch means,11.571426226535078,21.066022508118458,93.0,0,1803345591,1.560769649441434,0.2,0.1,50000,49000,100,659,500,0.7700944482408887,0.9718405574716356,False,False
RR_ORACLE,RR + oracle variance,11.571426226536348,22.123276756446458,95.0,0,1803345591,1.560769649441434,0.2,0.1,50000,49000,100,659,500,0.7700944482408887,0.9718405574716356,False,False
RR_OBM,RR + OBM,11.571426226536348,21.445689001881867,92.0,0,1803345591,1.560769649441434,0.2,0.1,50000,49000,100,659,500,0.7700944482408887,0.9718405574716356,False,False
RR_OBM_RR,RR + OBM-RR,11.571426226536348,21.58322269746251,94.0,0,1803345591,1.560769649441434,0.2,0.1,50000,49000,100,659,500,0.7700944482408887,0.9718405574716356,False,False
RR_MSB,RR + MSB,11.571426226536348,21.156365487744388,92.0,0,1803345591,1.560769649441434,0.2,0.1,50000,49000,100,659,500,0.7700944482408887,0.9718405574716356,False,False
RR_BATCH,RR + batch means,8.94342383018916,19.540490506816813,99.0,0,1990212659,1.288161905605608,0.2,0.1,50000,49000,100,659,500,0.8433534285194172,0.9410252605005613,False,False
RR_ORACLE,RR + oracle variance,8.943423830190135,20.098575266331515,99.0,0,1990212659,1.288161905605608,0.2,0.1,50000,49000,100,659,500,0.8433534285194172,0.9410252605005613,False,False
RR_OBM,RR + OBM,8.943423830190135,19.62213161782804,99.0,0,1990212659,1.288161905605608,0.2,0.1,50000,49000,100,659,500,0.8433534285194172,0.9410252605005613,False,False
RR_OBM_RR,RR + OBM-RR,8.943423830190135,19.37632099495037,100.0,0,1990212659,1.288161905605608,0.2,0.1,50000,49000,100,659,500,0.8433534285194172,0.9410252605005613,False,False
RR_MSB,RR + MSB,8.943423830190135,19.51192565239626,99.0,0,1990212659,1.288161905605608,0.2,0.1,50000,49000,100,659,500,0.8433534285194172,0.9410252605005613,False,False
RR_BATCH,RR + batch means,12.381890745110713,25.413347538263984,91.0,0,1130604998,2.1629023445129523,0.2,0.1,50000,49000,100,659,500,0.8180013399446049,0.9648496803828693,False,False
RR_ORACLE,RR + oracle variance,12.381890745111034,26.043449236477922,93.0,0,1130604998,2.1629023445129523,0.2,0.1,50000,49000,100,659,500,0.8180013399446049,0.9648496803828693,False,False
RR_OBM,RR + OBM,12.381890745111034,25.537701578252413,92.0,0,1130604998,2.1629023445129523,0.2,0.1,50000,49000,100,659,500,0.8180013399446049,0.9648496803828693,False,False
RR_OBM_RR,RR + OBM-RR,12.381890745111034,25.763275589850014,92.0,0,1130604998,2.1629023445129523,0.2,0.1,50000,49000,100,659,500,0.8180013399446049,0.9648496803828693,False,False
RR_MSB,RR + MSB,12.381890745111034,25.284513109691815,93.0,0,1130604998,2.1629023445129523,0.2,0.1,50000,49000,100,659,500,0.8180013399446049,0.9648496803828693,False,False
RR_BATCH,RR + batch means,13.718482681975262,29.34367776460664,91.0,0,1580016184,2.9767465568954146,0.2,0.1,50000,49000,100,659,500,0.693869447479337,0.9799992470541787,False,False
RR_ORACLE,RR + oracle variance,13.71848268197526,30.552797150355243,94.0,0,1580016184,2.9767465568954146,0.2,0.1,50000,49000,100,659,500,0.693869447479337,0.9799992470541787,False,False
RR_OBM,RR + OBM,13.71848268197526,29.54314193348977,92.0,0,1580016184,2.9767465568954146,0.2,0.1,50000,49000,100,659,500,0.693869447479337,0.9799992470541787,False,False
RR_OBM_RR,RR + OBM-RR,13.71848268197526,30.175370499372953,90.0,0,1580016184,2.9767465568954146,0.2,0.1,50000,49000,100,659,500,0.693869447479337,0.9799992470541787,False,False
RR_MSB,RR + MSB,13.71848268197526,29.671012725137803,90.0,0,1580016184,2.9767465568954146,0.2,0.1,50000,49000,100,659,500,0.693869447479337,0.9799992470541787,False,False
RR_BATCH,RR + batch means,15.649714722962914,20.476531882372573,92.0,0,1634535063,1.4231973693020514,0.2,0.1,50000,49000,100,659,500,0.6945541001652723,0.9748787957217653,False,False
RR_ORACLE,RR + oracle variance,15.649714722962644,21.12577319033103,94.0,0,1634535063,1.4231973693020514,0.2,0.1,50000,49000,100,659,500,0.6945541001652723,0.9748787957217653,False,False
RR_OBM,RR + OBM,15.649714722962644,20.53171094898608,93.0,0,1634535063,1.4231973693020514,0.2,0.1,50000,49000,100,659,500,0.6945541001652723,0.9748787957217653,False,False
RR_OBM_RR,RR + OBM-RR,15.649714722962644,20.972879569147604,93.0,0,1634535063,1.4231973693020514,0.2,0.1,50000,49000,100,659,500,0.6945541001652723,0.9748787957217653,False,False
RR_MSB,RR + MSB,15.649714722962644,20.42526489118279,93.0,0,1634535063,1.4231973693020514,0.2,0.1,50000,49000,100,659,500,0.6945541001652723,0.9748787957217653,False,False
RR_BATCH,RR + batch means,17.321144062890586,28.600813201452127,90.0,0,392022359,2.967907203679725,0.2,0.1,50000,49000,100,659,500,0.724357336895496,0.9891818939270395,False,False
RR_ORACLE,RR + oracle variance,17.321144062890436,30.507400649915404,93.0,0,392022359,2.967907203679725,0.2,0.1,50000,49000,100,659,500,0.724357336895496,0.9891818939270395,False,False
RR_OBM,RR + OBM,17.321144062890436,28.859214361366003,90.0,0,392022359,2.967907203679725,0.2,0.1,50000,49000,100,659,500,0.724357336895496,0.9891818939270395,False,False
RR_OBM_RR,RR + OBM-RR,17.321144062890436,28.882793649219682,87.0,0,392022359,2.967907203679725,0.2,0.1,50000,49000,100,659,500,0.724357336895496,0.9891818939270395,False,False
RR_MSB,RR + MSB,17.321144062890436,28.824846207861643,91.0,0,392022359,2.967907203679725,0.2,0.1,50000,49000,100,659,500,0.724357336895496,0.9891818939270395,False,False
RR_BATCH,RR + batch means,12.309267632604712,24.976309902406783,94.0,0,942484272,2.1211773083799685,0.2,0.1,50000,49000,100,659,500,0.6856096098338498,0.9800598439929239,False,False
RR_ORACLE,RR + oracle variance,12.309267632604348,25.79102087308911,95.0,0,942484272,2.1211773083799685,0.2,0.1,50000,49000,100,659,500,0.6856096098338498,0.9800598439929239,False,False
RR_OBM,RR + OBM,12.309267632604348,24.8129746952672,94.0,0,942484272,2.1211773083799685,0.2,0.1,50000,49000,100,659,500,0.6856096098338498,0.9800598439929239,False,False
RR_OBM_RR,RR + OBM-RR,12.309267632604348,25.005279755809113,94.0,0,942484272,2.1211773083799685,0.2,0.1,50000,49000,100,659,500,0.6856096098338498,0.9800598439929239,False,False
RR_MSB,RR + MSB,12.309267632604348,24.579164120468366,92.0,0,942484272,2.1211773083799685,0.2,0.1,50000,49000,100,659,500,0.6856096098338498,0.9800598439929239,False,False
RR_BATCH,RR + batch means,11.614093540045843,17.25816041686609,93.0,0,1074497556,0.9918530277480927,0.2,0.1,50000,49000,100,659,500,0.782542343257498,0.9631394294138098,False,False
RR_ORACLE,RR + oracle variance,11.614093540046069,17.636146930468357,94.0,0,1074497556,0.9918530277480927,0.2,0.1,50000,49000,100,659,500,0.782542343257498,0.9631394294138098,False,False
RR_OBM,RR + OBM,11.614093540046069,17.29746668798546,94.0,0,1074497556,0.9918530277480927,0.2,0.1,50000,49000,100,659,500,0.782542343257498,0.9631394294138098,False,False
RR_OBM_RR,RR + OBM-RR,11.614093540046069,17.136476622213937,92.0,0,1074497556,0.9918530277480927,0.2,0.1,50000,49000,100,659,500,0.782542343257498,0.9631394294138098,False,False
RR_MSB,RR + MSB,11.614093540046069,17.16631231600381,94.0,0,1074497556,0.9918530277480927,0.2,0.1,50000,49000,100,659,500,0.782542343257498,0.9631394294138098,False,False
RR_BATCH,RR + batch means,15.181222217369386,47.01687217615383,93.0,0,2095133046,7.757954275853825,0.2,0.1,50000,49000,100,659,500,0.7856952072177379,0.9732366535263169,False,False
RR_ORACLE,RR + oracle variance,15.181222217369887,49.32347363797434,95.0,0,2095133046,7.757954275853825,0.2,0.1,50000,49000,100,659,500,0.7856952072177379,0.9732366535263169,False,False
RR_OBM,RR + OBM,15.181222217369887,47.599490518591956,94.0,0,2095133046,7.757954275853825,0.2,0.1,50000,49000,100,659,500,0.7856952072177379,0.9732366535263169,False,False
RR_OBM_RR,RR + OBM-RR,15.181222217369887,47.46850080048301,93.0,0,2095133046,7.757954275853825,0.2,0.1,50000,49000,100,659,500,0.7856952072177379,0.9732366535263169,False,False
RR_MSB,RR + MSB,15.181222217369887,47.094355232737534,94.0,0,2095133046,7.757954275853825,0.2,0.1,50000,49000,100,659,500,0.7856952072177379,0.9732366535263169,False,False
RR_BATCH,RR + batch means,11.920446282227507,26.851383445004,92.0,0,1497586439,2.482036996357162,0.2,0.1,50000,49000,100,659,500,0.7570355025661545,0.9546844288686142,False,False
RR_ORACLE,RR + oracle variance,11.920446282227653,27.898713177763824,95.0,0,1497586439,2.482036996357162,0.2,0.1,50000,49000,100,659,500,0.7570355025661545,0.9546844288686142,False,False
RR_OBM,RR + OBM,11.920446282227653,27.012402819636176,92.0,0,1497586439,2.482036996357162,0.2,0.1,50000,49000,100,659,500,0.7570355025661545,0.9546844288686142,False,False
RR_OBM_RR,RR + OBM-RR,11.920446282227653,27.091160649442322,94.0,0,1497586439,2.482036996357162,0.2,0.1,50000,49000,100,659,500,0.7570355025661545,0.9546844288686142,False,False
RR_MSB,RR + MSB,11.920446282227653,26.8988548681193,95.0,0,1497586439,2.482036996357162,0.2,0.1,50000,49000,100,659,500,0.7570355025661545,0.9546844288686142,False,False
RR_BATCH,RR + batch means,11.684491710469102,24.22172614940183,98.0,0,432652533,1.9611068538101502,0.2,0.1,50000,49000,100,659,500,0.7171510190072995,0.9811557567616923,False,False
RR_ORACLE,RR + oracle variance,11.684491710469322,24.79880053368728,98.0,0,432652533,1.9611068538101502,0.2,0.1,50000,49000,100,659,500,0.7171510190072995,0.9811557567616923,False,False
RR_OBM,RR + OBM,11.684491710469322,23.728447480682753,97.0,0,432652533,1.9611068538101502,0.2,0.1,50000,49000,100,659,500,0.7171510190072995,0.9811557567616923,False,False
RR_OBM_RR,RR + OBM-RR,11.684491710469322,24.04796347737874,97.0,0,432652533,1.9611068538101502,0.2,0.1,50000,49000,100,659,500,0.7171510190072995,0.9811557567616923,False,False
RR_MSB,RR + MSB,11.684491710469322,23.634091332605582,96.0,0,432652533,1.9611068538101502,0.2,0.1,50000,49000,100,659,500,0.7171510190072995,0.9811557567616923,False,False
RR_BATCH,RR + batch means,12.806356050320387,17.737097551089626,95.0,0,1405681632,1.0944420187069794,0.2,0.1,50000,49000,100,659,500,0.6723387524196869,0.9608867344989493,False,False
RR_ORACLE,RR + oracle variance,12.806356050318998,18.52577673934174,96.0,0,1405681632,1.0944420187069794,0.2,0.1,50000,49000,100,659,500,0.6723387524196869,0.9608867344989493,False,False
RR_OBM,RR + OBM,12.806356050318998,17.90677112751696,96.0,0,1405681632,1.0944420187069794,0.2,0.1,50000,49000,100,659,500,0.6723387524196869,0.9608867344989493,False,False
RR_OBM_RR,RR + OBM-RR,12.806356050318998,18.12179765862083,95.0,0,1405681632,1.0944420187069794,0.2,0.1,50000,49000,100,659,500,0.6723387524196869,0.9608867344989493,False,False
RR_MSB,RR + MSB,12.806356050318998,17.611390303990333,95.0,0,1405681632,1.0944420187069794,0.2,0.1,50000,49000,100,659,500,0.6723387524196869,0.9608867344989493,False,False
RR_BATCH,RR + batch means,16.57619901635092,21.874866648263595,93.0,0,1662057958,1.6217304504020316,0.2,0.1,50000,49000,100,659,500,0.6790765424225903,0.9828583565537448,False,False
RR_ORACLE,RR + oracle variance,16.576199016352337,22.55118575729471,95.0,0,1662057958,1.6217304504020316,0.2,0.1,50000,49000,100,659,500,0.6790765424225903,0.9828583565537448,False,False
RR_OBM,RR + OBM,16.576199016352337,21.755336116225617,96.0,0,1662057958,1.6217304504020316,0.2,0.1,50000,49000,100,659,500,0.6790765424225903,0.9828583565537448,False,False
RR_OBM_RR,RR + OBM-RR,16.576199016352337,22.08548284689209,94.0,0,1662057958,1.6217304504020316,0.2,0.1,50000,49000,100,659,500,0.6790765424225903,0.9828583565537448,False,False
RR_MSB,RR + MSB,16.576199016352337,21.5695862792009,95.0,0,1662057958,1.6217304504020316,0.2,0.1,50000,49000,100,659,500,0.6790765424225903,0.9828583565537448,False,False
RR_BATCH,RR + batch means,14.249153564089395,35.37560118889406,93.0,0,202244314,4.321050774280965,0.2,0.1,50000,49000,100,659,500,0.7861785897410013,0.9698795742731564,False,False
RR_ORACLE,RR + oracle variance,14.249153564089276,36.81075553951733,92.0,0,202244314,4.321050774280965,0.2,0.1,50000,49000,100,659,500,0.7861785897410013,0.9698795742731564,False,False
RR_OBM,RR + OBM,14.249153564089276,35.59327714418376,93.0,0,202244314,4.321050774280965,0.2,0.1,50000,49000,100,659,500,0.7861785897410013,0.9698795742731564,False,False
RR_OBM_RR,RR + OBM-RR,14.249153564089276,35.59823054646724,92.0,0,202244314,4.321050774280965,0.2,0.1,50000,49000,100,659,500,0.7861785897410013,0.9698795742731564,False,False
RR_MSB,RR + MSB,14.249153564089276,35.06502540263473,92.0,0,202244314,4.321050774280965,0.2,0.1,50000,49000,100,659,500,0.7861785897410013,0.9698795742731564,False,False
RR_BATCH,RR + batch means,14.174035737212627,32.152292059671325,94.0,0,796282693,3.4994070452205612,0.2,0.1,50000,49000,100,659,500,0.7676501965691008,0.9862118083480076,False,False
RR_ORACLE,RR + oracle variance,14.174035737212217,33.126631571446296,93.0,0,796282693,3.4994070452205612,0.2,0.1,50000,49000,100,659,500,0.7676501965691008,0.9862118083480076,False,False
RR_OBM,RR + OBM,14.174035737212217,32.064324645323474,93.0,0,796282693,3.4994070452205612,0.2,0.1,50000,49000,100,659,500,0.7676501965691008,0.9862118083480076,False,False
RR_OBM_RR,RR + OBM-RR,14.174035737212217,32.4312368256579,93.0,0,796282693,3.4994070452205612,0.2,0.1,50000,49000,100,659,500,0.7676501965691008,0.9862118083480076,False,False
RR_MSB,RR + MSB,14.174035737212217,31.640736514075236,92.0,0,796282693,3.4994070452205612,0.2,0.1,50000,49000,100,659,500,0.7676501965691008,0.9862118083480076,False,False
RR_BATCH,RR + batch means,11.733547731159899,14.789115765735215,91.0,0,864178267,0.7480735775826947,0.2,0.1,50000,49000,100,659,500,0.8160020274446405,0.9722262482260365,False,False
RR_ORACLE,RR + oracle variance,11.733547731160062,15.316241461294402,95.0,0,864178267,0.7480735775826947,0.2,0.1,50000,49000,100,659,500,0.8160020274446405,0.9722262482260365,False,False
RR_OBM,RR + OBM,11.733547731160062,15.042081086367697,93.0,0,864178267,0.7480735775826947,0.2,0.1,50000,49000,100,659,500,0.8160020274446405,0.9722262482260365,False,False
RR_OBM_RR,RR + OBM-RR,11.733547731160062,15.034755878810756,92.0,0,864178267,0.7480735775826947,0.2,0.1,50000,49000,100,659,500,0.8160020274446405,0.9722262482260365,False,False
RR_MSB,RR + MSB,11.733547731160062,14.920397403717695,94.0,0,864178267,0.7480735775826947,0.2,0.1,50000,49000,100,659,500,0.8160020274446405,0.9722262482260365,False,False
RR_BATCH,RR + batch means,13.699183319549393,20.743286812895736,94.0,0,1382689816,1.4935088068017774,0.2,0.1,50000,49000,100,659,500,0.7014268498840708,0.983754894179103,False,False
RR_ORACLE,RR + oracle variance,13.69918331954985,21.641329657880664,95.0,0,1382689816,1.4935088068017774,0.2,0.1,50000,49000,100,659,500,0.7014268498840708,0.983754894179103,False,False
RR_OBM,RR + OBM,13.69918331954985,20.976856390020643,94.0,0,1382689816,1.4935088068017774,0.2,0.1,50000,49000,100,659,500,0.7014268498840708,0.983754894179103,False,False
RR_OBM_RR,RR + OBM-RR,13.69918331954985,20.778151171428497,95.0,0,1382689816,1.4935088068017774,0.2,0.1,50000,49000,100,659,500,0.7014268498840708,0.983754894179103,False,False
RR_MSB,RR + MSB,13.69918331954985,20.95762273850058,94.0,0,1382689816,1.4935088068017774,0.2,0.1,50000,49000,100,659,500,0.7014268498840708,0.983754894179103,False,False
RR_BATCH,RR + batch means,9.453715516722637,19.06867538476554,94.0,0,1171300113,1.2144267650326144,0.2,0.1,50000,49000,100,659,500,0.7602631152445626,0.9706581183138677,False,False
RR_ORACLE,RR + oracle variance,9.453715516722356,19.514872211687567,96.0,0,1171300113,1.2144267650326144,0.2,0.1,50000,49000,100,659,500,0.7602631152445626,0.9706581183138677,False,False
RR_OBM,RR + OBM,9.453715516722356,18.865661105533928,93.0,0,1171300113,1.2144267650326144,0.2,0.1,50000,49000,100,659,500,0.7602631152445626,0.9706581183138677,False,False
RR_OBM_RR,RR + OBM-RR,9.453715516722356,19.211252669817885,94.0,0,1171300113,1.2144267650326144,0.2,0.1,50000,49000,100,659,500,0.7602631152445626,0.9706581183138677,False,False
RR_MSB,RR + MSB,9.453715516722356,18.751556301776496,93.0,0,1171300113,1.2144267650326144,0.2,0.1,50000,49000,100,659,500,0.7602631152445626,0.9706581183138677,False,False
RR_BATCH,RR + batch means,11.55729060752714,9.546076938953526,93.0,0,1777324408,0.3029161727201015,0.2,0.1,50000,49000,100,659,500,0.8010976155873887,0.9654714672176318,False,False
RR_ORACLE,RR + oracle variance,11.55729060752723,9.746333705768917,94.0,0,1777324408,0.3029161727201015,0.2,0.1,50000,49000,100,659,500,0.8010976155873887,0.9654714672176318,False,False
RR_OBM,RR + OBM,11.55729060752723,9.612598161078875,94.0,0,1777324408,0.3029161727201015,0.2,0.1,50000,49000,100,659,500,0.8010976155873887,0.9654714672176318,False,False
RR_OBM_RR,RR + OBM-RR,11.55729060752723,9.660378460124592,94.0,0,1777324408,0.3029161727201015,0.2,0.1,50000,49000,100,659,500,0.8010976155873887,0.9654714672176318,False,False
RR_MSB,RR + MSB,11.55729060752723,9.631361387269772,93.0,0,1777324408,0.3029161727201015,0.2,0.1,50000,49000,100,659,500,0.8010976155873887,0.9654714672176318,False,False
RR_BATCH,RR + batch means,9.15109502608626,23.546573096165194,98.0,0,967354525,1.970912519537936,0.2,0.1,50000,49000,100,659,500,0.7755973481799772,0.9446797600389772,False,False
RR_ORACLE,RR + oracle variance,9.15109502608626,24.86072106100507,99.0,0,967354525,1.970912519537936,0.2,0.1,50000,49000,100,659,500,0.7755973481799772,0.9446797600389772,False,False
RR_OBM,RR + OBM,9.15109502608626,24.20937793790487,97.0,0,967354525,1.970912519537936,0.2,0.1,50000,49000,100,659,500,0.7755973481799772,0.9446797600389772,False,False
RR_OBM_RR,RR + OBM-RR,9.15109502608626,24.08489482069542,97.0,0,967354525,1.970912519537936,0.2,0.1,50000,49000,100,659,500,0.7755973481799772,0.9446797600389772,False,False
RR_MSB,RR + MSB,9.15109502608626,24.035904471029024,97.0,0,967354525,1.970912519537936,0.2,0.1,50000,49000,100,659,500,0.7755973481799772,0.9446797600389772,False,False
RR_BATCH,RR + batch means,17.09327962327364,17.81353587933177,95.0,0,1190961761,1.0578529340808747,0.2,0.1,50000,49000,100,659,500,0.7727634973220407,0.9846966062055065,False,False
RR_ORACLE,RR + oracle variance,17.093279623273368,18.2134699752843,96.0,0,1190961761,1.0578529340808747,0.2,0.1,50000,49000,100,659,500,0.7727634973220407,0.9846966062055065,False,False
RR_OBM,RR + OBM,17.093279623273368,17.79981983019634,97.0,0,1190961761,1.0578529340808747,0.2,0.1,50000,49000,100,659,500,0.7727634973220407,0.9846966062055065,False,False
RR_OBM_RR,RR + OBM-RR,17.093279623273368,18.045270899121498,95.0,0,1190961761,1.0578529340808747,0.2,0.1,50000,49000,100,659,500,0.7727634973220407,0.9846966062055065,False,False
RR_MSB,RR + MSB,17.093279623273368,17.651031472446512,98.0,0,1190961761,1.0578529340808747,0.2,0.1,50000,49000,100,659,500,0.7727634973220407,0.9846966062055065,False,False
RR_BATCH,RR + batch means,11.896828571837595,17.44206627853912,96.0,0,1678403331,1.0130933577483543,0.2,0.1,50000,49000,100,659,500,0.8130787548824936,0.9704160595057733,False,False
RR_ORACLE,RR + oracle variance,11.896828571837817,17.823983877060655,99.0,0,1678403331,1.0130933577483543,0.2,0.1,50000,49000,100,659,500,0.8130787548824936,0.9704160595057733,False,False
RR_OBM,RR + OBM,11.896828571837817,17.426495073607065,99.0,0,1678403331,1.0130933577483543,0.2,0.1,50000,49000,100,659,500,0.8130787548824936,0.9704160595057733,False,False
RR_OBM_RR,RR + OBM-RR,11.896828571837817,17.434451447711396,96.0,0,1678403331,1.0130933577483543,0.2,0.1,50000,49000,100,659,500,0.8130787548824936,0.9704160595057733,False,False
RR_MSB,RR + MSB,11.896828571837817,17.444758257907566,97.0,0,1678403331,1.0130933577483543,0.2,0.1,50000,49000,100,659,500,0.8130787548824936,0.9704160595057733,False,False
RR_BATCH,RR + batch means,15.641489658366904,24.212456861630034,88.0,0,1356488968,2.0826256161997465,0.2,0.1,50000,49000,100,659,500,0.7032738151997727,0.9694387541389551,False,False
RR_ORACLE,RR + oracle variance,15.641489658368753,25.55557456428118,93.0,0,1356488968,2.0826256161997465,0.2,0.1,50000,49000,100,659,500,0.7032738151997727,0.9694387541389551,False,False
RR_OBM,RR + OBM,15.641489658368753,24.69106490917994,89.0,0,1356488968,2.0826256161997465,0.2,0.1,50000,49000,100,659,500,0.7032738151997727,0.9694387541389551,False,False
RR_OBM_RR,RR + OBM-RR,15.641489658368753,24.25361037197977,87.0,0,1356488968,2.0826256161997465,0.2,0.1,50000,49000,100,659,500,0.7032738151997727,0.9694387541389551,False,False
RR_MSB,RR + MSB,15.641489658368753,24.769781361949313,89.0,0,1356488968,2.0826256161997465,0.2,0.1,50000,49000,100,659,500,0.7032738151997727,0.9694387541389551,False,False
RR_BATCH,RR + batch means,10.52045251190209,11.351580855211177,90.0,0,594336918,0.4439071282822261,0.2,0.1,50000,49000,100,659,500,0.7276265850596422,0.9523667283337245,False,False
RR_ORACLE,RR + oracle variance,10.520452511901903,11.798481235739727,91.0,0,594336918,0.4439071282822261,0.2,0.1,50000,49000,100,659,500,0.7276265850596422,0.9523667283337245,False,False
RR_OBM,RR + OBM,10.520452511901903,11.402238741203131,91.0,0,594336918,0.4439071282822261,0.2,0.1,50000,49000,100,659,500,0.7276265850596422,0.9523667283337245,False,False
RR_OBM_RR,RR + OBM-RR,10.520452511901903,11.290705468603655,90.0,0,594336918,0.4439071282822261,0.2,0.1,50000,49000,100,659,500,0.7276265850596422,0.9523667283337245,False,False
RR_MSB,RR + MSB,10.520452511901903,11.33595614180636,92.0,0,594336918,0.4439071282822261,0.2,0.1,50000,49000,100,659,500,0.7276265850596422,0.9523667283337245,False,False
RR_BATCH,RR + batch means,14.603983042455598,28.651178850872547,91.0,0,1627981025,2.734181500222118,0.2,0.1,50000,49000,100,659,500,0.7706907675027578,0.9582762062789966,False,False
RR_ORACLE,RR + oracle variance,14.603983042456154,29.28152672696205,92.0,0,1627981025,2.734181500222118,0.2,0.1,50000,49000,100,659,500,0.7706907675027578,0.9582762062789966,False,False
RR_OBM,RR + OBM,14.603983042456154,28.41954582355147,92.0,0,1627981025,2.734181500222118,0.2,0.1,50000,49000,100,659,500,0.7706907675027578,0.9582762062789966,False,False
RR_OBM_RR,RR + OBM-RR,14.603983042456154,28.72719837102143,89.0,0,1627981025,2.734181500222118,0.2,0.1,50000,49000,100,659,500,0.7706907675027578,0.9582762062789966,False,False
RR_MSB,RR + MSB,14.603983042456154,28.35575037986443,92.0,0,1627981025,2.734181500222118,0.2,0.1,50000,49000,100,659,500,0.7706907675027578,0.9582762062789966,False,False
RR_BATCH,RR + batch means,14.265212500602699,12.881145475659702,90.0,0,487991439,0.5788421349952112,0.2,0.1,50000,49000,100,659,500,0.7499907647920281,0.9684521682237308,False,False
RR_ORACLE,RR + oracle variance,14.265212500603505,13.47286986765467,92.0,0,487991439,0.5788421349952112,0.2,0.1,50000,49000,100,659,500,0.7499907647920281,0.9684521682237308,False,False
RR_OBM,RR + OBM,14.265212500603505,13.032685679241947,90.0,0,487991439,0.5788421349952112,0.2,0.1,50000,49000,100,659,500,0.7499907647920281,0.9684521682237308,False,False
RR_OBM_RR,RR + OBM-RR,14.265212500603505,13.000697367324227,89.0,0,487991439,0.5788421349952112,0.2,0.1,50000,49000,100,659,500,0.7499907647920281,0.9684521682237308,False,False
RR_MSB,RR + MSB,14.265212500603505,12.922985591462853,89.0,0,487991439,0.5788421349952112,0.2,0.1,50000,49000,100,659,500,0.7499907647920281,0.9684521682237308,False,False
RR_BATCH,RR + batch means,14.300881739254994,20.72775551812957,93.0,0,197860369,1.526526566184373,0.2,0.1,50000,49000,100,659,500,0.712148603784999,0.9743046378159217,False,False
RR_ORACLE,RR + oracle variance,14.300881739255535,21.8792398903392,95.0,0,197860369,1.526526566184373,0.2,0.1,50000,49000,100,659,500,0.712148603784999,0.9743046378159217,False,False
RR_OBM,RR + OBM,14.300881739255535,20.86545634987264,95.0,0,197860369,1.526526566184373,0.2,0.1,50000,49000,100,659,500,0.712148603784999,0.9743046378159217,False,False
RR_OBM_RR,RR + OBM-RR,14.300881739255535,20.753401001396572,94.0,0,197860369,1.526526566184373,0.2,0.1,50000,49000,100,659,500,0.712148603784999,0.9743046378159217,False,False
RR_MSB,RR + MSB,14.300881739255535,20.786325885653543,95.0,0,197860369,1.526526566184373,0.2,0.1,50000,49000,100,659,500,0.712148603784999,0.9743046378159217,False,False
RR_BATCH,RR + batch means,12.89252411164386,20.294884029440848,93.0,0,1843166519,1.3821944944951714,0.2,0.1,50000,49000,100,659,500,0.7978711813536549,0.9687988672836144,False,False
RR_ORACLE,RR + oracle variance,12.89252411164231,20.819228225404906,93.0,0,1843166519,1.3821944944951714,0.2,0.1,50000,49000,100,659,500,0.7978711813536549,0.9687988672836144,False,False
RR_OBM,RR + OBM,12.89252411164231,20.17716468169128,94.0,0,1843166519,1.3821944944951714,0.2,0.1,50000,49000,100,659,500,0.7978711813536549,0.9687988672836144,False,False
RR_OBM_RR,RR + OBM-RR,12.89252411164231,20.21331780715778,93.0,0,1843166519,1.3821944944951714,0.2,0.1,50000,49000,100,659,500,0.7978711813536549,0.9687988672836144,False,False
RR_MSB,RR + MSB,12.89252411164231,20.027197484208692,91.0,0,1843166519,1.3821944944951714,0.2,0.1,50000,49000,100,659,500,0.7978711813536549,0.9687988672836144,False,False
RR_BATCH,RR + batch means,14.644335956319898,26.419066515165518,94.0,0,1766867110,2.461885435521448,0.2,0.1,50000,49000,100,659,500,0.7862294349166898,0.966528381029845,False,False
RR_ORACLE,RR + oracle variance,14.644335956320104,27.785228085092154,92.0,0,1766867110,2.461885435521448,0.2,0.1,50000,49000,100,659,500,0.7862294349166898,0.966528381029845,False,False
RR_OBM,RR + OBM,14.644335956320104,26.74230976101994,94.0,0,1766867110,2.461885435521448,0.2,0.1,50000,49000,100,659,500,0.7862294349166898,0.966528381029845,False,False
RR_OBM_RR,RR + OBM-RR,14.644335956320104,26.523805330362904,94.0,0,1766867110,2.461885435521448,0.2,0.1,50000,49000,100,659,500,0.7862294349166898,0.966528381029845,False,False
RR_MSB,RR + MSB,14.644335956320104,26.637610162398737,93.0,0,1766867110,2.461885435521448,0.2,0.1,50000,49000,100,659,500,0.7862294349166898,0.966528381029845,False,False
RR_BATCH,RR + batch means,14.345047544109924,21.20380781504949,92.0,0,952224741,1.5701323961864633,0.2,0.1,50000,49000,100,659,500,0.7938242041958898,0.974776274450555,False,False
RR_ORACLE,RR + oracle variance,14.345047544110383,22.18953410771382,97.0,0,952224741,1.5701323961864633,0.2,0.1,50000,49000,100,659,500,0.7938242041958898,0.974776274450555,False,False
RR_OBM,RR + OBM,14.345047544110383,21.94444852251555,96.0,0,952224741,1.5701323961864633,0.2,0.1,50000,49000,100,659,500,0.7938242041958898,0.974776274450555,False,False
RR_OBM_RR,RR + OBM-RR,14.345047544110383,21.54164076214387,95.0,0,952224741,1.5701323961864633,0.2,0.1,50000,49000,100,659,500,0.7938242041958898,0.974776274450555,False,False
RR_MSB,RR + MSB,14.345047544110383,21.726015651927202,95.0,0,952224741,1.5701323961864633,0.2,0.1,50000,49000,100,659,500,0.7938242041958898,0.974776274450555,False,False
RR_BATCH,RR + batch means,14.030957502078467,27.124215607583853,92.0,0,1906728919,2.4702153729064475,0.2,0.1,50000,49000,100,659,500,0.840954022969886,0.9673394202974377,False,False
RR_ORACLE,RR + oracle variance,14.030957502078216,27.83219488476112,92.0,0,1906728919,2.4702153729064475,0.2,0.1,50000,49000,100,659,500,0.840954022969886,0.9673394202974377,False,False
RR_OBM,RR + OBM,14.030957502078216,27.01538562769902,91.0,0,1906728919,2.4702153729064475,0.2,0.1,50000,49000,100,659,500,0.840954022969886,0.9673394202974377,False,False
RR_OBM_RR,RR + OBM-RR,14.030957502078216,27.086298927562858,93.0,0,1906728919,2.4702153729064475,0.2,0.1,50000,49000,100,659,500,0.840954022969886,0.9673394202974377,False,False
RR_MSB,RR + MSB,14.030957502078216,26.946164000392724,90.0,0,1906728919,2.4702153729064475,0.2,0.1,50000,49000,100,659,500,0.840954022969886,0.9673394202974377,False,False
RR_BATCH,RR + batch means,14.832747910389386,22.57792251229237,94.0,0,137046513,1.731572060392841,0.2,0.1,50000,49000,100,659,500,0.7744613768105492,0.9840899487630653,False,False
RR_ORACLE,RR + oracle variance,14.832747910390099,23.302382754688548,97.0,0,137046513,1.731572060392841,0.2,0.1,50000,49000,100,659,500,0.7744613768105492,0.9840899487630653,False,False
RR_OBM,RR + OBM,14.832747910390099,22.342325483022027,94.0,0,137046513,1.731572060392841,0.2,0.1,50000,49000,100,659,500,0.7744613768105492,0.9840899487630653,False,False
RR_OBM_RR,RR + OBM-RR,14.832747910390099,22.212680788874685,94.0,0,137046513,1.731572060392841,0.2,0.1,50000,49000,100,659,500,0.7744613768105492,0.9840899487630653,False,False
RR_MSB,RR + MSB,14.832747910390099,22.09483929053973,94.0,0,137046513,1.731572060392841,0.2,0.1,50000,49000,100,659,500,0.7744613768105492,0.9840899487630653,False,False
RR_BATCH,RR + batch means,12.02412971126199,16.247747899020982,90.0,0,1504361615,0.9098223959898789,0.2,0.1,50000,49000,100,659,500,0.8142058505260306,0.9621530203066779,False,False
RR_ORACLE,RR + oracle variance,12.024129711263258,16.891116535732767,93.0,0,1504361615,0.9098223959898789,0.2,0.1,50000,49000,100,659,500,0.8142058505260306,0.9621530203066779,False,False
RR_OBM,RR + OBM,12.024129711263258,16.366733887121487,91.0,0,1504361615,0.9098223959898789,0.2,0.1,50000,49000,100,659,500,0.8142058505260306,0.9621530203066779,False,False
RR_OBM_RR,RR + OBM-RR,12.024129711263258,16.287018563693923,92.0,0,1504361615,0.9098223959898789,0.2,0.1,50000,49000,100,659,500,0.8142058505260306,0.9621530203066779,False,False
RR_MSB,RR + MSB,12.024129711263258,16.136396776421627,89.0,0,1504361615,0.9098223959898789,0.2,0.1,50000,49000,100,659,500,0.8142058505260306,0.9621530203066779,False,False
RR_BATCH,RR + batch means,14.95665501105581,25.64756346490176,89.0,0,957106590,2.3313894499296532,0.2,0.1,50000,49000,100,659,500,0.7348882644495972,0.9754288061410912,False,False
RR_ORACLE,RR + oracle variance,14.956655011055215,27.03880290627767,93.0,0,957106590,2.3313894499296532,0.2,0.1,50000,49000,100,659,500,0.7348882644495972,0.9754288061410912,False,False
RR_OBM,RR + OBM,14.956655011055215,26.051605603052515,90.0,0,957106590,2.3313894499296532,0.2,0.1,50000,49000,100,659,500,0.7348882644495972,0.9754288061410912,False,False
RR_OBM_RR,RR + OBM-RR,14.956655011055215,26.277023314555,91.0,0,957106590,2.3313894499296532,0.2,0.1,50000,49000,100,659,500,0.7348882644495972,0.9754288061410912,False,False
RR_MSB,RR + MSB,14.956655011055215,25.706418047543657,90.0,0,957106590,2.3313894499296532,0.2,0.1,50000,49000,100,659,500,0.7348882644495972,0.9754288061410912,False,False
RR_BATCH,RR + batch means,15.393423880817334,34.12905964078879,91.0,0,2084558134,3.9084452161781185,0.2,0.1,50000,49000,100,659,500,0.812614119494143,0.9917058152267927,False,False
RR_ORACLE,RR + oracle variance,15.39342388081743,35.009189873269385,94.0,0,2084558134,3.9084452161781185,0.2,0.1,50000,49000,100,659,500,0.812614119494143,0.9917058152267927,False,False
RR_OBM,RR + OBM,15.39342388081743,33.73177111556473,94.0,0,2084558134,3.9084452161781185,0.2,0.1,50000,49000,100,659,500,0.812614119494143,0.9917058152267927,False,False
RR_OBM_RR,RR + OBM-RR,15.39342388081743,34.16825233221147,92.0,0,2084558134,3.9084452161781185,0.2,0.1,50000,49000,100,659,500,0.812614119494143,0.9917058152267927,False,False
RR_MSB,RR + MSB,15.39342388081743,33.40788116515069,94.0,0,2084558134,3.9084452161781185,0.2,0.1,50000,49000,100,659,500,0.812614119494143,0.9917058152267927,False,False
RR_BATCH,RR + batch means,16.602183027304076,30.53042839952731,96.0,0,354826746,3.1441445040209923,0.2,0.1,50000,49000,100,659,500,0.6751285977489111,0.9896895517092816,False,False
RR_ORACLE,RR + oracle variance,16.602183027304577,31.40011911911423,94.0,0,354826746,3.1441445040209923,0.2,0.1,50000,49000,100,659,500,0.6751285977489111,0.9896895517092816,False,False
RR_OBM,RR + OBM,16.602183027304577,30.681606412225317,95.0,0,354826746,3.1441445040209923,0.2,0.1,50000,49000,100,659,500,0.6751285977489111,0.9896895517092816,False,False
RR_OBM_RR,RR + OBM-RR,16.602183027304577,31.235211711328773,96.0,0,354826746,3.1441445040209923,0.2,0.1,50000,49000,100,659,500,0.6751285977489111,0.9896895517092816,False,False
RR_MSB,RR + MSB,16.602183027304577,30.51275098092313,94.0,0,354826746,3.1441445040209923,0.2,0.1,50000,49000,100,659,500,0.6751285977489111,0.9896895517092816,False,False
RR_BATCH,RR + batch means,14.305094281557242,28.6725882162482,93.0,0,145857092,2.9101272309384143,0.2,0.1,50000,49000,100,659,500,0.7528959886832006,0.9939675814751682,False,False
RR_ORACLE,RR + oracle variance,14.305094281557608,30.208978150010285,95.0,0,145857092,2.9101272309384143,0.2,0.1,50000,49000,100,659,500,0.7528959886832006,0.9939675814751682,False,False
RR_OBM,RR + OBM,14.305094281557608,29.06393340507394,94.0,0,145857092,2.9101272309384143,0.2,0.1,50000,49000,100,659,500,0.7528959886832006,0.9939675814751682,False,False
RR_OBM_RR,RR + OBM-RR,14.305094281557608,29.151465387599092,95.0,0,145857092,2.9101272309384143,0.2,0.1,50000,49000,100,659,500,0.7528959886832006,0.9939675814751682,False,False
RR_MSB,RR + MSB,14.305094281557608,28.49501616604411,93.0,0,145857092,2.9101272309384143,0.2,0.1,50000,49000,100,659,500,0.7528959886832006,0.9939675814751682,False,False
RR_BATCH,RR + batch means,12.272003501852085,23.86298089430483,95.0,0,1917963003,1.9637654442760555,0.2,0.1,50000,49000,100,659,500,0.8229603265655668,0.9611764889274746,False,False
RR_ORACLE,RR + oracle variance,12.272003501852833,24.815604188491623,97.0,0,1917963003,1.9637654442760555,0.2,0.1,50000,49000,100,659,500,0.8229603265655668,0.9611764889274746,False,False
RR_OBM,RR + OBM,12.272003501852833,23.986051496542064,96.0,0,1917963003,1.9637654442760555,0.2,0.1,50000,49000,100,659,500,0.8229603265655668,0.9611764889274746,False,False
RR_OBM_RR,RR + OBM-RR,12.272003501852833,23.690602917544496,96.0,0,1917963003,1.9637654442760555,0.2,0.1,50000,49000,100,659,500,0.8229603265655668,0.9611764889274746,False,False
RR_MSB,RR + MSB,12.272003501852833,23.828578265548728,96.0,0,1917963003,1.9637654442760555,0.2,0.1,50000,49000,100,659,500,0.8229603265655668,0.9611764889274746,False,False
RR_BATCH,RR + batch means,12.176878843037766,19.154023852115746,98.0,0,761338719,1.238475455786897,0.2,0.1,50000,49000,100,659,500,0.7118095414239449,0.9776871575892329,False,False
RR_ORACLE,RR + oracle variance,12.176878843037692,19.707146665656452,97.0,0,761338719,1.238475455786897,0.2,0.1,50000,49000,100,659,500,0.7118095414239449,0.9776871575892329,False,False
RR_OBM,RR + OBM,12.176878843037692,19.081249366638556,97.0,0,761338719,1.238475455786897,0.2,0.1,50000,49000,100,659,500,0.7118095414239449,0.9776871575892329,False,False
RR_OBM_RR,RR + OBM-RR,12.176878843037692,19.140422868065418,96.0,0,761338719,1.238475455786897,0.2,0.1,50000,49000,100,659,500,0.7118095414239449,0.9776871575892329,False,False
RR_MSB,RR + MSB,12.176878843037692,18.96942378244961,98.0,0,761338719,1.238475455786897,0.2,0.1,50000,49000,100,659,500,0.7118095414239449,0.9776871575892329,False,False
RR_BATCH,RR + batch means,11.913416534592589,34.99551632073959,95.0,0,1631871624,4.166823713063872,0.2,0.1,50000,49000,100,659,500,0.7347772227554935,0.9697292239561879,False,False
RR_ORACLE,RR + oracle variance,11.913416534593233,36.147861547190175,96.0,0,1631871624,4.166823713063872,0.2,0.1,50000,49000,100,659,500,0.7347772227554935,0.9697292239561879,False,False
RR_OBM,RR + OBM,11.913416534593233,34.60371417820424,95.0,0,1631871624,4.166823713063872,0.2,0.1,50000,49000,100,659,500,0.7347772227554935,0.9697292239561879,False,False
RR_OBM_RR,RR + OBM-RR,11.913416534593233,34.8459502286296,95.0,0,1631871624,4.166823713063872,0.2,0.1,50000,49000,100,659,500,0.7347772227554935,0.9697292239561879,False,False
RR_MSB,RR + MSB,11.913416534593233,34.48580554985352,94.0,0,1631871624,4.166823713063872,0.2,0.1,50000,49000,100,659,500,0.7347772227554935,0.9697292239561879,False,False
RR_BATCH,RR + batch means,12.468820062185117,22.997750928850078,92.0,0,1671565831,1.8420410772944598,0.2,0.1,50000,49000,100,659,500,0.7405757056332045,0.980835913940108,False,False
RR_ORACLE,RR + oracle variance,12.46882006218615,24.03420172605003,95.0,0,1671565831,1.8420410772944598,0.2,0.1,50000,49000,100,659,500,0.7405757056332045,0.980835913940108,False,False
RR_OBM,RR + OBM,12.46882006218615,23.211824487770233,92.0,0,1671565831,1.8420410772944598,0.2,0.1,50000,49000,100,659,500,0.7405757056332045,0.980835913940108,False,False
RR_OBM_RR,RR + OBM-RR,12.46882006218615,23.091252752288305,92.0,0,1671565831,1.8420410772944598,0.2,0.1,50000,49000,100,659,500,0.7405757056332045,0.980835913940108,False,False
RR_MSB,RR + MSB,12.46882006218615,23.14553592380967,93.0,0,1671565831,1.8420410772944598,0.2,0.1,50000,49000,100,659,500,0.7405757056332045,0.980835913940108,False,False
RR_BATCH,RR + batch means,12.488280788950778,23.07630177441901,94.0,0,1455819992,1.895765264710268,0.2,0.1,50000,49000,100,659,500,0.6659950111111707,0.9843288752540928,False,False
RR_ORACLE,RR + oracle variance,12.488280788951496,24.38216845605268,98.0,0,1455819992,1.895765264710268,0.2,0.1,50000,49000,100,659,500,0.6659950111111707,0.9843288752540928,False,False
RR_OBM,RR + OBM,12.488280788951496,23.340198459965755,95.0,0,1455819992,1.895765264710268,0.2,0.1,50000,49000,100,659,500,0.6659950111111707,0.9843288752540928,False,False
RR_OBM_RR,RR + OBM-RR,12.488280788951496,23.27044298897696,95.0,0,1455819992,1.895765264710268,0.2,0.1,50000,49000,100,659,500,0.6659950111111707,0.9843288752540928,False,False
RR_MSB,RR + MSB,12.488280788951496,23.07050181081193,95.0,0,1455819992,1.895765264710268,0.2,0.1,50000,49000,100,659,500,0.6659950111111707,0.9843288752540928,False,False
RR_BATCH,RR + batch means,14.014558341569527,27.779190173026578,89.0,0,1173749072,2.706626465225628,0.2,0.1,50000,49000,100,659,500,0.7785593399232804,0.9794972428830395,False,False
RR_ORACLE,RR + oracle variance,14.014558341570348,29.133603725840334,96.0,0,1173749072,2.706626465225628,0.2,0.1,50000,49000,100,659,500,0.7785593399232804,0.9794972428830395,False,False
RR_OBM,RR + OBM,14.014558341570348,27.96005083603346,94.0,0,1173749072,2.706626465225628,0.2,0.1,50000,49000,100,659,500,0.7785593399232804,0.9794972428830395,False,False
RR_OBM_RR,RR + OBM-RR,14.014558341570348,28.3375831650002,93.0,0,1173749072,2.706626465225628,0.2,0.1,50000,49000,100,659,500,0.7785593399232804,0.9794972428830395,False,False
RR_MSB,RR + MSB,14.014558341570348,27.813282128661758,92.0,0,1173749072,2.706626465225628,0.2,0.1,50000,49000,100,659,500,0.7785593399232804,0.9794972428830395,False,False
RR_BATCH,RR + batch means,12.296452722154356,23.153848610784458,88.0,0,331334161,1.9375291091622746,0.2,0.1,50000,49000,100,659,500,0.8241349755475844,0.9711524805845761,False,False
RR_ORACLE,RR + oracle variance,12.296452722152663,24.649275829480267,93.0,0,331334161,1.9375291091622746,0.2,0.1,50000,49000,100,659,500,0.8241349755475844,0.9711524805845761,False,False
RR_OBM,RR + OBM,12.296452722152663,23.859795473209886,91.0,0,331334161,1.9375291091622746,0.2,0.1,50000,49000,100,659,500,0.8241349755475844,0.9711524805845761,False,False
RR_OBM_RR,RR + OBM-RR,12.296452722152663,23.80980334474054,91.0,0,331334161,1.9375291091622746,0.2,0.1,50000,49000,100,659,500,0.8241349755475844,0.9711524805845761,False,False
RR_MSB,RR + MSB,12.296452722152663,23.702435254729583,90.0,0,331334161,1.9375291091622746,0.2,0.1,50000,49000,100,659,500,0.8241349755475844,0.9711524805845761,False,False
RR_BATCH,RR + batch means,13.233751068012708,28.936152218854573,95.0,0,417983442,2.8751362617689455,0.2,0.1,50000,49000,100,659,500,0.8070450189256176,0.9532349513235565,False,False
RR_ORACLE,RR + oracle variance,13.233751068012692,30.02681461962991,94.0,0,417983442,2.8751362617689455,0.2,0.1,50000,49000,100,659,500,0.8070450189256176,0.9532349513235565,False,False
RR_OBM,RR + OBM,13.233751068012692,29.080615848016276,96.0,0,417983442,2.8751362617689455,0.2,0.1,50000,49000,100,659,500,0.8070450189256176,0.9532349513235565,False,False
RR_OBM_RR,RR + OBM-RR,13.233751068012692,29.27818380577392,95.0,0,417983442,2.8751362617689455,0.2,0.1,50000,49000,100,659,500,0.8070450189256176,0.9532349513235565,False,False
RR_MSB,RR + MSB,13.233751068012692,28.973371112984925,96.0,0,417983442,2.8751362617689455,0.2,0.1,50000,49000,100,659,500,0.8070450189256176,0.9532349513235565,False,False
RR_BATCH,RR + batch means,12.796149180037439,25.771750185490458,89.0,0,1981113450,2.4549938247732,0.2,0.1,50000,49000,100,659,500,0.7964510801748972,0.9684849066021706,False,False
RR_ORACLE,RR + oracle variance,12.796149180037043,27.74631092658378,94.0,0,1981113450,2.4549938247732,0.2,0.1,50000,49000,100,659,500,0.7964510801748972,0.9684849066021706,False,False
RR_OBM,RR + OBM,12.796149180037043,26.817940296691564,92.0,0,1981113450,2.4549938247732,0.2,0.1,50000,49000,100,659,500,0.7964510801748972,0.9684849066021706,False,False
RR_OBM_RR,RR + OBM-RR,12.796149180037043,26.69223947214733,91.0,0,1981113450,2.4549938247732,0.2,0.1,50000,49000,100,659,500,0.7964510801748972,0.9684849066021706,False,False
RR_MSB,RR + MSB,12.796149180037043,26.463554744544584,91.0,0,1981113450,2.4549938247732,0.2,0.1,50000,49000,100,659,500,0.7964510801748972,0.9684849066021706,False,False
RR_BATCH,RR + batch means,13.936819307516226,33.28465353732579,94.0,0,1002275723,3.6973840613786653,0.2,0.1,50000,49000,100,659,500,0.7909197468303723,0.9600676908738776,False,False
RR_ORACLE,RR + oracle variance,13.936819307517606,34.05080072309362,96.0,0,1002275723,3.6973840613786653,0.2,0.1,50000,49000,100,659,500,0.7909197468303723,0.9600676908738776,False,False
RR_OBM,RR + OBM,13.936819307517606,33.29282927017456,96.0,0,1002275723,3.6973840613786653,0.2,0.1,50000,49000,100,659,500,0.7909197468303723,0.9600676908738776,False,False
RR_OBM_RR,RR + OBM-RR,13.936819307517606,33.31472260374859,94.0,0,1002275723,3.6973840613786653,0.2,0.1,50000,49000,100,659,500,0.7909197468303723,0.9600676908738776,False,False
RR_MSB,RR + MSB,13.936819307517606,32.84195141669231,97.0,0,1002275723,3.6973840613786653,0.2,0.1,50000,49000,100,659,500,0.7909197468303723,0.9600676908738776,False,False
RR_BATCH,RR + batch means,15.935018873208115,34.27942009256914,91.0,0,781482251,4.363005701707702,0.2,0.1,50000,49000,100,659,500,0.7151975208258752,0.978576859609315,False,False
RR_ORACLE,RR + oracle variance,15.935018873208223,36.9890295237284,92.0,0,781482251,4.363005701707702,0.2,0.1,50000,49000,100,659,500,0.7151975208258752,0.978576859609315,False,False
RR_OBM,RR + OBM,15.935018873208223,35.22306874509014,90.0,0,781482251,4.363005701707702,0.2,0.1,50000,49000,100,659,500,0.7151975208258752,0.978576859609315,False,False
RR_OBM_RR,RR + OBM-RR,15.935018873208223,35.049904731944665,91.0,0,781482251,4.363005701707702,0.2,0.1,50000,49000,100,659,500,0.7151975208258752,0.978576859609315,False,False
RR_MSB,RR + MSB,15.935018873208223,34.99015647791131,91.0,0,781482251,4.363005701707702,0.2,0.1,50000,49000,100,659,500,0.7151975208258752,0.978576859609315,False,False
RR_BATCH,RR + batch means,12.62897742829954,17.745981953236242,89.0,0,787359109,1.0330179330869644,0.2,0.1,50000,49000,100,659,500,0.7433911244204893,0.9718714684166588,False,False
RR_ORACLE,RR + oracle variance,12.62897742830029,17.998403219406367,92.0,0,787359109,1.0330179330869644,0.2,0.1,50000,49000,100,659,500,0.7433911244204893,0.9718714684166588,False,False
RR_OBM,RR + OBM,12.62897742830029,17.527831691182254,89.0,0,787359109,1.0330179330869644,0.2,0.1,50000,49000,100,659,500,0.7433911244204893,0.9718714684166588,False,False
RR_OBM_RR,RR + OBM-RR,12.62897742830029,17.81459490513607,91.0,0,787359109,1.0330179330869644,0.2,0.1,50000,49000,100,659,500,0.7433911244204893,0.9718714684166588,False,False
RR_MSB,RR + MSB,12.62897742830029,17.099323568175027,90.0,0,787359109,1.0330179330869644,0.2,0.1,50000,49000,100,659,500,0.7433911244204893,0.9718714684166588,False,False
RR_BATCH,RR + batch means,16.12981338193032,19.714682486710366,92.0,0,1466836457,1.4440585932393484,0.2,0.1,50000,49000,100,659,500,0.7142161934250567,0.9640237491430843,False,False
RR_ORACLE,RR + oracle variance,16.129813381930575,21.28004070235183,96.0,0,1466836457,1.4440585932393484,0.2,0.1,50000,49000,100,659,500,0.7142161934250567,0.9640237491430843,False,False
RR_OBM,RR + OBM,16.129813381930575,20.214922418609063,94.0,0,1466836457,1.4440585932393484,0.2,0.1,50000,49000,100,659,500,0.7142161934250567,0.9640237491430843,False,False
RR_OBM_RR,RR + OBM-RR,16.129813381930575,20.13898577973712,93.0,0,1466836457,1.4440585932393484,0.2,0.1,50000,49000,100,659,500,0.7142161934250567,0.9640237491430843,False,False
RR_MSB,RR + MSB,16.129813381930575,20.11036670207031,95.0,0,1466836457,1.4440585932393484,0.2,0.1,50000,49000,100,659,500,0.7142161934250567,0.9640237491430843,False,False
RR_BATCH,RR + batch means,18.274258712242716,43.51292351535397,93.0,0,795556160,6.443874465109782,0.2,0.1,50000,49000,100,659,500,0.7093983741750088,0.9762226760420812,False,False
RR_ORACLE,RR + oracle variance,18.274258712242712,44.952472319416266,94.0,0,795556160,6.443874465109782,0.2,0.1,50000,49000,100,659,500,0.7093983741750088,0.9762226760420812,False,False
RR_OBM,RR + OBM,18.274258712242712,43.63922592333982,93.0,0,795556160,6.443874465109782,0.2,0.1,50000,49000,100,659,500,0.7093983741750088,0.9762226760420812,False,False
RR_OBM_RR,RR + OBM-RR,18.274258712242712,43.86126227641927,92.0,0,795556160,6.443874465109782,0.2,0.1,50000,49000,100,659,500,0.7093983741750088,0.9762226760420812,False,False
RR_MSB,RR + MSB,18.274258712242712,43.1540082495633,92.0,0,795556160,6.443874465109782,0.2,0.1,50000,49000,100,659,500,0.7093983741750088,0.9762226760420812,False,False
RR_BATCH,RR + batch means,13.528028536877805,21.81580629056866,94.0,0,94067870,1.6265275770275067,0.2,0.1,50000,49000,100,659,500,0.8237571747788438,0.9806093965803354,False,False
RR_ORACLE,RR + oracle variance,13.528028536877212,22.584514665664994,97.0,0,94067870,1.6265275770275067,0.2,0.1,50000,49000,100,659,500,0.8237571747788438,0.9806093965803354,False,False
RR_OBM,RR + OBM,13.528028536877212,21.76044030239821,96.0,0,94067870,1.6265275770275067,0.2,0.1,50000,49000,100,659,500,0.8237571747788438,0.9806093965803354,False,False
RR_OBM_RR,RR + OBM-RR,13.528028536877212,21.932998411961723,94.0,0,94067870,1.6265275770275067,0.2,0.1,50000,49000,100,659,500,0.8237571747788438,0.9806093965803354,False,False
RR_MSB,RR + MSB,13.528028536877212,21.55379041581597,95.0,0,94067870,1.6265275770275067,0.2,0.1,50000,49000,100,659,500,0.8237571747788438,0.9806093965803354,False,False
RR_BATCH,RR + batch means,11.808568961464212,22.70463028526939,90.0,0,1068999196,1.8155421682428823,0.2,0.1,50000,49000,100,659,500,0.7620009701421451,0.9858189132595618,False,False
RR_ORACLE,RR + oracle variance,11.808568961463731,23.8607020040403,94.0,0,1068999196,1.8155421682428823,0.2,0.1,50000,49000,100,659,500,0.7620009701421451,0.9858189132595618,False,False
RR_OBM,RR + OBM,11.808568961463731,23.041246307677316,93.0,0,1068999196,1.8155421682428823,0.2,0.1,50000,49000,100,659,500,0.7620009701421451,0.9858189132595618,False,False
RR_OBM_RR,RR + OBM-RR,11.808568961463731,23.039335992339158,93.0,0,1068999196,1.8155421682428823,0.2,0.1,50000,49000,100,659,500,0.7620009701421451,0.9858189132595618,False,False
RR_MSB,RR + MSB,11.808568961463731,22.677209588914398,93.0,0,1068999196,1.8155421682428823,0.2,0.1,50000,49000,100,659,500,0.7620009701421451,0.9858189132595618,False,False
RR_BATCH,RR + batch means,13.274095886444053,22.311779556654027,93.0,0,1599364551,1.7186457336326737,0.2,0.1,50000,49000,100,659,500,0.7493977786570357,0.9827606234996767,False,False
RR_ORACLE,RR + oracle variance,13.274095886444217,23.215242728601456,96.0,0,1599364551,1.7186457336326737,0.2,0.1,50000,49000,100,659,500,0.7493977786570357,0.9827606234996767,False,False
RR_OBM,RR + OBM,13.274095886444217,22.56676291633865,95.0,0,1599364551,1.7186457336326737,0.2,0.1,50000,49000,100,659,500,0.7493977786570357,0.9827606234996767,False,False
RR_OBM_RR,RR + OBM-RR,13.274095886444217,22.67465616724489,94.0,0,1599364551,1.7186457336326737,0.2,0.1,50000,49000,100,659,500,0.7493977786570357,0.9827606234996767,False,False
RR_MSB,RR + MSB,13.274095886444217,22.261495431421498,95.0,0,1599364551,1.7186457336326737,0.2,0.1,50000,49000,100,659,500,0.7493977786570357,0.9827606234996767,False,False
RR_BATCH,RR + batch means,14.752271348730567,30.040665401252976,94.0,0,1596387605,3.060338144238423,0.2,0.1,50000,49000,100,659,500,0.7950634690006232,0.9693720320764538,False,False
RR_ORACLE,RR + oracle variance,14.752271348730634,30.978811664131744,96.0,0,1596387605,3.060338144238423,0.2,0.1,50000,49000,100,659,500,0.7950634690006232,0.9693720320764538,False,False
RR_OBM,RR + OBM,14.752271348730634,29.97090287102049,95.0,0,1596387605,3.060338144238423,0.2,0.1,50000,49000,100,659,500,0.7950634690006232,0.9693720320764538,False,False
RR_OBM_RR,RR + OBM-RR,14.752271348730634,30.17180902912412,95.0,0,1596387605,3.060338144238423,0.2,0.1,50000,49000,100,659,500,0.7950634690006232,0.9693720320764538,False,False
RR_MSB,RR + MSB,14.752271348730634,29.895860825944393,95.0,0,1596387605,3.060338144238423,0.2,0.1,50000,49000,100,659,500,0.7950634690006232,0.9693720320764538,False,False
RR_BATCH,RR + batch means,14.574933825441688,21.04296803317691,90.0,0,1008363426,1.5665402994477549,0.2,0.1,50000,49000,100,659,500,0.755666838213906,0.9815452084793563,False,False
RR_ORACLE,RR + oracle variance,14.574933825442061,22.164137334407602,91.0,0,1008363426,1.5665402994477549,0.2,0.1,50000,49000,100,659,500,0.755666838213906,0.9815452084793563,False,False
RR_OBM,RR + OBM,14.574933825442061,21.446357509089218,91.0,0,1008363426,1.5665402994477549,0.2,0.1,50000,49000,100,659,500,0.755666838213906,0.9815452084793563,False,False
RR_OBM_RR,RR + OBM-RR,14.574933825442061,21.548051754904975,90.0,0,1008363426,1.5665402994477549,0.2,0.1,50000,49000,100,659,500,0.755666838213906,0.9815452084793563,False,False
RR_MSB,RR + MSB,14.574933825442061,21.379598818531697,90.0,0,1008363426,1.5665402994477549,0.2,0.1,50000,49000,100,659,500,0.755666838213906,0.9815452084793563,False,False
RR_BATCH,RR + batch means,15.412046805457779,20.12876971473831,96.0,0,699704628,1.3584523817710155,0.2,0.1,50000,49000,100,659,500,0.7937605249583184,0.9655883563292331,False,False
RR_ORACLE,RR + oracle variance,15.412046805457969,20.63964658067775,98.0,0,699704628,1.3584523817710155,0.2,0.1,50000,49000,100,659,500,0.7937605249583184,0.9655883563292331,False,False
RR_OBM,RR + OBM,15.412046805457969,20.193029799792992,98.0,0,699704628,1.3584523817710155,0.2,0.1,50000,49000,100,659,500,0.7937605249583184,0.9655883563292331,False,False
RR_OBM_RR,RR + OBM-RR,15.412046805457969,20.201938152672188,96.0,0,699704628,1.3584523817710155,0.2,0.1,50000,49000,100,659,500,0.7937605249583184,0.9655883563292331,False,False
RR_MSB,RR + MSB,15.412046805457969,19.92206395379135,96.0,0,699704628,1.3584523817710155,0.2,0.1,50000,49000,100,659,500,0.7937605249583184,0.9655883563292331,False,False
RR_BATCH,RR + batch means,14.29860075068373,18.716762781444967,91.0,0,1708709736,1.2374600583517064,0.2,0.1,50000,49000,100,659,500,0.7864258994086526,0.9788075935840435,False,False
RR_ORACLE,RR + oracle variance,14.298600750684693,19.69906629178938,93.0,0,1708709736,1.2374600583517064,0.2,0.1,50000,49000,100,659,500,0.7864258994086526,0.9788075935840435,False,False
RR_OBM,RR + OBM,14.298600750684693,18.7462205338797,91.0,0,1708709736,1.2374600583517064,0.2,0.1,50000,49000,100,659,500,0.7864258994086526,0.9788075935840435,False,False
RR_OBM_RR,RR + OBM-RR,14.298600750684693,18.825644656550498,90.0,0,1708709736,1.2374600583517064,0.2,0.1,50000,49000,100,659,500,0.7864258994086526,0.9788075935840435,False,False
RR_MSB,RR + MSB,14.298600750684693,18.631415743326844,90.0,0,1708709736,1.2374600583517064,0.2,0.1,50000,49000,100,659,500,0.7864258994086526,0.9788075935840435,False,False
RR_BATCH,RR + batch means,12.260555263404866,25.054839952125896,93.0,0,2077711329,2.076317845404007,0.2,0.1,50000,49000,100,659,500,0.7885947741651329,0.9693267472582436,False,False
RR_ORACLE,RR + oracle variance,12.260555263405083,25.5168443794496,96.0,0,2077711329,2.076317845404007,0.2,0.1,50000,49000,100,659,500,0.7885947741651329,0.9693267472582436,False,False
RR_OBM,RR + OBM,12.260555263405083,24.836032579084108,95.0,0,2077711329,2.076317845404007,0.2,0.1,50000,49000,100,659,500,0.7885947741651329,0.9693267472582436,False,False
RR_OBM_RR,RR + OBM-RR,12.260555263405083,24.795423917093427,93.0,0,2077711329,2.076317845404007,0.2,0.1,50000,49000,100,659,500,0.7885947741651329,0.9693267472582436,False,False
RR_MSB,RR + MSB,12.260555263405083,24.745825857658787,93.0,0,2077711329,2.076317845404007,0.2,0.1,50000,49000,100,659,500,0.7885947741651329,0.9693267472582436,False,False
RR_BATCH,RR + batch means,10.650656274386252,23.626031405901326,95.0,0,882294417,1.9707624558351595,0.2,0.1,50000,49000,100,659,500,0.7887314413145017,0.9612621307900595,False,False
RR_ORACLE,RR + oracle variance,10.650656274386057,24.859774605280933,95.0,0,882294417,1.9707624558351595,0.2,0.1,50000,49000,100,659,500,0.7887314413145017,0.9612621307900595,False,False
RR_OBM,RR + OBM,10.650656274386057,24.084941220397727,96.0,0,882294417,1.9707624558351595,0.2,0.1,50000,49000,100,659,500,0.7887314413145017,0.9612621307900595,False,False
RR_OBM_RR,RR + OBM-RR,10.650656274386057,23.84748211665835,95.0,0,882294417,1.9707624558351595,0.2,0.1,50000,49000,100,659,500,0.7887314413145017,0.9612621307900595,False,False
RR_MSB,RR + MSB,10.650656274386057,23.86547197445742,95.0,0,882294417,1.9707624558351595,0.2,0.1,50000,49000,100,659,500,0.7887314413145017,0.9612621307900595,False,False
RR_BATCH,RR + batch means,12.502498171203634,28.327163657759314,96.0,0,163945743,2.8274275854498367,0.2,0.1,50000,49000,100,659,500,0.7347524612229042,0.9746170642846718,False,False
RR_ORACLE,RR + oracle variance,12.502498171204136,29.77664697616021,98.0,0,163945743,2.8274275854498367,0.2,0.1,50000,49000,100,659,500,0.7347524612229042,0.9746170642846718,False,False
RR_OBM,RR + OBM,12.502498171204136,28.65103674285087,96.0,0,163945743,2.8274275854498367,0.2,0.1,50000,49000,100,659,500,0.7347524612229042,0.9746170642846718,False,False
RR_OBM_RR,RR + OBM-RR,12.502498171204136,28.662506881034535,96.0,0,163945743,2.8274275854498367,0.2,0.1,50000,49000,100,659,500,0.7347524612229042,0.9746170642846718,False,False
RR_MSB,RR + MSB,12.502498171204136,28.494544791431032,96.0,0,163945743,2.8274275854498367,0.2,0.1,50000,49000,100,659,500,0.7347524612229042,0.9746170642846718,False,False
RR_BATCH,RR + batch means,12.69233543957753,26.132569497460857,90.0,0,406886645,2.354562057055686,0.2,0.1,50000,49000,100,659,500,0.7445890093971937,0.9572448254781045,False,False
RR_ORACLE,RR + oracle variance,12.6923354395775,27.172845363315098,91.0,0,406886645,2.354562057055686,0.2,0.1,50000,49000,100,659,500,0.7445890093971937,0.9572448254781045,False,False
RR_OBM,RR + OBM,12.6923354395775,26.33561737507531,91.0,0,406886645,2.354562057055686,0.2,0.1,50000,49000,100,659,500,0.7445890093971937,0.9572448254781045,False,False
RR_OBM_RR,RR + OBM-RR,12.6923354395775,26.350959407821613,90.0,0,406886645,2.354562057055686,0.2,0.1,50000,49000,100,659,500,0.7445890093971937,0.9572448254781045,False,False
RR_MSB,RR + MSB,12.6923354395775,26.25213332514959,91.0,0,406886645,2.354562057055686,0.2,0.1,50000,49000,100,659,500,0.7445890093971937,0.9572448254781045,False,False
RR_BATCH,RR + batch means,12.282078016828386,16.525875670034207,95.0,0,1944623249,0.9263361362850611,0.2,0.1,50000,49000,100,659,500,0.8032198794834147,0.9731738471305574,False,False
RR_ORACLE,RR + oracle variance,12.282078016828077,17.04371838719585,96.0,0,1944623249,0.9263361362850611,0.2,0.1,50000,49000,100,659,500,0.8032198794834147,0.9731738471305574,False,False
RR_OBM,RR + OBM,12.282078016828077,16.538605061974344,96.0,0,1944623249,0.9263361362850611,0.2,0.1,50000,49000,100,659,500,0.8032198794834147,0.9731738471305574,False,False
RR_OBM_RR,RR + OBM-RR,12.282078016828077,16.462563567445336,96.0,0,1944623249,0.9263361362850611,0.2,0.1,50000,49000,100,659,500,0.8032198794834147,0.9731738471305574,False,False
RR_MSB,RR + MSB,12.282078016828077,16.256400426687975,95.0,0,1944623249,0.9263361362850611,0.2,0.1,50000,49000,100,659,500,0.8032198794834147,0.9731738471305574,False,False
RR_BATCH,RR + batch means,13.638884688657148,21.537742928869044,93.0,0,1474200732,1.6274102473950909,0.2,0.1,50000,49000,100,659,500,0.7607996072523888,0.9829777603836092,False,False
RR_ORACLE,RR + oracle variance,13.638884688656761,22.59064182218548,95.0,0,1474200732,1.6274102473950909,0.2,0.1,50000,49000,100,659,500,0.7607996072523888,0.9829777603836092,False,False
RR_OBM,RR + OBM,13.638884688656761,21.98948112313867,95.0,0,1474200732,1.6274102473950909,0.2,0.1,50000,49000,100,659,500,0.7607996072523888,0.9829777603836092,False,False
RR_OBM_RR,RR + OBM-RR,13.638884688656761,21.614915373195778,94.0,0,1474200732,1.6274102473950909,0.2,0.1,50000,49000,100,659,500,0.7607996072523888,0.9829777603836092,False,False
RR_MSB,RR + MSB,13.638884688656761,22.146192990122675,96.0,0,1474200732,1.6274102473950909,0.2,0.1,50000,49000,100,659,500,0.7607996072523888,0.9829777603836092,False,False
RR_BATCH,RR + batch means,14.454906915178887,26.34595364540154,92.0,0,279004308,2.323440686562524,0.2,0.1,50000,49000,100,659,500,0.7318279552606795,0.9727303749556581,False,False
RR_ORACLE,RR + oracle variance,14.454906915178805,26.992669783125102,91.0,0,279004308,2.323440686562524,0.2,0.1,50000,49000,100,659,500,0.7318279552606795,0.9727303749556581,False,False
RR_OBM,RR + OBM,14.454906915178805,26.318316793673613,91.0,0,279004308,2.323440686562524,0.2,0.1,50000,49000,100,659,500,0.7318279552606795,0.9727303749556581,False,False
RR_OBM_RR,RR + OBM-RR,14.454906915178805,26.502291997323614,92.0,0,279004308,2.323440686562524,0.2,0.1,50000,49000,100,659,500,0.7318279552606795,0.9727303749556581,False,False
RR_MSB,RR + MSB,14.454906915178805,26.216427366612074,90.0,0,279004308,2.323440686562524,0.2,0.1,50000,49000,100,659,500,0.7318279552606795,0.9727303749556581,False,False
RR_BATCH,RR + batch means,12.141666858923621,15.969057734801087,97.0,0,1021568550,0.8399501464702047,0.2,0.1,50000,49000,100,659,500,0.8244093890795153,0.9817270297576983,False,False
RR_ORACLE,RR + oracle variance,12.141666858923276,16.229562090238964,97.0,0,1021568550,0.8399501464702047,0.2,0.1,50000,49000,100,659,500,0.8244093890795153,0.9817270297576983,False,False
RR_OBM,RR + OBM,12.141666858923276,15.891102907767845,97.0,0,1021568550,0.8399501464702047,0.2,0.1,50000,49000,100,659,500,0.8244093890795153,0.9817270297576983,False,False
RR_OBM_RR,RR + OBM-RR,12.141666858923276,16.023536229172553,95.0,0,1021568550,0.8399501464702047,0.2,0.1,50000,49000,100,659,500,0.8244093890795153,0.9817270297576983,False,False
RR_MSB,RR + MSB,12.141666858923276,15.865749327008544,95.0,0,1021568550,0.8399501464702047,0.2,0.1,50000,49000,100,659,500,0.8244093890795153,0.9817270297576983,False,False
RR_BATCH,RR + batch means,11.505140886990892,18.18620806741322,90.0,0,994157307,1.1319447869937644,0.2,0.1,50000,49000,100,659,500,0.8376670420369194,0.9724813800172213,False,False
RR_ORACLE,RR + oracle variance,11.505140886991025,18.84051060128728,93.0,0,994157307,1.1319447869937644,0.2,0.1,50000,49000,100,659,500,0.8376670420369194,0.9724813800172213,False,False
RR_OBM,RR + OBM,11.505140886991025,18.36842249999309,89.0,0,994157307,1.1319447869937644,0.2,0.1,50000,49000,100,659,500,0.8376670420369194,0.9724813800172213,False,False
RR_OBM_RR,RR + OBM-RR,11.505140886991025,18.250251289705368,88.0,0,994157307,1.1319447869937644,0.2,0.1,50000,49000,100,659,500,0.8376670420369194,0.9724813800172213,False,False
RR_MSB,RR + MSB,11.505140886991025,18.013590790535776,90.0,0,994157307,1.1319447869937644,0.2,0.1,50000,49000,100,659,500,0.8376670420369194,0.9724813800172213,False,False
RR_BATCH,RR + batch means,15.144612216567088,15.528014427798524,95.0,0,1438414600,0.8269873022362143,0.2,0.1,50000,49000,100,659,500,0.7581022248743589,0.9744324308398994,False,False
RR_ORACLE,RR + oracle variance,15.144612216567566,16.10384075566648,95.0,0,1438414600,0.8269873022362143,0.2,0.1,50000,49000,100,659,500,0.7581022248743589,0.9744324308398994,False,False
RR_OBM,RR + OBM,15.144612216567566,15.50546973782716,95.0,0,1438414600,0.8269873022362143,0.2,0.1,50000,49000,100,659,500,0.7581022248743589,0.9744324308398994,False,False
RR_OBM_RR,RR + OBM-RR,15.144612216567566,15.607273606541819,94.0,0,1438414600,0.8269873022362143,0.2,0.1,50000,49000,100,659,500,0.7581022248743589,0.9744324308398994,False,False
RR_MSB,RR + MSB,15.144612216567566,15.197122575402688,95.0,0,1438414600,0.8269873022362143,0.2,0.1,50000,49000,100,659,500,0.7581022248743589,0.9744324308398994,False,False
RR_BATCH,RR + batch means,14.737829244105942,30.065489320995205,91.0,0,487284116,3.203194060886938,0.2,0.1,50000,49000,100,659,500,0.7906857224400382,0.9722391780189573,False,False
RR_ORACLE,RR + oracle variance,14.73782924410541,31.69360726062831,95.0,0,487284116,3.203194060886938,0.2,0.1,50000,49000,100,659,500,0.7906857224400382,0.9722391780189573,False,False
RR_OBM,RR + OBM,14.73782924410541,30.66511757455007,94.0,0,487284116,3.203194060886938,0.2,0.1,50000,49000,100,659,500,0.7906857224400382,0.9722391780189573,False,False
RR_OBM_RR,RR + OBM-RR,14.73782924410541,30.6937483550063,92.0,0,487284116,3.203194060886938,0.2,0.1,50000,49000,100,659,500,0.7906857224400382,0.9722391780189573,False,False
RR_MSB,RR + MSB,14.73782924410541,30.071984227468594,93.0,0,487284116,3.203194060886938,0.2,0.1,50000,49000,100,659,500,0.7906857224400382,0.9722391780189573,False,False
RR_BATCH,RR + batch means,12.05346756482049,17.936181873172586,94.0,0,938776597,1.1404076644168968,0.2,0.1,50000,49000,100,659,500,0.818841818878113,0.976899325569409,False,False
RR_ORACLE,RR + oracle variance,12.053467564819377,18.91080909278589,94.0,0,938776597,1.1404076644168968,0.2,0.1,50000,49000,100,659,500,0.818841818878113,0.976899325569409,False,False
RR_OBM,RR + OBM,12.053467564819377,18.358081498336084,95.0,0,938776597,1.1404076644168968,0.2,0.1,50000,49000,100,659,500,0.818841818878113,0.976899325569409,False,False
RR_OBM_RR,RR + OBM-RR,12.053467564819377,18.23282000794774,95.0,0,938776597,1.1404076644168968,0.2,0.1,50000,49000,100,659,500,0.818841818878113,0.976899325569409,False,False
RR_MSB,RR + MSB,12.053467564819377,18.21487532570931,95.0,0,938776597,1.1404076644168968,0.2,0.1,50000,49000,100,659,500,0.818841818878113,0.976899325569409,False,False
RR_BATCH,RR + batch means,13.401892912756939,13.666001187871256,90.0,0,709091226,0.6416041532524789,0.2,0.1,50000,49000,100,659,500,0.7716686336166987,0.9802060012410437,False,False
RR_ORACLE,RR + oracle variance,13.401892912756175,14.184486880882801,93.0,0,709091226,0.6416041532524789,0.2,0.1,50000,49000,100,659,500,0.7716686336166987,0.9802060012410437,False,False
RR_OBM,RR + OBM,13.401892912756175,13.756832017296073,92.0,0,709091226,0.6416041532524789,0.2,0.1,50000,49000,100,659,500,0.7716686336166987,0.9802060012410437,False,False
RR_OBM_RR,RR + OBM-RR,13.401892912756175,13.761857257526854,91.0,0,709091226,0.6416041532524789,0.2,0.1,50000,49000,100,659,500,0.7716686336166987,0.9802060012410437,False,False
RR_MSB,RR + MSB,13.401892912756175,13.63540628946138,90.0,0,709091226,0.6416041532524789,0.2,0.1,50000,49000,100,659,500,0.7716686336166987,0.9802060012410437,False,False
RR_BATCH,RR + batch means,13.076257145076541,26.108398637393126,93.0,0,1212254291,2.225397226657608,0.2,0.1,50000,49000,100,659,500,0.7634470531511427,0.9649499692378661,False,False
RR_ORACLE,RR + oracle variance,13.076257145076864,26.41701956939821,93.0,0,1212254291,2.225397226657608,0.2,0.1,50000,49000,100,659,500,0.7634470531511427,0.9649499692378661,False,False
RR_OBM,RR + OBM,13.076257145076864,25.631444958450647,91.0,0,1212254291,2.225397226657608,0.2,0.1,50000,49000,100,659,500,0.7634470531511427,0.9649499692378661,False,False
RR_OBM_RR,RR + OBM-RR,13.076257145076864,25.61427160712199,92.0,0,1212254291,2.225397226657608,0.2,0.1,50000,49000,100,659,500,0.7634470531511427,0.9649499692378661,False,False
RR_MSB,RR + MSB,13.076257145076864,25.413642015083386,91.0,0,1212254291,2.225397226657608,0.2,0.1,50000,49000,100,659,500,0.7634470531511427,0.9649499692378661,False,False
RR_BATCH,RR + batch means,12.518438475260801,31.984610836466366,97.0,0,934620677,3.37104561229576,0.2,0.1,50000,49000,100,659,500,0.7674081319090251,0.96550879251693,False,False
RR_ORACLE,RR + oracle variance,12.518438475260416,32.51339805757416,99.0,0,934620677,3.37104561229576,0.2,0.1,50000,49000,100,659,500,0.7674081319090251,0.96550879251693,False,False
RR_OBM,RR + OBM,12.518438475260416,31.50528935506152,98.0,0,934620677,3.37104561229576,0.2,0.1,50000,49000,100,659,500,0.7674081319090251,0.96550879251693,False,False
RR_OBM_RR,RR + OBM-RR,12.518438475260416,32.122712653415014,99.0,0,934620677,3.37104561229576,0.2,0.1,50000,49000,100,659,500,0.7674081319090251,0.96550879251693,False,False
RR_MSB,RR + MSB,12.518438475260416,31.099853023451864,97.0,0,934620677,3.37104561229576,0.2,0.1,50000,49000,100,659,500,0.7674081319090251,0.96550879251693,False,False
RR_BATCH,RR + batch means,9.76107489465371,26.162165096883417,97.0,0,1503807855,2.412941087733757,0.2,0.1,50000,49000,100,659,500,0.798555470419618,0.9609758422861282,False,False
RR_ORACLE,RR + oracle variance,9.761074894652994,27.50764468925345,96.0,0,1503807855,2.412941087733757,0.2,0.1,50000,49000,100,659,500,0.798555470419618,0.9609758422861282,False,False
RR_OBM,RR + OBM,9.761074894652994,26.57619838200201,96.0,0,1503807855,2.412941087733757,0.2,0.1,50000,49000,100,659,500,0.798555470419618,0.9609758422861282,False,False
RR_OBM_RR,RR + OBM-RR,9.761074894652994,26.263233197085388,95.0,0,1503807855,2.412941087733757,0.2,0.1,50000,49000,100,659,500,0.798555470419618,0.9609758422861282,False,False
RR_MSB,RR + MSB,9.761074894652994,26.220112000456474,94.0,0,1503807855,2.412941087733757,0.2,0.1,50000,49000,100,659,500,0.798555470419618,0.9609758422861282,False,False
RR_BATCH,RR + batch means,12.955645025678335,16.670142343802276,90.0,0,2019291965,0.9373880688365333,0.2,0.1,50000,49000,100,659,500,0.7743907638099192,0.9813637413925418,False,False
RR_ORACLE,RR + oracle variance,12.955645025678553,17.145089534278043,94.0,0,2019291965,0.9373880688365333,0.2,0.1,50000,49000,100,659,500,0.7743907638099192,0.9813637413925418,False,False
RR_OBM,RR + OBM,12.955645025678553,16.692783752854464,93.0,0,2019291965,0.9373880688365333,0.2,0.1,50000,49000,100,659,500,0.7743907638099192,0.9813637413925418,False,False
RR_OBM_RR,RR + OBM-RR,12.955645025678553,16.89170771268363,91.0,0,2019291965,0.9373880688365333,0.2,0.1,50000,49000,100,659,500,0.7743907638099192,0.9813637413925418,False,False
RR_MSB,RR + MSB,12.955645025678553,16.5771488458319,92.0,0,2019291965,0.9373880688365333,0.2,0.1,50000,49000,100,659,500,0.7743907638099192,0.9813637413925418,False,False
RR_BATCH,RR + batch means,16.326128295401507,21.23643839894927,96.0,0,1788162810,1.4653522983672826,0.2,0.1,50000,49000,100,659,500,0.6931201435895925,0.9767900513556478,False,False
RR_ORACLE,RR + oracle variance,16.326128295402473,21.436361464000807,96.0,0,1788162810,1.4653522983672826,0.2,0.1,50000,49000,100,659,500,0.6931201435895925,0.9767900513556478,False,False
RR_OBM,RR + OBM,16.326128295402473,21.116533271697918,95.0,0,1788162810,1.4653522983672826,0.2,0.1,50000,49000,100,659,500,0.6931201435895925,0.9767900513556478,False,False
RR_OBM_RR,RR + OBM-RR,16.326128295402473,21.389795905086356,98.0,0,1788162810,1.4653522983672826,0.2,0.1,50000,49000,100,659,500,0.6931201435895925,0.9767900513556478,False,False
RR_MSB,RR + MSB,16.326128295402473,20.796963763434633,96.0,0,1788162810,1.4653522983672826,0.2,0.1,50000,49000,100,659,500,0.6931201435895925,0.9767900513556478,False,False
RR_BATCH,RR + batch means,12.156046857376976,15.717869551860508,95.0,0,1787264314,0.8433099627428157,0.2,0.1,50000,49000,100,659,500,0.7005529485506353,0.9633826801506715,False,False
RR_ORACLE,RR + oracle variance,12.156046857377705,16.261988971299388,97.0,0,1787264314,0.8433099627428157,0.2,0.1,50000,49000,100,659,500,0.7005529485506353,0.9633826801506715,False,False
RR_OBM,RR + OBM,12.156046857377705,15.865940840541233,96.0,0,1787264314,0.8433099627428157,0.2,0.1,50000,49000,100,659,500,0.7005529485506353,0.9633826801506715,False,False
RR_OBM_RR,RR + OBM-RR,12.156046857377705,15.947659101817171,95.0,0,1787264314,0.8433099627428157,0.2,0.1,50000,49000,100,659,500,0.7005529485506353,0.9633826801506715,False,False
RR_MSB,RR + MSB,12.156046857377705,15.730234853564282,95.0,0,1787264314,0.8433099627428157,0.2,0.1,50000,49000,100,659,500,0.7005529485506353,0.9633826801506715,False,False
RR_BATCH,RR + batch means,18.32577248434326,45.20393569880668,93.0,0,1352408539,7.004354026268703,0.2,0.1,50000,49000,100,659,500,0.6039294242984731,0.9836185308196135,False,False
RR_ORACLE,RR + oracle variance,18.32577248434407,46.86666937781404,96.0,0,1352408539,7.004354026268703,0.2,0.1,50000,49000,100,659,500,0.6039294242984731,0.9836185308196135,False,False
RR_OBM,RR + OBM,18.32577248434407,45.4596738176306,92.0,0,1352408539,7.004354026268703,0.2,0.1,50000,49000,100,659,500,0.6039294242984731,0.9836185308196135,False,False
RR_OBM_RR,RR + OBM-RR,18.32577248434407,45.68237019490685,92.0,0,1352408539,7.004354026268703,0.2,0.1,50000,49000,100,659,500,0.6039294242984731,0.9836185308196135,False,False
RR_MSB,RR + MSB,18.32577248434407,44.70112623461537,92.0,0,1352408539,7.004354026268703,0.2,0.1,50000,49000,100,659,500,0.6039294242984731,0.9836185308196135,False,False
RR_BATCH,RR + batch means,12.766870829308662,31.66462342416504,90.0,0,1728218298,3.5742347952439077,0.2,0.1,50000,49000,100,659,500,0.802814012501832,0.9595683087022744,False,False
RR_ORACLE,RR + oracle variance,12.766870829308575,33.478931274754274,91.0,0,1728218298,3.5742347952439077,0.2,0.1,50000,49000,100,659,500,0.802814012501832,0.9595683087022744,False,False
RR_OBM,RR + OBM,12.766870829308575,32.58822634078593,90.0,0,1728218298,3.5742347952439077,0.2,0.1,50000,49000,100,659,500,0.802814012501832,0.9595683087022744,False,False
RR_OBM_RR,RR + OBM-RR,12.766870829308575,32.52553933913314,91.0,0,1728218298,3.5742347952439077,0.2,0.1,50000,49000,100,659,500,0.802814012501832,0.9595683087022744,False,False
RR_MSB,RR + MSB,12.766870829308575,32.299899793045114,90.0,0,1728218298,3.5742347952439077,0.2,0.1,50000,49000,100,659,500,0.802814012501832,0.9595683087022744,False,False
RR_BATCH,RR + batch means,14.283440978762188,20.206293381733452,93.0,0,208792607,1.4675938251813647,0.2,0.1,50000,49000,100,659,500,0.6087943187396713,0.966523977573583,False,False
RR_ORACLE,RR + oracle variance,14.28344097876187,21.452750634614524,95.0,0,208792607,1.4675938251813647,0.2,0.1,50000,49000,100,659,500,0.6087943187396713,0.966523977573583,False,False
RR_OBM,RR + OBM,14.28344097876187,20.497968875174266,94.0,0,208792607,1.4675938251813647,0.2,0.1,50000,49000,100,659,500,0.6087943187396713,0.966523977573583,False,False
RR_OBM_RR,RR + OBM-RR,14.28344097876187,20.551666611380227,94.0,0,208792607,1.4675938251813647,0.2,0.1,50000,49000,100,659,500,0.6087943187396713,0.966523977573583,False,False
RR_MSB,RR + MSB,14.28344097876187,20.275657245882233,94.0,0,208792607,1.4675938251813647,0.2,0.1,50000,49000,100,659,500,0.6087943187396713,0.966523977573583,False,False
RR_BATCH,RR + batch means,11.739116513515306,34.521054188709925,94.0,0,345075200,3.8984762994739355,0.2,0.1,50000,49000,100,659,500,0.7292263339413828,0.9570228667303432,False,False
RR_ORACLE,RR + oracle variance,11.73911651351529,34.96451398481579,95.0,0,345075200,3.8984762994739355,0.2,0.1,50000,49000,100,659,500,0.7292263339413828,0.9570228667303432,False,False
RR_OBM,RR + OBM,11.73911651351529,34.24146462306239,95.0,0,345075200,3.8984762994739355,0.2,0.1,50000,49000,100,659,500,0.7292263339413828,0.9570228667303432,False,False
RR_OBM_RR,RR + OBM-RR,11.73911651351529,34.67270842613692,96.0,0,345075200,3.8984762994739355,0.2,0.1,50000,49000,100,659,500,0.7292263339413828,0.9570228667303432,False,False
RR_MSB,RR + MSB,11.73911651351529,34.07171984599556,96.0,0,345075200,3.8984762994739355,0.2,0.1,50000,49000,100,659,500,0.7292263339413828,0.9570228667303432,False,False
RR_BATCH,RR + batch means,15.03295385332817,25.962887421163465,94.0,0,1648932250,2.339013830207248,0.2,0.1,50000,49000,100,659,500,0.6991674983530618,0.972203257911216,False,False
RR_ORACLE,RR + oracle variance,15.032953853327335,27.082979533090718,97.0,0,1648932250,2.339013830207248,0.2,0.1,50000,49000,100,659,500,0.6991674983530618,0.972203257911216,False,False
RR_OBM,RR + OBM,15.032953853327335,26.08371284668933,94.0,0,1648932250,2.339013830207248,0.2,0.1,50000,49000,100,659,500,0.6991674983530618,0.972203257911216,False,False
RR_OBM_RR,RR + OBM-RR,15.032953853327335,26.16397743807802,94.0,0,1648932250,2.339013830207248,0.2,0.1,50000,49000,100,659,500,0.6991674983530618,0.972203257911216,False,False
RR_MSB,RR + MSB,15.032953853327335,25.885384444690157,95.0,0,1648932250,2.339013830207248,0.2,0.1,50000,49000,100,659,500,0.6991674983530618,0.972203257911216,False,False
RR_BATCH,RR + batch means,10.578953853486619,17.179368702242034,96.0,0,1807519525,0.9723897426489855,0.2,0.1,50000,49000,100,659,500,0.7894567361140395,0.9674766768483056,False,False
RR_ORACLE,RR + oracle variance,10.57895385348726,17.462251190990816,96.0,0,1807519525,0.9723897426489855,0.2,0.1,50000,49000,100,659,500,0.7894567361140395,0.9674766768483056,False,False
RR_OBM,RR + OBM,10.57895385348726,17.107659859660885,93.0,0,1807519525,0.9723897426489855,0.2,0.1,50000,49000,100,659,500,0.7894567361140395,0.9674766768483056,False,False
RR_OBM_RR,RR + OBM-RR,10.57895385348726,17.269306528187922,92.0,0,1807519525,0.9723897426489855,0.2,0.1,50000,49000,100,659,500,0.7894567361140395,0.9674766768483056,False,False
RR_MSB,RR + MSB,10.57895385348726,16.86820093503462,95.0,0,1807519525,0.9723897426489855,0.2,0.1,50000,49000,100,659,500,0.7894567361140395,0.9674766768483056,False,False
RR_BATCH,RR + batch means,13.145999726572027,32.009531103173096,91.0,0,670802254,3.427604295372431,0.2,0.1,50000,49000,100,659,500,0.7803566706151667,0.9591163685199341,False,False
RR_ORACLE,RR + oracle variance,13.145999726572882,32.78501493721277,94.0,0,670802254,3.427604295372431,0.2,0.1,50000,49000,100,659,500,0.7803566706151667,0.9591163685199341,False,False
RR_OBM,RR + OBM,13.145999726572882,32.01146146739609,92.0,0,670802254,3.427604295372431,0.2,0.1,50000,49000,100,659,500,0.7803566706151667,0.9591163685199341,False,False
RR_OBM_RR,RR + OBM-RR,13.145999726572882,31.976894516715994,90.0,0,670802254,3.427604295372431,0.2,0.1,50000,49000,100,659,500,0.7803566706151667,0.9591163685199341,False,False
RR_MSB,RR + MSB,13.145999726572882,31.624983251494385,92.0,0,670802254,3.427604295372431,0.2,0.1,50000,49000,100,659,500,0.7803566706151667,0.9591163685199341,False,False
RR_BATCH,RR + batch means,14.251300197846794,28.356068425701753,95.0,0,1928628491,2.7944941096607088,0.2,0.1,50000,49000,100,659,500,0.7886025025448311,0.9730379108273683,False,False
RR_ORACLE,RR + oracle variance,14.251300197847451,29.602721947288604,96.0,0,1928628491,2.7944941096607088,0.2,0.1,50000,49000,100,659,500,0.7886025025448311,0.9730379108273683,False,False
RR_OBM,RR + OBM,14.251300197847451,28.676737865479176,94.0,0,1928628491,2.7944941096607088,0.2,0.1,50000,49000,100,659,500,0.7886025025448311,0.9730379108273683,False,False
RR_OBM_RR,RR + OBM-RR,14.251300197847451,28.82646032413029,94.0,0,1928628491,2.7944941096607088,0.2,0.1,50000,49000,100,659,500,0.7886025025448311,0.9730379108273683,False,False
RR_MSB,RR + MSB,14.251300197847451,28.424294261796835,94.0,0,1928628491,2.7944941096607088,0.2,0.1,50000,49000,100,659,500,0.7886025025448311,0.9730379108273683,False,False
RR_BATCH,RR + batch means,10.416988233893946,20.069766268971765,93.0,0,619179888,1.3904310474496269,0.2,0.1,50000,49000,100,659,500,0.8181650406233747,0.957962340095406,False,False
RR_ORACLE,RR + oracle variance,10.416988233894227,20.881167399909618,93.0,0,619179888,1.3904310474496269,0.2,0.1,50000,49000,100,659,500,0.8181650406233747,0.957962340095406,False,False
RR_OBM,RR + OBM,10.416988233894227,20.239777214288583,93.0,0,619179888,1.3904310474496269,0.2,0.1,50000,49000,100,659,500,0.8181650406233747,0.957962340095406,False,False
RR_OBM_RR,RR + OBM-RR,10.416988233894227,20.512010471375266,93.0,0,619179888,1.3904310474496269,0.2,0.1,50000,49000,100,659,500,0.8181650406233747,0.957962340095406,False,False
RR_MSB,RR + MSB,10.416988233894227,20.23983892783778,94.0,0,619179888,1.3904310474496269,0.2,0.1,50000,49000,100,659,500,0.8181650406233747,0.957962340095406,False,False
RR_BATCH,RR + batch means,16.56444815215228,22.5944559201162,89.0,0,832103482,1.8467872299257386,0.2,0.1,50000,49000,100,659,500,0.609236402748877,0.9719750872813987,False,False
RR_ORACLE,RR + oracle variance,16.564448152152178,24.065144740370453,95.0,0,832103482,1.8467872299257386,0.2,0.1,50000,49000,100,659,500,0.609236402748877,0.9719750872813987,False,False
RR_OBM,RR + OBM,16.564448152152178,22.711932381977995,91.0,0,832103482,1.8467872299257386,0.2,0.1,50000,49000,100,659,500,0.609236402748877,0.9719750872813987,False,False
RR_OBM_RR,RR + OBM-RR,16.564448152152178,22.41246253539727,89.0,0,832103482,1.8467872299257386,0.2,0.1,50000,49000,100,659,500,0.609236402748877,0.9719750872813987,False,False
RR_MSB,RR + MSB,16.564448152152178,22.611013756662985,89.0,0,832103482,1.8467872299257386,0.2,0.1,50000,49000,100,659,500,0.609236402748877,0.9719750872813987,False,False
RR_BATCH,RR + batch means,10.984343308991509,14.528914633489814,85.0,0,1367435608,0.7860562113867311,0.2,0.1,50000,49000,100,659,500,0.7780577788232529,0.9601545481079107,False,False
RR_ORACLE,RR + oracle variance,10.984343308991672,15.700260148092864,94.0,0,1367435608,0.7860562113867311,0.2,0.1,50000,49000,100,659,500,0.7780577788232529,0.9601545481079107,False,False
RR_OBM,RR + OBM,10.984343308991672,15.203754268238143,89.0,0,1367435608,0.7860562113867311,0.2,0.1,50000,49000,100,659,500,0.7780577788232529,0.9601545481079107,False,False
RR_OBM_RR,RR + OBM-RR,10.984343308991672,14.8100161437172,88.0,0,1367435608,0.7860562113867311,0.2,0.1,50000,49000,100,659,500,0.7780577788232529,0.9601545481079107,False,False
RR_MSB,RR + MSB,10.984343308991672,14.970481934978762,87.0,0,1367435608,0.7860562113867311,0.2,0.1,50000,49000,100,659,500,0.7780577788232529,0.9601545481079107,False,False
RR_BATCH,RR + batch means,13.361142295592568,33.726316554211294,93.0,0,514446424,3.826453449941487,0.2,0.1,50000,49000,100,659,500,0.6650854396717192,0.9865237322781218,False,False
RR_ORACLE,RR + oracle variance,13.361142295593122,34.640030349768935,98.0,0,514446424,3.826453449941487,0.2,0.1,50000,49000,100,659,500,0.6650854396717192,0.9865237322781218,False,False
RR_OBM,RR + OBM,13.361142295593122,33.619056876657,96.0,0,514446424,3.826453449941487,0.2,0.1,50000,49000,100,659,500,0.6650854396717192,0.9865237322781218,False,False
RR_OBM_RR,RR + OBM-RR,13.361142295593122,33.749761674102224,93.0,0,514446424,3.826453449941487,0.2,0.1,50000,49000,100,659,500,0.6650854396717192,0.9865237322781218,False,False
RR_MSB,RR + MSB,13.361142295593122,33.298891846764384,96.0,0,514446424,3.826453449941487,0.2,0.1,50000,49000,100,659,500,0.6650854396717192,0.9865237322781218,False,False
RR_BATCH,RR + batch means,15.531994403738036,27.909646437499603,92.0,0,300116173,2.7382898532631184,0.2,0.1,50000,49000,100,659,500,0.709263124937005,0.978121368174102,False,False
RR_ORACLE,RR + oracle variance,15.53199440373817,29.30351752993714,95.0,0,300116173,2.7382898532631184,0.2,0.1,50000,49000,100,659,500,0.709263124937005,0.978121368174102,False,False
RR_OBM,RR + OBM,15.53199440373817,28.124177839153504,93.0,0,300116173,2.7382898532631184,0.2,0.1,50000,49000,100,659,500,0.709263124937005,0.978121368174102,False,False
RR_OBM_RR,RR + OBM-RR,15.53199440373817,27.7787709203107,93.0,0,300116173,2.7382898532631184,0.2,0.1,50000,49000,100,659,500,0.709263124937005,0.978121368174102,False,False
RR_MSB,RR + MSB,15.53199440373817,27.622906842654288,92.0,0,300116173,2.7382898532631184,0.2,0.1,50000,49000,100,659,500,0.709263124937005,0.978121368174102,False,False
RR_BATCH,RR + batch means,11.548048814892393,22.81681994641988,93.0,0,1465647934,1.8816782005191437,0.2,0.1,50000,49000,100,659,500,0.8046305474845927,0.9606968152294643,False,False
RR_ORACLE,RR + oracle variance,11.548048814892466,24.29140995578833,92.0,0,1465647934,1.8816782005191437,0.2,0.1,50000,49000,100,659,500,0.8046305474845927,0.9606968152294643,False,False
RR_OBM,RR + OBM,11.548048814892466,23.685157937146066,93.0,0,1465647934,1.8816782005191437,0.2,0.1,50000,49000,100,659,500,0.8046305474845927,0.9606968152294643,False,False
RR_OBM_RR,RR + OBM-RR,11.548048814892466,23.24619842817452,93.0,0,1465647934,1.8816782005191437,0.2,0.1,50000,49000,100,659,500,0.8046305474845927,0.9606968152294643,False,False
RR_MSB,RR + MSB,11.548048814892466,23.389679466093543,93.0,0,1465647934,1.8816782005191437,0.2,0.1,50000,49000,100,659,500,0.8046305474845927,0.9606968152294643,False,False
RR_BATCH,RR + batch means,8.565648041592102,11.528403269791152,87.0,0,929893138,0.9084848316243732,0.2,0.1,100000,99000,100,999,500,0.7969711608066093,0.9611676845272247,False,False
RR_ORACLE,RR + oracle variance,8.5630556530249,11.874609309741546,88.0,0,929893138,0.9084848316243732,0.2,0.1,100000,99000,100,999,500,0.7969711608066093,0.9611676845272247,False,False
RR_OBM,RR + OBM,8.5630556530249,11.680834766358682,88.0,0,929893138,0.9084848316243732,0.2,0.1,100000,99000,100,999,500,0.7969711608066093,0.9611676845272247,False,False
RR_OBM_RR,RR + OBM-RR,8.5630556530249,11.585666706862062,87.0,0,929893138,0.9084848316243732,0.2,0.1,100000,99000,100,999,500,0.7969711608066093,0.9611676845272247,False,False
RR_MSB,RR + MSB,8.5630556530249,11.633919579396128,88.0,0,929893138,0.9084848316243732,0.2,0.1,100000,99000,100,999,500,0.7969711608066093,0.9611676845272247,False,False
RR_BATCH,RR + batch means,8.920984488096641,18.018910330026124,95.0,0,1130604998,2.1629023445129523,0.2,0.1,100000,99000,100,999,500,0.8180013399446049,0.9648496803828693,False,False
RR_ORACLE,RR + oracle variance,8.925122978329632,18.322255925710785,98.0,0,1130604998,2.1629023445129523,0.2,0.1,100000,99000,100,999,500,0.8180013399446049,0.9648496803828693,False,False
RR_OBM,RR + OBM,8.925122978329632,18.049472943392438,97.0,0,1130604998,2.1629023445129523,0.2,0.1,100000,99000,100,999,500,0.8180013399446049,0.9648496803828693,False,False
RR_OBM_RR,RR + OBM-RR,8.925122978329632,18.116979794179436,94.0,0,1130604998,2.1629023445129523,0.2,0.1,100000,99000,100,999,500,0.8180013399446049,0.9648496803828693,False,False
RR_MSB,RR + MSB,8.925122978329632,17.92166917356863,95.0,0,1130604998,2.1629023445129523,0.2,0.1,100000,99000,100,999,500,0.8180013399446049,0.9648496803828693,False,False
RR_BATCH,RR + batch means,10.926099403805393,21.631115562550974,92.0,0,275121931,3.0829958319904613,0.2,0.1,100000,99000,100,999,500,0.5797995358321507,0.9809040601384286,False,False
RR_ORACLE,RR + oracle variance,10.924915787682197,21.87494441709577,91.0,0,275121931,3.0829958319904613,0.2,0.1,100000,99000,100,999,500,0.5797995358321507,0.9809040601384286,False,False
RR_OBM,RR + OBM,10.924915787682197,21.624318666397325,92.0,0,275121931,3.0829958319904613,0.2,0.1,100000,99000,100,999,500,0.5797995358321507,0.9809040601384286,False,False
RR_OBM_RR,RR + OBM-RR,10.924915787682197,21.707346553318647,91.0,0,275121931,3.0829958319904613,0.2,0.1,100000,99000,100,999,500,0.5797995358321507,0.9809040601384286,False,False
RR_MSB,RR + MSB,10.924915787682197,21.135348723041325,93.0,0,275121931,3.0829958319904613,0.2,0.1,100000,99000,100,999,500,0.5797995358321507,0.9809040601384286,False,False
RR_BATCH,RR + batch means,9.143421020677952,17.37788980885567,97.0,0,184566854,2.1112269925914977,0.2,0.1,100000,99000,100,999,500,0.7491233564398936,0.9591915905840974,False,False
RR_ORACLE,RR + oracle variance,9.140328120932335,18.102058092910788,98.0,0,184566854,2.1112269925914977,0.2,0.1,100000,99000,100,999,500,0.7491233564398936,0.9591915905840974,False,False
RR_OBM,RR + OBM,9.140328120932335,17.59736236817826,98.0,0,184566854,2.1112269925914977,0.2,0.1,100000,99000,100,999,500,0.7491233564398936,0.9591915905840974,False,False
RR_OBM_RR,RR + OBM-RR,9.140328120932335,17.50201364035061,95.0,0,184566854,2.1112269925914977,0.2,0.1,100000,99000,100,999,500,0.7491233564398936,0.9591915905840974,False,False
RR_MSB,RR + MSB,9.140328120932335,17.51195496658279,98.0,0,184566854,2.1112269925914977,0.2,0.1,100000,99000,100,999,500,0.7491233564398936,0.9591915905840974,False,False
RR_BATCH,RR + batch means,9.523798508610565,14.797740673975515,90.0,0,1688060241,1.4441085443788395,0.2,0.1,100000,99000,100,999,500,0.8471715979797765,0.97691339865281,False,False
RR_ORACLE,RR + oracle variance,9.523000809310439,14.971330859708585,90.0,0,1688060241,1.4441085443788395,0.2,0.1,100000,99000,100,999,500,0.8471715979797765,0.97691339865281,False,False
RR_OBM,RR + OBM,9.523000809310439,14.74338687560019,91.0,0,1688060241,1.4441085443788395,0.2,0.1,100000,99000,100,999,500,0.8471715979797765,0.97691339865281,False,False
RR_OBM_RR,RR + OBM-RR,9.523000809310439,14.897263173586705,91.0,0,1688060241,1.4441085443788395,0.2,0.1,100000,99000,100,999,500,0.8471715979797765,0.97691339865281,False,False
RR_MSB,RR + MSB,9.523000809310439,14.539910247258788,89.0,0,1688060241,1.4441085443788395,0.2,0.1,100000,99000,100,999,500,0.8471715979797765,0.97691339865281,False,False
RR_BATCH,RR + batch means,12.217209410957585,20.37956221695188,93.0,0,392022359,2.967907203679725,0.2,0.1,100000,99000,100,999,500,0.724357336895496,0.9891818939270395,False,False
RR_ORACLE,RR + oracle variance,12.212365876652251,21.462763908899895,96.0,0,392022359,2.967907203679725,0.2,0.1,100000,99000,100,999,500,0.724357336895496,0.9891818939270395,False,False
RR_OBM,RR + OBM,12.212365876652251,20.624603423460208,94.0,0,392022359,2.967907203679725,0.2,0.1,100000,99000,100,999,500,0.724357336895496,0.9891818939270395,False,False
RR_OBM_RR,RR + OBM-RR,12.212365876652251,20.598152618402406,93.0,0,392022359,2.967907203679725,0.2,0.1,100000,99000,100,999,500,0.724357336895496,0.9891818939270395,False,False
RR_MSB,RR + MSB,12.212365876652251,20.397096872712837,93.0,0,392022359,2.967907203679725,0.2,0.1,100000,99000,100,999,500,0.724357336895496,0.9891818939270395,False,False
RR_BATCH,RR + batch means,7.797769592066461,15.04055857391033,92.0,0,1803345591,1.560769649441434,0.2,0.1,100000,99000,100,999,500,0.7700944482408887,0.9718405574716356,False,False
RR_ORACLE,RR + oracle variance,7.796499589073006,15.564310816371707,95.0,0,1803345591,1.560769649441434,0.2,0.1,100000,99000,100,999,500,0.7700944482408887,0.9718405574716356,False,False
RR_OBM,RR + OBM,7.796499589073006,15.194312401323845,92.0,0,1803345591,1.560769649441434,0.2,0.1,100000,99000,100,999,500,0.7700944482408887,0.9718405574716356,False,False
RR_OBM_RR,RR + OBM-RR,7.796499589073006,15.057961837906664,92.0,0,1803345591,1.560769649441434,0.2,0.1,100000,99000,100,999,500,0.7700944482408887,0.9718405574716356,False,False
RR_MSB,RR + MSB,7.796499589073006,15.17792075648094,93.0,0,1803345591,1.560769649441434,0.2,0.1,100000,99000,100,999,500,0.7700944482408887,0.9718405574716356,False,False
RR_BATCH,RR + batch means,11.300145343924793,15.352391389057535,91.0,0,1662057958,1.6217304504020316,0.2,0.1,100000,99000,100,999,500,0.6790765424225903,0.9828583565537448,False,False
RR_ORACLE,RR + oracle variance,11.295300452082193,15.865356125511292,93.0,0,1662057958,1.6217304504020316,0.2,0.1,100000,99000,100,999,500,0.6790765424225903,0.9828583565537448,False,False
RR_OBM,RR + OBM,11.295300452082193,15.486419053345584,92.0,0,1662057958,1.6217304504020316,0.2,0.1,100000,99000,100,999,500,0.6790765424225903,0.9828583565537448,False,False
RR_OBM_RR,RR + OBM-RR,11.295300452082193,15.678494117619069,92.0,0,1662057958,1.6217304504020316,0.2,0.1,100000,99000,100,999,500,0.6790765424225903,0.9828583565537448,False,False
RR_MSB,RR + MSB,11.295300452082193,15.481949113108369,92.0,0,1662057958,1.6217304504020316,0.2,0.1,100000,99000,100,999,500,0.6790765424225903,0.9828583565537448,False,False
RR_BATCH,RR + batch means,10.000869304326102,22.708728221789972,92.0,0,796282693,3.4994070452205612,0.2,0.1,100000,99000,100,999,500,0.7676501965691008,0.9862118083480076,False,False
RR_ORACLE,RR + oracle variance,10.002267907199553,23.305462195024244,93.0,0,796282693,3.4994070452205612,0.2,0.1,100000,99000,100,999,500,0.7676501965691008,0.9862118083480076,False,False
RR_OBM,RR + OBM,10.002267907199553,22.699885291151794,93.0,0,796282693,3.4994070452205612,0.2,0.1,100000,99000,100,999,500,0.7676501965691008,0.9862118083480076,False,False
RR_OBM_RR,RR + OBM-RR,10.002267907199553,22.857274303734187,91.0,0,796282693,3.4994070452205612,0.2,0.1,100000,99000,100,999,500,0.7676501965691008,0.9862118083480076,False,False
RR_MSB,RR + MSB,10.002267907199553,22.619430111597012,92.0,0,796282693,3.4994070452205612,0.2,0.1,100000,99000,100,999,500,0.7676501965691008,0.9862118083480076,False,False
RR_BATCH,RR + batch means,8.377306040117368,17.70056575055176,95.0,0,942484272,2.1211773083799685,0.2,0.1,100000,99000,100,999,500,0.6856096098338498,0.9800598439929239,False,False
RR_ORACLE,RR + oracle variance,8.376246448084135,18.144665890115952,97.0,0,942484272,2.1211773083799685,0.2,0.1,100000,99000,100,999,500,0.6856096098338498,0.9800598439929239,False,False
RR_OBM,RR + OBM,8.376246448084135,17.728620301954056,97.0,0,942484272,2.1211773083799685,0.2,0.1,100000,99000,100,999,500,0.6856096098338498,0.9800598439929239,False,False
RR_OBM_RR,RR + OBM-RR,8.376246448084135,17.848537001349708,96.0,0,942484272,2.1211773083799685,0.2,0.1,100000,99000,100,999,500,0.6856096098338498,0.9800598439929239,False,False
RR_MSB,RR + MSB,8.376246448084135,17.418956791216587,97.0,0,942484272,2.1211773083799685,0.2,0.1,100000,99000,100,999,500,0.6856096098338498,0.9800598439929239,False,False
RR_BATCH,RR + batch means,8.008762098082364,17.408082369821763,95.0,0,1540770720,2.0848593466381438,0.2,0.1,100000,99000,100,999,500,0.8102771343106778,0.9821970848719925,False,False
RR_ORACLE,RR + oracle variance,8.006926106056344,17.988662340765877,95.0,0,1540770720,2.0848593466381438,0.2,0.1,100000,99000,100,999,500,0.8102771343106778,0.9821970848719925,False,False
RR_OBM,RR + OBM,8.006926106056344,17.43233594007528,95.0,0,1540770720,2.0848593466381438,0.2,0.1,100000,99000,100,999,500,0.8102771343106778,0.9821970848719925,False,False
RR_OBM_RR,RR + OBM-RR,8.006926106056344,17.496319641059895,95.0,0,1540770720,2.0848593466381438,0.2,0.1,100000,99000,100,999,500,0.8102771343106778,0.9821970848719925,False,False
RR_MSB,RR + MSB,8.006926106056344,17.282455774557953,94.0,0,1540770720,2.0848593466381438,0.2,0.1,100000,99000,100,999,500,0.8102771343106778,0.9821970848719925,False,False
RR_BATCH,RR + batch means,10.22026972327458,14.754021097662974,91.0,0,967196436,1.5225872863170185,0.2,0.1,100000,99000,100,999,500,0.71009375439602,0.9744737283784642,False,False
RR_ORACLE,RR + oracle variance,10.217829676900582,15.372750864546118,94.0,0,967196436,1.5225872863170185,0.2,0.1,100000,99000,100,999,500,0.71009375439602,0.9744737283784642,False,False
RR_OBM,RR + OBM,10.217829676900582,15.091372696717732,92.0,0,967196436,1.5225872863170185,0.2,0.1,100000,99000,100,999,500,0.71009375439602,0.9744737283784642,False,False
RR_OBM_RR,RR + OBM-RR,10.217829676900582,15.135070858816592,93.0,0,967196436,1.5225872863170185,0.2,0.1,100000,99000,100,999,500,0.71009375439602,0.9744737283784642,False,False
RR_MSB,RR + MSB,10.217829676900582,14.899320187993478,92.0,0,967196436,1.5225872863170185,0.2,0.1,100000,99000,100,999,500,0.71009375439602,0.9744737283784642,False,False
RR_BATCH,RR + batch means,12.793312949537782,21.519147242227366,95.0,0,1102145673,3.154660057345609,0.2,0.1,100000,99000,100,999,500,0.7767013668421681,0.9865087667766611,False,False
RR_ORACLE,RR + oracle variance,12.792866628671733,22.1277253789843,95.0,0,1102145673,3.154660057345609,0.2,0.1,100000,99000,100,999,500,0.7767013668421681,0.9865087667766611,False,False
RR_OBM,RR + OBM,12.792866628671733,21.531102127409344,95.0,0,1102145673,3.154660057345609,0.2,0.1,100000,99000,100,999,500,0.7767013668421681,0.9865087667766611,False,False
RR_OBM_RR,RR + OBM-RR,12.792866628671733,21.583876575439454,95.0,0,1102145673,3.154660057345609,0.2,0.1,100000,99000,100,999,500,0.7767013668421681,0.9865087667766611,False,False
RR_MSB,RR + MSB,12.792866628671733,21.169622025941667,95.0,0,1102145673,3.154660057345609,0.2,0.1,100000,99000,100,999,500,0.7767013668421681,0.9865087667766611,False,False
RR_BATCH,RR + batch means,11.97904076237589,14.931286174776801,93.0,0,1634535063,1.4231973693020514,0.2,0.1,100000,99000,100,999,500,0.6945541001652723,0.9748787957217653,False,False
RR_ORACLE,RR + oracle variance,11.98050951736882,14.862540653010347,95.0,0,1634535063,1.4231973693020514,0.2,0.1,100000,99000,100,999,500,0.6945541001652723,0.9748787957217653,False,False
RR_OBM,RR + OBM,11.98050951736882,14.70631121343623,93.0,0,1634535063,1.4231973693020514,0.2,0.1,100000,99000,100,999,500,0.6945541001652723,0.9748787957217653,False,False
RR_OBM_RR,RR + OBM-RR,11.98050951736882,14.932657872947965,93.0,0,1634535063,1.4231973693020514,0.2,0.1,100000,99000,100,999,500,0.6945541001652723,0.9748787957217653,False,False
RR_MSB,RR + MSB,11.98050951736882,14.591622981768877,92.0,0,1634535063,1.4231973693020514,0.2,0.1,100000,99000,100,999,500,0.6945541001652723,0.9748787957217653,False,False
RR_BATCH,RR + batch means,10.492574685666995,15.49511338517476,97.0,0,1843824993,1.7001381961701993,0.2,0.1,100000,99000,100,999,500,0.7788366723395868,0.9910725969960036,False,False
RR_ORACLE,RR + oracle variance,10.490897374378402,16.244359854233057,96.0,0,1843824993,1.7001381961701993,0.2,0.1,100000,99000,100,999,500,0.7788366723395868,0.9910725969960036,False,False
RR_OBM,RR + OBM,10.490897374378402,15.73265425315306,97.0,0,1843824993,1.7001381961701993,0.2,0.1,100000,99000,100,999,500,0.7788366723395868,0.9910725969960036,False,False
RR_OBM_RR,RR + OBM-RR,10.490897374378402,15.624697384447128,96.0,0,1843824993,1.7001381961701993,0.2,0.1,100000,99000,100,999,500,0.7788366723395868,0.9910725969960036,False,False
RR_MSB,RR + MSB,10.490897374378402,15.602819713124076,95.0,0,1843824993,1.7001381961701993,0.2,0.1,100000,99000,100,999,500,0.7788366723395868,0.9910725969960036,False,False
RR_BATCH,RR + batch means,9.896801967782608,22.76753294527547,94.0,0,191664964,3.6494337442282094,0.2,0.1,100000,99000,100,999,500,0.6170130688482545,0.9783108365748661,False,False
RR_ORACLE,RR + oracle variance,9.894201438033985,23.7997958121317,94.0,0,191664964,3.6494337442282094,0.2,0.1,100000,99000,100,999,500,0.6170130688482545,0.9783108365748661,False,False
RR_OBM,RR + OBM,9.894201438033985,23.294749920990103,94.0,0,191664964,3.6494337442282094,0.2,0.1,100000,99000,100,999,500,0.6170130688482545,0.9783108365748661,False,False
RR_OBM_RR,RR + OBM-RR,9.894201438033985,23.242530462373132,93.0,0,191664964,3.6494337442282094,0.2,0.1,100000,99000,100,999,500,0.6170130688482545,0.9783108365748661,False,False
RR_MSB,RR + MSB,9.894201438033985,23.221949884230366,93.0,0,191664964,3.6494337442282094,0.2,0.1,100000,99000,100,999,500,0.6170130688482545,0.9783108365748661,False,False
RR_BATCH,RR + batch means,8.065655786826195,12.189196639891158,96.0,0,1074497556,0.9918530277480927,0.2,0.1,100000,99000,100,999,500,0.782542343257498,0.9631394294138098,False,False
RR_ORACLE,RR + oracle variance,8.066637836029374,12.407496206411857,98.0,0,1074497556,0.9918530277480927,0.2,0.1,100000,99000,100,999,500,0.782542343257498,0.9631394294138098,False,False
RR_OBM,RR + OBM,8.066637836029374,12.316201439360803,97.0,0,1074497556,0.9918530277480927,0.2,0.1,100000,99000,100,999,500,0.782542343257498,0.9631394294138098,False,False
RR_OBM_RR,RR + OBM-RR,8.066637836029374,12.28615175542282,96.0,0,1074497556,0.9918530277480927,0.2,0.1,100000,99000,100,999,500,0.782542343257498,0.9631394294138098,False,False
RR_MSB,RR + MSB,8.066637836029374,12.291728561569991,97.0,0,1074497556,0.9918530277480927,0.2,0.1,100000,99000,100,999,500,0.782542343257498,0.9631394294138098,False,False
RR_BATCH,RR + batch means,8.741467805348284,16.541197909634377,92.0,0,432652533,1.9611068538101502,0.2,0.1,100000,99000,100,999,500,0.7171510190072995,0.9811557567616923,False,False
RR_ORACLE,RR + oracle variance,8.740237566065238,17.446612616598234,92.0,0,432652533,1.9611068538101502,0.2,0.1,100000,99000,100,999,500,0.7171510190072995,0.9811557567616923,False,False
RR_OBM,RR + OBM,8.740237566065238,16.950568134708824,93.0,0,432652533,1.9611068538101502,0.2,0.1,100000,99000,100,999,500,0.7171510190072995,0.9811557567616923,False,False
RR_OBM_RR,RR + OBM-RR,8.740237566065238,16.925953563835474,91.0,0,432652533,1.9611068538101502,0.2,0.1,100000,99000,100,999,500,0.7171510190072995,0.9811557567616923,False,False
RR_MSB,RR + MSB,8.740237566065238,16.94149004193879,92.0,0,432652533,1.9611068538101502,0.2,0.1,100000,99000,100,999,500,0.7171510190072995,0.9811557567616923,False,False
RR_BATCH,RR + batch means,11.058350267784046,33.24639361539758,96.0,0,2095133046,7.757954275853825,0.2,0.1,100000,99000,100,999,500,0.7856952072177379,0.9732366535263169,False,False
RR_ORACLE,RR + oracle variance,11.057579477861584,34.70036933027354,96.0,0,2095133046,7.757954275853825,0.2,0.1,100000,99000,100,999,500,0.7856952072177379,0.9732366535263169,False,False
RR_OBM,RR + OBM,11.057579477861584,33.79335216474375,96.0,0,2095133046,7.757954275853825,0.2,0.1,100000,99000,100,999,500,0.7856952072177379,0.9732366535263169,False,False
RR_OBM_RR,RR + OBM-RR,11.057579477861584,33.38007037869479,96.0,0,2095133046,7.757954275853825,0.2,0.1,100000,99000,100,999,500,0.7856952072177379,0.9732366535263169,False,False
RR_MSB,RR + MSB,11.057579477861584,33.470395912462806,96.0,0,2095133046,7.757954275853825,0.2,0.1,100000,99000,100,999,500,0.7856952072177379,0.9732366535263169,False,False
RR_BATCH,RR + batch means,6.473362174142373,13.73269814656275,97.0,0,1990212659,1.288161905605608,0.2,0.1,100000,99000,100,999,500,0.8433534285194172,0.9410252605005613,False,False
RR_ORACLE,RR + oracle variance,6.471217619702656,14.139879722847663,99.0,0,1990212659,1.288161905605608,0.2,0.1,100000,99000,100,999,500,0.8433534285194172,0.9410252605005613,False,False
RR_OBM,RR + OBM,6.471217619702656,13.897422096315006,99.0,0,1990212659,1.288161905605608,0.2,0.1,100000,99000,100,999,500,0.8433534285194172,0.9410252605005613,False,False
RR_OBM_RR,RR + OBM-RR,6.471217619702656,13.77855977667481,96.0,0,1990212659,1.288161905605608,0.2,0.1,100000,99000,100,999,500,0.8433534285194172,0.9410252605005613,False,False
RR_MSB,RR + MSB,6.471217619702656,13.713519689276943,97.0,0,1990212659,1.288161905605608,0.2,0.1,100000,99000,100,999,500,0.8433534285194172,0.9410252605005613,False,False
RR_BATCH,RR + batch means,8.854271933855228,21.281939535172718,93.0,0,1580016184,2.9767465568954146,0.2,0.1,100000,99000,100,999,500,0.693869447479337,0.9799992470541787,False,False
RR_ORACLE,RR + oracle variance,8.853769791028443,21.494701548635646,95.0,0,1580016184,2.9767465568954146,0.2,0.1,100000,99000,100,999,500,0.693869447479337,0.9799992470541787,False,False
RR_OBM,RR + OBM,8.853769791028443,21.302689610040378,95.0,0,1580016184,2.9767465568954146,0.2,0.1,100000,99000,100,999,500,0.693869447479337,0.9799992470541787,False,False
RR_OBM_RR,RR + OBM-RR,8.853769791028443,21.6460170897769,92.0,0,1580016184,2.9767465568954146,0.2,0.1,100000,99000,100,999,500,0.693869447479337,0.9799992470541787,False,False
RR_MSB,RR + MSB,8.853769791028443,21.238695374525765,94.0,0,1580016184,2.9767465568954146,0.2,0.1,100000,99000,100,999,500,0.693869447479337,0.9799992470541787,False,False
RR_BATCH,RR + batch means,8.630675915153237,12.920235944674014,94.0,0,1405681632,1.0944420187069794,0.2,0.1,100000,99000,100,999,500,0.6723387524196869,0.9608867344989493,False,False
RR_ORACLE,RR + oracle variance,8.631396255957698,13.03337432606157,95.0,0,1405681632,1.0944420187069794,0.2,0.1,100000,99000,100,999,500,0.6723387524196869,0.9608867344989493,False,False
RR_OBM,RR + OBM,8.631396255957698,12.761180935255188,93.0,0,1405681632,1.0944420187069794,0.2,0.1,100000,99000,100,999,500,0.6723387524196869,0.9608867344989493,False,False
RR_OBM_RR,RR + OBM-RR,8.631396255957698,12.850503315271194,94.0,0,1405681632,1.0944420187069794,0.2,0.1,100000,99000,100,999,500,0.6723387524196869,0.9608867344989493,False,False
RR_MSB,RR + MSB,8.631396255957698,12.608495796667016,94.0,0,1405681632,1.0944420187069794,0.2,0.1,100000,99000,100,999,500,0.6723387524196869,0.9608867344989493,False,False
RR_BATCH,RR + batch means,8.2499642315762,18.885793753996705,97.0,0,1497586439,2.482036996357162,0.2,0.1,100000,99000,100,999,500,0.7570355025661545,0.9546844288686142,False,False
RR_ORACLE,RR + oracle variance,8.245767961546079,19.627483218506192,97.0,0,1497586439,2.482036996357162,0.2,0.1,100000,99000,100,999,500,0.7570355025661545,0.9546844288686142,False,False
RR_OBM,RR + OBM,8.245767961546079,19.184061172367098,97.0,0,1497586439,2.482036996357162,0.2,0.1,100000,99000,100,999,500,0.7570355025661545,0.9546844288686142,False,False
RR_OBM_RR,RR + OBM-RR,8.245767961546079,19.202161842404603,96.0,0,1497586439,2.482036996357162,0.2,0.1,100000,99000,100,999,500,0.7570355025661545,0.9546844288686142,False,False
RR_MSB,RR + MSB,8.245767961546079,19.010246135610963,97.0,0,1497586439,2.482036996357162,0.2,0.1,100000,99000,100,999,500,0.7570355025661545,0.9546844288686142,False,False
RR_BATCH,RR + batch means,9.944924596827574,25.83044043345067,94.0,0,202244314,4.321050774280965,0.2,0.1,100000,99000,100,999,500,0.7861785897410013,0.9698795742731564,False,False
RR_ORACLE,RR + oracle variance,9.946581076173592,25.897340927834186,94.0,0,202244314,4.321050774280965,0.2,0.1,100000,99000,100,999,500,0.7861785897410013,0.9698795742731564,False,False
RR_OBM,RR + OBM,9.946581076173592,25.3062368846588,94.0,0,202244314,4.321050774280965,0.2,0.1,100000,99000,100,999,500,0.7861785897410013,0.9698795742731564,False,False
RR_OBM_RR,RR + OBM-RR,9.946581076173592,25.52429998069865,94.0,0,202244314,4.321050774280965,0.2,0.1,100000,99000,100,999,500,0.7861785897410013,0.9698795742731564,False,False
RR_MSB,RR + MSB,9.946581076173592,24.794889955096487,93.0,0,202244314,4.321050774280965,0.2,0.1,100000,99000,100,999,500,0.7861785897410013,0.9698795742731564,False,False
RR_BATCH,RR + batch means,8.500536340484462,10.569963656234114,92.0,0,864178267,0.7480735775826947,0.2,0.1,100000,99000,100,999,500,0.8160020274446405,0.9722262482260365,False,False
RR_ORACLE,RR + oracle variance,8.502054512424008,10.775381299369327,97.0,0,864178267,0.7480735775826947,0.2,0.1,100000,99000,100,999,500,0.8160020274446405,0.9722262482260365,False,False
RR_OBM,RR + OBM,8.502054512424008,10.672407864637117,96.0,0,864178267,0.7480735775826947,0.2,0.1,100000,99000,100,999,500,0.8160020274446405,0.9722262482260365,False,False
RR_OBM_RR,RR + OBM-RR,8.502054512424008,10.746609024820186,96.0,0,864178267,0.7480735775826947,0.2,0.1,100000,99000,100,999,500,0.8160020274446405,0.9722262482260365,False,False
RR_MSB,RR + MSB,8.502054512424008,10.475005433371285,95.0,0,864178267,0.7480735775826947,0.2,0.1,100000,99000,100,999,500,0.8160020274446405,0.9722262482260365,False,False
RR_BATCH,RR + batch means,10.054366687317954,15.236663328398766,91.0,0,952224741,1.5701323961864633,0.2,0.1,100000,99000,100,999,500,0.7938242041958898,0.974776274450555,False,False
RR_ORACLE,RR + oracle variance,10.051552249943523,15.610924616865535,92.0,0,952224741,1.5701323961864633,0.2,0.1,100000,99000,100,999,500,0.7938242041958898,0.974776274450555,False,False
RR_OBM,RR + OBM,10.051552249943523,15.41265637366135,91.0,0,952224741,1.5701323961864633,0.2,0.1,100000,99000,100,999,500,0.7938242041958898,0.974776274450555,False,False
RR_OBM_RR,RR + OBM-RR,10.051552249943523,15.207469428372745,90.0,0,952224741,1.5701323961864633,0.2,0.1,100000,99000,100,999,500,0.7938242041958898,0.974776274450555,False,False
RR_MSB,RR + MSB,10.051552249943523,15.271392808443217,93.0,0,952224741,1.5701323961864633,0.2,0.1,100000,99000,100,999,500,0.7938242041958898,0.974776274450555,False,False
RR_BATCH,RR + batch means,9.983057929734063,14.805846709179272,95.0,0,197860369,1.526526566184373,0.2,0.1,100000,99000,100,999,500,0.712148603784999,0.9743046378159217,False,False
RR_ORACLE,RR + oracle variance,9.974812581563054,15.392624421243095,95.0,0,197860369,1.526526566184373,0.2,0.1,100000,99000,100,999,500,0.712148603784999,0.9743046378159217,False,False
RR_OBM,RR + OBM,9.974812581563054,14.968970093381772,95.0,0,197860369,1.526526566184373,0.2,0.1,100000,99000,100,999,500,0.712148603784999,0.9743046378159217,False,False
RR_OBM_RR,RR + OBM-RR,9.974812581563054,14.99384708909799,95.0,0,197860369,1.526526566184373,0.2,0.1,100000,99000,100,999,500,0.712148603784999,0.9743046378159217,False,False
RR_MSB,RR + MSB,9.974812581563054,14.886436602972514,94.0,0,197860369,1.526526566184373,0.2,0.1,100000,99000,100,999,500,0.712148603784999,0.9743046378159217,False,False
RR_BATCH,RR + batch means,9.718302462016307,14.547887524632637,87.0,0,1382689816,1.4935088068017774,0.2,0.1,100000,99000,100,999,500,0.7014268498840708,0.983754894179103,False,False
RR_ORACLE,RR + oracle variance,9.717238235640197,15.225248275062535,89.0,0,1382689816,1.4935088068017774,0.2,0.1,100000,99000,100,999,500,0.7014268498840708,0.983754894179103,False,False
RR_OBM,RR + OBM,9.717238235640197,14.868189806481558,89.0,0,1382689816,1.4935088068017774,0.2,0.1,100000,99000,100,999,500,0.7014268498840708,0.983754894179103,False,False
RR_OBM_RR,RR + OBM-RR,9.717238235640197,14.757281300442258,88.0,0,1382689816,1.4935088068017774,0.2,0.1,100000,99000,100,999,500,0.7014268498840708,0.983754894179103,False,False
RR_MSB,RR + MSB,9.717238235640197,14.770722741846875,88.0,0,1382689816,1.4935088068017774,0.2,0.1,100000,99000,100,999,500,0.7014268498840708,0.983754894179103,False,False
RR_BATCH,RR + batch means,9.230974482822562,9.172051120953865,91.0,0,487991439,0.5788421349952112,0.2,0.1,100000,99000,100,999,500,0.7499907647920281,0.9684521682237308,False,False
RR_ORACLE,RR + oracle variance,9.230717065152714,9.47852058794152,93.0,0,487991439,0.5788421349952112,0.2,0.1,100000,99000,100,999,500,0.7499907647920281,0.9684521682237308,False,False
RR_OBM,RR + OBM,9.230717065152714,9.255937291432458,90.0,0,487991439,0.5788421349952112,0.2,0.1,100000,99000,100,999,500,0.7499907647920281,0.9684521682237308,False,False
RR_OBM_RR,RR + OBM-RR,9.230717065152714,9.277730346673579,90.0,0,487991439,0.5788421349952112,0.2,0.1,100000,99000,100,999,500,0.7499907647920281,0.9684521682237308,False,False
RR_MSB,RR + MSB,9.230717065152714,9.229541148787446,92.0,0,487991439,0.5788421349952112,0.2,0.1,100000,99000,100,999,500,0.7499907647920281,0.9684521682237308,False,False
RR_BATCH,RR + batch means,7.082337417316798,13.247495429532428,95.0,0,1171300113,1.2144267650326144,0.2,0.1,100000,99000,100,999,500,0.7602631152445626,0.9706581183138677,False,False
RR_ORACLE,RR + oracle variance,7.082146728352741,13.729229172888024,96.0,0,1171300113,1.2144267650326144,0.2,0.1,100000,99000,100,999,500,0.7602631152445626,0.9706581183138677,False,False
RR_OBM,RR + OBM,7.082146728352741,13.375937312011159,95.0,0,1171300113,1.2144267650326144,0.2,0.1,100000,99000,100,999,500,0.7602631152445626,0.9706581183138677,False,False
RR_OBM_RR,RR + OBM-RR,7.082146728352741,13.391317159142554,96.0,0,1171300113,1.2144267650326144,0.2,0.1,100000,99000,100,999,500,0.7602631152445626,0.9706581183138677,False,False
RR_MSB,RR + MSB,7.082146728352741,13.202097298098895,95.0,0,1171300113,1.2144267650326144,0.2,0.1,100000,99000,100,999,500,0.7602631152445626,0.9706581183138677,False,False
RR_BATCH,RR + batch means,8.583910341195198,12.347688154705251,99.0,0,1678403331,1.0130933577483543,0.2,0.1,100000,99000,100,999,500,0.8130787548824936,0.9704160595057733,False,False
RR_ORACLE,RR + oracle variance,8.581868155765193,12.539644470511515,99.0,0,1678403331,1.0130933577483543,0.2,0.1,100000,99000,100,999,500,0.8130787548824936,0.9704160595057733,False,False
RR_OBM,RR + OBM,8.581868155765193,12.310986132116128,99.0,0,1678403331,1.0130933577483543,0.2,0.1,100000,99000,100,999,500,0.8130787548824936,0.9704160595057733,False,False
RR_OBM_RR,RR + OBM-RR,8.581868155765193,12.302574475728363,99.0,0,1678403331,1.0130933577483543,0.2,0.1,100000,99000,100,999,500,0.8130787548824936,0.9704160595057733,False,False
RR_MSB,RR + MSB,8.581868155765193,12.213391558912805,98.0,0,1678403331,1.0130933577483543,0.2,0.1,100000,99000,100,999,500,0.8130787548824936,0.9704160595057733,False,False
RR_BATCH,RR + batch means,6.481909682301373,17.077960274290927,97.0,0,967354525,1.970912519537936,0.2,0.1,100000,99000,100,999,500,0.7755973481799772,0.9446797600389772,False,False
RR_ORACLE,RR + oracle variance,6.483463891328832,17.490175346644843,99.0,0,967354525,1.970912519537936,0.2,0.1,100000,99000,100,999,500,0.7755973481799772,0.9446797600389772,False,False
RR_OBM,RR + OBM,6.483463891328832,17.116110616671584,98.0,0,967354525,1.970912519537936,0.2,0.1,100000,99000,100,999,500,0.7755973481799772,0.9446797600389772,False,False
RR_OBM_RR,RR + OBM-RR,6.483463891328832,16.91479486820868,96.0,0,967354525,1.970912519537936,0.2,0.1,100000,99000,100,999,500,0.7755973481799772,0.9446797600389772,False,False
RR_MSB,RR + MSB,6.483463891328832,17.03143412208417,97.0,0,967354525,1.970912519537936,0.2,0.1,100000,99000,100,999,500,0.7755973481799772,0.9446797600389772,False,False
RR_BATCH,RR + batch means,9.521185839937257,19.056259325939067,92.0,0,1906728919,2.4702153729064475,0.2,0.1,100000,99000,100,999,500,0.840954022969886,0.9673394202974377,False,False
RR_ORACLE,RR + oracle variance,9.519588416628359,19.580685838594245,92.0,0,1906728919,2.4702153729064475,0.2,0.1,100000,99000,100,999,500,0.840954022969886,0.9673394202974377,False,False
RR_OBM,RR + OBM,9.519588416628359,19.227832610649042,93.0,0,1906728919,2.4702153729064475,0.2,0.1,100000,99000,100,999,500,0.840954022969886,0.9673394202974377,False,False
RR_OBM_RR,RR + OBM-RR,9.519588416628359,19.158802130413207,93.0,0,1906728919,2.4702153729064475,0.2,0.1,100000,99000,100,999,500,0.840954022969886,0.9673394202974377,False,False
RR_MSB,RR + MSB,9.519588416628359,19.0621701295506,92.0,0,1906728919,2.4702153729064475,0.2,0.1,100000,99000,100,999,500,0.840954022969886,0.9673394202974377,False,False
RR_BATCH,RR + batch means,8.281857066659164,6.741892369125476,92.0,0,1777324408,0.3029161727201015,0.2,0.1,100000,99000,100,999,500,0.8010976155873887,0.9654714672176318,False,False
RR_ORACLE,RR + oracle variance,8.27808145776458,6.856803754103248,94.0,0,1777324408,0.3029161727201015,0.2,0.1,100000,99000,100,999,500,0.8010976155873887,0.9654714672176318,False,False
RR_OBM,RR + OBM,8.27808145776458,6.791785096848375,92.0,0,1777324408,0.3029161727201015,0.2,0.1,100000,99000,100,999,500,0.8010976155873887,0.9654714672176318,False,False
RR_OBM_RR,RR + OBM-RR,8.27808145776458,6.809568304400945,91.0,0,1777324408,0.3029161727201015,0.2,0.1,100000,99000,100,999,500,0.8010976155873887,0.9654714672176318,False,False
RR_MSB,RR + MSB,8.27808145776458,6.755629110443643,91.0,0,1777324408,0.3029161727201015,0.2,0.1,100000,99000,100,999,500,0.8010976155873887,0.9654714672176318,False,False
RR_BATCH,RR + batch means,11.900837092572708,12.666666659228774,94.0,0,1190961761,1.0578529340808747,0.2,0.1,100000,99000,100,999,500,0.7727634973220407,0.9846966062055065,False,False
RR_ORACLE,RR + oracle variance,11.897481599969277,12.813658250574289,100.0,0,1190961761,1.0578529340808747,0.2,0.1,100000,99000,100,999,500,0.7727634973220407,0.9846966062055065,False,False
RR_OBM,RR + OBM,11.897481599969277,12.66867314652962,97.0,0,1190961761,1.0578529340808747,0.2,0.1,100000,99000,100,999,500,0.7727634973220407,0.9846966062055065,False,False
RR_OBM_RR,RR + OBM-RR,11.897481599969277,12.704468139037711,95.0,0,1190961761,1.0578529340808747,0.2,0.1,100000,99000,100,999,500,0.7727634973220407,0.9846966062055065,False,False
RR_MSB,RR + MSB,11.897481599969277,12.539659102012111,95.0,0,1190961761,1.0578529340808747,0.2,0.1,100000,99000,100,999,500,0.7727634973220407,0.9846966062055065,False,False
RR_BATCH,RR + batch means,9.500400246392791,20.490781342947933,92.0,0,1627981025,2.734181500222118,0.2,0.1,100000,99000,100,999,500,0.7706907675027578,0.9582762062789966,False,False
RR_ORACLE,RR + oracle variance,9.49585301161403,20.6003291543841,92.0,0,1627981025,2.734181500222118,0.2,0.1,100000,99000,100,999,500,0.7706907675027578,0.9582762062789966,False,False
RR_OBM,RR + OBM,9.49585301161403,20.410788743430356,92.0,0,1627981025,2.734181500222118,0.2,0.1,100000,99000,100,999,500,0.7706907675027578,0.9582762062789966,False,False
RR_OBM_RR,RR + OBM-RR,9.49585301161403,20.72595280762997,93.0,0,1627981025,2.734181500222118,0.2,0.1,100000,99000,100,999,500,0.7706907675027578,0.9582762062789966,False,False
RR_MSB,RR + MSB,9.49585301161403,20.261888346019024,92.0,0,1627981025,2.734181500222118,0.2,0.1,100000,99000,100,999,500,0.7706907675027578,0.9582762062789966,False,False
RR_BATCH,RR + batch means,9.972722599302308,18.88712291911165,93.0,0,1766867110,2.461885435521448,0.2,0.1,100000,99000,100,999,500,0.7862294349166898,0.966528381029845,False,False
RR_ORACLE,RR + oracle variance,9.972721291245042,19.547643451783934,96.0,0,1766867110,2.461885435521448,0.2,0.1,100000,99000,100,999,500,0.7862294349166898,0.966528381029845,False,False
RR_OBM,RR + OBM,9.972721291245042,19.113027659593115,94.0,0,1766867110,2.461885435521448,0.2,0.1,100000,99000,100,999,500,0.7862294349166898,0.966528381029845,False,False
RR_OBM_RR,RR + OBM-RR,9.972721291245042,19.100629798118568,95.0,0,1766867110,2.461885435521448,0.2,0.1,100000,99000,100,999,500,0.7862294349166898,0.966528381029845,False,False
RR_MSB,RR + MSB,9.972721291245042,18.970265362357516,93.0,0,1766867110,2.461885435521448,0.2,0.1,100000,99000,100,999,500,0.7862294349166898,0.966528381029845,False,False
RR_BATCH,RR + batch means,10.796477886978794,17.433057132101293,88.0,0,1356488968,2.0826256161997465,0.2,0.1,100000,99000,100,999,500,0.7032738151997727,0.9694387541389551,False,False
RR_ORACLE,RR + oracle variance,10.792208273888278,17.979023179445335,89.0,0,1356488968,2.0826256161997465,0.2,0.1,100000,99000,100,999,500,0.7032738151997727,0.9694387541389551,False,False
RR_OBM,RR + OBM,10.792208273888278,17.491953431475455,89.0,0,1356488968,2.0826256161997465,0.2,0.1,100000,99000,100,999,500,0.7032738151997727,0.9694387541389551,False,False
RR_OBM_RR,RR + OBM-RR,10.792208273888278,17.13443336994384,88.0,0,1356488968,2.0826256161997465,0.2,0.1,100000,99000,100,999,500,0.7032738151997727,0.9694387541389551,False,False
RR_MSB,RR + MSB,10.792208273888278,17.508721124158694,87.0,0,1356488968,2.0826256161997465,0.2,0.1,100000,99000,100,999,500,0.7032738151997727,0.9694387541389551,False,False
RR_BATCH,RR + batch means,7.389858139273788,8.409093455628506,96.0,0,594336918,0.4439071282822261,0.2,0.1,100000,99000,100,999,500,0.7276265850596422,0.9523667283337245,False,False
RR_ORACLE,RR + oracle variance,7.3918892093388635,8.300543863181268,95.0,0,594336918,0.4439071282822261,0.2,0.1,100000,99000,100,999,500,0.7276265850596422,0.9523667283337245,False,False
RR_OBM,RR + OBM,7.3918892093388635,8.210260117125816,95.0,0,594336918,0.4439071282822261,0.2,0.1,100000,99000,100,999,500,0.7276265850596422,0.9523667283337245,False,False
RR_OBM_RR,RR + OBM-RR,7.3918892093388635,8.25869201958336,95.0,0,594336918,0.4439071282822261,0.2,0.1,100000,99000,100,999,500,0.7276265850596422,0.9523667283337245,False,False
RR_MSB,RR + MSB,7.3918892093388635,8.12920623881185,96.0,0,594336918,0.4439071282822261,0.2,0.1,100000,99000,100,999,500,0.7276265850596422,0.9523667283337245,False,False
RR_BATCH,RR + batch means,8.329688179017369,11.533839101302197,93.0,0,1504361615,0.9098223959898789,0.2,0.1,100000,99000,100,999,500,0.8142058505260306,0.9621530203066779,False,False
RR_ORACLE,RR + oracle variance,8.32614200479679,11.883347602253124,95.0,0,1504361615,0.9098223959898789,0.2,0.1,100000,99000,100,999,500,0.8142058505260306,0.9621530203066779,False,False
RR_OBM,RR + OBM,8.32614200479679,11.648283430220017,95.0,0,1504361615,0.9098223959898789,0.2,0.1,100000,99000,100,999,500,0.8142058505260306,0.9621530203066779,False,False
RR_OBM_RR,RR + OBM-RR,8.32614200479679,11.659239949886524,94.0,0,1504361615,0.9098223959898789,0.2,0.1,100000,99000,100,999,500,0.8142058505260306,0.9621530203066779,False,False
RR_MSB,RR + MSB,8.32614200479679,11.521368379192493,95.0,0,1504361615,0.9098223959898789,0.2,0.1,100000,99000,100,999,500,0.8142058505260306,0.9621530203066779,False,False
RR_BATCH,RR + batch means,10.045296059374152,20.708303630267405,93.0,0,145857092,2.9101272309384143,0.2,0.1,100000,99000,100,999,500,0.7528959886832006,0.9939675814751682,False,False
RR_ORACLE,RR + oracle variance,10.042576028625172,21.25281578076973,94.0,0,145857092,2.9101272309384143,0.2,0.1,100000,99000,100,999,500,0.7528959886832006,0.9939675814751682,False,False
RR_OBM,RR + OBM,10.042576028625172,20.67676506446607,95.0,0,145857092,2.9101272309384143,0.2,0.1,100000,99000,100,999,500,0.7528959886832006,0.9939675814751682,False,False
RR_OBM_RR,RR + OBM-RR,10.042576028625172,20.73396467636992,93.0,0,145857092,2.9101272309384143,0.2,0.1,100000,99000,100,999,500,0.7528959886832006,0.9939675814751682,False,False
RR_MSB,RR + MSB,10.042576028625172,20.598143574136607,94.0,0,145857092,2.9101272309384143,0.2,0.1,100000,99000,100,999,500,0.7528959886832006,0.9939675814751682,False,False
RR_BATCH,RR + batch means,9.189832287388768,14.215544978069945,90.0,0,1843166519,1.3821944944951714,0.2,0.1,100000,99000,100,999,500,0.7978711813536549,0.9687988672836144,False,False
RR_ORACLE,RR + oracle variance,9.18922379451184,14.646878155730711,93.0,0,1843166519,1.3821944944951714,0.2,0.1,100000,99000,100,999,500,0.7978711813536549,0.9687988672836144,False,False
RR_OBM,RR + OBM,9.18922379451184,14.391425588807918,90.0,0,1843166519,1.3821944944951714,0.2,0.1,100000,99000,100,999,500,0.7978711813536549,0.9687988672836144,False,False
RR_OBM_RR,RR + OBM-RR,9.18922379451184,14.409890733174795,91.0,0,1843166519,1.3821944944951714,0.2,0.1,100000,99000,100,999,500,0.7978711813536549,0.9687988672836144,False,False
RR_MSB,RR + MSB,9.18922379451184,14.242709153269997,88.0,0,1843166519,1.3821944944951714,0.2,0.1,100000,99000,100,999,500,0.7978711813536549,0.9687988672836144,False,False
RR_BATCH,RR + batch means,10.578469767250924,15.770751765333358,87.0,0,137046513,1.731572060392841,0.2,0.1,100000,99000,100,999,500,0.7744613768105492,0.9840899487630653,False,False
RR_ORACLE,RR + oracle variance,10.581352135064662,16.393843097874285,90.0,0,137046513,1.731572060392841,0.2,0.1,100000,99000,100,999,500,0.7744613768105492,0.9840899487630653,False,False
RR_OBM,RR + OBM,10.581352135064662,15.950100073239566,89.0,0,137046513,1.731572060392841,0.2,0.1,100000,99000,100,999,500,0.7744613768105492,0.9840899487630653,False,False
RR_OBM_RR,RR + OBM-RR,10.581352135064662,15.86715274107128,87.0,0,137046513,1.731572060392841,0.2,0.1,100000,99000,100,999,500,0.7744613768105492,0.9840899487630653,False,False
RR_MSB,RR + MSB,10.581352135064662,15.864151307318393,91.0,0,137046513,1.731572060392841,0.2,0.1,100000,99000,100,999,500,0.7744613768105492,0.9840899487630653,False,False
RR_BATCH,RR + batch means,10.1691448038593,18.360437100893304,91.0,0,957106590,2.3313894499296532,0.2,0.1,100000,99000,100,999,500,0.7348882644495972,0.9754288061410912,False,False
RR_ORACLE,RR + oracle variance,10.165396114294078,19.022513580104818,94.0,0,957106590,2.3313894499296532,0.2,0.1,100000,99000,100,999,500,0.7348882644495972,0.9754288061410912,False,False
RR_OBM,RR + OBM,10.165396114294078,18.556494847841964,93.0,0,957106590,2.3313894499296532,0.2,0.1,100000,99000,100,999,500,0.7348882644495972,0.9754288061410912,False,False
RR_OBM_RR,RR + OBM-RR,10.165396114294078,18.39858755619436,90.0,0,957106590,2.3313894499296532,0.2,0.1,100000,99000,100,999,500,0.7348882644495972,0.9754288061410912,False,False
RR_MSB,RR + MSB,10.165396114294078,18.34365553030725,91.0,0,957106590,2.3313894499296532,0.2,0.1,100000,99000,100,999,500,0.7348882644495972,0.9754288061410912,False,False
RR_BATCH,RR + batch means,11.489111713118561,21.269123682980954,94.0,0,354826746,3.1441445040209923,0.2,0.1,100000,99000,100,999,500,0.6751285977489111,0.9896895517092816,False,False
RR_ORACLE,RR + oracle variance,11.484433031802459,22.0908149828475,97.0,0,354826746,3.1441445040209923,0.2,0.1,100000,99000,100,999,500,0.6751285977489111,0.9896895517092816,False,False
RR_OBM,RR + OBM,11.484433031802459,21.728856388168776,97.0,0,354826746,3.1441445040209923,0.2,0.1,100000,99000,100,999,500,0.6751285977489111,0.9896895517092816,False,False
RR_OBM_RR,RR + OBM-RR,11.484433031802459,21.52881398217937,95.0,0,354826746,3.1441445040209923,0.2,0.1,100000,99000,100,999,500,0.6751285977489111,0.9896895517092816,False,False
RR_MSB,RR + MSB,11.484433031802459,21.563204059981008,96.0,0,354826746,3.1441445040209923,0.2,0.1,100000,99000,100,999,500,0.6751285977489111,0.9896895517092816,False,False
RR_BATCH,RR + batch means,8.501012809132156,16.87188373063082,95.0,0,1917963003,1.9637654442760555,0.2,0.1,100000,99000,100,999,500,0.8229603265655668,0.9611764889274746,False,False
RR_ORACLE,RR + oracle variance,8.50314620622175,17.458434432557286,96.0,0,1917963003,1.9637654442760555,0.2,0.1,100000,99000,100,999,500,0.8229603265655668,0.9611764889274746,False,False
RR_OBM,RR + OBM,8.50314620622175,16.95684929690992,96.0,0,1917963003,1.9637654442760555,0.2,0.1,100000,99000,100,999,500,0.8229603265655668,0.9611764889274746,False,False
RR_OBM_RR,RR + OBM-RR,8.50314620622175,16.85221083389199,95.0,0,1917963003,1.9637654442760555,0.2,0.1,100000,99000,100,999,500,0.8229603265655668,0.9611764889274746,False,False
RR_MSB,RR + MSB,8.50314620622175,16.67548108301927,95.0,0,1917963003,1.9637654442760555,0.2,0.1,100000,99000,100,999,500,0.8229603265655668,0.9611764889274746,False,False
RR_BATCH,RR + batch means,9.742753353004582,23.656273560303706,98.0,0,2084558134,3.9084452161781185,0.2,0.1,100000,99000,100,999,500,0.812614119494143,0.9917058152267927,False,False
RR_ORACLE,RR + oracle variance,9.739765554504583,24.629891792957906,99.0,0,2084558134,3.9084452161781185,0.2,0.1,100000,99000,100,999,500,0.812614119494143,0.9917058152267927,False,False
RR_OBM,RR + OBM,9.739765554504583,24.115927948422407,99.0,0,2084558134,3.9084452161781185,0.2,0.1,100000,99000,100,999,500,0.812614119494143,0.9917058152267927,False,False
RR_OBM_RR,RR + OBM-RR,9.739765554504583,23.998319606908357,98.0,0,2084558134,3.9084452161781185,0.2,0.1,100000,99000,100,999,500,0.812614119494143,0.9917058152267927,False,False
RR_MSB,RR + MSB,9.739765554504583,23.67841088101914,99.0,0,2084558134,3.9084452161781185,0.2,0.1,100000,99000,100,999,500,0.812614119494143,0.9917058152267927,False,False
RR_BATCH,RR + batch means,8.544853653469058,13.832695392349077,95.0,0,761338719,1.238475455786897,0.2,0.1,100000,99000,100,999,500,0.7118095414239449,0.9776871575892329,False,False
RR_ORACLE,RR + oracle variance,8.54479387109864,13.864499340890957,95.0,0,761338719,1.238475455786897,0.2,0.1,100000,99000,100,999,500,0.7118095414239449,0.9776871575892329,False,False
RR_OBM,RR + OBM,8.54479387109864,13.685758646137144,96.0,0,761338719,1.238475455786897,0.2,0.1,100000,99000,100,999,500,0.7118095414239449,0.9776871575892329,False,False
RR_OBM_RR,RR + OBM-RR,8.54479387109864,13.730841073299878,94.0,0,761338719,1.238475455786897,0.2,0.1,100000,99000,100,999,500,0.7118095414239449,0.9776871575892329,False,False
RR_MSB,RR + MSB,8.54479387109864,13.501347953089432,94.0,0,761338719,1.238475455786897,0.2,0.1,100000,99000,100,999,500,0.7118095414239449,0.9776871575892329,False,False
RR_BATCH,RR + batch means,8.221315372739268,16.279141352331852,94.0,0,1455819992,1.895765264710268,0.2,0.1,100000,99000,100,999,500,0.6659950111111707,0.9843288752540928,False,False
RR_ORACLE,RR + oracle variance,8.217441644883028,17.15350092144727,96.0,0,1455819992,1.895765264710268,0.2,0.1,100000,99000,100,999,500,0.6659950111111707,0.9843288752540928,False,False
RR_OBM,RR + OBM,8.217441644883028,16.66551989392606,95.0,0,1455819992,1.895765264710268,0.2,0.1,100000,99000,100,999,500,0.6659950111111707,0.9843288752540928,False,False
RR_OBM_RR,RR + OBM-RR,8.217441644883028,16.615758192679014,94.0,0,1455819992,1.895765264710268,0.2,0.1,100000,99000,100,999,500,0.6659950111111707,0.9843288752540928,False,False
RR_MSB,RR + MSB,8.217441644883028,16.50682183999355,95.0,0,1455819992,1.895765264710268,0.2,0.1,100000,99000,100,999,500,0.6659950111111707,0.9843288752540928,False,False
RR_BATCH,RR + batch means,9.561724094098011,16.742889130679902,88.0,0,1671565831,1.8420410772944598,0.2,0.1,100000,99000,100,999,500,0.7405757056332045,0.980835913940108,False,False
RR_ORACLE,RR + oracle variance,9.565069273065747,16.908697115973954,86.0,0,1671565831,1.8420410772944598,0.2,0.1,100000,99000,100,999,500,0.7405757056332045,0.980835913940108,False,False
RR_OBM,RR + OBM,9.565069273065747,16.599785853720384,87.0,0,1671565831,1.8420410772944598,0.2,0.1,100000,99000,100,999,500,0.7405757056332045,0.980835913940108,False,False
RR_OBM_RR,RR + OBM-RR,9.565069273065747,16.660903846081474,88.0,0,1671565831,1.8420410772944598,0.2,0.1,100000,99000,100,999,500,0.7405757056332045,0.980835913940108,False,False
RR_MSB,RR + MSB,9.565069273065747,16.550327709133605,87.0,0,1671565831,1.8420410772944598,0.2,0.1,100000,99000,100,999,500,0.7405757056332045,0.980835913940108,False,False
RR_BATCH,RR + batch means,8.104429387449123,24.680585636019877,94.0,0,1631871624,4.166823713063872,0.2,0.1,100000,99000,100,999,500,0.7347772227554935,0.9697292239561879,False,False
RR_ORACLE,RR + oracle variance,8.107624915719283,25.43097745697633,97.0,0,1631871624,4.166823713063872,0.2,0.1,100000,99000,100,999,500,0.7347772227554935,0.9697292239561879,False,False
RR_OBM,RR + OBM,8.107624915719283,24.68457474058587,95.0,0,1631871624,4.166823713063872,0.2,0.1,100000,99000,100,999,500,0.7347772227554935,0.9697292239561879,False,False
RR_OBM_RR,RR + OBM-RR,8.107624915719283,24.559809928138865,94.0,0,1631871624,4.166823713063872,0.2,0.1,100000,99000,100,999,500,0.7347772227554935,0.9697292239561879,False,False
RR_MSB,RR + MSB,8.107624915719283,24.45539112678353,94.0,0,1631871624,4.166823713063872,0.2,0.1,100000,99000,100,999,500,0.7347772227554935,0.9697292239561879,False,False
RR_BATCH,RR + batch means,9.91133528520863,19.63826264311068,93.0,0,1173749072,2.706626465225628,0.2,0.1,100000,99000,100,999,500,0.7785593399232804,0.9794972428830395,False,False
RR_ORACLE,RR + oracle variance,9.907891784531165,20.496261407472346,96.0,0,1173749072,2.706626465225628,0.2,0.1,100000,99000,100,999,500,0.7785593399232804,0.9794972428830395,False,False
RR_OBM,RR + OBM,9.907891784531165,19.898693209822092,94.0,0,1173749072,2.706626465225628,0.2,0.1,100000,99000,100,999,500,0.7785593399232804,0.9794972428830395,False,False
RR_OBM_RR,RR + OBM-RR,9.907891784531165,20.05525072171528,96.0,0,1173749072,2.706626465225628,0.2,0.1,100000,99000,100,999,500,0.7785593399232804,0.9794972428830395,False,False
RR_MSB,RR + MSB,9.907891784531165,19.770775800689034,93.0,0,1173749072,2.706626465225628,0.2,0.1,100000,99000,100,999,500,0.7785593399232804,0.9794972428830395,False,False
RR_BATCH,RR + batch means,8.647389164911933,17.209251042270015,96.0,0,331334161,1.9375291091622746,0.2,0.1,100000,99000,100,999,500,0.8241349755475844,0.9711524805845761,False,False
RR_ORACLE,RR + oracle variance,8.647665291580452,17.34141802916778,95.0,0,331334161,1.9375291091622746,0.2,0.1,100000,99000,100,999,500,0.8241349755475844,0.9711524805845761,False,False
RR_OBM,RR + OBM,8.647665291580452,17.08115372131579,95.0,0,331334161,1.9375291091622746,0.2,0.1,100000,99000,100,999,500,0.8241349755475844,0.9711524805845761,False,False
RR_OBM_RR,RR + OBM-RR,8.647665291580452,17.087138759564315,96.0,0,331334161,1.9375291091622746,0.2,0.1,100000,99000,100,999,500,0.8241349755475844,0.9711524805845761,False,False
RR_MSB,RR + MSB,8.647665291580452,16.954233551317678,94.0,0,331334161,1.9375291091622746,0.2,0.1,100000,99000,100,999,500,0.8241349755475844,0.9711524805845761,False,False
RR_BATCH,RR + batch means,8.259115267242969,16.394170756061868,96.0,0,1068999196,1.8155421682428823,0.2,0.1,100000,99000,100,999,500,0.7620009701421451,0.9858189132595618,False,False
RR_ORACLE,RR + oracle variance,8.260271909194156,16.78663546888423,97.0,0,1068999196,1.8155421682428823,0.2,0.1,100000,99000,100,999,500,0.7620009701421451,0.9858189132595618,False,False
RR_OBM,RR + OBM,8.260271909194156,16.42824660256157,97.0,0,1068999196,1.8155421682428823,0.2,0.1,100000,99000,100,999,500,0.7620009701421451,0.9858189132595618,False,False
RR_OBM_RR,RR + OBM-RR,8.260271909194156,16.476869166117837,97.0,0,1068999196,1.8155421682428823,0.2,0.1,100000,99000,100,999,500,0.7620009701421451,0.9858189132595618,False,False
RR_MSB,RR + MSB,8.260271909194156,16.323077392587198,97.0,0,1068999196,1.8155421682428823,0.2,0.1,100000,99000,100,999,500,0.7620009701421451,0.9858189132595618,False,False
RR_BATCH,RR + batch means,9.215333289683237,20.542361387857653,92.0,0,417983442,2.8751362617689455,0.2,0.1,100000,99000,100,999,500,0.8070450189256176,0.9532349513235565,False,False
RR_ORACLE,RR + oracle variance,9.215012934756114,21.124658915154356,96.0,0,417983442,2.8751362617689455,0.2,0.1,100000,99000,100,999,500,0.8070450189256176,0.9532349513235565,False,False
RR_OBM,RR + OBM,9.215012934756114,20.794284944376678,95.0,0,417983442,2.8751362617689455,0.2,0.1,100000,99000,100,999,500,0.8070450189256176,0.9532349513235565,False,False
RR_OBM_RR,RR + OBM-RR,9.215012934756114,20.716941343223475,93.0,0,417983442,2.8751362617689455,0.2,0.1,100000,99000,100,999,500,0.8070450189256176,0.9532349513235565,False,False
RR_MSB,RR + MSB,9.215012934756114,20.528554003298428,94.0,0,417983442,2.8751362617689455,0.2,0.1,100000,99000,100,999,500,0.8070450189256176,0.9532349513235565,False,False
RR_BATCH,RR + batch means,10.932678404228003,14.661626905442974,88.0,0,1466836457,1.4440585932393484,0.2,0.1,100000,99000,100,999,500,0.7142161934250567,0.9640237491430843,False,False
RR_ORACLE,RR + oracle variance,10.934222245080276,14.971071931283157,88.0,0,1466836457,1.4440585932393484,0.2,0.1,100000,99000,100,999,500,0.7142161934250567,0.9640237491430843,False,False
RR_OBM,RR + OBM,10.934222245080276,14.67585217743618,88.0,0,1466836457,1.4440585932393484,0.2,0.1,100000,99000,100,999,500,0.7142161934250567,0.9640237491430843,False,False
RR_OBM_RR,RR + OBM-RR,10.934222245080276,14.747778297775618,88.0,0,1466836457,1.4440585932393484,0.2,0.1,100000,99000,100,999,500,0.7142161934250567,0.9640237491430843,False,False
RR_MSB,RR + MSB,10.934222245080276,14.435915259086505,86.0,0,1466836457,1.4440585932393484,0.2,0.1,100000,99000,100,999,500,0.7142161934250567,0.9640237491430843,False,False
RR_BATCH,RR + batch means,9.48882237609336,18.926288404589947,92.0,0,1981113450,2.4549938247732,0.2,0.1,100000,99000,100,999,500,0.7964510801748972,0.9684849066021706,False,False
RR_ORACLE,RR + oracle variance,9.485840633592368,19.520264200609596,93.0,0,1981113450,2.4549938247732,0.2,0.1,100000,99000,100,999,500,0.7964510801748972,0.9684849066021706,False,False
RR_OBM,RR + OBM,9.485840633592368,19.062176149890195,93.0,0,1981113450,2.4549938247732,0.2,0.1,100000,99000,100,999,500,0.7964510801748972,0.9684849066021706,False,False
RR_OBM_RR,RR + OBM-RR,9.485840633592368,19.011309085774997,92.0,0,1981113450,2.4549938247732,0.2,0.1,100000,99000,100,999,500,0.7964510801748972,0.9684849066021706,False,False
RR_MSB,RR + MSB,9.485840633592368,18.77113149624595,92.0,0,1981113450,2.4549938247732,0.2,0.1,100000,99000,100,999,500,0.7964510801748972,0.9684849066021706,False,False
RR_BATCH,RR + batch means,8.92060239793877,12.148096296826818,89.0,0,787359109,1.0330179330869644,0.2,0.1,100000,99000,100,999,500,0.7433911244204893,0.9718714684166588,False,False
RR_ORACLE,RR + oracle variance,8.919548219699802,12.662353094850587,91.0,0,787359109,1.0330179330869644,0.2,0.1,100000,99000,100,999,500,0.7433911244204893,0.9718714684166588,False,False
RR_OBM,RR + OBM,8.919548219699802,12.473205275262538,90.0,0,787359109,1.0330179330869644,0.2,0.1,100000,99000,100,999,500,0.7433911244204893,0.9718714684166588,False,False
RR_OBM_RR,RR + OBM-RR,8.919548219699802,12.470741616857119,90.0,0,787359109,1.0330179330869644,0.2,0.1,100000,99000,100,999,500,0.7433911244204893,0.9718714684166588,False,False
RR_MSB,RR + MSB,8.919548219699802,12.276670830925287,90.0,0,787359109,1.0330179330869644,0.2,0.1,100000,99000,100,999,500,0.7433911244204893,0.9718714684166588,False,False
RR_BATCH,RR + batch means,10.128239504219433,15.51825073570564,97.0,0,94067870,1.6265275770275067,0.2,0.1,100000,99000,100,999,500,0.8237571747788438,0.9806093965803354,False,False
RR_ORACLE,RR + oracle variance,10.118905310423036,15.888803894788701,97.0,0,94067870,1.6265275770275067,0.2,0.1,100000,99000,100,999,500,0.8237571747788438,0.9806093965803354,False,False
RR_OBM,RR + OBM,10.118905310423036,15.661127227435477,98.0,0,94067870,1.6265275770275067,0.2,0.1,100000,99000,100,999,500,0.8237571747788438,0.9806093965803354,False,False
RR_OBM_RR,RR + OBM-RR,10.118905310423036,15.619553621880105,97.0,0,94067870,1.6265275770275067,0.2,0.1,100000,99000,100,999,500,0.8237571747788438,0.9806093965803354,False,False
RR_MSB,RR + MSB,10.118905310423036,15.460421153164026,98.0,0,94067870,1.6265275770275067,0.2,0.1,100000,99000,100,999,500,0.8237571747788438,0.9806093965803354,False,False
RR_BATCH,RR + batch means,11.465719578739392,25.041658899962542,91.0,0,781482251,4.363005701707702,0.2,0.1,100000,99000,100,999,500,0.7151975208258752,0.978576859609315,False,False
RR_ORACLE,RR + oracle variance,11.465844346759008,26.02276139476052,96.0,0,781482251,4.363005701707702,0.2,0.1,100000,99000,100,999,500,0.7151975208258752,0.978576859609315,False,False
RR_OBM,RR + OBM,11.465844346759008,25.137571510842026,96.0,0,781482251,4.363005701707702,0.2,0.1,100000,99000,100,999,500,0.7151975208258752,0.978576859609315,False,False
RR_OBM_RR,RR + OBM-RR,11.465844346759008,24.9363597148329,93.0,0,781482251,4.363005701707702,0.2,0.1,100000,99000,100,999,500,0.7151975208258752,0.978576859609315,False,False
RR_MSB,RR + MSB,11.465844346759008,24.984164214932218,95.0,0,781482251,4.363005701707702,0.2,0.1,100000,99000,100,999,500,0.7151975208258752,0.978576859609315,False,False
RR_BATCH,RR + batch means,9.658007200212912,23.62005352393337,97.0,0,1002275723,3.6973840613786653,0.2,0.1,100000,99000,100,999,500,0.7909197468303723,0.9600676908738776,False,False
RR_ORACLE,RR + oracle variance,9.664295658795334,23.955639656595352,97.0,0,1002275723,3.6973840613786653,0.2,0.1,100000,99000,100,999,500,0.7909197468303723,0.9600676908738776,False,False
RR_OBM,RR + OBM,9.664295658795334,23.535749079706584,97.0,0,1002275723,3.6973840613786653,0.2,0.1,100000,99000,100,999,500,0.7909197468303723,0.9600676908738776,False,False
RR_OBM_RR,RR + OBM-RR,9.664295658795334,23.520030356556454,97.0,0,1002275723,3.6973840613786653,0.2,0.1,100000,99000,100,999,500,0.7909197468303723,0.9600676908738776,False,False
RR_MSB,RR + MSB,9.664295658795334,23.475768005481275,97.0,0,1002275723,3.6973840613786653,0.2,0.1,100000,99000,100,999,500,0.7909197468303723,0.9600676908738776,False,False
RR_BATCH,RR + batch means,8.853575741043352,15.93926932390221,96.0,0,1599364551,1.7186457336326737,0.2,0.1,100000,99000,100,999,500,0.7493977786570357,0.9827606234996767,False,False
RR_ORACLE,RR + oracle variance,8.854972049145681,16.332537782866133,97.0,0,1599364551,1.7186457336326737,0.2,0.1,100000,99000,100,999,500,0.7493977786570357,0.9827606234996767,False,False
RR_OBM,RR + OBM,8.854972049145681,16.075625439518245,95.0,0,1599364551,1.7186457336326737,0.2,0.1,100000,99000,100,999,500,0.7493977786570357,0.9827606234996767,False,False
RR_OBM_RR,RR + OBM-RR,8.854972049145681,16.093259265870714,96.0,0,1599364551,1.7186457336326737,0.2,0.1,100000,99000,100,999,500,0.7493977786570357,0.9827606234996767,False,False
RR_MSB,RR + MSB,8.854972049145681,15.844685684963732,94.0,0,1599364551,1.7186457336326737,0.2,0.1,100000,99000,100,999,500,0.7493977786570357,0.9827606234996767,False,False
RR_BATCH,RR + batch means,8.572536780295785,11.674392195987934,90.0,0,1944623249,0.9263361362850611,0.2,0.1,100000,99000,100,999,500,0.8032198794834147,0.9731738471305574,False,False
RR_ORACLE,RR + oracle variance,8.572979722559118,11.990707044232403,94.0,0,1944623249,0.9263361362850611,0.2,0.1,100000,99000,100,999,500,0.8032198794834147,0.9731738471305574,False,False
RR_OBM,RR + OBM,8.572979722559118,11.747732185693575,93.0,0,1944623249,0.9263361362850611,0.2,0.1,100000,99000,100,999,500,0.8032198794834147,0.9731738471305574,False,False
RR_OBM_RR,RR + OBM-RR,8.572979722559118,11.653761227800793,90.0,0,1944623249,0.9263361362850611,0.2,0.1,100000,99000,100,999,500,0.8032198794834147,0.9731738471305574,False,False
RR_MSB,RR + MSB,8.572979722559118,11.631253892882429,94.0,0,1944623249,0.9263361362850611,0.2,0.1,100000,99000,100,999,500,0.8032198794834147,0.9731738471305574,False,False
RR_BATCH,RR + batch means,10.32330328372139,21.36384249239446,93.0,0,1596387605,3.060338144238423,0.2,0.1,100000,99000,100,999,500,0.7950634690006232,0.9693720320764538,False,False
RR_ORACLE,RR + oracle variance,10.323325641069818,21.794414035971904,93.0,0,1596387605,3.060338144238423,0.2,0.1,100000,99000,100,999,500,0.7950634690006232,0.9693720320764538,False,False
RR_OBM,RR + OBM,10.323325641069818,21.33289319119368,93.0,0,1596387605,3.060338144238423,0.2,0.1,100000,99000,100,999,500,0.7950634690006232,0.9693720320764538,False,False
RR_OBM_RR,RR + OBM-RR,10.323325641069818,21.45493220943012,93.0,0,1596387605,3.060338144238423,0.2,0.1,100000,99000,100,999,500,0.7950634690006232,0.9693720320764538,False,False
RR_MSB,RR + MSB,10.323325641069818,21.261435816439093,90.0,0,1596387605,3.060338144238423,0.2,0.1,100000,99000,100,999,500,0.7950634690006232,0.9693720320764538,False,False
RR_BATCH,RR + batch means,12.896406334066302,30.831121750084815,95.0,0,795556160,6.443874465109782,0.2,0.1,100000,99000,100,999,500,0.7093983741750088,0.9762226760420812,False,False
RR_ORACLE,RR + oracle variance,12.899724235968398,31.625254199284427,94.0,0,795556160,6.443874465109782,0.2,0.1,100000,99000,100,999,500,0.7093983741750088,0.9762226760420812,False,False
RR_OBM,RR + OBM,12.899724235968398,30.889838939889277,93.0,0,795556160,6.443874465109782,0.2,0.1,100000,99000,100,999,500,0.7093983741750088,0.9762226760420812,False,False
RR_OBM_RR,RR + OBM-RR,12.899724235968398,31.076186319800385,91.0,0,795556160,6.443874465109782,0.2,0.1,100000,99000,100,999,500,0.7093983741750088,0.9762226760420812,False,False
RR_MSB,RR + MSB,12.899724235968398,30.718451604363597,93.0,0,795556160,6.443874465109782,0.2,0.1,100000,99000,100,999,500,0.7093983741750088,0.9762226760420812,False,False
RR_BATCH,RR + batch means,8.80401033691658,17.72576351617926,92.0,0,2077711329,2.076317845404007,0.2,0.1,100000,99000,100,999,500,0.7885947741651329,0.9693267472582436,False,False
RR_ORACLE,RR + oracle variance,8.805997679215569,17.951775469201934,96.0,0,2077711329,2.076317845404007,0.2,0.1,100000,99000,100,999,500,0.7885947741651329,0.9693267472582436,False,False
RR_OBM,RR + OBM,8.805997679215569,17.599478305829557,93.0,0,2077711329,2.076317845404007,0.2,0.1,100000,99000,100,999,500,0.7885947741651329,0.9693267472582436,False,False
RR_OBM_RR,RR + OBM-RR,8.805997679215569,17.792898241545547,93.0,0,2077711329,2.076317845404007,0.2,0.1,100000,99000,100,999,500,0.7885947741651329,0.9693267472582436,False,False
RR_MSB,RR + MSB,8.805997679215569,17.37593293054633,94.0,0,2077711329,2.076317845404007,0.2,0.1,100000,99000,100,999,500,0.7885947741651329,0.9693267472582436,False,False
RR_BATCH,RR + batch means,7.289693032229153,16.80155948578166,94.0,0,882294417,1.9707624558351595,0.2,0.1,100000,99000,100,999,500,0.7887314413145017,0.9612621307900595,False,False
RR_ORACLE,RR + oracle variance,7.290514078424545,17.48950948998959,95.0,0,882294417,1.9707624558351595,0.2,0.1,100000,99000,100,999,500,0.7887314413145017,0.9612621307900595,False,False
RR_OBM,RR + OBM,7.290514078424545,17.155713604328596,96.0,0,882294417,1.9707624558351595,0.2,0.1,100000,99000,100,999,500,0.7887314413145017,0.9612621307900595,False,False
RR_OBM_RR,RR + OBM-RR,7.290514078424545,16.982049650424663,95.0,0,882294417,1.9707624558351595,0.2,0.1,100000,99000,100,999,500,0.7887314413145017,0.9612621307900595,False,False
RR_MSB,RR + MSB,7.290514078424545,17.023019785371236,97.0,0,882294417,1.9707624558351595,0.2,0.1,100000,99000,100,999,500,0.7887314413145017,0.9612621307900595,False,False
RR_BATCH,RR + batch means,11.317712845569481,14.204608649989973,95.0,0,699704628,1.3584523817710155,0.2,0.1,100000,99000,100,999,500,0.7937605249583184,0.9655883563292331,False,False
RR_ORACLE,RR + oracle variance,11.311440027137206,14.520537715016635,95.0,0,699704628,1.3584523817710155,0.2,0.1,100000,99000,100,999,500,0.7937605249583184,0.9655883563292331,False,False
RR_OBM,RR + OBM,11.311440027137206,14.374416242614034,95.0,0,699704628,1.3584523817710155,0.2,0.1,100000,99000,100,999,500,0.7937605249583184,0.9655883563292331,False,False
RR_OBM_RR,RR + OBM-RR,11.311440027137206,14.330274700839952,96.0,0,699704628,1.3584523817710155,0.2,0.1,100000,99000,100,999,500,0.7937605249583184,0.9655883563292331,False,False
RR_MSB,RR + MSB,11.311440027137206,14.163371415655028,95.0,0,699704628,1.3584523817710155,0.2,0.1,100000,99000,100,999,500,0.7937605249583184,0.9655883563292331,False,False
RR_BATCH,RR + batch means,8.864218645936658,20.352323465185247,98.0,0,163945743,2.8274275854498367,0.2,0.1,100000,99000,100,999,500,0.7347524612229042,0.9746170642846718,False,False
RR_ORACLE,RR + oracle variance,8.865860868988861,20.948659355865413,98.0,0,163945743,2.8274275854498367,0.2,0.1,100000,99000,100,999,500,0.7347524612229042,0.9746170642846718,False,False
RR_OBM,RR + OBM,8.865860868988861,20.457297245489837,98.0,0,163945743,2.8274275854498367,0.2,0.1,100000,99000,100,999,500,0.7347524612229042,0.9746170642846718,False,False
RR_OBM_RR,RR + OBM-RR,8.865860868988861,20.34993066414995,97.0,0,163945743,2.8274275854498367,0.2,0.1,100000,99000,100,999,500,0.7347524612229042,0.9746170642846718,False,False
RR_MSB,RR + MSB,8.865860868988861,20.33894890612894,98.0,0,163945743,2.8274275854498367,0.2,0.1,100000,99000,100,999,500,0.7347524612229042,0.9746170642846718,False,False
RR_BATCH,RR + batch means,9.5965456283499,13.466248687824217,94.0,0,1708709736,1.2374600583517064,0.2,0.1,100000,99000,100,999,500,0.7864258994086526,0.9788075935840435,False,False
RR_ORACLE,RR + oracle variance,9.603719891536667,13.858814583982468,95.0,0,1708709736,1.2374600583517064,0.2,0.1,100000,99000,100,999,500,0.7864258994086526,0.9788075935840435,False,False
RR_OBM,RR + OBM,9.603719891536667,13.49587218562138,94.0,0,1708709736,1.2374600583517064,0.2,0.1,100000,99000,100,999,500,0.7864258994086526,0.9788075935840435,False,False
RR_OBM_RR,RR + OBM-RR,9.603719891536667,13.584572677821816,94.0,0,1708709736,1.2374600583517064,0.2,0.1,100000,99000,100,999,500,0.7864258994086526,0.9788075935840435,False,False
RR_MSB,RR + MSB,9.603719891536667,13.393309126478886,94.0,0,1708709736,1.2374600583517064,0.2,0.1,100000,99000,100,999,500,0.7864258994086526,0.9788075935840435,False,False
RR_BATCH,RR + batch means,9.22255205699474,18.191401644744253,90.0,0,406886645,2.354562057055686,0.2,0.1,100000,99000,100,999,500,0.7445890093971937,0.9572448254781045,False,False
RR_ORACLE,RR + oracle variance,9.226891652426328,19.116815996825824,92.0,0,406886645,2.354562057055686,0.2,0.1,100000,99000,100,999,500,0.7445890093971937,0.9572448254781045,False,False
RR_OBM,RR + OBM,9.226891652426328,18.564600614209137,91.0,0,406886645,2.354562057055686,0.2,0.1,100000,99000,100,999,500,0.7445890093971937,0.9572448254781045,False,False
RR_OBM_RR,RR + OBM-RR,9.226891652426328,18.450671703373242,90.0,0,406886645,2.354562057055686,0.2,0.1,100000,99000,100,999,500,0.7445890093971937,0.9572448254781045,False,False
RR_MSB,RR + MSB,9.226891652426328,18.44768121271938,90.0,0,406886645,2.354562057055686,0.2,0.1,100000,99000,100,999,500,0.7445890093971937,0.9572448254781045,False,False
RR_BATCH,RR + batch means,10.098619961172526,15.202730208616204,90.0,0,1008363426,1.5665402994477549,0.2,0.1,100000,99000,100,999,500,0.755666838213906,0.9815452084793563,False,False
RR_ORACLE,RR + oracle variance,10.09356549250767,15.593057314574708,93.0,0,1008363426,1.5665402994477549,0.2,0.1,100000,99000,100,999,500,0.755666838213906,0.9815452084793563,False,False
RR_OBM,RR + OBM,10.09356549250767,15.210338359932772,92.0,0,1008363426,1.5665402994477549,0.2,0.1,100000,99000,100,999,500,0.755666838213906,0.9815452084793563,False,False
RR_OBM_RR,RR + OBM-RR,10.09356549250767,15.087412013606059,92.0,0,1008363426,1.5665402994477549,0.2,0.1,100000,99000,100,999,500,0.755666838213906,0.9815452084793563,False,False
RR_MSB,RR + MSB,10.09356549250767,15.049351578681781,92.0,0,1008363426,1.5665402994477549,0.2,0.1,100000,99000,100,999,500,0.755666838213906,0.9815452084793563,False,False
RR_BATCH,RR + batch means,8.090831886765868,13.091613333359142,90.0,0,994157307,1.1319447869937644,0.2,0.1,100000,99000,100,999,500,0.8376670420369194,0.9724813800172213,False,False
RR_ORACLE,RR + oracle variance,8.098275980238087,13.25479792916006,92.0,0,994157307,1.1319447869937644,0.2,0.1,100000,99000,100,999,500,0.8376670420369194,0.9724813800172213,False,False
RR_OBM,RR + OBM,8.098275980238087,13.091789135276613,91.0,0,994157307,1.1319447869937644,0.2,0.1,100000,99000,100,999,500,0.8376670420369194,0.9724813800172213,False,False
RR_OBM_RR,RR + OBM-RR,8.098275980238087,13.040935803747187,89.0,0,994157307,1.1319447869937644,0.2,0.1,100000,99000,100,999,500,0.8376670420369194,0.9724813800172213,False,False
RR_MSB,RR + MSB,8.098275980238087,12.902256864932145,90.0,0,994157307,1.1319447869937644,0.2,0.1,100000,99000,100,999,500,0.8376670420369194,0.9724813800172213,False,False
RR_BATCH,RR + batch means,10.606251179158324,18.635426523520028,89.0,0,279004308,2.323440686562524,0.2,0.1,100000,99000,100,999,500,0.7318279552606795,0.9727303749556581,False,False
RR_ORACLE,RR + oracle variance,10.599248432219083,18.990057706791777,90.0,0,279004308,2.323440686562524,0.2,0.1,100000,99000,100,999,500,0.7318279552606795,0.9727303749556581,False,False
RR_OBM,RR + OBM,10.599248432219083,18.659799216167446,90.0,0,279004308,2.323440686562524,0.2,0.1,100000,99000,100,999,500,0.7318279552606795,0.9727303749556581,False,False
RR_OBM_RR,RR + OBM-RR,10.599248432219083,18.576404624214746,90.0,0,279004308,2.323440686562524,0.2,0.1,100000,99000,100,999,500,0.7318279552606795,0.9727303749556581,False,False
RR_MSB,RR + MSB,10.599248432219083,18.450128203730927,90.0,0,279004308,2.323440686562524,0.2,0.1,100000,99000,100,999,500,0.7318279552606795,0.9727303749556581,False,False
RR_BATCH,RR + batch means,8.384822595878644,11.162675210931445,97.0,0,1021568550,0.8399501464702047,0.2,0.1,100000,99000,100,999,500,0.8244093890795153,0.9817270297576983,False,False
RR_ORACLE,RR + oracle variance,8.383747633149856,11.417926538051246,98.0,0,1021568550,0.8399501464702047,0.2,0.1,100000,99000,100,999,500,0.8244093890795153,0.9817270297576983,False,False
RR_OBM,RR + OBM,8.383747633149856,11.224022274318576,98.0,0,1021568550,0.8399501464702047,0.2,0.1,100000,99000,100,999,500,0.8244093890795153,0.9817270297576983,False,False
RR_OBM_RR,RR + OBM-RR,8.383747633149856,11.39266681372228,97.0,0,1021568550,0.8399501464702047,0.2,0.1,100000,99000,100,999,500,0.8244093890795153,0.9817270297576983,False,False
RR_MSB,RR + MSB,8.383747633149856,11.204684884212185,98.0,0,1021568550,0.8399501464702047,0.2,0.1,100000,99000,100,999,500,0.8244093890795153,0.9817270297576983,False,False
RR_BATCH,RR + batch means,9.58607695058327,15.270383284000554,96.0,0,1474200732,1.6274102473950909,0.2,0.1,100000,99000,100,999,500,0.7607996072523888,0.9829777603836092,False,False
RR_ORACLE,RR + oracle variance,9.585338775390621,15.89311451159087,95.0,0,1474200732,1.6274102473950909,0.2,0.1,100000,99000,100,999,500,0.7607996072523888,0.9829777603836092,False,False
RR_OBM,RR + OBM,9.585338775390621,15.575364143843498,95.0,0,1474200732,1.6274102473950909,0.2,0.1,100000,99000,100,999,500,0.7607996072523888,0.9829777603836092,False,False
RR_OBM_RR,RR + OBM-RR,9.585338775390621,15.353562294248375,96.0,0,1474200732,1.6274102473950909,0.2,0.1,100000,99000,100,999,500,0.7607996072523888,0.9829777603836092,False,False
RR_MSB,RR + MSB,9.585338775390621,15.410397119967396,95.0,0,1474200732,1.6274102473950909,0.2,0.1,100000,99000,100,999,500,0.7607996072523888,0.9829777603836092,False,False
RR_BATCH,RR + batch means,8.672109370515937,17.98729235459705,93.0,0,1212254291,2.225397226657608,0.2,0.1,100000,99000,100,999,500,0.7634470531511427,0.9649499692378661,False,False
RR_ORACLE,RR + oracle variance,8.671456381384134,18.585072543581482,95.0,0,1212254291,2.225397226657608,0.2,0.1,100000,99000,100,999,500,0.7634470531511427,0.9649499692378661,False,False
RR_OBM,RR + OBM,8.671456381384134,18.088332520477493,94.0,0,1212254291,2.225397226657608,0.2,0.1,100000,99000,100,999,500,0.7634470531511427,0.9649499692378661,False,False
RR_OBM_RR,RR + OBM-RR,8.671456381384134,18.028377331773083,94.0,0,1212254291,2.225397226657608,0.2,0.1,100000,99000,100,999,500,0.7634470531511427,0.9649499692378661,False,False
RR_MSB,RR + MSB,8.671456381384134,17.92286477020924,94.0,0,1212254291,2.225397226657608,0.2,0.1,100000,99000,100,999,500,0.7634470531511427,0.9649499692378661,False,False
RR_BATCH,RR + batch means,8.368225824727196,13.119415601233017,92.0,0,938776597,1.1404076644168968,0.2,0.1,100000,99000,100,999,500,0.818841818878113,0.976899325569409,False,False
RR_ORACLE,RR + oracle variance,8.370044328158038,13.304254778778306,94.0,0,938776597,1.1404076644168968,0.2,0.1,100000,99000,100,999,500,0.818841818878113,0.976899325569409,False,False
RR_OBM,RR + OBM,8.370044328158038,13.0783975514779,93.0,0,938776597,1.1404076644168968,0.2,0.1,100000,99000,100,999,500,0.818841818878113,0.976899325569409,False,False
RR_OBM_RR,RR + OBM-RR,8.370044328158038,12.970749716899189,93.0,0,938776597,1.1404076644168968,0.2,0.1,100000,99000,100,999,500,0.818841818878113,0.976899325569409,False,False
RR_MSB,RR + MSB,8.370044328158038,13.00934774116598,92.0,0,938776597,1.1404076644168968,0.2,0.1,100000,99000,100,999,500,0.818841818878113,0.976899325569409,False,False
RR_BATCH,RR + batch means,9.290709140552076,9.761791296573682,94.0,0,709091226,0.6416041532524789,0.2,0.1,100000,99000,100,999,500,0.7716686336166987,0.9802060012410437,False,False
RR_ORACLE,RR + oracle variance,9.291107955005407,9.97916199373479,95.0,0,709091226,0.6416041532524789,0.2,0.1,100000,99000,100,999,500,0.7716686336166987,0.9802060012410437,False,False
RR_OBM,RR + OBM,9.291107955005407,9.899119758301,94.0,0,709091226,0.6416041532524789,0.2,0.1,100000,99000,100,999,500,0.7716686336166987,0.9802060012410437,False,False
RR_OBM_RR,RR + OBM-RR,9.291107955005407,9.958961862115604,93.0,0,709091226,0.6416041532524789,0.2,0.1,100000,99000,100,999,500,0.7716686336166987,0.9802060012410437,False,False
RR_MSB,RR + MSB,9.291107955005407,9.75903017639039,94.0,0,709091226,0.6416041532524789,0.2,0.1,100000,99000,100,999,500,0.7716686336166987,0.9802060012410437,False,False
RR_BATCH,RR + batch means,9.72332305239352,21.072665871139513,95.0,0,487284116,3.203194060886938,0.2,0.1,100000,99000,100,999,500,0.7906857224400382,0.9722391780189573,False,False
RR_ORACLE,RR + oracle variance,9.720121921680766,22.297291659233764,97.0,0,487284116,3.203194060886938,0.2,0.1,100000,99000,100,999,500,0.7906857224400382,0.9722391780189573,False,False
RR_OBM,RR + OBM,9.720121921680766,21.750792481900465,97.0,0,487284116,3.203194060886938,0.2,0.1,100000,99000,100,999,500,0.7906857224400382,0.9722391780189573,False,False
RR_OBM_RR,RR + OBM-RR,9.720121921680766,21.43106067031256,97.0,0,487284116,3.203194060886938,0.2,0.1,100000,99000,100,999,500,0.7906857224400382,0.9722391780189573,False,False
RR_MSB,RR + MSB,9.720121921680766,21.333665163592485,96.0,0,487284116,3.203194060886938,0.2,0.1,100000,99000,100,999,500,0.7906857224400382,0.9722391780189573,False,False
RR_BATCH,RR + batch means,11.43433765452295,14.79398643656054,94.0,0,1788162810,1.4653522983672826,0.2,0.1,100000,99000,100,999,500,0.6931201435895925,0.9767900513556478,False,False
RR_ORACLE,RR + oracle variance,11.439236960838937,15.081047725020289,95.0,0,1788162810,1.4653522983672826,0.2,0.1,100000,99000,100,999,500,0.6931201435895925,0.9767900513556478,False,False
RR_OBM,RR + OBM,11.439236960838937,14.912492583270106,95.0,0,1788162810,1.4653522983672826,0.2,0.1,100000,99000,100,999,500,0.6931201435895925,0.9767900513556478,False,False
RR_OBM_RR,RR + OBM-RR,11.439236960838937,14.835551780456944,94.0,0,1788162810,1.4653522983672826,0.2,0.1,100000,99000,100,999,500,0.6931201435895925,0.9767900513556478,False,False
RR_MSB,RR + MSB,11.439236960838937,14.695935431736869,96.0,0,1788162810,1.4653522983672826,0.2,0.1,100000,99000,100,999,500,0.6931201435895925,0.9767900513556478,False,False
RR_BATCH,RR + batch means,9.121689341541815,11.835058477519082,96.0,0,2019291965,0.9373880688365333,0.2,0.1,100000,99000,100,999,500,0.7743907638099192,0.9813637413925418,False,False
RR_ORACLE,RR + oracle variance,9.116698907044125,12.062024329568077,98.0,0,2019291965,0.9373880688365333,0.2,0.1,100000,99000,100,999,500,0.7743907638099192,0.9813637413925418,False,False
RR_OBM,RR + OBM,9.116698907044125,11.98894255608576,97.0,0,2019291965,0.9373880688365333,0.2,0.1,100000,99000,100,999,500,0.7743907638099192,0.9813637413925418,False,False
RR_OBM_RR,RR + OBM-RR,9.116698907044125,12.086060413247562,97.0,0,2019291965,0.9373880688365333,0.2,0.1,100000,99000,100,999,500,0.7743907638099192,0.9813637413925418,False,False
RR_MSB,RR + MSB,9.116698907044125,11.98297876371063,97.0,0,2019291965,0.9373880688365333,0.2,0.1,100000,99000,100,999,500,0.7743907638099192,0.9813637413925418,False,False
RR_BATCH,RR + batch means,7.971730704996313,24.096193632960865,95.0,0,345075200,3.8984762994739355,0.2,0.1,100000,99000,100,999,500,0.7292263339413828,0.9570228667303432,False,False
RR_ORACLE,RR + oracle variance,7.971643138164213,24.598461122829608,93.0,0,345075200,3.8984762994739355,0.2,0.1,100000,99000,100,999,500,0.7292263339413828,0.9570228667303432,False,False
RR_OBM,RR + OBM,7.971643138164213,24.06925108163746,93.0,0,345075200,3.8984762994739355,0.2,0.1,100000,99000,100,999,500,0.7292263339413828,0.9570228667303432,False,False
RR_OBM_RR,RR + OBM-RR,7.971643138164213,24.131726148613332,93.0,0,345075200,3.8984762994739355,0.2,0.1,100000,99000,100,999,500,0.7292263339413828,0.9570228667303432,False,False
RR_MSB,RR + MSB,7.971643138164213,23.803236780558464,92.0,0,345075200,3.8984762994739355,0.2,0.1,100000,99000,100,999,500,0.7292263339413828,0.9570228667303432,False,False
RR_BATCH,RR + batch means,10.538087757044902,11.241185835091215,94.0,0,1438414600,0.8269873022362143,0.2,0.1,100000,99000,100,999,500,0.7581022248743589,0.9744324308398994,False,False
RR_ORACLE,RR + oracle variance,10.53470128596172,11.32947825125011,96.0,0,1438414600,0.8269873022362143,0.2,0.1,100000,99000,100,999,500,0.7581022248743589,0.9744324308398994,False,False
RR_OBM,RR + OBM,10.53470128596172,11.118715098993531,95.0,0,1438414600,0.8269873022362143,0.2,0.1,100000,99000,100,999,500,0.7581022248743589,0.9744324308398994,False,False
RR_OBM_RR,RR + OBM-RR,10.53470128596172,11.231430163874023,94.0,0,1438414600,0.8269873022362143,0.2,0.1,100000,99000,100,999,500,0.7581022248743589,0.9744324308398994,False,False
RR_MSB,RR + MSB,10.53470128596172,11.054780163626097,95.0,0,1438414600,0.8269873022362143,0.2,0.1,100000,99000,100,999,500,0.7581022248743589,0.9744324308398994,False,False
RR_BATCH,RR + batch means,6.871843894273482,18.900702447179796,92.0,0,1503807855,2.412941087733757,0.2,0.1,100000,99000,100,999,500,0.798555470419618,0.9609758422861282,False,False
RR_ORACLE,RR + oracle variance,6.871385184305266,19.352356184989766,95.0,0,1503807855,2.412941087733757,0.2,0.1,100000,99000,100,999,500,0.798555470419618,0.9609758422861282,False,False
RR_OBM,RR + OBM,6.871385184305266,18.91634605935384,93.0,0,1503807855,2.412941087733757,0.2,0.1,100000,99000,100,999,500,0.798555470419618,0.9609758422861282,False,False
RR_OBM_RR,RR + OBM-RR,6.871385184305266,19.035876616941273,92.0,0,1503807855,2.412941087733757,0.2,0.1,100000,99000,100,999,500,0.798555470419618,0.9609758422861282,False,False
RR_MSB,RR + MSB,6.871385184305266,18.747097289900914,94.0,0,1503807855,2.412941087733757,0.2,0.1,100000,99000,100,999,500,0.798555470419618,0.9609758422861282,False,False
RR_BATCH,RR + batch means,10.136947900412846,22.216953117403797,92.0,0,670802254,3.427604295372431,0.2,0.1,100000,99000,100,999,500,0.7803566706151667,0.9591163685199341,False,False
RR_ORACLE,RR + oracle variance,10.140194624442978,23.065125850015885,94.0,0,670802254,3.427604295372431,0.2,0.1,100000,99000,100,999,500,0.7803566706151667,0.9591163685199341,False,False
RR_OBM,RR + OBM,10.140194624442978,22.533430224154166,93.0,0,670802254,3.427604295372431,0.2,0.1,100000,99000,100,999,500,0.7803566706151667,0.9591163685199341,False,False
RR_OBM_RR,RR + OBM-RR,10.140194624442978,22.238764012230106,93.0,0,670802254,3.427604295372431,0.2,0.1,100000,99000,100,999,500,0.7803566706151667,0.9591163685199341,False,False
RR_MSB,RR + MSB,10.140194624442978,22.127518838160203,91.0,0,670802254,3.427604295372431,0.2,0.1,100000,99000,100,999,500,0.7803566706151667,0.9591163685199341,False,False
RR_BATCH,RR + batch means,10.233286777680446,14.388779242143219,94.0,0,208792607,1.4675938251813647,0.2,0.1,100000,99000,100,999,500,0.6087943187396713,0.966523977573583,False,False
RR_ORACLE,RR + oracle variance,10.2342273109976,15.092577940379561,95.0,0,208792607,1.4675938251813647,0.2,0.1,100000,99000,100,999,500,0.6087943187396713,0.966523977573583,False,False
RR_OBM,RR + OBM,10.2342273109976,14.592446269781684,95.0,0,208792607,1.4675938251813647,0.2,0.1,100000,99000,100,999,500,0.6087943187396713,0.966523977573583,False,False
RR_OBM_RR,RR + OBM-RR,10.2342273109976,14.43834856895785,94.0,0,208792607,1.4675938251813647,0.2,0.1,100000,99000,100,999,500,0.6087943187396713,0.966523977573583,False,False
RR_MSB,RR + MSB,10.2342273109976,14.44031643639828,95.0,0,208792607,1.4675938251813647,0.2,0.1,100000,99000,100,999,500,0.6087943187396713,0.966523977573583,False,False
RR_BATCH,RR + batch means,12.452855832533228,31.37763173796073,94.0,0,1352408539,7.004354026268703,0.2,0.1,100000,99000,100,999,500,0.6039294242984731,0.9836185308196135,False,False
RR_ORACLE,RR + oracle variance,12.454208432984398,32.971942499967824,97.0,0,1352408539,7.004354026268703,0.2,0.1,100000,99000,100,999,500,0.6039294242984731,0.9836185308196135,False,False
RR_OBM,RR + OBM,12.454208432984398,32.223145046798486,96.0,0,1352408539,7.004354026268703,0.2,0.1,100000,99000,100,999,500,0.6039294242984731,0.9836185308196135,False,False
RR_OBM_RR,RR + OBM-RR,12.454208432984398,31.84107195961637,94.0,0,1352408539,7.004354026268703,0.2,0.1,100000,99000,100,999,500,0.6039294242984731,0.9836185308196135,False,False
RR_MSB,RR + MSB,12.454208432984398,31.82382805404003,95.0,0,1352408539,7.004354026268703,0.2,0.1,100000,99000,100,999,500,0.6039294242984731,0.9836185308196135,False,False
RR_BATCH,RR + batch means,10.486348899982634,18.22250617272864,95.0,0,1648932250,2.339013830207248,0.2,0.1,100000,99000,100,999,500,0.6991674983530618,0.972203257911216,False,False
RR_ORACLE,RR + oracle variance,10.48641041123673,19.053593006453216,98.0,0,1648932250,2.339013830207248,0.2,0.1,100000,99000,100,999,500,0.6991674983530618,0.972203257911216,False,False
RR_OBM,RR + OBM,10.48641041123673,18.454750451200574,98.0,0,1648932250,2.339013830207248,0.2,0.1,100000,99000,100,999,500,0.6991674983530618,0.972203257911216,False,False
RR_OBM_RR,RR + OBM-RR,10.48641041123673,18.296575027545707,96.0,0,1648932250,2.339013830207248,0.2,0.1,100000,99000,100,999,500,0.6991674983530618,0.972203257911216,False,False
RR_MSB,RR + MSB,10.48641041123673,18.18468720495009,96.0,0,1648932250,2.339013830207248,0.2,0.1,100000,99000,100,999,500,0.6991674983530618,0.972203257911216,False,False
RR_BATCH,RR + batch means,8.245924802945208,10.937927978669665,93.0,0,1787264314,0.8433099627428157,0.2,0.1,100000,99000,100,999,500,0.7005529485506353,0.9633826801506715,False,False
RR_ORACLE,RR + oracle variance,8.250090943813964,11.440739707238901,95.0,0,1787264314,0.8433099627428157,0.2,0.1,100000,99000,100,999,500,0.7005529485506353,0.9633826801506715,False,False
RR_OBM,RR + OBM,8.250090943813964,11.26723285110685,95.0,0,1787264314,0.8433099627428157,0.2,0.1,100000,99000,100,999,500,0.7005529485506353,0.9633826801506715,False,False
RR_OBM_RR,RR + OBM-RR,8.250090943813964,11.201626647352612,96.0,0,1787264314,0.8433099627428157,0.2,0.1,100000,99000,100,999,500,0.7005529485506353,0.9633826801506715,False,False
RR_MSB,RR + MSB,8.250090943813964,11.108555459603325,94.0,0,1787264314,0.8433099627428157,0.2,0.1,100000,99000,100,999,500,0.7005529485506353,0.9633826801506715,False,False
RR_BATCH,RR + batch means,7.490021408981784,12.211240634243131,95.0,0,1807519525,0.9723897426489855,0.2,0.1,100000,99000,100,999,500,0.7894567361140395,0.9674766768483056,False,False
RR_ORACLE,RR + oracle variance,7.486672799480887,12.285155950550681,95.0,0,1807519525,0.9723897426489855,0.2,0.1,100000,99000,100,999,500,0.7894567361140395,0.9674766768483056,False,False
RR_OBM,RR + OBM,7.486672799480887,12.088183888571029,95.0,0,1807519525,0.9723897426489855,0.2,0.1,100000,99000,100,999,500,0.7894567361140395,0.9674766768483056,False,False
RR_OBM_RR,RR + OBM-RR,7.486672799480887,12.249539446935321,97.0,0,1807519525,0.9723897426489855,0.2,0.1,100000,99000,100,999,500,0.7894567361140395,0.9674766768483056,False,False
RR_MSB,RR + MSB,7.486672799480887,12.075004333128762,94.0,0,1807519525,0.9723897426489855,0.2,0.1,100000,99000,100,999,500,0.7894567361140395,0.9674766768483056,False,False
RR_BATCH,RR + batch means,8.971933584094925,22.657701521222243,91.0,0,1728218298,3.5742347952439077,0.2,0.1,100000,99000,100,999,500,0.802814012501832,0.9595683087022744,False,False
RR_ORACLE,RR + oracle variance,8.973665708753261,23.55331436191464,93.0,0,1728218298,3.5742347952439077,0.2,0.1,100000,99000,100,999,500,0.802814012501832,0.9595683087022744,False,False
RR_OBM,RR + OBM,8.973665708753261,23.001263375753247,92.0,0,1728218298,3.5742347952439077,0.2,0.1,100000,99000,100,999,500,0.802814012501832,0.9595683087022744,False,False
RR_OBM_RR,RR + OBM-RR,8.973665708753261,22.82706169206126,92.0,0,1728218298,3.5742347952439077,0.2,0.1,100000,99000,100,999,500,0.802814012501832,0.9595683087022744,False,False
RR_MSB,RR + MSB,8.973665708753261,22.745187396594687,91.0,0,1728218298,3.5742347952439077,0.2,0.1,100000,99000,100,999,500,0.802814012501832,0.9595683087022744,False,False
RR_BATCH,RR + batch means,9.043959132558841,22.11628982014783,96.0,0,934620677,3.37104561229576,0.2,0.1,100000,99000,100,999,500,0.7674081319090251,0.96550879251693,False,False
RR_ORACLE,RR + oracle variance,9.046997316923585,22.874036185306206,95.0,0,934620677,3.37104561229576,0.2,0.1,100000,99000,100,999,500,0.7674081319090251,0.96550879251693,False,False
RR_OBM,RR + OBM,9.046997316923585,22.38357106716009,97.0,0,934620677,3.37104561229576,0.2,0.1,100000,99000,100,999,500,0.7674081319090251,0.96550879251693,False,False
RR_OBM_RR,RR + OBM-RR,9.046997316923585,22.774653674537934,98.0,0,934620677,3.37104561229576,0.2,0.1,100000,99000,100,999,500,0.7674081319090251,0.96550879251693,False,False
RR_MSB,RR + MSB,9.046997316923585,22.038778941794263,97.0,0,934620677,3.37104561229576,0.2,0.1,100000,99000,100,999,500,0.7674081319090251,0.96550879251693,False,False
RR_BATCH,RR + batch means,10.018026570061725,20.106476040470543,93.0,0,1928628491,2.7944941096607088,0.2,0.1,100000,99000,100,999,500,0.7886025025448311,0.9730379108273683,False,False
RR_ORACLE,RR + oracle variance,10.013504936937567,20.826298494140197,93.0,0,1928628491,2.7944941096607088,0.2,0.1,100000,99000,100,999,500,0.7886025025448311,0.9730379108273683,False,False
RR_OBM,RR + OBM,10.013504936937567,20.348432143629406,92.0,0,1928628491,2.7944941096607088,0.2,0.1,100000,99000,100,999,500,0.7886025025448311,0.9730379108273683,False,False
RR_OBM_RR,RR + OBM-RR,10.013504936937567,20.410404104183986,93.0,0,1928628491,2.7944941096607088,0.2,0.1,100000,99000,100,999,500,0.7886025025448311,0.9730379108273683,False,False
RR_MSB,RR + MSB,10.013504936937567,20.08099066545017,91.0,0,1928628491,2.7944941096607088,0.2,0.1,100000,99000,100,999,500,0.7886025025448311,0.9730379108273683,False,False
RR_BATCH,RR + batch means,9.857745888716533,23.657595938163897,88.0,0,514446424,3.826453449941487,0.2,0.1,100000,99000,100,999,500,0.6650854396717192,0.9865237322781218,False,False
RR_ORACLE,RR + oracle variance,9.857151066229767,24.37017829627121,97.0,0,514446424,3.826453449941487,0.2,0.1,100000,99000,100,999,500,0.6650854396717192,0.9865237322781218,False,False
RR_OBM,RR + OBM,9.857151066229767,23.999315731536985,94.0,0,514446424,3.826453449941487,0.2,0.1,100000,99000,100,999,500,0.6650854396717192,0.9865237322781218,False,False
RR_OBM_RR,RR + OBM-RR,9.857151066229767,24.215277955507545,91.0,0,514446424,3.826453449941487,0.2,0.1,100000,99000,100,999,500,0.6650854396717192,0.9865237322781218,False,False
RR_MSB,RR + MSB,9.857151066229767,23.75877902264502,94.0,0,514446424,3.826453449941487,0.2,0.1,100000,99000,100,999,500,0.6650854396717192,0.9865237322781218,False,False
RR_BATCH,RR + batch means,12.006263546998706,16.277451111929466,93.0,0,832103482,1.8467872299257386,0.2,0.1,100000,99000,100,999,500,0.609236402748877,0.9719750872813987,False,False
RR_ORACLE,RR + oracle variance,12.002495411075104,16.93046634563105,94.0,0,832103482,1.8467872299257386,0.2,0.1,100000,99000,100,999,500,0.609236402748877,0.9719750872813987,False,False
RR_OBM,RR + OBM,12.002495411075104,16.23353887451925,93.0,0,832103482,1.8467872299257386,0.2,0.1,100000,99000,100,999,500,0.609236402748877,0.9719750872813987,False,False
RR_OBM_RR,RR + OBM-RR,12.002495411075104,16.173222239764566,92.0,0,832103482,1.8467872299257386,0.2,0.1,100000,99000,100,999,500,0.609236402748877,0.9719750872813987,False,False
RR_MSB,RR + MSB,12.002495411075104,16.100716388884553,93.0,0,832103482,1.8467872299257386,0.2,0.1,100000,99000,100,999,500,0.609236402748877,0.9719750872813987,False,False
RR_BATCH,RR + batch means,7.441103315266547,14.35063638203409,91.0,0,619179888,1.3904310474496269,0.2,0.1,100000,99000,100,999,500,0.8181650406233747,0.957962340095406,False,False
RR_ORACLE,RR + oracle variance,7.442237519546503,14.69045400456693,94.0,0,619179888,1.3904310474496269,0.2,0.1,100000,99000,100,999,500,0.8181650406233747,0.957962340095406,False,False
RR_OBM,RR + OBM,7.442237519546503,14.343170537509291,93.0,0,619179888,1.3904310474496269,0.2,0.1,100000,99000,100,999,500,0.8181650406233747,0.957962340095406,False,False
RR_OBM_RR,RR + OBM-RR,7.442237519546503,14.445464509128108,93.0,0,619179888,1.3904310474496269,0.2,0.1,100000,99000,100,999,500,0.8181650406233747,0.957962340095406,False,False
RR_MSB,RR + MSB,7.442237519546503,14.272553349101557,92.0,0,619179888,1.3904310474496269,0.2,0.1,100000,99000,100,999,500,0.8181650406233747,0.957962340095406,False,False
RR_BATCH,RR + batch means,8.23243575429171,16.43937282157037,94.0,0,1465647934,1.8816782005191437,0.2,0.1,100000,99000,100,999,500,0.8046305474845927,0.9606968152294643,False,False
RR_ORACLE,RR + oracle variance,8.225728966680416,17.08964991407197,97.0,0,1465647934,1.8816782005191437,0.2,0.1,100000,99000,100,999,500,0.8046305474845927,0.9606968152294643,False,False
RR_OBM,RR + OBM,8.225728966680416,16.779636586863482,95.0,0,1465647934,1.8816782005191437,0.2,0.1,100000,99000,100,999,500,0.8046305474845927,0.9606968152294643,False,False
RR_OBM_RR,RR + OBM-RR,8.225728966680416,16.576157842922417,94.0,0,1465647934,1.8816782005191437,0.2,0.1,100000,99000,100,999,500,0.8046305474845927,0.9606968152294643,False,False
RR_MSB,RR + MSB,8.225728966680416,16.645745131556005,93.0,0,1465647934,1.8816782005191437,0.2,0.1,100000,99000,100,999,500,0.8046305474845927,0.9606968152294643,False,False
RR_BATCH,RR + batch means,10.621071552904139,19.992754272465696,90.0,0,300116173,2.7382898532631184,0.2,0.1,100000,99000,100,999,500,0.709263124937005,0.978121368174102,False,False
RR_ORACLE,RR + oracle variance,10.616725624101354,20.61580026638862,91.0,0,300116173,2.7382898532631184,0.2,0.1,100000,99000,100,999,500,0.709263124937005,0.978121368174102,False,False
RR_OBM,RR + OBM,10.616725624101354,20.118843142531283,89.0,0,300116173,2.7382898532631184,0.2,0.1,100000,99000,100,999,500,0.709263124937005,0.978121368174102,False,False
RR_OBM_RR,RR + OBM-RR,10.616725624101354,20.066593190743365,90.0,0,300116173,2.7382898532631184,0.2,0.1,100000,99000,100,999,500,0.709263124937005,0.978121368174102,False,False
RR_MSB,RR + MSB,10.616725624101354,19.916504099942323,90.0,0,300116173,2.7382898532631184,0.2,0.1,100000,99000,100,999,500,0.709263124937005,0.978121368174102,False,False
RR_BATCH,RR + batch means,7.599398897824129,10.890869983826175,94.0,0,1367435608,0.7860562113867311,0.2,0.1,100000,99000,100,999,500,0.7780577788232529,0.9601545481079107,False,False
RR_ORACLE,RR + oracle variance,7.5980992760333175,11.045548610768368,94.0,0,1367435608,0.7860562113867311,0.2,0.1,100000,99000,100,999,500,0.7780577788232529,0.9601545481079107,False,False
RR_OBM,RR + OBM,7.5980992760333175,10.782168693160342,93.0,0,1367435608,0.7860562113867311,0.2,0.1,100000,99000,100,999,500,0.7780577788232529,0.9601545481079107,False,False
RR_OBM_RR,RR + OBM-RR,7.5980992760333175,10.677452435732725,94.0,0,1367435608,0.7860562113867311,0.2,0.1,100000,99000,100,999,500,0.7780577788232529,0.9601545481079107,False,False
RR_MSB,RR + MSB,7.5980992760333175,10.64696782833502,93.0,0,1367435608,0.7860562113867311,0.2,0.1,100000,99000,100,999,500,0.7780577788232529,0.9601545481079107,False,False
RR_BATCH,RR + batch means,7.875258858403093,12.501404700596135,96.0,0,1102145673,3.154660057345609,0.2,0.1,300000,299000,100,1933,500,0.7767013668421681,0.9865087667766611,False,False
RR_ORACLE,RR + oracle variance,7.877459407737996,12.732649262370792,97.0,0,1102145673,3.154660057345609,0.2,0.1,300000,299000,100,1933,500,0.7767013668421681,0.9865087667766611,False,False
RR_OBM,RR + OBM,7.877459407737996,12.60517647785988,96.0,0,1102145673,3.154660057345609,0.2,0.1,300000,299000,100,1933,500,0.7767013668421681,0.9865087667766611,False,False
RR_OBM_RR,RR + OBM-RR,7.877459407737996,12.55032028067435,96.0,0,1102145673,3.154660057345609,0.2,0.1,300000,299000,100,1933,500,0.7767013668421681,0.9865087667766611,False,False
RR_MSB,RR + MSB,7.877459407737996,12.445476853679294,94.0,0,1102145673,3.154660057345609,0.2,0.1,300000,299000,100,1933,500,0.7767013668421681,0.9865087667766611,False,False
RR_BATCH,RR + batch means,5.936020692337859,14.323084873663786,86.0,0,202244314,4.321050774280965,0.2,0.1,300000,299000,100,1933,500,0.7861785897410013,0.9698795742731564,False,False
RR_ORACLE,RR + oracle variance,5.9340422209874895,14.901746709823307,90.0,0,202244314,4.321050774280965,0.2,0.1,300000,299000,100,1933,500,0.7861785897410013,0.9698795742731564,False,False
RR_OBM,RR + OBM,5.9340422209874895,14.731015431256253,87.0,0,202244314,4.321050774280965,0.2,0.1,300000,299000,100,1933,500,0.7861785897410013,0.9698795742731564,False,False
RR_OBM_RR,RR + OBM-RR,5.9340422209874895,14.542442661967636,88.0,0,202244314,4.321050774280965,0.2,0.1,300000,299000,100,1933,500,0.7861785897410013,0.9698795742731564,False,False
RR_MSB,RR + MSB,5.9340422209874895,14.569330656070045,88.0,0,202244314,4.321050774280965,0.2,0.1,300000,299000,100,1933,500,0.7861785897410013,0.9698795742731564,False,False
RR_BATCH,RR + batch means,6.062659786398197,9.415374749323005,97.0,0,1843824993,1.7001381961701993,0.2,0.1,300000,299000,100,1933,500,0.7788366723395868,0.9910725969960036,False,False
RR_ORACLE,RR + oracle variance,6.060539989192066,9.347266064325144,97.0,0,1843824993,1.7001381961701993,0.2,0.1,300000,299000,100,1933,500,0.7788366723395868,0.9910725969960036,False,False
RR_OBM,RR + OBM,6.060539989192066,9.25518163625672,97.0,0,1843824993,1.7001381961701993,0.2,0.1,300000,299000,100,1933,500,0.7788366723395868,0.9910725969960036,False,False
RR_OBM_RR,RR + OBM-RR,6.060539989192066,9.348993996684952,97.0,0,1843824993,1.7001381961701993,0.2,0.1,300000,299000,100,1933,500,0.7788366723395868,0.9910725969960036,False,False
RR_MSB,RR + MSB,6.060539989192066,9.185904678367502,96.0,0,1843824993,1.7001381961701993,0.2,0.1,300000,299000,100,1933,500,0.7788366723395868,0.9910725969960036,False,False
RR_BATCH,RR + batch means,6.4913883141042845,8.809167797251998,98.0,0,1662057958,1.6217304504020316,0.2,0.1,300000,299000,100,1933,500,0.6790765424225903,0.9828583565537448,False,False
RR_ORACLE,RR + oracle variance,6.4935340082363,9.129181219891553,98.0,0,1662057958,1.6217304504020316,0.2,0.1,300000,299000,100,1933,500,0.6790765424225903,0.9828583565537448,False,False
RR_OBM,RR + OBM,6.4935340082363,8.945585083898159,98.0,0,1662057958,1.6217304504020316,0.2,0.1,300000,299000,100,1933,500,0.6790765424225903,0.9828583565537448,False,False
RR_OBM_RR,RR + OBM-RR,6.4935340082363,8.807452359573885,98.0,0,1662057958,1.6217304504020316,0.2,0.1,300000,299000,100,1933,500,0.6790765424225903,0.9828583565537448,False,False
RR_MSB,RR + MSB,6.4935340082363,8.907725908488626,98.0,0,1662057958,1.6217304504020316,0.2,0.1,300000,299000,100,1933,500,0.6790765424225903,0.9828583565537448,False,False
RR_BATCH,RR + batch means,5.654632862156027,13.471897280842068,95.0,0,796282693,3.4994070452205612,0.2,0.1,300000,299000,100,1933,500,0.7676501965691008,0.9862118083480076,False,False
RR_ORACLE,RR + oracle variance,5.655032513388772,13.410337978458172,96.0,0,796282693,3.4994070452205612,0.2,0.1,300000,299000,100,1933,500,0.7676501965691008,0.9862118083480076,False,False
RR_OBM,RR + OBM,5.655032513388772,13.350397332973584,95.0,0,796282693,3.4994070452205612,0.2,0.1,300000,299000,100,1933,500,0.7676501965691008,0.9862118083480076,False,False
RR_OBM_RR,RR + OBM-RR,5.655032513388772,13.4698980328778,94.0,0,796282693,3.4994070452205612,0.2,0.1,300000,299000,100,1933,500,0.7676501965691008,0.9862118083480076,False,False
RR_MSB,RR + MSB,5.655032513388772,13.334610938112158,95.0,0,796282693,3.4994070452205612,0.2,0.1,300000,299000,100,1933,500,0.7676501965691008,0.9862118083480076,False,False
RR_BATCH,RR + batch means,6.589992766242938,19.297133631818202,94.0,0,2095133046,7.757954275853825,0.2,0.1,300000,299000,100,1933,500,0.7856952072177379,0.9732366535263169,False,False
RR_ORACLE,RR + oracle variance,6.589781557109946,19.96715091089865,96.0,0,2095133046,7.757954275853825,0.2,0.1,300000,299000,100,1933,500,0.7856952072177379,0.9732366535263169,False,False
RR_OBM,RR + OBM,6.589781557109946,19.553941591970382,96.0,0,2095133046,7.757954275853825,0.2,0.1,300000,299000,100,1933,500,0.7856952072177379,0.9732366535263169,False,False
RR_OBM_RR,RR + OBM-RR,6.589781557109946,19.3107108279992,96.0,0,2095133046,7.757954275853825,0.2,0.1,300000,299000,100,1933,500,0.7856952072177379,0.9732366535263169,False,False
RR_MSB,RR + MSB,6.589781557109946,19.253873400979785,96.0,0,2095133046,7.757954275853825,0.2,0.1,300000,299000,100,1933,500,0.7856952072177379,0.9732366535263169,False,False
RR_BATCH,RR + batch means,5.513534140708471,11.875069365948844,96.0,0,1580016184,2.9767465568954146,0.2,0.1,300000,299000,100,1933,500,0.693869447479337,0.9799992470541787,False,False
RR_ORACLE,RR + oracle variance,5.513913880507066,12.368397163770224,94.0,0,1580016184,2.9767465568954146,0.2,0.1,300000,299000,100,1933,500,0.693869447479337,0.9799992470541787,False,False
RR_OBM,RR + OBM,5.513913880507066,12.204630407649006,94.0,0,1580016184,2.9767465568954146,0.2,0.1,300000,299000,100,1933,500,0.693869447479337,0.9799992470541787,False,False
RR_OBM_RR,RR + OBM-RR,5.513913880507066,12.038060323053204,95.0,0,1580016184,2.9767465568954146,0.2,0.1,300000,299000,100,1933,500,0.693869447479337,0.9799992470541787,False,False
RR_MSB,RR + MSB,5.513913880507066,12.046716107737439,95.0,0,1580016184,2.9767465568954146,0.2,0.1,300000,299000,100,1933,500,0.693869447479337,0.9799992470541787,False,False
RR_BATCH,RR + batch means,5.662803776802271,13.405008109265632,92.0,0,191664964,3.6494337442282094,0.2,0.1,300000,299000,100,1933,500,0.6170130688482545,0.9783108365748661,False,False
RR_ORACLE,RR + oracle variance,5.6623366015508525,13.694785496557165,97.0,0,191664964,3.6494337442282094,0.2,0.1,300000,299000,100,1933,500,0.6170130688482545,0.9783108365748661,False,False
RR_OBM,RR + OBM,5.6623366015508525,13.569316883623987,94.0,0,191664964,3.6494337442282094,0.2,0.1,300000,299000,100,1933,500,0.6170130688482545,0.9783108365748661,False,False
RR_OBM_RR,RR + OBM-RR,5.6623366015508525,13.506731358082344,92.0,0,191664964,3.6494337442282094,0.2,0.1,300000,299000,100,1933,500,0.6170130688482545,0.9783108365748661,False,False
RR_MSB,RR + MSB,5.6623366015508525,13.501791097356497,93.0,0,191664964,3.6494337442282094,0.2,0.1,300000,299000,100,1933,500,0.6170130688482545,0.9783108365748661,False,False
RR_BATCH,RR + batch means,5.678817197171824,10.19150513593761,91.0,0,184566854,2.1112269925914977,0.2,0.1,300000,299000,100,1933,500,0.7491233564398936,0.9591915905840974,False,False
RR_ORACLE,RR + oracle variance,5.677926097597281,10.416215524935863,96.0,0,184566854,2.1112269925914977,0.2,0.1,300000,299000,100,1933,500,0.7491233564398936,0.9591915905840974,False,False
RR_OBM,RR + OBM,5.677926097597281,10.317151673633981,92.0,0,184566854,2.1112269925914977,0.2,0.1,300000,299000,100,1933,500,0.7491233564398936,0.9591915905840974,False,False
RR_OBM_RR,RR + OBM-RR,5.677926097597281,10.290165892234294,93.0,0,184566854,2.1112269925914977,0.2,0.1,300000,299000,100,1933,500,0.7491233564398936,0.9591915905840974,False,False
RR_MSB,RR + MSB,5.677926097597281,10.230852904858727,93.0,0,184566854,2.1112269925914977,0.2,0.1,300000,299000,100,1933,500,0.7491233564398936,0.9591915905840974,False,False
RR_BATCH,RR + batch means,4.941180351443168,6.7673212898986925,92.0,0,929893138,0.9084848316243732,0.2,0.1,300000,299000,100,1933,500,0.7969711608066093,0.9611676845272247,False,False
RR_ORACLE,RR + oracle variance,4.941361472810202,6.8328412830095475,94.0,0,929893138,0.9084848316243732,0.2,0.1,300000,299000,100,1933,500,0.7969711608066093,0.9611676845272247,False,False
RR_OBM,RR + OBM,4.941361472810202,6.788648568811249,93.0,0,929893138,0.9084848316243732,0.2,0.1,300000,299000,100,1933,500,0.7969711608066093,0.9611676845272247,False,False
RR_OBM_RR,RR + OBM-RR,4.941361472810202,6.796891392456136,92.0,0,929893138,0.9084848316243732,0.2,0.1,300000,299000,100,1933,500,0.7969711608066093,0.9611676845272247,False,False
RR_MSB,RR + MSB,4.941361472810202,6.74320402829898,93.0,0,929893138,0.9084848316243732,0.2,0.1,300000,299000,100,1933,500,0.7969711608066093,0.9611676845272247,False,False
RR_BATCH,RR + batch means,5.1146766555661145,10.44345841030817,92.0,0,1130604998,2.1629023445129523,0.2,0.1,300000,299000,100,1933,500,0.8180013399446049,0.9648496803828693,False,False
RR_ORACLE,RR + oracle variance,5.113809978216785,10.542920901351971,91.0,0,1130604998,2.1629023445129523,0.2,0.1,300000,299000,100,1933,500,0.8180013399446049,0.9648496803828693,False,False
RR_OBM,RR + OBM,5.113809978216785,10.457473272645474,93.0,0,1130604998,2.1629023445129523,0.2,0.1,300000,299000,100,1933,500,0.8180013399446049,0.9648496803828693,False,False
RR_OBM_RR,RR + OBM-RR,5.113809978216785,10.46292303266684,92.0,0,1130604998,2.1629023445129523,0.2,0.1,300000,299000,100,1933,500,0.8180013399446049,0.9648496803828693,False,False
RR_MSB,RR + MSB,5.113809978216785,10.38350010856872,91.0,0,1130604998,2.1629023445129523,0.2,0.1,300000,299000,100,1933,500,0.8180013399446049,0.9648496803828693,False,False
RR_BATCH,RR + batch means,6.490482825182915,12.335109758871699,91.0,0,275121931,3.0829958319904613,0.2,0.1,300000,299000,100,1933,500,0.5797995358321507,0.9809040601384286,False,False
RR_ORACLE,RR + oracle variance,6.489524796460508,12.587195029149498,93.0,0,275121931,3.0829958319904613,0.2,0.1,300000,299000,100,1933,500,0.5797995358321507,0.9809040601384286,False,False
RR_OBM,RR + OBM,6.489524796460508,12.500680049421938,93.0,0,275121931,3.0829958319904613,0.2,0.1,300000,299000,100,1933,500,0.5797995358321507,0.9809040601384286,False,False
RR_OBM_RR,RR + OBM-RR,6.489524796460508,12.392284715226237,91.0,0,275121931,3.0829958319904613,0.2,0.1,300000,299000,100,1933,500,0.5797995358321507,0.9809040601384286,False,False
RR_MSB,RR + MSB,6.489524796460508,12.380897150618555,90.0,0,275121931,3.0829958319904613,0.2,0.1,300000,299000,100,1933,500,0.5797995358321507,0.9809040601384286,False,False
RR_BATCH,RR + batch means,4.47229144900322,7.084474122573065,93.0,0,1074497556,0.9918530277480927,0.2,0.1,300000,299000,100,1933,500,0.782542343257498,0.9631394294138098,False,False
RR_ORACLE,RR + oracle variance,4.472525837477048,7.139472978568294,94.0,0,1074497556,0.9918530277480927,0.2,0.1,300000,299000,100,1933,500,0.782542343257498,0.9631394294138098,False,False
RR_OBM,RR + OBM,4.472525837477048,7.084120136826379,94.0,0,1074497556,0.9918530277480927,0.2,0.1,300000,299000,100,1933,500,0.782542343257498,0.9631394294138098,False,False
RR_OBM_RR,RR + OBM-RR,4.472525837477048,7.042347261674801,94.0,0,1074497556,0.9918530277480927,0.2,0.1,300000,299000,100,1933,500,0.782542343257498,0.9631394294138098,False,False
RR_MSB,RR + MSB,4.472525837477048,6.994740655533037,94.0,0,1074497556,0.9918530277480927,0.2,0.1,300000,299000,100,1933,500,0.782542343257498,0.9631394294138098,False,False
RR_BATCH,RR + batch means,3.4612902125391147,7.962457540531465,98.0,0,1990212659,1.288161905605608,0.2,0.1,300000,299000,100,1933,500,0.8433534285194172,0.9410252605005613,False,False
RR_ORACLE,RR + oracle variance,3.46182694110808,8.136314331436811,98.0,0,1990212659,1.288161905605608,0.2,0.1,300000,299000,100,1933,500,0.8433534285194172,0.9410252605005613,False,False
RR_OBM,RR + OBM,3.46182694110808,8.036109298431013,98.0,0,1990212659,1.288161905605608,0.2,0.1,300000,299000,100,1933,500,0.8433534285194172,0.9410252605005613,False,False
RR_OBM_RR,RR + OBM-RR,3.46182694110808,7.988889071033119,98.0,0,1990212659,1.288161905605608,0.2,0.1,300000,299000,100,1933,500,0.8433534285194172,0.9410252605005613,False,False
RR_MSB,RR + MSB,3.46182694110808,8.009052682950612,98.0,0,1990212659,1.288161905605608,0.2,0.1,300000,299000,100,1933,500,0.8433534285194172,0.9410252605005613,False,False
RR_BATCH,RR + batch means,5.060037682301353,7.292789343110777,91.0,0,1405681632,1.0944420187069794,0.2,0.1,300000,299000,100,1933,500,0.6723387524196869,0.9608867344989493,False,False
RR_ORACLE,RR + oracle variance,5.0563593311569175,7.499613320243923,93.0,0,1405681632,1.0944420187069794,0.2,0.1,300000,299000,100,1933,500,0.6723387524196869,0.9608867344989493,False,False
RR_OBM,RR + OBM,5.0563593311569175,7.404589565599263,93.0,0,1405681632,1.0944420187069794,0.2,0.1,300000,299000,100,1933,500,0.6723387524196869,0.9608867344989493,False,False
RR_OBM_RR,RR + OBM-RR,5.0563593311569175,7.334422741880783,93.0,0,1405681632,1.0944420187069794,0.2,0.1,300000,299000,100,1933,500,0.6723387524196869,0.9608867344989493,False,False
RR_MSB,RR + MSB,5.0563593311569175,7.338319173641832,93.0,0,1405681632,1.0944420187069794,0.2,0.1,300000,299000,100,1933,500,0.6723387524196869,0.9608867344989493,False,False
RR_BATCH,RR + batch means,4.824648352008286,10.394313797843735,96.0,0,942484272,2.1211773083799685,0.2,0.1,300000,299000,100,1933,500,0.6856096098338498,0.9800598439929239,False,False
RR_ORACLE,RR + oracle variance,4.823225357881756,10.440732737092292,96.0,0,942484272,2.1211773083799685,0.2,0.1,300000,299000,100,1933,500,0.6856096098338498,0.9800598439929239,False,False
RR_OBM,RR + OBM,4.823225357881756,10.326950489077301,96.0,0,942484272,2.1211773083799685,0.2,0.1,300000,299000,100,1933,500,0.6856096098338498,0.9800598439929239,False,False
RR_OBM_RR,RR + OBM-RR,4.823225357881756,10.423872870371039,96.0,0,942484272,2.1211773083799685,0.2,0.1,300000,299000,100,1933,500,0.6856096098338498,0.9800598439929239,False,False
RR_MSB,RR + MSB,4.823225357881756,10.227217000033084,95.0,0,942484272,2.1211773083799685,0.2,0.1,300000,299000,100,1933,500,0.6856096098338498,0.9800598439929239,False,False
RR_BATCH,RR + batch means,6.037183216963266,8.468431969346549,94.0,0,1688060241,1.4441085443788395,0.2,0.1,300000,299000,100,1933,500,0.8471715979797765,0.97691339865281,False,False
RR_ORACLE,RR + oracle variance,6.037229115265702,8.614744695296258,95.0,0,1688060241,1.4441085443788395,0.2,0.1,300000,299000,100,1933,500,0.8471715979797765,0.97691339865281,False,False
RR_OBM,RR + OBM,6.037229115265702,8.519561458924521,95.0,0,1688060241,1.4441085443788395,0.2,0.1,300000,299000,100,1933,500,0.8471715979797765,0.97691339865281,False,False
RR_OBM_RR,RR + OBM-RR,6.037229115265702,8.513558977779535,93.0,0,1688060241,1.4441085443788395,0.2,0.1,300000,299000,100,1933,500,0.8471715979797765,0.97691339865281,False,False
RR_MSB,RR + MSB,6.037229115265702,8.508637992335396,94.0,0,1688060241,1.4441085443788395,0.2,0.1,300000,299000,100,1933,500,0.8471715979797765,0.97691339865281,False,False
RR_BATCH,RR + batch means,4.4260751998424555,8.700558192912178,93.0,0,1803345591,1.560769649441434,0.2,0.1,300000,299000,100,1933,500,0.7700944482408887,0.9718405574716356,False,False
RR_ORACLE,RR + oracle variance,4.426112540601338,8.955954904592248,92.0,0,1803345591,1.560769649441434,0.2,0.1,300000,299000,100,1933,500,0.7700944482408887,0.9718405574716356,False,False
RR_OBM,RR + OBM,4.426112540601338,8.837970843548144,93.0,0,1803345591,1.560769649441434,0.2,0.1,300000,299000,100,1933,500,0.7700944482408887,0.9718405574716356,False,False
RR_OBM_RR,RR + OBM-RR,4.426112540601338,8.75770664110579,94.0,0,1803345591,1.560769649441434,0.2,0.1,300000,299000,100,1933,500,0.7700944482408887,0.9718405574716356,False,False
RR_MSB,RR + MSB,4.426112540601338,8.831909212992711,91.0,0,1803345591,1.560769649441434,0.2,0.1,300000,299000,100,1933,500,0.7700944482408887,0.9718405574716356,False,False
RR_BATCH,RR + batch means,4.709323960419596,10.1803002166689,90.0,0,1540770720,2.0848593466381438,0.2,0.1,300000,299000,100,1933,500,0.8102771343106778,0.9821970848719925,False,False
RR_ORACLE,RR + oracle variance,4.709803553853867,10.350965784387514,93.0,0,1540770720,2.0848593466381438,0.2,0.1,300000,299000,100,1933,500,0.8102771343106778,0.9821970848719925,False,False
RR_OBM,RR + OBM,4.709803553853867,10.195940433595498,90.0,0,1540770720,2.0848593466381438,0.2,0.1,300000,299000,100,1933,500,0.8102771343106778,0.9821970848719925,False,False
RR_OBM_RR,RR + OBM-RR,4.709803553853867,10.115092566334916,92.0,0,1540770720,2.0848593466381438,0.2,0.1,300000,299000,100,1933,500,0.8102771343106778,0.9821970848719925,False,False
RR_MSB,RR + MSB,4.709803553853867,10.148370867706667,91.0,0,1540770720,2.0848593466381438,0.2,0.1,300000,299000,100,1933,500,0.8102771343106778,0.9821970848719925,False,False
RR_BATCH,RR + batch means,5.681456710507491,8.727661944763398,93.0,0,967196436,1.5225872863170185,0.2,0.1,300000,299000,100,1933,500,0.71009375439602,0.9744737283784642,False,False
RR_ORACLE,RR + oracle variance,5.682295577906007,8.845728225729529,94.0,0,967196436,1.5225872863170185,0.2,0.1,300000,299000,100,1933,500,0.71009375439602,0.9744737283784642,False,False
RR_OBM,RR + OBM,5.682295577906007,8.78194838499286,93.0,0,967196436,1.5225872863170185,0.2,0.1,300000,299000,100,1933,500,0.71009375439602,0.9744737283784642,False,False
RR_OBM_RR,RR + OBM-RR,5.682295577906007,8.83889123344015,93.0,0,967196436,1.5225872863170185,0.2,0.1,300000,299000,100,1933,500,0.71009375439602,0.9744737283784642,False,False
RR_MSB,RR + MSB,5.682295577906007,8.742478049855995,94.0,0,967196436,1.5225872863170185,0.2,0.1,300000,299000,100,1933,500,0.71009375439602,0.9744737283784642,False,False
RR_BATCH,RR + batch means,6.804717681740695,12.112071601539254,94.0,0,392022359,2.967907203679725,0.2,0.1,300000,299000,100,1933,500,0.724357336895496,0.9891818939270395,False,False
RR_ORACLE,RR + oracle variance,6.803261626481846,12.350019731925864,97.0,0,392022359,2.967907203679725,0.2,0.1,300000,299000,100,1933,500,0.724357336895496,0.9891818939270395,False,False
RR_OBM,RR + OBM,6.803261626481846,12.063293936673585,97.0,0,392022359,2.967907203679725,0.2,0.1,300000,299000,100,1933,500,0.724357336895496,0.9891818939270395,False,False
RR_OBM_RR,RR + OBM-RR,6.803261626481846,12.100228879604881,94.0,0,392022359,2.967907203679725,0.2,0.1,300000,299000,100,1933,500,0.724357336895496,0.9891818939270395,False,False
RR_MSB,RR + MSB,6.803261626481846,11.924338798777216,95.0,0,392022359,2.967907203679725,0.2,0.1,300000,299000,100,1933,500,0.724357336895496,0.9891818939270395,False,False
RR_BATCH,RR + batch means,4.951625786653894,9.655060685581601,97.0,0,432652533,1.9611068538101502,0.2,0.1,300000,299000,100,1933,500,0.7171510190072995,0.9811557567616923,False,False
RR_ORACLE,RR + oracle variance,4.949833356232991,10.039061650438606,98.0,0,432652533,1.9611068538101502,0.2,0.1,300000,299000,100,1933,500,0.7171510190072995,0.9811557567616923,False,False
RR_OBM,RR + OBM,4.949833356232991,9.90332984613822,97.0,0,432652533,1.9611068538101502,0.2,0.1,300000,299000,100,1933,500,0.7171510190072995,0.9811557567616923,False,False
RR_OBM_RR,RR + OBM-RR,4.949833356232991,9.843473207240844,95.0,0,432652533,1.9611068538101502,0.2,0.1,300000,299000,100,1933,500,0.7171510190072995,0.9811557567616923,False,False
RR_MSB,RR + MSB,4.949833356232991,9.823580023398929,97.0,0,432652533,1.9611068538101502,0.2,0.1,300000,299000,100,1933,500,0.7171510190072995,0.9811557567616923,False,False
RR_BATCH,RR + batch means,4.970148916723777,11.051196634715165,93.0,0,1497586439,2.482036996357162,0.2,0.1,300000,299000,100,1933,500,0.7570355025661545,0.9546844288686142,False,False
RR_ORACLE,RR + oracle variance,4.970028882272755,11.29396968934089,94.0,0,1497586439,2.482036996357162,0.2,0.1,300000,299000,100,1933,500,0.7570355025661545,0.9546844288686142,False,False
RR_OBM,RR + OBM,4.970028882272755,11.138781341015235,94.0,0,1497586439,2.482036996357162,0.2,0.1,300000,299000,100,1933,500,0.7570355025661545,0.9546844288686142,False,False
RR_OBM_RR,RR + OBM-RR,4.970028882272755,11.059441441710858,94.0,0,1497586439,2.482036996357162,0.2,0.1,300000,299000,100,1933,500,0.7570355025661545,0.9546844288686142,False,False
RR_MSB,RR + MSB,4.970028882272755,11.037644296402414,93.0,0,1497586439,2.482036996357162,0.2,0.1,300000,299000,100,1933,500,0.7570355025661545,0.9546844288686142,False,False
RR_BATCH,RR + batch means,6.3941147883191105,8.34270316939799,94.0,0,1634535063,1.4231973693020514,0.2,0.1,300000,299000,100,1933,500,0.6945541001652723,0.9748787957217653,False,False
RR_ORACLE,RR + oracle variance,6.392937611399679,8.552145059710359,94.0,0,1634535063,1.4231973693020514,0.2,0.1,300000,299000,100,1933,500,0.6945541001652723,0.9748787957217653,False,False
RR_OBM,RR + OBM,6.392937611399679,8.460043456327817,93.0,0,1634535063,1.4231973693020514,0.2,0.1,300000,299000,100,1933,500,0.6945541001652723,0.9748787957217653,False,False
RR_OBM_RR,RR + OBM-RR,6.392937611399679,8.459409226945974,92.0,0,1634535063,1.4231973693020514,0.2,0.1,300000,299000,100,1933,500,0.6945541001652723,0.9748787957217653,False,False
RR_MSB,RR + MSB,6.392937611399679,8.378240356991826,94.0,0,1634535063,1.4231973693020514,0.2,0.1,300000,299000,100,1933,500,0.6945541001652723,0.9748787957217653,False,False
RR_BATCH,RR + batch means,4.855983830134971,7.053702258539208,97.0,0,1678403331,1.0130933577483543,0.2,0.1,300000,299000,100,1933,500,0.8130787548824936,0.9704160595057733,False,False
RR_ORACLE,RR + oracle variance,4.8555618449764335,7.215513216260781,98.0,0,1678403331,1.0130933577483543,0.2,0.1,300000,299000,100,1933,500,0.8130787548824936,0.9704160595057733,False,False
RR_OBM,RR + OBM,4.8555618449764335,7.125144332229274,98.0,0,1678403331,1.0130933577483543,0.2,0.1,300000,299000,100,1933,500,0.8130787548824936,0.9704160595057733,False,False
RR_OBM_RR,RR + OBM-RR,4.8555618449764335,7.0698104325239,98.0,0,1678403331,1.0130933577483543,0.2,0.1,300000,299000,100,1933,500,0.8130787548824936,0.9704160595057733,False,False
RR_MSB,RR + MSB,4.8555618449764335,7.06218428361729,98.0,0,1678403331,1.0130933577483543,0.2,0.1,300000,299000,100,1933,500,0.8130787548824936,0.9704160595057733,False,False
RR_BATCH,RR + batch means,5.365722315942849,8.595827651320468,95.0,0,197860369,1.526526566184373,0.2,0.1,300000,299000,100,1933,500,0.712148603784999,0.9743046378159217,False,False
RR_ORACLE,RR + oracle variance,5.365349804060841,8.857163790058197,97.0,0,197860369,1.526526566184373,0.2,0.1,300000,299000,100,1933,500,0.712148603784999,0.9743046378159217,False,False
RR_OBM,RR + OBM,5.365349804060841,8.71337549869082,96.0,0,197860369,1.526526566184373,0.2,0.1,300000,299000,100,1933,500,0.712148603784999,0.9743046378159217,False,False
RR_OBM_RR,RR + OBM-RR,5.365349804060841,8.61419274636833,95.0,0,197860369,1.526526566184373,0.2,0.1,300000,299000,100,1933,500,0.712148603784999,0.9743046378159217,False,False
RR_MSB,RR + MSB,5.365349804060841,8.631921456754931,96.0,0,197860369,1.526526566184373,0.2,0.1,300000,299000,100,1933,500,0.712148603784999,0.9743046378159217,False,False
RR_BATCH,RR + batch means,5.413190094761781,5.367166793115021,89.0,0,487991439,0.5788421349952112,0.2,0.1,300000,299000,100,1933,500,0.7499907647920281,0.9684521682237308,False,False
RR_ORACLE,RR + oracle variance,5.413453418627713,5.454093274631901,91.0,0,487991439,0.5788421349952112,0.2,0.1,300000,299000,100,1933,500,0.7499907647920281,0.9684521682237308,False,False
RR_OBM,RR + OBM,5.413453418627713,5.413222521611369,92.0,0,487991439,0.5788421349952112,0.2,0.1,300000,299000,100,1933,500,0.7499907647920281,0.9684521682237308,False,False
RR_OBM_RR,RR + OBM-RR,5.413453418627713,5.39213125395687,90.0,0,487991439,0.5788421349952112,0.2,0.1,300000,299000,100,1933,500,0.7499907647920281,0.9684521682237308,False,False
RR_MSB,RR + MSB,5.413453418627713,5.384204511941347,91.0,0,487991439,0.5788421349952112,0.2,0.1,300000,299000,100,1933,500,0.7499907647920281,0.9684521682237308,False,False
RR_BATCH,RR + batch means,5.593593770121625,8.352855002988893,93.0,0,1382689816,1.4935088068017774,0.2,0.1,300000,299000,100,1933,500,0.7014268498840708,0.983754894179103,False,False
RR_ORACLE,RR + oracle variance,5.592977912301034,8.760852862129363,94.0,0,1382689816,1.4935088068017774,0.2,0.1,300000,299000,100,1933,500,0.7014268498840708,0.983754894179103,False,False
RR_OBM,RR + OBM,5.592977912301034,8.575002148004437,94.0,0,1382689816,1.4935088068017774,0.2,0.1,300000,299000,100,1933,500,0.7014268498840708,0.983754894179103,False,False
RR_OBM_RR,RR + OBM-RR,5.592977912301034,8.44657784042585,94.0,0,1382689816,1.4935088068017774,0.2,0.1,300000,299000,100,1933,500,0.7014268498840708,0.983754894179103,False,False
RR_MSB,RR + MSB,5.592977912301034,8.493941375680166,94.0,0,1382689816,1.4935088068017774,0.2,0.1,300000,299000,100,1933,500,0.7014268498840708,0.983754894179103,False,False
RR_BATCH,RR + batch means,5.632370526635645,11.091674073046516,96.0,0,1766867110,2.461885435521448,0.2,0.1,300000,299000,100,1933,500,0.7862294349166898,0.966528381029845,False,False
RR_ORACLE,RR + oracle variance,5.631305917757878,11.248028602787569,95.0,0,1766867110,2.461885435521448,0.2,0.1,300000,299000,100,1933,500,0.7862294349166898,0.966528381029845,False,False
RR_OBM,RR + OBM,5.631305917757878,11.068070952138964,94.0,0,1766867110,2.461885435521448,0.2,0.1,300000,299000,100,1933,500,0.7862294349166898,0.966528381029845,False,False
RR_OBM_RR,RR + OBM-RR,5.631305917757878,11.055406840146214,94.0,0,1766867110,2.461885435521448,0.2,0.1,300000,299000,100,1933,500,0.7862294349166898,0.966528381029845,False,False
RR_MSB,RR + MSB,5.631305917757878,10.999067132342608,92.0,0,1766867110,2.461885435521448,0.2,0.1,300000,299000,100,1933,500,0.7862294349166898,0.966528381029845,False,False
RR_BATCH,RR + batch means,4.343248193507462,4.707425854695415,94.0,0,594336918,0.4439071282822261,0.2,0.1,300000,299000,100,1933,500,0.7276265850596422,0.9523667283337245,False,False
RR_ORACLE,RR + oracle variance,4.342450584696787,4.776266511206249,94.0,0,594336918,0.4439071282822261,0.2,0.1,300000,299000,100,1933,500,0.7276265850596422,0.9523667283337245,False,False
RR_OBM,RR + OBM,4.342450584696787,4.750560887129957,94.0,0,594336918,0.4439071282822261,0.2,0.1,300000,299000,100,1933,500,0.7276265850596422,0.9523667283337245,False,False
RR_OBM_RR,RR + OBM-RR,4.342450584696787,4.746689313785167,95.0,0,594336918,0.4439071282822261,0.2,0.1,300000,299000,100,1933,500,0.7276265850596422,0.9523667283337245,False,False
RR_MSB,RR + MSB,4.342450584696787,4.717594803676822,93.0,0,594336918,0.4439071282822261,0.2,0.1,300000,299000,100,1933,500,0.7276265850596422,0.9523667283337245,False,False
RR_BATCH,RR + batch means,3.810796103358892,7.792758484769711,95.0,0,1171300113,1.2144267650326144,0.2,0.1,300000,299000,100,1933,500,0.7602631152445626,0.9706581183138677,False,False
RR_ORACLE,RR + oracle variance,3.810862640310903,7.900019396802377,95.0,0,1171300113,1.2144267650326144,0.2,0.1,300000,299000,100,1933,500,0.7602631152445626,0.9706581183138677,False,False
RR_OBM,RR + OBM,3.810862640310903,7.796654135463422,94.0,0,1171300113,1.2144267650326144,0.2,0.1,300000,299000,100,1933,500,0.7602631152445626,0.9706581183138677,False,False
RR_OBM_RR,RR + OBM-RR,3.810862640310903,7.797518122360145,94.0,0,1171300113,1.2144267650326144,0.2,0.1,300000,299000,100,1933,500,0.7602631152445626,0.9706581183138677,False,False
RR_MSB,RR + MSB,3.810862640310903,7.698436030361982,94.0,0,1171300113,1.2144267650326144,0.2,0.1,300000,299000,100,1933,500,0.7602631152445626,0.9706581183138677,False,False
RR_BATCH,RR + batch means,5.42266838368065,8.700627919858958,95.0,0,952224741,1.5701323961864633,0.2,0.1,300000,299000,100,1933,500,0.7938242041958898,0.974776274450555,False,False
RR_ORACLE,RR + oracle variance,5.422419538964165,8.98277723550556,98.0,0,952224741,1.5701323961864633,0.2,0.1,300000,299000,100,1933,500,0.7938242041958898,0.974776274450555,False,False
RR_OBM,RR + OBM,5.422419538964165,8.903049441563338,97.0,0,952224741,1.5701323961864633,0.2,0.1,300000,299000,100,1933,500,0.7938242041958898,0.974776274450555,False,False
RR_OBM_RR,RR + OBM-RR,5.422419538964165,8.78561775606514,94.0,0,952224741,1.5701323961864633,0.2,0.1,300000,299000,100,1933,500,0.7938242041958898,0.974776274450555,False,False
RR_MSB,RR + MSB,5.422419538964165,8.743134124397463,97.0,0,952224741,1.5701323961864633,0.2,0.1,300000,299000,100,1933,500,0.7938242041958898,0.974776274450555,False,False
RR_BATCH,RR + batch means,4.667911118180065,6.081060972240348,95.0,0,864178267,0.7480735775826947,0.2,0.1,300000,299000,100,1933,500,0.8160020274446405,0.9722262482260365,False,False
RR_ORACLE,RR + oracle variance,4.667209026048407,6.20032779706689,96.0,0,864178267,0.7480735775826947,0.2,0.1,300000,299000,100,1933,500,0.8160020274446405,0.9722262482260365,False,False
RR_OBM,RR + OBM,4.667209026048407,6.159717682301651,96.0,0,864178267,0.7480735775826947,0.2,0.1,300000,299000,100,1933,500,0.8160020274446405,0.9722262482260365,False,False
RR_OBM_RR,RR + OBM-RR,4.667209026048407,6.120242967920005,96.0,0,864178267,0.7480735775826947,0.2,0.1,300000,299000,100,1933,500,0.8160020274446405,0.9722262482260365,False,False
RR_MSB,RR + MSB,4.667209026048407,6.074336736298853,95.0,0,864178267,0.7480735775826947,0.2,0.1,300000,299000,100,1933,500,0.8160020274446405,0.9722262482260365,False,False
RR_BATCH,RR + batch means,5.500939484864804,11.68569903298605,98.0,0,1627981025,2.734181500222118,0.2,0.1,300000,299000,100,1933,500,0.7706907675027578,0.9582762062789966,False,False
RR_ORACLE,RR + oracle variance,5.499460987196714,11.853760895879487,96.0,0,1627981025,2.734181500222118,0.2,0.1,300000,299000,100,1933,500,0.7706907675027578,0.9582762062789966,False,False
RR_OBM,RR + OBM,5.499460987196714,11.762274259191392,97.0,0,1627981025,2.734181500222118,0.2,0.1,300000,299000,100,1933,500,0.7706907675027578,0.9582762062789966,False,False
RR_OBM_RR,RR + OBM-RR,5.499460987196714,11.80315521564949,98.0,0,1627981025,2.734181500222118,0.2,0.1,300000,299000,100,1933,500,0.7706907675027578,0.9582762062789966,False,False
RR_MSB,RR + MSB,5.499460987196714,11.670940964898925,98.0,0,1627981025,2.734181500222118,0.2,0.1,300000,299000,100,1933,500,0.7706907675027578,0.9582762062789966,False,False
RR_BATCH,RR + batch means,5.469498160142512,11.229718772590008,95.0,0,1906728919,2.4702153729064475,0.2,0.1,300000,299000,100,1933,500,0.840954022969886,0.9673394202974377,False,False
RR_ORACLE,RR + oracle variance,5.468313954887548,11.267041723876233,95.0,0,1906728919,2.4702153729064475,0.2,0.1,300000,299000,100,1933,500,0.840954022969886,0.9673394202974377,False,False
RR_OBM,RR + OBM,5.468313954887548,11.213855626189515,95.0,0,1906728919,2.4702153729064475,0.2,0.1,300000,299000,100,1933,500,0.840954022969886,0.9673394202974377,False,False
RR_OBM_RR,RR + OBM-RR,5.468313954887548,11.198987774229087,95.0,0,1906728919,2.4702153729064475,0.2,0.1,300000,299000,100,1933,500,0.840954022969886,0.9673394202974377,False,False
RR_MSB,RR + MSB,5.468313954887548,11.094542080495371,95.0,0,1906728919,2.4702153729064475,0.2,0.1,300000,299000,100,1933,500,0.840954022969886,0.9673394202974377,False,False
RR_BATCH,RR + batch means,7.078388204201458,7.333977842978863,93.0,0,1190961761,1.0578529340808747,0.2,0.1,300000,299000,100,1933,500,0.7727634973220407,0.9846966062055065,False,False
RR_ORACLE,RR + oracle variance,7.07879254948104,7.373185154737988,96.0,0,1190961761,1.0578529340808747,0.2,0.1,300000,299000,100,1933,500,0.7727634973220407,0.9846966062055065,False,False
RR_OBM,RR + OBM,7.07879254948104,7.365722665246695,95.0,0,1190961761,1.0578529340808747,0.2,0.1,300000,299000,100,1933,500,0.7727634973220407,0.9846966062055065,False,False
RR_OBM_RR,RR + OBM-RR,7.07879254948104,7.418465658760893,94.0,0,1190961761,1.0578529340808747,0.2,0.1,300000,299000,100,1933,500,0.7727634973220407,0.9846966062055065,False,False
RR_MSB,RR + MSB,7.07879254948104,7.319867335878691,94.0,0,1190961761,1.0578529340808747,0.2,0.1,300000,299000,100,1933,500,0.7727634973220407,0.9846966062055065,False,False
RR_BATCH,RR + batch means,5.71698397354958,8.373454093465687,90.0,0,1843166519,1.3821944944951714,0.2,0.1,300000,299000,100,1933,500,0.7978711813536549,0.9687988672836144,False,False
RR_ORACLE,RR + oracle variance,5.717077532315148,8.428049388335273,92.0,0,1843166519,1.3821944944951714,0.2,0.1,300000,299000,100,1933,500,0.7978711813536549,0.9687988672836144,False,False
RR_OBM,RR + OBM,5.717077532315148,8.367210723679902,92.0,0,1843166519,1.3821944944951714,0.2,0.1,300000,299000,100,1933,500,0.7978711813536549,0.9687988672836144,False,False
RR_OBM_RR,RR + OBM-RR,5.717077532315148,8.453050647700747,91.0,0,1843166519,1.3821944944951714,0.2,0.1,300000,299000,100,1933,500,0.7978711813536549,0.9687988672836144,False,False
RR_MSB,RR + MSB,5.717077532315148,8.195516919276663,90.0,0,1843166519,1.3821944944951714,0.2,0.1,300000,299000,100,1933,500,0.7978711813536549,0.9687988672836144,False,False
RR_BATCH,RR + batch means,4.07039029060487,9.852142636040325,94.0,0,967354525,1.970912519537936,0.2,0.1,300000,299000,100,1933,500,0.7755973481799772,0.9446797600389772,False,False
RR_ORACLE,RR + oracle variance,4.069740693966758,10.064128346318773,96.0,0,967354525,1.970912519537936,0.2,0.1,300000,299000,100,1933,500,0.7755973481799772,0.9446797600389772,False,False
RR_OBM,RR + OBM,4.069740693966758,9.91373587468123,96.0,0,967354525,1.970912519537936,0.2,0.1,300000,299000,100,1933,500,0.7755973481799772,0.9446797600389772,False,False
RR_OBM_RR,RR + OBM-RR,4.069740693966758,9.917435084979797,96.0,0,967354525,1.970912519537936,0.2,0.1,300000,299000,100,1933,500,0.7755973481799772,0.9446797600389772,False,False
RR_MSB,RR + MSB,4.069740693966758,9.78894958636136,93.0,0,967354525,1.970912519537936,0.2,0.1,300000,299000,100,1933,500,0.7755973481799772,0.9446797600389772,False,False
RR_BATCH,RR + batch means,4.568737200889246,3.9181999104852685,97.0,0,1777324408,0.3029161727201015,0.2,0.1,300000,299000,100,1933,500,0.8010976155873887,0.9654714672176318,False,False
RR_ORACLE,RR + oracle variance,4.567918535076095,3.9455152197804177,96.0,0,1777324408,0.3029161727201015,0.2,0.1,300000,299000,100,1933,500,0.8010976155873887,0.9654714672176318,False,False
RR_OBM,RR + OBM,4.567918535076095,3.928987440884979,96.0,0,1777324408,0.3029161727201015,0.2,0.1,300000,299000,100,1933,500,0.8010976155873887,0.9654714672176318,False,False
RR_OBM_RR,RR + OBM-RR,4.567918535076095,3.9475480267129224,95.0,0,1777324408,0.3029161727201015,0.2,0.1,300000,299000,100,1933,500,0.8010976155873887,0.9654714672176318,False,False
RR_MSB,RR + MSB,4.567918535076095,3.882317016493697,94.0,0,1777324408,0.3029161727201015,0.2,0.1,300000,299000,100,1933,500,0.8010976155873887,0.9654714672176318,False,False
RR_BATCH,RR + batch means,5.908163967197936,10.200972529273702,92.0,0,1356488968,2.0826256161997465,0.2,0.1,300000,299000,100,1933,500,0.7032738151997727,0.9694387541389551,False,False
RR_ORACLE,RR + oracle variance,5.905644028865882,10.345419255850313,91.0,0,1356488968,2.0826256161997465,0.2,0.1,300000,299000,100,1933,500,0.7032738151997727,0.9694387541389551,False,False
RR_OBM,RR + OBM,5.905644028865882,10.19853836419673,92.0,0,1356488968,2.0826256161997465,0.2,0.1,300000,299000,100,1933,500,0.7032738151997727,0.9694387541389551,False,False
RR_OBM_RR,RR + OBM-RR,5.905644028865882,10.200513992210407,92.0,0,1356488968,2.0826256161997465,0.2,0.1,300000,299000,100,1933,500,0.7032738151997727,0.9694387541389551,False,False
RR_MSB,RR + MSB,5.905644028865882,10.09707391169432,89.0,0,1356488968,2.0826256161997465,0.2,0.1,300000,299000,100,1933,500,0.7032738151997727,0.9694387541389551,False,False
RR_BATCH,RR + batch means,6.977076078455828,12.58685442822109,95.0,0,354826746,3.1441445040209923,0.2,0.1,300000,299000,100,1933,500,0.6751285977489111,0.9896895517092816,False,False
RR_ORACLE,RR + oracle variance,6.976757318201851,12.711410426471664,94.0,0,354826746,3.1441445040209923,0.2,0.1,300000,299000,100,1933,500,0.6751285977489111,0.9896895517092816,False,False
RR_OBM,RR + OBM,6.976757318201851,12.542521641104667,95.0,0,354826746,3.1441445040209923,0.2,0.1,300000,299000,100,1933,500,0.6751285977489111,0.9896895517092816,False,False
RR_OBM_RR,RR + OBM-RR,6.976757318201851,12.711634968622034,95.0,0,354826746,3.1441445040209923,0.2,0.1,300000,299000,100,1933,500,0.6751285977489111,0.9896895517092816,False,False
RR_MSB,RR + MSB,6.976757318201851,12.459524701710366,94.0,0,354826746,3.1441445040209923,0.2,0.1,300000,299000,100,1933,500,0.6751285977489111,0.9896895517092816,False,False
RR_BATCH,RR + batch means,5.961352694940363,9.23747748593855,93.0,0,137046513,1.731572060392841,0.2,0.1,300000,299000,100,1933,500,0.7744613768105492,0.9840899487630653,False,False
RR_ORACLE,RR + oracle variance,5.9599655695904925,9.4332811282003,94.0,0,137046513,1.731572060392841,0.2,0.1,300000,299000,100,1933,500,0.7744613768105492,0.9840899487630653,False,False
RR_OBM,RR + OBM,5.9599655695904925,9.297211562712755,95.0,0,137046513,1.731572060392841,0.2,0.1,300000,299000,100,1933,500,0.7744613768105492,0.9840899487630653,False,False
RR_OBM_RR,RR + OBM-RR,5.9599655695904925,9.271745993522892,93.0,0,137046513,1.731572060392841,0.2,0.1,300000,299000,100,1933,500,0.7744613768105492,0.9840899487630653,False,False
RR_MSB,RR + MSB,5.9599655695904925,9.218248860570245,94.0,0,137046513,1.731572060392841,0.2,0.1,300000,299000,100,1933,500,0.7744613768105492,0.9840899487630653,False,False
RR_BATCH,RR + batch means,4.8612962967909406,6.757178670209204,98.0,0,1504361615,0.9098223959898789,0.2,0.1,300000,299000,100,1933,500,0.8142058505260306,0.9621530203066779,False,False
RR_ORACLE,RR + oracle variance,4.861586366516496,6.8378694371372895,99.0,0,1504361615,0.9098223959898789,0.2,0.1,300000,299000,100,1933,500,0.8142058505260306,0.9621530203066779,False,False
RR_OBM,RR + OBM,4.861586366516496,6.778617889983267,97.0,0,1504361615,0.9098223959898789,0.2,0.1,300000,299000,100,1933,500,0.8142058505260306,0.9621530203066779,False,False
RR_OBM_RR,RR + OBM-RR,4.861586366516496,6.739165609319575,98.0,0,1504361615,0.9098223959898789,0.2,0.1,300000,299000,100,1933,500,0.8142058505260306,0.9621530203066779,False,False
RR_MSB,RR + MSB,4.861586366516496,6.730738193665069,96.0,0,1504361615,0.9098223959898789,0.2,0.1,300000,299000,100,1933,500,0.8142058505260306,0.9621530203066779,False,False
RR_BATCH,RR + batch means,5.906644078343923,14.016728186269999,95.0,0,2084558134,3.9084452161781185,0.2,0.1,300000,299000,100,1933,500,0.812614119494143,0.9917058152267927,False,False
RR_ORACLE,RR + oracle variance,5.906004039087992,14.172436081827085,97.0,0,2084558134,3.9084452161781185,0.2,0.1,300000,299000,100,1933,500,0.812614119494143,0.9917058152267927,False,False
RR_OBM,RR + OBM,5.906004039087992,13.933254323123261,95.0,0,2084558134,3.9084452161781185,0.2,0.1,300000,299000,100,1933,500,0.812614119494143,0.9917058152267927,False,False
RR_OBM_RR,RR + OBM-RR,5.906004039087992,14.073454575936282,96.0,0,2084558134,3.9084452161781185,0.2,0.1,300000,299000,100,1933,500,0.812614119494143,0.9917058152267927,False,False
RR_MSB,RR + MSB,5.906004039087992,13.813982699901274,95.0,0,2084558134,3.9084452161781185,0.2,0.1,300000,299000,100,1933,500,0.812614119494143,0.9917058152267927,False,False
RR_BATCH,RR + batch means,5.831932879023177,12.003050187435997,93.0,0,145857092,2.9101272309384143,0.2,0.1,300000,299000,100,1933,500,0.7528959886832006,0.9939675814751682,False,False
RR_ORACLE,RR + oracle variance,5.8309196394642,12.229212200514985,94.0,0,145857092,2.9101272309384143,0.2,0.1,300000,299000,100,1933,500,0.7528959886832006,0.9939675814751682,False,False
RR_OBM,RR + OBM,5.8309196394642,12.131370611700417,94.0,0,145857092,2.9101272309384143,0.2,0.1,300000,299000,100,1933,500,0.7528959886832006,0.9939675814751682,False,False
RR_OBM_RR,RR + OBM-RR,5.8309196394642,12.139666901159591,93.0,0,145857092,2.9101272309384143,0.2,0.1,300000,299000,100,1933,500,0.7528959886832006,0.9939675814751682,False,False
RR_MSB,RR + MSB,5.8309196394642,12.019499465481838,93.0,0,145857092,2.9101272309384143,0.2,0.1,300000,299000,100,1933,500,0.7528959886832006,0.9939675814751682,False,False
RR_BATCH,RR + batch means,4.780299021073257,7.884400410067008,94.0,0,761338719,1.238475455786897,0.2,0.1,300000,299000,100,1933,500,0.7118095414239449,0.9776871575892329,False,False
RR_ORACLE,RR + oracle variance,4.781130421908263,7.977856028238479,95.0,0,761338719,1.238475455786897,0.2,0.1,300000,299000,100,1933,500,0.7118095414239449,0.9776871575892329,False,False
RR_OBM,RR + OBM,4.781130421908263,7.957068340703026,96.0,0,761338719,1.238475455786897,0.2,0.1,300000,299000,100,1933,500,0.7118095414239449,0.9776871575892329,False,False
RR_OBM_RR,RR + OBM-RR,4.781130421908263,8.004246959820598,96.0,0,761338719,1.238475455786897,0.2,0.1,300000,299000,100,1933,500,0.7118095414239449,0.9776871575892329,False,False
RR_MSB,RR + MSB,4.781130421908263,7.923562683991317,95.0,0,761338719,1.238475455786897,0.2,0.1,300000,299000,100,1933,500,0.7118095414239449,0.9776871575892329,False,False
RR_BATCH,RR + batch means,5.799021025039382,10.644919914598159,92.0,0,957106590,2.3313894499296532,0.2,0.1,300000,299000,100,1933,500,0.7348882644495972,0.9754288061410912,False,False
RR_ORACLE,RR + oracle variance,5.795119000831964,10.945860424234782,93.0,0,957106590,2.3313894499296532,0.2,0.1,300000,299000,100,1933,500,0.7348882644495972,0.9754288061410912,False,False
RR_OBM,RR + OBM,5.795119000831964,10.715407182590301,92.0,0,957106590,2.3313894499296532,0.2,0.1,300000,299000,100,1933,500,0.7348882644495972,0.9754288061410912,False,False
RR_OBM_RR,RR + OBM-RR,5.795119000831964,10.646065228006423,92.0,0,957106590,2.3313894499296532,0.2,0.1,300000,299000,100,1933,500,0.7348882644495972,0.9754288061410912,False,False
RR_MSB,RR + MSB,5.795119000831964,10.558240953675211,90.0,0,957106590,2.3313894499296532,0.2,0.1,300000,299000,100,1933,500,0.7348882644495972,0.9754288061410912,False,False
RR_BATCH,RR + batch means,5.08328426188696,9.775499771965395,94.0,0,1917963003,1.9637654442760555,0.2,0.1,300000,299000,100,1933,500,0.8229603265655668,0.9611764889274746,False,False
RR_ORACLE,RR + oracle variance,5.083766812225888,10.04586411357808,96.0,0,1917963003,1.9637654442760555,0.2,0.1,300000,299000,100,1933,500,0.8229603265655668,0.9611764889274746,False,False
RR_OBM,RR + OBM,5.083766812225888,9.91669654651491,95.0,0,1917963003,1.9637654442760555,0.2,0.1,300000,299000,100,1933,500,0.8229603265655668,0.9611764889274746,False,False
RR_OBM_RR,RR + OBM-RR,5.083766812225888,9.855961207849958,93.0,0,1917963003,1.9637654442760555,0.2,0.1,300000,299000,100,1933,500,0.8229603265655668,0.9611764889274746,False,False
RR_MSB,RR + MSB,5.083766812225888,9.779692249065796,92.0,0,1917963003,1.9637654442760555,0.2,0.1,300000,299000,100,1933,500,0.8229603265655668,0.9611764889274746,False,False
RR_BATCH,RR + batch means,4.774264883355673,14.342361600158483,98.0,0,1631871624,4.166823713063872,0.2,0.1,300000,299000,100,1933,500,0.7347772227554935,0.9697292239561879,False,False
RR_ORACLE,RR + oracle variance,4.773863691477828,14.633393663971841,99.0,0,1631871624,4.166823713063872,0.2,0.1,300000,299000,100,1933,500,0.7347772227554935,0.9697292239561879,False,False
RR_OBM,RR + OBM,4.773863691477828,14.45373282721215,99.0,0,1631871624,4.166823713063872,0.2,0.1,300000,299000,100,1933,500,0.7347772227554935,0.9697292239561879,False,False
RR_OBM_RR,RR + OBM-RR,4.773863691477828,14.455090524043248,99.0,0,1631871624,4.166823713063872,0.2,0.1,300000,299000,100,1933,500,0.7347772227554935,0.9697292239561879,False,False
RR_MSB,RR + MSB,4.773863691477828,14.39171681348151,99.0,0,1631871624,4.166823713063872,0.2,0.1,300000,299000,100,1933,500,0.7347772227554935,0.9697292239561879,False,False
RR_BATCH,RR + batch means,5.263073831533049,9.475734537956587,92.0,0,1671565831,1.8420410772944598,0.2,0.1,300000,299000,100,1933,500,0.7405757056332045,0.980835913940108,False,False
RR_ORACLE,RR + oracle variance,5.262227731288016,9.729536415244459,93.0,0,1671565831,1.8420410772944598,0.2,0.1,300000,299000,100,1933,500,0.7405757056332045,0.980835913940108,False,False
RR_OBM,RR + OBM,5.262227731288016,9.616459000991073,93.0,0,1671565831,1.8420410772944598,0.2,0.1,300000,299000,100,1933,500,0.7405757056332045,0.980835913940108,False,False
RR_OBM_RR,RR + OBM-RR,5.262227731288016,9.65455396554706,93.0,0,1671565831,1.8420410772944598,0.2,0.1,300000,299000,100,1933,500,0.7405757056332045,0.980835913940108,False,False
RR_MSB,RR + MSB,5.262227731288016,9.53966529978182,92.0,0,1671565831,1.8420410772944598,0.2,0.1,300000,299000,100,1933,500,0.7405757056332045,0.980835913940108,False,False
RR_BATCH,RR + batch means,5.796755278685339,13.764136950884774,95.0,0,1002275723,3.6973840613786653,0.2,0.1,300000,299000,100,1933,500,0.7909197468303723,0.9600676908738776,False,False
RR_ORACLE,RR + oracle variance,5.794592566419762,13.784460552500322,96.0,0,1002275723,3.6973840613786653,0.2,0.1,300000,299000,100,1933,500,0.7909197468303723,0.9600676908738776,False,False
RR_OBM,RR + OBM,5.794592566419762,13.701921511406846,96.0,0,1002275723,3.6973840613786653,0.2,0.1,300000,299000,100,1933,500,0.7909197468303723,0.9600676908738776,False,False
RR_OBM_RR,RR + OBM-RR,5.794592566419762,13.852447782130366,95.0,0,1002275723,3.6973840613786653,0.2,0.1,300000,299000,100,1933,500,0.7909197468303723,0.9600676908738776,False,False
RR_MSB,RR + MSB,5.794592566419762,13.530928761330314,96.0,0,1002275723,3.6973840613786653,0.2,0.1,300000,299000,100,1933,500,0.7909197468303723,0.9600676908738776,False,False
RR_BATCH,RR + batch means,4.703506342917757,9.737846928667311,97.0,0,1455819992,1.895765264710268,0.2,0.1,300000,299000,100,1933,500,0.6659950111111707,0.9843288752540928,False,False
RR_ORACLE,RR + oracle variance,4.704762041794294,9.870400464296061,96.0,0,1455819992,1.895765264710268,0.2,0.1,300000,299000,100,1933,500,0.6659950111111707,0.9843288752540928,False,False
RR_OBM,RR + OBM,4.704762041794294,9.747206330283632,96.0,0,1455819992,1.895765264710268,0.2,0.1,300000,299000,100,1933,500,0.6659950111111707,0.9843288752540928,False,False
RR_OBM_RR,RR + OBM-RR,4.704762041794294,9.753678055404936,96.0,0,1455819992,1.895765264710268,0.2,0.1,300000,299000,100,1933,500,0.6659950111111707,0.9843288752540928,False,False
RR_MSB,RR + MSB,4.704762041794294,9.668744797621276,96.0,0,1455819992,1.895765264710268,0.2,0.1,300000,299000,100,1933,500,0.6659950111111707,0.9843288752540928,False,False
RR_BATCH,RR + batch means,6.1460284158705525,14.55570358311223,95.0,0,781482251,4.363005701707702,0.2,0.1,300000,299000,100,1933,500,0.7151975208258752,0.978576859609315,False,False
RR_ORACLE,RR + oracle variance,6.1428177885521,14.973915664758561,97.0,0,781482251,4.363005701707702,0.2,0.1,300000,299000,100,1933,500,0.7151975208258752,0.978576859609315,False,False
RR_OBM,RR + OBM,6.1428177885521,14.696174200173822,97.0,0,781482251,4.363005701707702,0.2,0.1,300000,299000,100,1933,500,0.7151975208258752,0.978576859609315,False,False
RR_OBM_RR,RR + OBM-RR,6.1428177885521,14.702926704944769,96.0,0,781482251,4.363005701707702,0.2,0.1,300000,299000,100,1933,500,0.7151975208258752,0.978576859609315,False,False
RR_MSB,RR + MSB,6.1428177885521,14.646771139549694,96.0,0,781482251,4.363005701707702,0.2,0.1,300000,299000,100,1933,500,0.7151975208258752,0.978576859609315,False,False
RR_BATCH,RR + batch means,5.049074718422724,9.850179010953072,87.0,0,331334161,1.9375291091622746,0.2,0.1,300000,299000,100,1933,500,0.8241349755475844,0.9711524805845761,False,False
RR_ORACLE,RR + oracle variance,5.050068704571567,9.978530992040076,90.0,0,331334161,1.9375291091622746,0.2,0.1,300000,299000,100,1933,500,0.8241349755475844,0.9711524805845761,False,False
RR_OBM,RR + OBM,5.050068704571567,9.890539635436744,89.0,0,331334161,1.9375291091622746,0.2,0.1,300000,299000,100,1933,500,0.8241349755475844,0.9711524805845761,False,False
RR_OBM_RR,RR + OBM-RR,5.050068704571567,9.877357267070085,88.0,0,331334161,1.9375291091622746,0.2,0.1,300000,299000,100,1933,500,0.8241349755475844,0.9711524805845761,False,False
RR_MSB,RR + MSB,5.050068704571567,9.852334113366135,88.0,0,331334161,1.9375291091622746,0.2,0.1,300000,299000,100,1933,500,0.8241349755475844,0.9711524805845761,False,False
RR_BATCH,RR + batch means,5.714246078769481,12.33639835664392,97.0,0,1596387605,3.060338144238423,0.2,0.1,300000,299000,100,1933,500,0.7950634690006232,0.9693720320764538,False,False
RR_ORACLE,RR + oracle variance,5.714169289332529,12.540856551956123,98.0,0,1596387605,3.060338144238423,0.2,0.1,300000,299000,100,1933,500,0.7950634690006232,0.9693720320764538,False,False
RR_OBM,RR + OBM,5.714169289332529,12.36768860781245,98.0,0,1596387605,3.060338144238423,0.2,0.1,300000,299000,100,1933,500,0.7950634690006232,0.9693720320764538,False,False
RR_OBM_RR,RR + OBM-RR,5.714169289332529,12.418223450904717,98.0,0,1596387605,3.060338144238423,0.2,0.1,300000,299000,100,1933,500,0.7950634690006232,0.9693720320764538,False,False
RR_MSB,RR + MSB,5.714169289332529,12.28650774352582,97.0,0,1596387605,3.060338144238423,0.2,0.1,300000,299000,100,1933,500,0.7950634690006232,0.9693720320764538,False,False
RR_BATCH,RR + batch means,6.115167756340151,11.489755497829895,94.0,0,1173749072,2.706626465225628,0.2,0.1,300000,299000,100,1933,500,0.7785593399232804,0.9794972428830395,False,False
RR_ORACLE,RR + oracle variance,6.113290304856458,11.793878639648531,95.0,0,1173749072,2.706626465225628,0.2,0.1,300000,299000,100,1933,500,0.7785593399232804,0.9794972428830395,False,False
RR_OBM,RR + OBM,6.113290304856458,11.584789340614092,95.0,0,1173749072,2.706626465225628,0.2,0.1,300000,299000,100,1933,500,0.7785593399232804,0.9794972428830395,False,False
RR_OBM_RR,RR + OBM-RR,6.113290304856458,11.60004674580069,94.0,0,1173749072,2.706626465225628,0.2,0.1,300000,299000,100,1933,500,0.7785593399232804,0.9794972428830395,False,False
RR_MSB,RR + MSB,6.113290304856458,11.563323532986798,95.0,0,1173749072,2.706626465225628,0.2,0.1,300000,299000,100,1933,500,0.7785593399232804,0.9794972428830395,False,False
RR_BATCH,RR + batch means,4.825363353660988,9.496666915656048,95.0,0,1068999196,1.8155421682428823,0.2,0.1,300000,299000,100,1933,500,0.7620009701421451,0.9858189132595618,False,False
RR_ORACLE,RR + oracle variance,4.8255094183549305,9.65930017929331,95.0,0,1068999196,1.8155421682428823,0.2,0.1,300000,299000,100,1933,500,0.7620009701421451,0.9858189132595618,False,False
RR_OBM,RR + OBM,4.8255094183549305,9.57260136717954,95.0,0,1068999196,1.8155421682428823,0.2,0.1,300000,299000,100,1933,500,0.7620009701421451,0.9858189132595618,False,False
RR_OBM_RR,RR + OBM-RR,4.8255094183549305,9.485696232599436,95.0,0,1068999196,1.8155421682428823,0.2,0.1,300000,299000,100,1933,500,0.7620009701421451,0.9858189132595618,False,False
RR_MSB,RR + MSB,4.8255094183549305,9.463288919451923,95.0,0,1068999196,1.8155421682428823,0.2,0.1,300000,299000,100,1933,500,0.7620009701421451,0.9858189132595618,False,False
RR_BATCH,RR + batch means,5.288334466008453,12.091189262384924,93.0,0,417983442,2.8751362617689455,0.2,0.1,300000,299000,100,1933,500,0.8070450189256176,0.9532349513235565,False,False
RR_ORACLE,RR + oracle variance,5.288743422588338,12.155468677739922,94.0,0,417983442,2.8751362617689455,0.2,0.1,300000,299000,100,1933,500,0.8070450189256176,0.9532349513235565,False,False
RR_OBM,RR + OBM,5.288743422588338,12.06934700090419,94.0,0,417983442,2.8751362617689455,0.2,0.1,300000,299000,100,1933,500,0.8070450189256176,0.9532349513235565,False,False
RR_OBM_RR,RR + OBM-RR,5.288743422588338,12.137587193082627,94.0,0,417983442,2.8751362617689455,0.2,0.1,300000,299000,100,1933,500,0.8070450189256176,0.9532349513235565,False,False
RR_MSB,RR + MSB,5.288743422588338,11.9122680766257,92.0,0,417983442,2.8751362617689455,0.2,0.1,300000,299000,100,1933,500,0.8070450189256176,0.9532349513235565,False,False
RR_BATCH,RR + batch means,5.344429148782179,9.220815850163376,95.0,0,1599364551,1.7186457336326737,0.2,0.1,300000,299000,100,1933,500,0.7493977786570357,0.9827606234996767,False,False
RR_ORACLE,RR + oracle variance,5.340925798459755,9.398005063419628,97.0,0,1599364551,1.7186457336326737,0.2,0.1,300000,299000,100,1933,500,0.7493977786570357,0.9827606234996767,False,False
RR_OBM,RR + OBM,5.340925798459755,9.332136150563901,96.0,0,1599364551,1.7186457336326737,0.2,0.1,300000,299000,100,1933,500,0.7493977786570357,0.9827606234996767,False,False
RR_OBM_RR,RR + OBM-RR,5.340925798459755,9.334245221788793,95.0,0,1599364551,1.7186457336326737,0.2,0.1,300000,299000,100,1933,500,0.7493977786570357,0.9827606234996767,False,False
RR_MSB,RR + MSB,5.340925798459755,9.253020163591321,95.0,0,1599364551,1.7186457336326737,0.2,0.1,300000,299000,100,1933,500,0.7493977786570357,0.9827606234996767,False,False
RR_BATCH,RR + batch means,5.729883900224753,8.901616799376168,92.0,0,94067870,1.6265275770275067,0.2,0.1,300000,299000,100,1933,500,0.8237571747788438,0.9806093965803354,False,False
RR_ORACLE,RR + oracle variance,5.728204781181909,9.142673443655228,94.0,0,94067870,1.6265275770275067,0.2,0.1,300000,299000,100,1933,500,0.8237571747788438,0.9806093965803354,False,False
RR_OBM,RR + OBM,5.728204781181909,9.050794532015923,94.0,0,94067870,1.6265275770275067,0.2,0.1,300000,299000,100,1933,500,0.8237571747788438,0.9806093965803354,False,False
RR_OBM_RR,RR + OBM-RR,5.728204781181909,8.959628647240843,94.0,0,94067870,1.6265275770275067,0.2,0.1,300000,299000,100,1933,500,0.8237571747788438,0.9806093965803354,False,False
RR_MSB,RR + MSB,5.728204781181909,8.945661486039524,93.0,0,94067870,1.6265275770275067,0.2,0.1,300000,299000,100,1933,500,0.8237571747788438,0.9806093965803354,False,False
RR_BATCH,RR + batch means,4.316300932588607,9.871801415629154,92.0,0,882294417,1.9707624558351595,0.2,0.1,300000,299000,100,1933,500,0.7887314413145017,0.9612621307900595,False,False
RR_ORACLE,RR + oracle variance,4.316633504923047,10.063745201684378,92.0,0,882294417,1.9707624558351595,0.2,0.1,300000,299000,100,1933,500,0.7887314413145017,0.9612621307900595,False,False
RR_OBM,RR + OBM,4.316633504923047,9.914947533019607,91.0,0,882294417,1.9707624558351595,0.2,0.1,300000,299000,100,1933,500,0.7887314413145017,0.9612621307900595,False,False
RR_OBM_RR,RR + OBM-RR,4.316633504923047,9.86562962007828,91.0,0,882294417,1.9707624558351595,0.2,0.1,300000,299000,100,1933,500,0.7887314413145017,0.9612621307900595,False,False
RR_MSB,RR + MSB,4.316633504923047,9.879803739038573,92.0,0,882294417,1.9707624558351595,0.2,0.1,300000,299000,100,1933,500,0.7887314413145017,0.9612621307900595,False,False
RR_BATCH,RR + batch means,5.292900668977521,7.14723301462521,94.0,0,787359109,1.0330179330869644,0.2,0.1,300000,299000,100,1933,500,0.7433911244204893,0.9718714684166588,False,False
RR_ORACLE,RR + oracle variance,5.293558894200706,7.2861217333323625,97.0,0,787359109,1.0330179330869644,0.2,0.1,300000,299000,100,1933,500,0.7433911244204893,0.9718714684166588,False,False
RR_OBM,RR + OBM,5.293558894200706,7.242481734577978,97.0,0,787359109,1.0330179330869644,0.2,0.1,300000,299000,100,1933,500,0.7433911244204893,0.9718714684166588,False,False
RR_OBM_RR,RR + OBM-RR,5.293558894200706,7.238821174964234,93.0,0,787359109,1.0330179330869644,0.2,0.1,300000,299000,100,1933,500,0.7433911244204893,0.9718714684166588,False,False
RR_MSB,RR + MSB,5.293558894200706,7.12921440174062,94.0,0,787359109,1.0330179330869644,0.2,0.1,300000,299000,100,1933,500,0.7433911244204893,0.9718714684166588,False,False
RR_BATCH,RR + batch means,5.5658750671562744,10.95601188921677,95.0,0,1981113450,2.4549938247732,0.2,0.1,300000,299000,100,1933,500,0.7964510801748972,0.9684849066021706,False,False
RR_ORACLE,RR + oracle variance,5.56593375933894,11.232274141075017,98.0,0,1981113450,2.4549938247732,0.2,0.1,300000,299000,100,1933,500,0.7964510801748972,0.9684849066021706,False,False
RR_OBM,RR + OBM,5.56593375933894,11.07115779148505,97.0,0,1981113450,2.4549938247732,0.2,0.1,300000,299000,100,1933,500,0.7964510801748972,0.9684849066021706,False,False
RR_OBM_RR,RR + OBM-RR,5.56593375933894,11.07916212917188,96.0,0,1981113450,2.4549938247732,0.2,0.1,300000,299000,100,1933,500,0.7964510801748972,0.9684849066021706,False,False
RR_MSB,RR + MSB,5.56593375933894,10.968776658901202,98.0,0,1981113450,2.4549938247732,0.2,0.1,300000,299000,100,1933,500,0.7964510801748972,0.9684849066021706,False,False
RR_BATCH,RR + batch means,5.975187272743979,8.361955355069451,93.0,0,1466836457,1.4440585932393484,0.2,0.1,300000,299000,100,1933,500,0.7142161934250567,0.9640237491430843,False,False
RR_ORACLE,RR + oracle variance,5.974495867559664,8.614595703713594,96.0,0,1466836457,1.4440585932393484,0.2,0.1,300000,299000,100,1933,500,0.7142161934250567,0.9640237491430843,False,False
RR_OBM,RR + OBM,5.974495867559664,8.513175350002028,95.0,0,1466836457,1.4440585932393484,0.2,0.1,300000,299000,100,1933,500,0.7142161934250567,0.9640237491430843,False,False
RR_OBM_RR,RR + OBM-RR,5.974495867559664,8.406915018390054,95.0,0,1466836457,1.4440585932393484,0.2,0.1,300000,299000,100,1933,500,0.7142161934250567,0.9640237491430843,False,False
RR_MSB,RR + MSB,5.974495867559664,8.439431066647279,94.0,0,1466836457,1.4440585932393484,0.2,0.1,300000,299000,100,1933,500,0.7142161934250567,0.9640237491430843,False,False
RR_BATCH,RR + batch means,5.205685531441366,9.975088732385505,94.0,0,2077711329,2.076317845404007,0.2,0.1,300000,299000,100,1933,500,0.7885947741651329,0.9693267472582436,False,False
RR_ORACLE,RR + oracle variance,5.207010005348612,10.329740484906171,95.0,0,2077711329,2.076317845404007,0.2,0.1,300000,299000,100,1933,500,0.7885947741651329,0.9693267472582436,False,False
RR_OBM,RR + OBM,5.207010005348612,10.212843528225871,94.0,0,2077711329,2.076317845404007,0.2,0.1,300000,299000,100,1933,500,0.7885947741651329,0.9693267472582436,False,False
RR_OBM_RR,RR + OBM-RR,5.207010005348612,10.182704285849576,94.0,0,2077711329,2.076317845404007,0.2,0.1,300000,299000,100,1933,500,0.7885947741651329,0.9693267472582436,False,False
RR_MSB,RR + MSB,5.207010005348612,10.113612448079328,96.0,0,2077711329,2.076317845404007,0.2,0.1,300000,299000,100,1933,500,0.7885947741651329,0.9693267472582436,False,False
RR_BATCH,RR + batch means,5.257957928605186,6.79549815253044,91.0,0,1944623249,0.9263361362850611,0.2,0.1,300000,299000,100,1933,500,0.8032198794834147,0.9731738471305574,False,False
RR_ORACLE,RR + oracle variance,5.25899874576029,6.899645787680049,92.0,0,1944623249,0.9263361362850611,0.2,0.1,300000,299000,100,1933,500,0.8032198794834147,0.9731738471305574,False,False
RR_OBM,RR + OBM,5.25899874576029,6.805589231446443,91.0,0,1944623249,0.9263361362850611,0.2,0.1,300000,299000,100,1933,500,0.8032198794834147,0.9731738471305574,False,False
RR_OBM_RR,RR + OBM-RR,5.25899874576029,6.760144446557045,91.0,0,1944623249,0.9263361362850611,0.2,0.1,300000,299000,100,1933,500,0.8032198794834147,0.9731738471305574,False,False
RR_MSB,RR + MSB,5.25899874576029,6.715347398681271,91.0,0,1944623249,0.9263361362850611,0.2,0.1,300000,299000,100,1933,500,0.8032198794834147,0.9731738471305574,False,False
RR_BATCH,RR + batch means,5.422872592707911,11.844511099627924,95.0,0,163945743,2.8274275854498367,0.2,0.1,300000,299000,100,1933,500,0.7347524612229042,0.9746170642846718,False,False
RR_ORACLE,RR + oracle variance,5.424832854225323,12.054195699140598,96.0,0,163945743,2.8274275854498367,0.2,0.1,300000,299000,100,1933,500,0.7347524612229042,0.9746170642846718,False,False
RR_OBM,RR + OBM,5.424832854225323,11.9063874357047,96.0,0,163945743,2.8274275854498367,0.2,0.1,300000,299000,100,1933,500,0.7347524612229042,0.9746170642846718,False,False
RR_OBM_RR,RR + OBM-RR,5.424832854225323,11.828453521646475,96.0,0,163945743,2.8274275854498367,0.2,0.1,300000,299000,100,1933,500,0.7347524612229042,0.9746170642846718,False,False
RR_MSB,RR + MSB,5.424832854225323,11.744514740004243,95.0,0,163945743,2.8274275854498367,0.2,0.1,300000,299000,100,1933,500,0.7347524612229042,0.9746170642846718,False,False
RR_BATCH,RR + batch means,7.899636134214787,17.991388797531002,96.0,0,795556160,6.443874465109782,0.2,0.1,300000,299000,100,1933,500,0.7093983741750088,0.9762226760420812,False,False
RR_ORACLE,RR + oracle variance,7.899132080872239,18.197680179782267,96.0,0,795556160,6.443874465109782,0.2,0.1,300000,299000,100,1933,500,0.7093983741750088,0.9762226760420812,False,False
RR_OBM,RR + OBM,7.899132080872239,17.96057562240403,94.0,0,795556160,6.443874465109782,0.2,0.1,300000,299000,100,1933,500,0.7093983741750088,0.9762226760420812,False,False
RR_OBM_RR,RR + OBM-RR,7.899132080872239,18.02138427647926,95.0,0,795556160,6.443874465109782,0.2,0.1,300000,299000,100,1933,500,0.7093983741750088,0.9762226760420812,False,False
RR_MSB,RR + MSB,7.899132080872239,17.784005883165573,97.0,0,795556160,6.443874465109782,0.2,0.1,300000,299000,100,1933,500,0.7093983741750088,0.9762226760420812,False,False
RR_BATCH,RR + batch means,6.722416549570224,8.162913225075489,95.0,0,699704628,1.3584523817710155,0.2,0.1,300000,299000,100,1933,500,0.7937605249583184,0.9655883563292331,False,False
RR_ORACLE,RR + oracle variance,6.724609749869057,8.35535106567832,96.0,0,699704628,1.3584523817710155,0.2,0.1,300000,299000,100,1933,500,0.7937605249583184,0.9655883563292331,False,False
RR_OBM,RR + OBM,6.724609749869057,8.271595493321461,94.0,0,699704628,1.3584523817710155,0.2,0.1,300000,299000,100,1933,500,0.7937605249583184,0.9655883563292331,False,False
RR_OBM_RR,RR + OBM-RR,6.724609749869057,8.260151556427482,96.0,0,699704628,1.3584523817710155,0.2,0.1,300000,299000,100,1933,500,0.7937605249583184,0.9655883563292331,False,False
RR_MSB,RR + MSB,6.724609749869057,8.187388622574783,94.0,0,699704628,1.3584523817710155,0.2,0.1,300000,299000,100,1933,500,0.7937605249583184,0.9655883563292331,False,False
RR_BATCH,RR + batch means,5.752470077422313,8.819405347848148,90.0,0,1008363426,1.5665402994477549,0.2,0.1,300000,299000,100,1933,500,0.755666838213906,0.9815452084793563,False,False
RR_ORACLE,RR + oracle variance,5.750663273518152,8.972496102246842,91.0,0,1008363426,1.5665402994477549,0.2,0.1,300000,299000,100,1933,500,0.755666838213906,0.9815452084793563,False,False
RR_OBM,RR + OBM,5.750663273518152,8.885139527574006,91.0,0,1008363426,1.5665402994477549,0.2,0.1,300000,299000,100,1933,500,0.755666838213906,0.9815452084793563,False,False
RR_OBM_RR,RR + OBM-RR,5.750663273518152,8.807540942062744,90.0,0,1008363426,1.5665402994477549,0.2,0.1,300000,299000,100,1933,500,0.755666838213906,0.9815452084793563,False,False
RR_MSB,RR + MSB,5.750663273518152,8.842078484780044,90.0,0,1008363426,1.5665402994477549,0.2,0.1,300000,299000,100,1933,500,0.755666838213906,0.9815452084793563,False,False
RR_BATCH,RR + batch means,5.127594003309216,10.673857787046439,96.0,0,406886645,2.354562057055686,0.2,0.1,300000,299000,100,1933,500,0.7445890093971937,0.9572448254781045,False,False
RR_ORACLE,RR + oracle variance,5.127989190754554,11.000123552330306,96.0,0,406886645,2.354562057055686,0.2,0.1,300000,299000,100,1933,500,0.7445890093971937,0.9572448254781045,False,False
RR_OBM,RR + OBM,5.127989190754554,10.872689621542122,96.0,0,406886645,2.354562057055686,0.2,0.1,300000,299000,100,1933,500,0.7445890093971937,0.9572448254781045,False,False
RR_OBM_RR,RR + OBM-RR,5.127989190754554,10.830586982383466,94.0,0,406886645,2.354562057055686,0.2,0.1,300000,299000,100,1933,500,0.7445890093971937,0.9572448254781045,False,False
RR_MSB,RR + MSB,5.127989190754554,10.758449819811267,96.0,0,406886645,2.354562057055686,0.2,0.1,300000,299000,100,1933,500,0.7445890093971937,0.9572448254781045,False,False
RR_BATCH,RR + batch means,5.429767652933401,7.9736248275308865,94.0,0,1708709736,1.2374600583517064,0.2,0.1,300000,299000,100,1933,500,0.7864258994086526,0.9788075935840435,False,False
RR_ORACLE,RR + oracle variance,5.430365587959201,7.9745849276342415,95.0,0,1708709736,1.2374600583517064,0.2,0.1,300000,299000,100,1933,500,0.7864258994086526,0.9788075935840435,False,False
RR_OBM,RR + OBM,5.430365587959201,7.902972807943673,95.0,0,1708709736,1.2374600583517064,0.2,0.1,300000,299000,100,1933,500,0.7864258994086526,0.9788075935840435,False,False
RR_OBM_RR,RR + OBM-RR,5.430365587959201,8.055774772650448,93.0,0,1708709736,1.2374600583517064,0.2,0.1,300000,299000,100,1933,500,0.7864258994086526,0.9788075935840435,False,False
RR_MSB,RR + MSB,5.430365587959201,7.859097284091725,93.0,0,1708709736,1.2374600583517064,0.2,0.1,300000,299000,100,1933,500,0.7864258994086526,0.9788075935840435,False,False
RR_BATCH,RR + batch means,5.807396810460317,8.90893487651649,92.0,0,1474200732,1.6274102473950909,0.2,0.1,300000,299000,100,1933,500,0.7607996072523888,0.9829777603836092,False,False
RR_ORACLE,RR + oracle variance,5.805769586693465,9.145153841929627,93.0,0,1474200732,1.6274102473950909,0.2,0.1,300000,299000,100,1933,500,0.7607996072523888,0.9829777603836092,False,False
RR_OBM,RR + OBM,5.805769586693465,9.097365672546514,92.0,0,1474200732,1.6274102473950909,0.2,0.1,300000,299000,100,1933,500,0.7607996072523888,0.9829777603836092,False,False
RR_OBM_RR,RR + OBM-RR,5.805769586693465,9.010519985185283,94.0,0,1474200732,1.6274102473950909,0.2,0.1,300000,299000,100,1933,500,0.7607996072523888,0.9829777603836092,False,False
RR_MSB,RR + MSB,5.805769586693465,9.066121251615217,93.0,0,1474200732,1.6274102473950909,0.2,0.1,300000,299000,100,1933,500,0.7607996072523888,0.9829777603836092,False,False
RR_BATCH,RR + batch means,5.537923462563286,10.943351207890677,91.0,0,279004308,2.323440686562524,0.2,0.1,300000,299000,100,1933,500,0.7318279552606795,0.9727303749556581,False,False
RR_ORACLE,RR + oracle variance,5.5394888274559575,10.927184792450621,89.0,0,279004308,2.323440686562524,0.2,0.1,300000,299000,100,1933,500,0.7318279552606795,0.9727303749556581,False,False
RR_OBM,RR + OBM,5.5394888274559575,10.877227172347808,90.0,0,279004308,2.323440686562524,0.2,0.1,300000,299000,100,1933,500,0.7318279552606795,0.9727303749556581,False,False
RR_OBM_RR,RR + OBM-RR,5.5394888274559575,11.091043584584105,90.0,0,279004308,2.323440686562524,0.2,0.1,300000,299000,100,1933,500,0.7318279552606795,0.9727303749556581,False,False
RR_MSB,RR + MSB,5.5394888274559575,10.84440635314819,87.0,0,279004308,2.323440686562524,0.2,0.1,300000,299000,100,1933,500,0.7318279552606795,0.9727303749556581,False,False
RR_BATCH,RR + batch means,4.9199401362561375,10.399205632474684,95.0,0,1212254291,2.225397226657608,0.2,0.1,300000,299000,100,1933,500,0.7634470531511427,0.9649499692378661,False,False
RR_ORACLE,RR + oracle variance,4.921348530114475,10.694149812519157,95.0,0,1212254291,2.225397226657608,0.2,0.1,300000,299000,100,1933,500,0.7634470531511427,0.9649499692378661,False,False
RR_OBM,RR + OBM,4.921348530114475,10.526807736207788,94.0,0,1212254291,2.225397226657608,0.2,0.1,300000,299000,100,1933,500,0.7634470531511427,0.9649499692378661,False,False
RR_OBM_RR,RR + OBM-RR,4.921348530114475,10.532655606826404,95.0,0,1212254291,2.225397226657608,0.2,0.1,300000,299000,100,1933,500,0.7634470531511427,0.9649499692378661,False,False
RR_MSB,RR + MSB,4.921348530114475,10.431786452791863,93.0,0,1212254291,2.225397226657608,0.2,0.1,300000,299000,100,1933,500,0.7634470531511427,0.9649499692378661,False,False
RR_BATCH,RR + batch means,4.91698624944965,7.527603710433194,93.0,0,994157307,1.1319447869937644,0.2,0.1,300000,299000,100,1933,500,0.8376670420369194,0.9724813800172213,False,False
RR_ORACLE,RR + oracle variance,4.916012084368539,7.62702402461488,94.0,0,994157307,1.1319447869937644,0.2,0.1,300000,299000,100,1933,500,0.8376670420369194,0.9724813800172213,False,False
RR_OBM,RR + OBM,4.916012084368539,7.58142367070635,94.0,0,994157307,1.1319447869937644,0.2,0.1,300000,299000,100,1933,500,0.8376670420369194,0.9724813800172213,False,False
RR_OBM_RR,RR + OBM-RR,4.916012084368539,7.583954417284677,94.0,0,994157307,1.1319447869937644,0.2,0.1,300000,299000,100,1933,500,0.8376670420369194,0.9724813800172213,False,False
RR_MSB,RR + MSB,4.916012084368539,7.483885506776877,93.0,0,994157307,1.1319447869937644,0.2,0.1,300000,299000,100,1933,500,0.8376670420369194,0.9724813800172213,False,False
RR_BATCH,RR + batch means,5.461450103149628,12.471243417050147,97.0,0,487284116,3.203194060886938,0.2,0.1,300000,299000,100,1933,500,0.7906857224400382,0.9722391780189573,False,False
RR_ORACLE,RR + oracle variance,5.462914325211535,12.830220428686504,97.0,0,487284116,3.203194060886938,0.2,0.1,300000,299000,100,1933,500,0.7906857224400382,0.9722391780189573,False,False
RR_OBM,RR + OBM,5.462914325211535,12.617812543853777,97.0,0,487284116,3.203194060886938,0.2,0.1,300000,299000,100,1933,500,0.7906857224400382,0.9722391780189573,False,False
RR_OBM_RR,RR + OBM-RR,5.462914325211535,12.672010550698023,97.0,0,487284116,3.203194060886938,0.2,0.1,300000,299000,100,1933,500,0.7906857224400382,0.9722391780189573,False,False
RR_MSB,RR + MSB,5.462914325211535,12.32629661285061,97.0,0,487284116,3.203194060886938,0.2,0.1,300000,299000,100,1933,500,0.7906857224400382,0.9722391780189573,False,False
RR_BATCH,RR + batch means,5.322480087432543,6.83132100632031,97.0,0,2019291965,0.9373880688365333,0.2,0.1,300000,299000,100,1933,500,0.7743907638099192,0.9813637413925418,False,False
RR_ORACLE,RR + oracle variance,5.321561265875856,6.940682901299776,96.0,0,2019291965,0.9373880688365333,0.2,0.1,300000,299000,100,1933,500,0.7743907638099192,0.9813637413925418,False,False
RR_OBM,RR + OBM,5.321561265875856,6.894433328255074,97.0,0,2019291965,0.9373880688365333,0.2,0.1,300000,299000,100,1933,500,0.7743907638099192,0.9813637413925418,False,False
RR_OBM_RR,RR + OBM-RR,5.321561265875856,6.863845825114528,98.0,0,2019291965,0.9373880688365333,0.2,0.1,300000,299000,100,1933,500,0.7743907638099192,0.9813637413925418,False,False
RR_MSB,RR + MSB,5.321561265875856,6.816620230714923,96.0,0,2019291965,0.9373880688365333,0.2,0.1,300000,299000,100,1933,500,0.7743907638099192,0.9813637413925418,False,False
RR_BATCH,RR + batch means,5.2911993453821085,5.646764824758677,92.0,0,709091226,0.6416041532524789,0.2,0.1,300000,299000,100,1933,500,0.7716686336166987,0.9802060012410437,False,False
RR_ORACLE,RR + oracle variance,5.288241090164759,5.74217039584564,94.0,0,709091226,0.6416041532524789,0.2,0.1,300000,299000,100,1933,500,0.7716686336166987,0.9802060012410437,False,False
RR_OBM,RR + OBM,5.288241090164759,5.71232684925286,93.0,0,709091226,0.6416041532524789,0.2,0.1,300000,299000,100,1933,500,0.7716686336166987,0.9802060012410437,False,False
RR_OBM_RR,RR + OBM-RR,5.288241090164759,5.673105185338743,92.0,0,709091226,0.6416041532524789,0.2,0.1,300000,299000,100,1933,500,0.7716686336166987,0.9802060012410437,False,False
RR_MSB,RR + MSB,5.288241090164759,5.609868811432787,93.0,0,709091226,0.6416041532524789,0.2,0.1,300000,299000,100,1933,500,0.7716686336166987,0.9802060012410437,False,False
RR_BATCH,RR + batch means,6.7644581542834885,8.521963901016745,95.0,0,1788162810,1.4653522983672826,0.2,0.1,300000,299000,100,1933,500,0.6931201435895925,0.9767900513556478,False,False
RR_ORACLE,RR + oracle variance,6.763127561457569,8.677877545160152,94.0,0,1788162810,1.4653522983672826,0.2,0.1,300000,299000,100,1933,500,0.6931201435895925,0.9767900513556478,False,False
RR_OBM,RR + OBM,6.763127561457569,8.531262144572015,92.0,0,1788162810,1.4653522983672826,0.2,0.1,300000,299000,100,1933,500,0.6931201435895925,0.9767900513556478,False,False
RR_OBM_RR,RR + OBM-RR,6.763127561457569,8.471585083048783,94.0,0,1788162810,1.4653522983672826,0.2,0.1,300000,299000,100,1933,500,0.6931201435895925,0.9767900513556478,False,False
RR_MSB,RR + MSB,6.763127561457569,8.45855284180817,92.0,0,1788162810,1.4653522983672826,0.2,0.1,300000,299000,100,1933,500,0.6931201435895925,0.9767900513556478,False,False
RR_BATCH,RR + batch means,6.117033238133196,6.460509236790719,94.0,0,1438414600,0.8269873022362143,0.2,0.1,300000,299000,100,1933,500,0.7581022248743589,0.9744324308398994,False,False
RR_ORACLE,RR + oracle variance,6.118197534107851,6.519164099705899,93.0,0,1438414600,0.8269873022362143,0.2,0.1,300000,299000,100,1933,500,0.7581022248743589,0.9744324308398994,False,False
RR_OBM,RR + OBM,6.118197534107851,6.470915473205756,93.0,0,1438414600,0.8269873022362143,0.2,0.1,300000,299000,100,1933,500,0.7581022248743589,0.9744324308398994,False,False
RR_OBM_RR,RR + OBM-RR,6.118197534107851,6.532153289958859,93.0,0,1438414600,0.8269873022362143,0.2,0.1,300000,299000,100,1933,500,0.7581022248743589,0.9744324308398994,False,False
RR_MSB,RR + MSB,6.118197534107851,6.415632912785907,93.0,0,1438414600,0.8269873022362143,0.2,0.1,300000,299000,100,1933,500,0.7581022248743589,0.9744324308398994,False,False
RR_BATCH,RR + batch means,7.298586674074309,18.33055776187462,95.0,0,1352408539,7.004354026268703,0.2,0.1,300000,299000,100,1933,500,0.6039294242984731,0.9836185308196135,False,False
RR_ORACLE,RR + oracle variance,7.2981628109056595,18.97258629890036,97.0,0,1352408539,7.004354026268703,0.2,0.1,300000,299000,100,1933,500,0.6039294242984731,0.9836185308196135,False,False
RR_OBM,RR + OBM,7.2981628109056595,18.707522541842895,97.0,0,1352408539,7.004354026268703,0.2,0.1,300000,299000,100,1933,500,0.6039294242984731,0.9836185308196135,False,False
RR_OBM_RR,RR + OBM-RR,7.2981628109056595,18.608027680651297,98.0,0,1352408539,7.004354026268703,0.2,0.1,300000,299000,100,1933,500,0.6039294242984731,0.9836185308196135,False,False
RR_MSB,RR + MSB,7.2981628109056595,18.625126830049144,97.0,0,1352408539,7.004354026268703,0.2,0.1,300000,299000,100,1933,500,0.6039294242984731,0.9836185308196135,False,False
RR_BATCH,RR + batch means,5.3176997896125675,12.778736781195928,91.0,0,934620677,3.37104561229576,0.2,0.1,300000,299000,100,1933,500,0.7674081319090251,0.96550879251693,False,False
RR_ORACLE,RR + oracle variance,5.317636459547867,13.162088509960101,92.0,0,934620677,3.37104561229576,0.2,0.1,300000,299000,100,1933,500,0.7674081319090251,0.96550879251693,False,False
RR_OBM,RR + OBM,5.317636459547867,12.963587221381706,91.0,0,934620677,3.37104561229576,0.2,0.1,300000,299000,100,1933,500,0.7674081319090251,0.96550879251693,False,False
RR_OBM_RR,RR + OBM-RR,5.317636459547867,12.952424363044488,92.0,0,934620677,3.37104561229576,0.2,0.1,300000,299000,100,1933,500,0.7674081319090251,0.96550879251693,False,False
RR_MSB,RR + MSB,5.317636459547867,12.76279349236213,92.0,0,934620677,3.37104561229576,0.2,0.1,300000,299000,100,1933,500,0.7674081319090251,0.96550879251693,False,False
RR_BATCH,RR + batch means,4.2679762128132355,11.033085259315683,94.0,0,1503807855,2.412941087733757,0.2,0.1,300000,299000,100,1933,500,0.798555470419618,0.9609758422861282,False,False
RR_ORACLE,RR + oracle variance,4.2699849635258005,11.13565716691198,95.0,0,1503807855,2.412941087733757,0.2,0.1,300000,299000,100,1933,500,0.798555470419618,0.9609758422861282,False,False
RR_OBM,RR + OBM,4.2699849635258005,11.056805111415473,96.0,0,1503807855,2.412941087733757,0.2,0.1,300000,299000,100,1933,500,0.798555470419618,0.9609758422861282,False,False
RR_OBM_RR,RR + OBM-RR,4.2699849635258005,11.119817794620323,94.0,0,1503807855,2.412941087733757,0.2,0.1,300000,299000,100,1933,500,0.798555470419618,0.9609758422861282,False,False
RR_MSB,RR + MSB,4.2699849635258005,10.915323862300552,94.0,0,1503807855,2.412941087733757,0.2,0.1,300000,299000,100,1933,500,0.798555470419618,0.9609758422861282,False,False
RR_BATCH,RR + batch means,4.8622402885230365,13.777836531228477,94.0,0,345075200,3.8984762994739355,0.2,0.1,300000,299000,100,1933,500,0.7292263339413828,0.9570228667303432,False,False
RR_ORACLE,RR + oracle variance,4.863628372307326,14.154350368452972,94.0,0,345075200,3.8984762994739355,0.2,0.1,300000,299000,100,1933,500,0.7292263339413828,0.9570228667303432,False,False
RR_OBM,RR + OBM,4.863628372307326,13.951493776512448,94.0,0,345075200,3.8984762994739355,0.2,0.1,300000,299000,100,1933,500,0.7292263339413828,0.9570228667303432,False,False
RR_OBM_RR,RR + OBM-RR,4.863628372307326,13.823537134845546,95.0,0,345075200,3.8984762994739355,0.2,0.1,300000,299000,100,1933,500,0.7292263339413828,0.9570228667303432,False,False
RR_MSB,RR + MSB,4.863628372307326,13.763462052440305,94.0,0,345075200,3.8984762994739355,0.2,0.1,300000,299000,100,1933,500,0.7292263339413828,0.9570228667303432,False,False
RR_BATCH,RR + batch means,5.1086353279497185,7.378727515431276,89.0,0,938776597,1.1404076644168968,0.2,0.1,300000,299000,100,1933,500,0.818841818878113,0.976899325569409,False,False
RR_ORACLE,RR + oracle variance,5.109771220146042,7.655482291744722,93.0,0,938776597,1.1404076644168968,0.2,0.1,300000,299000,100,1933,500,0.818841818878113,0.976899325569409,False,False
RR_OBM,RR + OBM,5.109771220146042,7.560527784512214,93.0,0,938776597,1.1404076644168968,0.2,0.1,300000,299000,100,1933,500,0.818841818878113,0.976899325569409,False,False
RR_OBM_RR,RR + OBM-RR,5.109771220146042,7.510528760659941,93.0,0,938776597,1.1404076644168968,0.2,0.1,300000,299000,100,1933,500,0.818841818878113,0.976899325569409,False,False
RR_MSB,RR + MSB,5.109771220146042,7.489404149587675,92.0,0,938776597,1.1404076644168968,0.2,0.1,300000,299000,100,1933,500,0.818841818878113,0.976899325569409,False,False
RR_BATCH,RR + batch means,4.94415688121747,6.428166538079641,95.0,0,1021568550,0.8399501464702047,0.2,0.1,300000,299000,100,1933,500,0.8244093890795153,0.9817270297576983,False,False
RR_ORACLE,RR + oracle variance,4.945327128935168,6.570058667240894,97.0,0,1021568550,0.8399501464702047,0.2,0.1,300000,299000,100,1933,500,0.8244093890795153,0.9817270297576983,False,False
RR_OBM,RR + OBM,4.945327128935168,6.506923817078767,96.0,0,1021568550,0.8399501464702047,0.2,0.1,300000,299000,100,1933,500,0.8244093890795153,0.9817270297576983,False,False
RR_OBM_RR,RR + OBM-RR,4.945327128935168,6.501932948945073,94.0,0,1021568550,0.8399501464702047,0.2,0.1,300000,299000,100,1933,500,0.8244093890795153,0.9817270297576983,False,False
RR_MSB,RR + MSB,4.945327128935168,6.44746175310159,95.0,0,1021568550,0.8399501464702047,0.2,0.1,300000,299000,100,1933,500,0.8244093890795153,0.9817270297576983,False,False
RR_BATCH,RR + batch means,5.8812495510025515,8.603889004255063,94.0,0,208792607,1.4675938251813647,0.2,0.1,300000,299000,100,1933,500,0.6087943187396713,0.966523977573583,False,False
RR_ORACLE,RR + oracle variance,5.880493924274541,8.68451221662207,97.0,0,208792607,1.4675938251813647,0.2,0.1,300000,299000,100,1933,500,0.6087943187396713,0.966523977573583,False,False
RR_OBM,RR + OBM,5.880493924274541,8.569727085637364,96.0,0,208792607,1.4675938251813647,0.2,0.1,300000,299000,100,1933,500,0.6087943187396713,0.966523977573583,False,False
RR_OBM_RR,RR + OBM-RR,5.880493924274541,8.64072005495881,95.0,0,208792607,1.4675938251813647,0.2,0.1,300000,299000,100,1933,500,0.6087943187396713,0.966523977573583,False,False
RR_MSB,RR + MSB,5.880493924274541,8.476216589899835,96.0,0,208792607,1.4675938251813647,0.2,0.1,300000,299000,100,1933,500,0.6087943187396713,0.966523977573583,False,False
RR_BATCH,RR + batch means,5.190661602248185,13.434778242540393,91.0,0,1728218298,3.5742347952439077,0.2,0.1,300000,299000,100,1933,500,0.802814012501832,0.9595683087022744,False,False
RR_ORACLE,RR + oracle variance,5.187372664242275,13.552956103723362,93.0,0,1728218298,3.5742347952439077,0.2,0.1,300000,299000,100,1933,500,0.802814012501832,0.9595683087022744,False,False
RR_OBM,RR + OBM,5.187372664242275,13.40064571180643,94.0,0,1728218298,3.5742347952439077,0.2,0.1,300000,299000,100,1933,500,0.802814012501832,0.9595683087022744,False,False
RR_OBM_RR,RR + OBM-RR,5.187372664242275,13.341925178743415,93.0,0,1728218298,3.5742347952439077,0.2,0.1,300000,299000,100,1933,500,0.802814012501832,0.9595683087022744,False,False
RR_MSB,RR + MSB,5.187372664242275,13.235221179060096,93.0,0,1728218298,3.5742347952439077,0.2,0.1,300000,299000,100,1933,500,0.802814012501832,0.9595683087022744,False,False
RR_BATCH,RR + batch means,5.155200778044495,6.4797071982271905,94.0,0,1787264314,0.8433099627428157,0.2,0.1,300000,299000,100,1933,500,0.7005529485506353,0.9633826801506715,False,False
RR_ORACLE,RR + oracle variance,5.156715163829531,6.583185731900935,94.0,0,1787264314,0.8433099627428157,0.2,0.1,300000,299000,100,1933,500,0.7005529485506353,0.9633826801506715,False,False
RR_OBM,RR + OBM,5.156715163829531,6.540888801494159,94.0,0,1787264314,0.8433099627428157,0.2,0.1,300000,299000,100,1933,500,0.7005529485506353,0.9633826801506715,False,False
RR_OBM_RR,RR + OBM-RR,5.156715163829531,6.429966118970893,95.0,0,1787264314,0.8433099627428157,0.2,0.1,300000,299000,100,1933,500,0.7005529485506353,0.9633826801506715,False,False
RR_MSB,RR + MSB,5.156715163829531,6.497790082276311,96.0,0,1787264314,0.8433099627428157,0.2,0.1,300000,299000,100,1933,500,0.7005529485506353,0.9633826801506715,False,False
RR_BATCH,RR + batch means,6.753750285775415,9.518956899073894,98.0,0,832103482,1.8467872299257386,0.2,0.1,300000,299000,100,1933,500,0.609236402748877,0.9719750872813987,False,False
RR_ORACLE,RR + oracle variance,6.7495313123973215,9.742062780299541,97.0,0,832103482,1.8467872299257386,0.2,0.1,300000,299000,100,1933,500,0.609236402748877,0.9719750872813987,False,False
RR_OBM,RR + OBM,6.7495313123973215,9.547957265840886,97.0,0,832103482,1.8467872299257386,0.2,0.1,300000,299000,100,1933,500,0.609236402748877,0.9719750872813987,False,False
RR_OBM_RR,RR + OBM-RR,6.7495313123973215,9.494983950280012,97.0,0,832103482,1.8467872299257386,0.2,0.1,300000,299000,100,1933,500,0.609236402748877,0.9719750872813987,False,False
RR_MSB,RR + MSB,6.7495313123973215,9.463062417077158,97.0,0,832103482,1.8467872299257386,0.2,0.1,300000,299000,100,1933,500,0.609236402748877,0.9719750872813987,False,False
RR_BATCH,RR + batch means,4.328591850970982,7.050691622994879,94.0,0,1807519525,0.9723897426489855,0.2,0.1,300000,299000,100,1933,500,0.7894567361140395,0.9674766768483056,False,False
RR_ORACLE,RR + oracle variance,4.327677677728985,7.0690764266466735,95.0,0,1807519525,0.9723897426489855,0.2,0.1,300000,299000,100,1933,500,0.7894567361140395,0.9674766768483056,False,False
RR_OBM,RR + OBM,4.327677677728985,7.049417097835016,94.0,0,1807519525,0.9723897426489855,0.2,0.1,300000,299000,100,1933,500,0.7894567361140395,0.9674766768483056,False,False
RR_OBM_RR,RR + OBM-RR,4.327677677728985,7.063486291823922,94.0,0,1807519525,0.9723897426489855,0.2,0.1,300000,299000,100,1933,500,0.7894567361140395,0.9674766768483056,False,False
RR_MSB,RR + MSB,4.327677677728985,7.016908064935454,95.0,0,1807519525,0.9723897426489855,0.2,0.1,300000,299000,100,1933,500,0.7894567361140395,0.9674766768483056,False,False
RR_BATCH,RR + batch means,6.10286040038789,10.828866264534959,91.0,0,1648932250,2.339013830207248,0.2,0.1,300000,299000,100,1933,500,0.6991674983530618,0.972203257911216,False,False
RR_ORACLE,RR + oracle variance,6.10120751869113,10.963744026285708,93.0,0,1648932250,2.339013830207248,0.2,0.1,300000,299000,100,1933,500,0.6991674983530618,0.972203257911216,False,False
RR_OBM,RR + OBM,6.10120751869113,10.763172795672116,93.0,0,1648932250,2.339013830207248,0.2,0.1,300000,299000,100,1933,500,0.6991674983530618,0.972203257911216,False,False
RR_OBM_RR,RR + OBM-RR,6.10120751869113,10.804482023726495,92.0,0,1648932250,2.339013830207248,0.2,0.1,300000,299000,100,1933,500,0.6991674983530618,0.972203257911216,False,False
RR_MSB,RR + MSB,6.10120751869113,10.701753558811436,93.0,0,1648932250,2.339013830207248,0.2,0.1,300000,299000,100,1933,500,0.6991674983530618,0.972203257911216,False,False
RR_BATCH,RR + batch means,5.80833972549301,11.904821228941003,96.0,0,1928628491,2.7944941096607088,0.2,0.1,300000,299000,100,1933,500,0.7886025025448311,0.9730379108273683,False,False
RR_ORACLE,RR + oracle variance,5.806552867424533,11.983787290273218,95.0,0,1928628491,2.7944941096607088,0.2,0.1,300000,299000,100,1933,500,0.7886025025448311,0.9730379108273683,False,False
RR_OBM,RR + OBM,5.806552867424533,11.913876314501728,95.0,0,1928628491,2.7944941096607088,0.2,0.1,300000,299000,100,1933,500,0.7886025025448311,0.9730379108273683,False,False
RR_OBM_RR,RR + OBM-RR,5.806552867424533,11.951352219481663,97.0,0,1928628491,2.7944941096607088,0.2,0.1,300000,299000,100,1933,500,0.7886025025448311,0.9730379108273683,False,False
RR_MSB,RR + MSB,5.806552867424533,11.863689214079391,95.0,0,1928628491,2.7944941096607088,0.2,0.1,300000,299000,100,1933,500,0.7886025025448311,0.9730379108273683,False,False
RR_BATCH,RR + batch means,5.545658344479327,13.07570668478258,94.0,0,670802254,3.427604295372431,0.2,0.1,300000,299000,100,1933,500,0.7803566706151667,0.9591163685199341,False,False
RR_ORACLE,RR + oracle variance,5.546117150227605,13.272044578048465,94.0,0,670802254,3.427604295372431,0.2,0.1,300000,299000,100,1933,500,0.7803566706151667,0.9591163685199341,False,False
RR_OBM,RR + OBM,5.546117150227605,13.108411140785552,95.0,0,670802254,3.427604295372431,0.2,0.1,300000,299000,100,1933,500,0.7803566706151667,0.9591163685199341,False,False
RR_OBM_RR,RR + OBM-RR,5.546117150227605,13.159794278440879,93.0,0,670802254,3.427604295372431,0.2,0.1,300000,299000,100,1933,500,0.7803566706151667,0.9591163685199341,False,False
RR_MSB,RR + MSB,5.546117150227605,12.968097751007967,94.0,0,670802254,3.427604295372431,0.2,0.1,300000,299000,100,1933,500,0.7803566706151667,0.9591163685199341,False,False
RR_BATCH,RR + batch means,4.011570942223436,8.35402876515684,93.0,0,619179888,1.3904310474496269,0.2,0.1,300000,299000,100,1933,500,0.8181650406233747,0.957962340095406,False,False
RR_ORACLE,RR + oracle variance,4.0144862007055995,8.453123632978084,93.0,0,619179888,1.3904310474496269,0.2,0.1,300000,299000,100,1933,500,0.8181650406233747,0.957962340095406,False,False
RR_OBM,RR + OBM,4.0144862007055995,8.35839747219803,93.0,0,619179888,1.3904310474496269,0.2,0.1,300000,299000,100,1933,500,0.8181650406233747,0.957962340095406,False,False
RR_OBM_RR,RR + OBM-RR,4.0144862007055995,8.385930947053257,93.0,0,619179888,1.3904310474496269,0.2,0.1,300000,299000,100,1933,500,0.8181650406233747,0.957962340095406,False,False
RR_MSB,RR + MSB,4.0144862007055995,8.305746947643405,93.0,0,619179888,1.3904310474496269,0.2,0.1,300000,299000,100,1933,500,0.8181650406233747,0.957962340095406,False,False
RR_BATCH,RR + batch means,5.7285350524055,13.824619076095681,92.0,0,514446424,3.826453449941487,0.2,0.1,300000,299000,100,1933,500,0.6650854396717192,0.9865237322781218,False,False
RR_ORACLE,RR + oracle variance,5.728086735835397,14.022992756524584,94.0,0,514446424,3.826453449941487,0.2,0.1,300000,299000,100,1933,500,0.6650854396717192,0.9865237322781218,False,False
RR_OBM,RR + OBM,5.728086735835397,13.865509187459299,94.0,0,514446424,3.826453449941487,0.2,0.1,300000,299000,100,1933,500,0.6650854396717192,0.9865237322781218,False,False
RR_OBM_RR,RR + OBM-RR,5.728086735835397,13.79715705095657,94.0,0,514446424,3.826453449941487,0.2,0.1,300000,299000,100,1933,500,0.6650854396717192,0.9865237322781218,False,False
RR_MSB,RR + MSB,5.728086735835397,13.722198732710918,92.0,0,514446424,3.826453449941487,0.2,0.1,300000,299000,100,1933,500,0.6650854396717192,0.9865237322781218,False,False
RR_BATCH,RR + batch means,4.606672981270059,9.736151524870085,94.0,0,1465647934,1.8816782005191437,0.2,0.1,300000,299000,100,1933,500,0.8046305474845927,0.9606968152294643,False,False
RR_ORACLE,RR + oracle variance,4.606982254221196,9.833659567162048,94.0,0,1465647934,1.8816782005191437,0.2,0.1,300000,299000,100,1933,500,0.8046305474845927,0.9606968152294643,False,False
RR_OBM,RR + OBM,4.606982254221196,9.739428495765058,94.0,0,1465647934,1.8816782005191437,0.2,0.1,300000,299000,100,1933,500,0.8046305474845927,0.9606968152294643,False,False
RR_OBM_RR,RR + OBM-RR,4.606982254221196,9.794257516316726,94.0,0,1465647934,1.8816782005191437,0.2,0.1,300000,299000,100,1933,500,0.8046305474845927,0.9606968152294643,False,False
RR_MSB,RR + MSB,4.606982254221196,9.665381881382668,94.0,0,1465647934,1.8816782005191437,0.2,0.1,300000,299000,100,1933,500,0.8046305474845927,0.9606968152294643,False,False
RR_BATCH,RR + batch means,6.099513566873391,11.695764436694573,92.0,0,300116173,2.7382898532631184,0.2,0.1,300000,299000,100,1933,500,0.709263124937005,0.978121368174102,False,False
RR_ORACLE,RR + oracle variance,6.098199136656356,11.862663222687983,93.0,0,300116173,2.7382898532631184,0.2,0.1,300000,299000,100,1933,500,0.709263124937005,0.978121368174102,False,False
RR_OBM,RR + OBM,6.098199136656356,11.703011561034568,93.0,0,300116173,2.7382898532631184,0.2,0.1,300000,299000,100,1933,500,0.709263124937005,0.978121368174102,False,False
RR_OBM_RR,RR + OBM-RR,6.098199136656356,11.772966863430891,93.0,0,300116173,2.7382898532631184,0.2,0.1,300000,299000,100,1933,500,0.709263124937005,0.978121368174102,False,False
RR_MSB,RR + MSB,6.098199136656356,11.5147788629952,94.0,0,300116173,2.7382898532631184,0.2,0.1,300000,299000,100,1933,500,0.709263124937005,0.978121368174102,False,False
RR_BATCH,RR + batch means,4.206330238230258,6.288738975939326,96.0,0,1367435608,0.7860562113867311,0.2,0.1,300000,299000,100,1933,500,0.7780577788232529,0.9601545481079107,False,False
RR_ORACLE,RR + oracle variance,4.208269686869073,6.355786415577619,97.0,0,1367435608,0.7860562113867311,0.2,0.1,300000,299000,100,1933,500,0.7780577788232529,0.9601545481079107,False,False
RR_OBM,RR + OBM,4.208269686869073,6.24314991050549,98.0,0,1367435608,0.7860562113867311,0.2,0.1,300000,299000,100,1933,500,0.7780577788232529,0.9601545481079107,False,False
RR_OBM_RR,RR + OBM-RR,4.208269686869073,6.3067300153737795,97.0,0,1367435608,0.7860562113867311,0.2,0.1,300000,299000,100,1933,500,0.7780577788232529,0.9601545481079107,False,False
RR_MSB,RR + MSB,4.208269686869073,6.157205564465046,97.0,0,1367435608,0.7860562113867311,0.2,0.1,300000,299000,100,1933,500,0.7780577788232529,0.9601545481079107,False,False
RR_BATCH,RR + batch means,3.6380849149430423,6.68057156887954,94.0,0,392022359,2.967907203679725,0.2,0.1,1000000,999000,100,3981,500,0.724357336895496,0.9891818939270395,False,False
RR_ORACLE,RR + oracle variance,3.6383087257312834,6.756480093181509,95.0,0,392022359,2.967907203679725,0.2,0.1,1000000,999000,100,3981,500,0.724357336895496,0.9891818939270395,False,False
RR_OBM,RR + OBM,3.6383087257312834,6.688377740287884,95.0,0,392022359,2.967907203679725,0.2,0.1,1000000,999000,100,3981,500,0.724357336895496,0.9891818939270395,False,False
RR_OBM_RR,RR + OBM-RR,3.6383087257312834,6.7025977456254004,94.0,0,392022359,2.967907203679725,0.2,0.1,1000000,999000,100,3981,500,0.724357336895496,0.9891818939270395,False,False
RR_MSB,RR + MSB,3.6383087257312834,6.564274815545394,96.0,0,392022359,2.967907203679725,0.2,0.1,1000000,999000,100,3981,500,0.724357336895496,0.9891818939270395,False,False
RR_BATCH,RR + batch means,3.000603102043283,7.248657255414153,91.0,0,796282693,3.4994070452205612,0.2,0.1,1000000,999000,100,3981,500,0.7676501965691008,0.9862118083480076,False,False
RR_ORACLE,RR + oracle variance,3.000509059334887,7.336561686623262,92.0,0,796282693,3.4994070452205612,0.2,0.1,1000000,999000,100,3981,500,0.7676501965691008,0.9862118083480076,False,False
RR_OBM,RR + OBM,3.000509059334887,7.302723283849285,91.0,0,796282693,3.4994070452205612,0.2,0.1,1000000,999000,100,3981,500,0.7676501965691008,0.9862118083480076,False,False
RR_OBM_RR,RR + OBM-RR,3.000509059334887,7.314256053093663,91.0,0,796282693,3.4994070452205612,0.2,0.1,1000000,999000,100,3981,500,0.7676501965691008,0.9862118083480076,False,False
RR_MSB,RR + MSB,3.000509059334887,7.2181383353289945,91.0,0,796282693,3.4994070452205612,0.2,0.1,1000000,999000,100,3981,500,0.7676501965691008,0.9862118083480076,False,False
RR_BATCH,RR + batch means,2.604068146505295,5.401313090428219,96.0,0,432652533,1.9611068538101502,0.2,0.1,1000000,999000,100,3981,500,0.7171510190072995,0.9811557567616923,False,False
RR_ORACLE,RR + oracle variance,2.6040235525350313,5.492195289378146,97.0,0,432652533,1.9611068538101502,0.2,0.1,1000000,999000,100,3981,500,0.7171510190072995,0.9811557567616923,False,False
RR_OBM,RR + OBM,2.6040235525350313,5.45820636717675,97.0,0,432652533,1.9611068538101502,0.2,0.1,1000000,999000,100,3981,500,0.7171510190072995,0.9811557567616923,False,False
RR_OBM_RR,RR + OBM-RR,2.6040235525350313,5.427577248956589,96.0,0,432652533,1.9611068538101502,0.2,0.1,1000000,999000,100,3981,500,0.7171510190072995,0.9811557567616923,False,False
RR_MSB,RR + MSB,2.6040235525350313,5.4303644338004,95.0,0,432652533,1.9611068538101502,0.2,0.1,1000000,999000,100,3981,500,0.7171510190072995,0.9811557567616923,False,False
RR_BATCH,RR + batch means,2.777601274892671,6.101801707265416,97.0,0,1497586439,2.482036996357162,0.2,0.1,1000000,999000,100,3981,500,0.7570355025661545,0.9546844288686142,False,False
RR_ORACLE,RR + oracle variance,2.7773586260848138,6.178733559572031,95.0,0,1497586439,2.482036996357162,0.2,0.1,1000000,999000,100,3981,500,0.7570355025661545,0.9546844288686142,False,False
RR_OBM,RR + OBM,2.7773586260848138,6.118757236165337,94.0,0,1497586439,2.482036996357162,0.2,0.1,1000000,999000,100,3981,500,0.7570355025661545,0.9546844288686142,False,False
RR_OBM_RR,RR + OBM-RR,2.7773586260848138,6.116681786103136,94.0,0,1497586439,2.482036996357162,0.2,0.1,1000000,999000,100,3981,500,0.7570355025661545,0.9546844288686142,False,False
RR_MSB,RR + MSB,2.7773586260848138,6.070473598780849,95.0,0,1497586439,2.482036996357162,0.2,0.1,1000000,999000,100,3981,500,0.7570355025661545,0.9546844288686142,False,False
RR_BATCH,RR + batch means,2.9903511832184977,4.682155446925921,94.0,0,1688060241,1.4441085443788395,0.2,0.1,1000000,999000,100,3981,500,0.8471715979797765,0.97691339865281,False,False
RR_ORACLE,RR + oracle variance,2.9905434662268644,4.712976359960332,96.0,0,1688060241,1.4441085443788395,0.2,0.1,1000000,999000,100,3981,500,0.8471715979797765,0.97691339865281,False,False
RR_OBM,RR + OBM,2.9905434662268644,4.690270277189991,95.0,0,1688060241,1.4441085443788395,0.2,0.1,1000000,999000,100,3981,500,0.8471715979797765,0.97691339865281,False,False
RR_OBM_RR,RR + OBM-RR,2.9905434662268644,4.662754868343948,95.0,0,1688060241,1.4441085443788395,0.2,0.1,1000000,999000,100,3981,500,0.8471715979797765,0.97691339865281,False,False
RR_MSB,RR + MSB,2.9905434662268644,4.685889190859886,95.0,0,1688060241,1.4441085443788395,0.2,0.1,1000000,999000,100,3981,500,0.8471715979797765,0.97691339865281,False,False
RR_BATCH,RR + batch means,1.98539880748502,4.3119856961112735,96.0,0,1990212659,1.288161905605608,0.2,0.1,1000000,999000,100,3981,500,0.8433534285194172,0.9410252605005613,False,False
RR_ORACLE,RR + oracle variance,1.985481818525502,4.451235464030127,97.0,0,1990212659,1.288161905605608,0.2,0.1,1000000,999000,100,3981,500,0.8433534285194172,0.9410252605005613,False,False
RR_OBM,RR + OBM,1.985481818525502,4.399999945499588,97.0,0,1990212659,1.288161905605608,0.2,0.1,1000000,999000,100,3981,500,0.8433534285194172,0.9410252605005613,False,False
RR_OBM_RR,RR + OBM-RR,1.985481818525502,4.359956450753111,96.0,0,1990212659,1.288161905605608,0.2,0.1,1000000,999000,100,3981,500,0.8433534285194172,0.9410252605005613,False,False
RR_MSB,RR + MSB,1.985481818525502,4.357544569963604,98.0,0,1990212659,1.288161905605608,0.2,0.1,1000000,999000,100,3981,500,0.8433534285194172,0.9410252605005613,False,False
RR_BATCH,RR + batch means,2.6559858701795673,5.697596167659323,94.0,0,942484272,2.1211773083799685,0.2,0.1,1000000,999000,100,3981,500,0.6856096098338498,0.9800598439929239,False,False
RR_ORACLE,RR + oracle variance,2.655773602762759,5.711942525406166,97.0,0,942484272,2.1211773083799685,0.2,0.1,1000000,999000,100,3981,500,0.6856096098338498,0.9800598439929239,False,False
RR_OBM,RR + OBM,2.655773602762759,5.689650460751615,96.0,0,942484272,2.1211773083799685,0.2,0.1,1000000,999000,100,3981,500,0.6856096098338498,0.9800598439929239,False,False
RR_OBM_RR,RR + OBM-RR,2.655773602762759,5.69859190596171,94.0,0,942484272,2.1211773083799685,0.2,0.1,1000000,999000,100,3981,500,0.6856096098338498,0.9800598439929239,False,False
RR_MSB,RR + MSB,2.655773602762759,5.633355135628655,95.0,0,942484272,2.1211773083799685,0.2,0.1,1000000,999000,100,3981,500,0.6856096098338498,0.9800598439929239,False,False
RR_BATCH,RR + batch means,3.161874956776797,4.751623540441861,97.0,0,967196436,1.5225872863170185,0.2,0.1,1000000,999000,100,3981,500,0.71009375439602,0.9744737283784642,False,False
RR_ORACLE,RR + oracle variance,3.1616786350258437,4.839343415163555,96.0,0,967196436,1.5225872863170185,0.2,0.1,1000000,999000,100,3981,500,0.71009375439602,0.9744737283784642,False,False
RR_OBM,RR + OBM,3.1616786350258437,4.828440082934091,96.0,0,967196436,1.5225872863170185,0.2,0.1,1000000,999000,100,3981,500,0.71009375439602,0.9744737283784642,False,False
RR_OBM_RR,RR + OBM-RR,3.1616786350258437,4.766613030813171,96.0,0,967196436,1.5225872863170185,0.2,0.1,1000000,999000,100,3981,500,0.71009375439602,0.9744737283784642,False,False
RR_MSB,RR + MSB,3.1616786350258437,4.773289296283695,96.0,0,967196436,1.5225872863170185,0.2,0.1,1000000,999000,100,3981,500,0.71009375439602,0.9744737283784642,False,False
RR_BATCH,RR + batch means,3.066000955754292,7.33898086202605,95.0,0,191664964,3.6494337442282094,0.2,0.1,1000000,999000,100,3981,500,0.6170130688482545,0.9783108365748661,False,False
RR_ORACLE,RR + oracle variance,3.0658014579527455,7.492177955690638,95.0,0,191664964,3.6494337442282094,0.2,0.1,1000000,999000,100,3981,500,0.6170130688482545,0.9783108365748661,False,False
RR_OBM,RR + OBM,3.0658014579527455,7.454079740072775,95.0,0,191664964,3.6494337442282094,0.2,0.1,1000000,999000,100,3981,500,0.6170130688482545,0.9783108365748661,False,False
RR_OBM_RR,RR + OBM-RR,3.0658014579527455,7.4082925318139345,95.0,0,191664964,3.6494337442282094,0.2,0.1,1000000,999000,100,3981,500,0.6170130688482545,0.9783108365748661,False,False
RR_MSB,RR + MSB,3.0658014579527455,7.350826658562806,95.0,0,191664964,3.6494337442282094,0.2,0.1,1000000,999000,100,3981,500,0.6170130688482545,0.9783108365748661,False,False
RR_BATCH,RR + batch means,3.1745021793939086,8.037760196992759,91.0,0,202244314,4.321050774280965,0.2,0.1,1000000,999000,100,3981,500,0.7861785897410013,0.9698795742731564,False,False
RR_ORACLE,RR + oracle variance,3.17491069011801,8.15248535500547,93.0,0,202244314,4.321050774280965,0.2,0.1,1000000,999000,100,3981,500,0.7861785897410013,0.9698795742731564,False,False
RR_OBM,RR + OBM,3.17491069011801,8.100234319823084,91.0,0,202244314,4.321050774280965,0.2,0.1,1000000,999000,100,3981,500,0.7861785897410013,0.9698795742731564,False,False
RR_OBM_RR,RR + OBM-RR,3.17491069011801,8.068653831257427,91.0,0,202244314,4.321050774280965,0.2,0.1,1000000,999000,100,3981,500,0.7861785897410013,0.9698795742731564,False,False
RR_MSB,RR + MSB,3.17491069011801,8.03235192802137,91.0,0,202244314,4.321050774280965,0.2,0.1,1000000,999000,100,3981,500,0.7861785897410013,0.9698795742731564,False,False
RR_BATCH,RR + batch means,3.709084594061248,4.6079483885243935,94.0,0,1634535063,1.4231973693020514,0.2,0.1,1000000,999000,100,3981,500,0.6945541001652723,0.9748787957217653,False,False
RR_ORACLE,RR + oracle variance,3.7091547690179993,4.678729192679846,94.0,0,1634535063,1.4231973693020514,0.2,0.1,1000000,999000,100,3981,500,0.6945541001652723,0.9748787957217653,False,False
RR_OBM,RR + OBM,3.7091547690179993,4.6476029970979855,95.0,0,1634535063,1.4231973693020514,0.2,0.1,1000000,999000,100,3981,500,0.6945541001652723,0.9748787957217653,False,False
RR_OBM_RR,RR + OBM-RR,3.7091547690179993,4.623945495147732,94.0,0,1634535063,1.4231973693020514,0.2,0.1,1000000,999000,100,3981,500,0.6945541001652723,0.9748787957217653,False,False
RR_MSB,RR + MSB,3.7091547690179993,4.602781639236364,94.0,0,1634535063,1.4231973693020514,0.2,0.1,1000000,999000,100,3981,500,0.6945541001652723,0.9748787957217653,False,False
RR_BATCH,RR + batch means,2.419118385180072,5.576585806215519,95.0,0,1540770720,2.0848593466381438,0.2,0.1,1000000,999000,100,3981,500,0.8102771343106778,0.9821970848719925,False,False
RR_ORACLE,RR + oracle variance,2.4191137330462418,5.662832593427068,95.0,0,1540770720,2.0848593466381438,0.2,0.1,1000000,999000,100,3981,500,0.8102771343106778,0.9821970848719925,False,False
RR_OBM,RR + OBM,2.4191137330462418,5.59168022693724,96.0,0,1540770720,2.0848593466381438,0.2,0.1,1000000,999000,100,3981,500,0.8102771343106778,0.9821970848719925,False,False
RR_OBM_RR,RR + OBM-RR,2.4191137330462418,5.548363207210883,97.0,0,1540770720,2.0848593466381438,0.2,0.1,1000000,999000,100,3981,500,0.8102771343106778,0.9821970848719925,False,False
RR_MSB,RR + MSB,2.4191137330462418,5.541338864336579,94.0,0,1540770720,2.0848593466381438,0.2,0.1,1000000,999000,100,3981,500,0.8102771343106778,0.9821970848719925,False,False
RR_BATCH,RR + batch means,2.368506637832427,4.851244909990538,97.0,0,1803345591,1.560769649441434,0.2,0.1,1000000,999000,100,3981,500,0.7700944482408887,0.9718405574716356,False,False
RR_ORACLE,RR + oracle variance,2.3682805589920353,4.899646505979534,97.0,0,1803345591,1.560769649441434,0.2,0.1,1000000,999000,100,3981,500,0.7700944482408887,0.9718405574716356,False,False
RR_OBM,RR + OBM,2.3682805589920353,4.872240467159145,97.0,0,1803345591,1.560769649441434,0.2,0.1,1000000,999000,100,3981,500,0.7700944482408887,0.9718405574716356,False,False
RR_OBM_RR,RR + OBM-RR,2.3682805589920353,4.852912792197818,97.0,0,1803345591,1.560769649441434,0.2,0.1,1000000,999000,100,3981,500,0.7700944482408887,0.9718405574716356,False,False
RR_MSB,RR + MSB,2.3682805589920353,4.844818506878421,97.0,0,1803345591,1.560769649441434,0.2,0.1,1000000,999000,100,3981,500,0.7700944482408887,0.9718405574716356,False,False
RR_BATCH,RR + batch means,2.9370883310300444,6.586584889600371,95.0,0,1580016184,2.9767465568954146,0.2,0.1,1000000,999000,100,3981,500,0.693869447479337,0.9799992470541787,False,False
RR_ORACLE,RR + oracle variance,2.9368077899182796,6.766534065168233,97.0,0,1580016184,2.9767465568954146,0.2,0.1,1000000,999000,100,3981,500,0.693869447479337,0.9799992470541787,False,False
RR_OBM,RR + OBM,2.9368077899182796,6.707134469780329,96.0,0,1580016184,2.9767465568954146,0.2,0.1,1000000,999000,100,3981,500,0.693869447479337,0.9799992470541787,False,False
RR_OBM_RR,RR + OBM-RR,2.9368077899182796,6.648299622967013,96.0,0,1580016184,2.9767465568954146,0.2,0.1,1000000,999000,100,3981,500,0.693869447479337,0.9799992470541787,False,False
RR_MSB,RR + MSB,2.9368077899182796,6.678994243463348,97.0,0,1580016184,2.9767465568954146,0.2,0.1,1000000,999000,100,3981,500,0.693869447479337,0.9799992470541787,False,False
RR_BATCH,RR + batch means,3.0603433799348605,5.627110102369924,93.0,0,184566854,2.1112269925914977,0.2,0.1,1000000,999000,100,3981,500,0.7491233564398936,0.9591915905840974,False,False
RR_ORACLE,RR + oracle variance,3.060796812925291,5.6985295868464805,97.0,0,184566854,2.1112269925914977,0.2,0.1,1000000,999000,100,3981,500,0.7491233564398936,0.9591915905840974,False,False
RR_OBM,RR + OBM,3.060796812925291,5.692677459755367,96.0,0,184566854,2.1112269925914977,0.2,0.1,1000000,999000,100,3981,500,0.7491233564398936,0.9591915905840974,False,False
RR_OBM_RR,RR + OBM-RR,3.060796812925291,5.68229873840562,93.0,0,184566854,2.1112269925914977,0.2,0.1,1000000,999000,100,3981,500,0.7491233564398936,0.9591915905840974,False,False
RR_MSB,RR + MSB,3.060796812925291,5.602924764442636,93.0,0,184566854,2.1112269925914977,0.2,0.1,1000000,999000,100,3981,500,0.7491233564398936,0.9591915905840974,False,False
RR_BATCH,RR + batch means,3.686304828009888,4.899733869781234,96.0,0,1662057958,1.6217304504020316,0.2,0.1,1000000,999000,100,3981,500,0.6790765424225903,0.9828583565537448,False,False
RR_ORACLE,RR + oracle variance,3.6860461374029687,4.9944155975551,98.0,0,1662057958,1.6217304504020316,0.2,0.1,1000000,999000,100,3981,500,0.6790765424225903,0.9828583565537448,False,False
RR_OBM,RR + OBM,3.6860461374029687,4.944942666420225,98.0,0,1662057958,1.6217304504020316,0.2,0.1,1000000,999000,100,3981,500,0.6790765424225903,0.9828583565537448,False,False
RR_OBM_RR,RR + OBM-RR,3.6860461374029687,4.883325545844363,97.0,0,1662057958,1.6217304504020316,0.2,0.1,1000000,999000,100,3981,500,0.6790765424225903,0.9828583565537448,False,False
RR_MSB,RR + MSB,3.6860461374029687,4.883720312527857,97.0,0,1662057958,1.6217304504020316,0.2,0.1,1000000,999000,100,3981,500,0.6790765424225903,0.9828583565537448,False,False
RR_BATCH,RR + batch means,3.1144119653587885,5.093917592101503,94.0,0,1843824993,1.7001381961701993,0.2,0.1,1000000,999000,100,3981,500,0.7788366723395868,0.9910725969960036,False,False
RR_ORACLE,RR + oracle variance,3.1145535618096027,5.113726006932913,95.0,0,1843824993,1.7001381961701993,0.2,0.1,1000000,999000,100,3981,500,0.7788366723395868,0.9910725969960036,False,False
RR_OBM,RR + OBM,3.1145535618096027,5.1073407220288765,95.0,0,1843824993,1.7001381961701993,0.2,0.1,1000000,999000,100,3981,500,0.7788366723395868,0.9910725969960036,False,False
RR_OBM_RR,RR + OBM-RR,3.1145535618096027,5.126596093851953,95.0,0,1843824993,1.7001381961701993,0.2,0.1,1000000,999000,100,3981,500,0.7788366723395868,0.9910725969960036,False,False
RR_MSB,RR + MSB,3.1145535618096027,5.050517364446267,94.0,0,1843824993,1.7001381961701993,0.2,0.1,1000000,999000,100,3981,500,0.7788366723395868,0.9910725969960036,False,False
RR_BATCH,RR + batch means,2.682996616126847,3.755468862870716,92.0,0,929893138,0.9084848316243732,0.2,0.1,1000000,999000,100,3981,500,0.7969711608066093,0.9611676845272247,False,False
RR_ORACLE,RR + oracle variance,2.683012882493478,3.738128125348646,94.0,0,929893138,0.9084848316243732,0.2,0.1,1000000,999000,100,3981,500,0.7969711608066093,0.9611676845272247,False,False
RR_OBM,RR + OBM,2.683012882493478,3.7360515029374914,94.0,0,929893138,0.9084848316243732,0.2,0.1,1000000,999000,100,3981,500,0.7969711608066093,0.9611676845272247,False,False
RR_OBM_RR,RR + OBM-RR,2.683012882493478,3.7430632219917,94.0,0,929893138,0.9084848316243732,0.2,0.1,1000000,999000,100,3981,500,0.7969711608066093,0.9611676845272247,False,False
RR_MSB,RR + MSB,2.683012882493478,3.709418094382144,93.0,0,929893138,0.9084848316243732,0.2,0.1,1000000,999000,100,3981,500,0.7969711608066093,0.9611676845272247,False,False
RR_BATCH,RR + batch means,3.36335673810147,10.68233492523011,98.0,0,2095133046,7.757954275853825,0.2,0.1,1000000,999000,100,3981,500,0.7856952072177379,0.9732366535263169,False,False
RR_ORACLE,RR + oracle variance,3.363217558136566,10.923679522413218,98.0,0,2095133046,7.757954275853825,0.2,0.1,1000000,999000,100,3981,500,0.7856952072177379,0.9732366535263169,False,False
RR_OBM,RR + OBM,3.363217558136566,10.809570989058765,98.0,0,2095133046,7.757954275853825,0.2,0.1,1000000,999000,100,3981,500,0.7856952072177379,0.9732366535263169,False,False
RR_OBM_RR,RR + OBM-RR,3.363217558136566,10.719655669863007,98.0,0,2095133046,7.757954275853825,0.2,0.1,1000000,999000,100,3981,500,0.7856952072177379,0.9732366535263169,False,False
RR_MSB,RR + MSB,3.363217558136566,10.679119509842117,98.0,0,2095133046,7.757954275853825,0.2,0.1,1000000,999000,100,3981,500,0.7856952072177379,0.9732366535263169,False,False
RR_BATCH,RR + batch means,3.5142449094512505,6.7662221651724686,93.0,0,275121931,3.0829958319904613,0.2,0.1,1000000,999000,100,3981,500,0.5797995358321507,0.9809040601384286,False,False
RR_ORACLE,RR + oracle variance,3.514261758707392,6.886234555851997,93.0,0,275121931,3.0829958319904613,0.2,0.1,1000000,999000,100,3981,500,0.5797995358321507,0.9809040601384286,False,False
RR_OBM,RR + OBM,3.514261758707392,6.835848659128201,94.0,0,275121931,3.0829958319904613,0.2,0.1,1000000,999000,100,3981,500,0.5797995358321507,0.9809040601384286,False,False
RR_OBM_RR,RR + OBM-RR,3.514261758707392,6.8091847071688045,94.0,0,275121931,3.0829958319904613,0.2,0.1,1000000,999000,100,3981,500,0.5797995358321507,0.9809040601384286,False,False
RR_MSB,RR + MSB,3.514261758707392,6.747319425743406,93.0,0,275121931,3.0829958319904613,0.2,0.1,1000000,999000,100,3981,500,0.5797995358321507,0.9809040601384286,False,False
RR_BATCH,RR + batch means,2.6852608938951907,5.8024051571159285,91.0,0,1130604998,2.1629023445129523,0.2,0.1,1000000,999000,100,3981,500,0.8180013399446049,0.9648496803828693,False,False
RR_ORACLE,RR + oracle variance,2.6852805403439204,5.767847885281381,90.0,0,1130604998,2.1629023445129523,0.2,0.1,1000000,999000,100,3981,500,0.8180013399446049,0.9648496803828693,False,False
RR_OBM,RR + OBM,2.6852805403439204,5.76683731234017,92.0,0,1130604998,2.1629023445129523,0.2,0.1,1000000,999000,100,3981,500,0.8180013399446049,0.9648496803828693,False,False
RR_OBM_RR,RR + OBM-RR,2.6852805403439204,5.802320450100353,94.0,0,1130604998,2.1629023445129523,0.2,0.1,1000000,999000,100,3981,500,0.8180013399446049,0.9648496803828693,False,False
RR_MSB,RR + MSB,2.6852805403439204,5.744866164467748,91.0,0,1130604998,2.1629023445129523,0.2,0.1,1000000,999000,100,3981,500,0.8180013399446049,0.9648496803828693,False,False
RR_BATCH,RR + batch means,4.100465284916488,6.86083270127257,92.0,0,1102145673,3.154660057345609,0.2,0.1,1000000,999000,100,3981,500,0.7767013668421681,0.9865087667766611,False,False
RR_ORACLE,RR + oracle variance,4.100279223335807,6.965810026382472,94.0,0,1102145673,3.154660057345609,0.2,0.1,1000000,999000,100,3981,500,0.7767013668421681,0.9865087667766611,False,False
RR_OBM,RR + OBM,4.100279223335807,6.949250105249465,93.0,0,1102145673,3.154660057345609,0.2,0.1,1000000,999000,100,3981,500,0.7767013668421681,0.9865087667766611,False,False
RR_OBM_RR,RR + OBM-RR,4.100279223335807,6.886652032431979,92.0,0,1102145673,3.154660057345609,0.2,0.1,1000000,999000,100,3981,500,0.7767013668421681,0.9865087667766611,False,False
RR_MSB,RR + MSB,4.100279223335807,6.873828509467713,94.0,0,1102145673,3.154660057345609,0.2,0.1,1000000,999000,100,3981,500,0.7767013668421681,0.9865087667766611,False,False
RR_BATCH,RR + batch means,2.611364277598413,4.049010916122896,96.0,0,1405681632,1.0944420187069794,0.2,0.1,1000000,999000,100,3981,500,0.6723387524196869,0.9608867344989493,False,False
RR_ORACLE,RR + oracle variance,2.6112622990209404,4.10290746125677,97.0,0,1405681632,1.0944420187069794,0.2,0.1,1000000,999000,100,3981,500,0.6723387524196869,0.9608867344989493,False,False
RR_OBM,RR + OBM,2.6112622990209404,4.0871326990396755,97.0,0,1405681632,1.0944420187069794,0.2,0.1,1000000,999000,100,3981,500,0.6723387524196869,0.9608867344989493,False,False
RR_OBM_RR,RR + OBM-RR,2.6112622990209404,4.087951374857754,97.0,0,1405681632,1.0944420187069794,0.2,0.1,1000000,999000,100,3981,500,0.6723387524196869,0.9608867344989493,False,False
RR_MSB,RR + MSB,2.6112622990209404,4.031492945372339,97.0,0,1405681632,1.0944420187069794,0.2,0.1,1000000,999000,100,3981,500,0.6723387524196869,0.9608867344989493,False,False
RR_BATCH,RR + batch means,2.497201241207602,3.877143891948396,97.0,0,1074497556,0.9918530277480927,0.2,0.1,1000000,999000,100,3981,500,0.782542343257498,0.9631394294138098,False,False
RR_ORACLE,RR + oracle variance,2.4974425479307483,3.9058809704413173,97.0,0,1074497556,0.9918530277480927,0.2,0.1,1000000,999000,100,3981,500,0.782542343257498,0.9631394294138098,False,False
RR_OBM,RR + OBM,2.4974425479307483,3.8885381039879126,97.0,0,1074497556,0.9918530277480927,0.2,0.1,1000000,999000,100,3981,500,0.782542343257498,0.9631394294138098,False,False
RR_OBM_RR,RR + OBM-RR,2.4974425479307483,3.874257342561285,96.0,0,1074497556,0.9918530277480927,0.2,0.1,1000000,999000,100,3981,500,0.782542343257498,0.9631394294138098,False,False
RR_MSB,RR + MSB,2.4974425479307483,3.834826419101991,95.0,0,1074497556,0.9918530277480927,0.2,0.1,1000000,999000,100,3981,500,0.782542343257498,0.9631394294138098,False,False
RR_BATCH,RR + batch means,2.988069092173261,4.760545114737751,95.0,0,197860369,1.526526566184373,0.2,0.1,1000000,999000,100,3981,500,0.712148603784999,0.9743046378159217,False,False
RR_ORACLE,RR + oracle variance,2.987943948556286,4.845599612677247,94.0,0,197860369,1.526526566184373,0.2,0.1,1000000,999000,100,3981,500,0.712148603784999,0.9743046378159217,False,False
RR_OBM,RR + OBM,2.987943948556286,4.806013719965005,94.0,0,197860369,1.526526566184373,0.2,0.1,1000000,999000,100,3981,500,0.712148603784999,0.9743046378159217,False,False
RR_OBM_RR,RR + OBM-RR,2.987943948556286,4.795763718778352,96.0,0,197860369,1.526526566184373,0.2,0.1,1000000,999000,100,3981,500,0.712148603784999,0.9743046378159217,False,False
RR_MSB,RR + MSB,2.987943948556286,4.747586992299383,95.0,0,197860369,1.526526566184373,0.2,0.1,1000000,999000,100,3981,500,0.712148603784999,0.9743046378159217,False,False
RR_BATCH,RR + batch means,3.0568348092483117,6.04471465663434,95.0,0,1766867110,2.461885435521448,0.2,0.1,1000000,999000,100,3981,500,0.7862294349166898,0.966528381029845,False,False
RR_ORACLE,RR + oracle variance,3.0570034336902014,6.153599993513491,94.0,0,1766867110,2.461885435521448,0.2,0.1,1000000,999000,100,3981,500,0.7862294349166898,0.966528381029845,False,False
RR_OBM,RR + OBM,3.0570034336902014,6.118722090502543,93.0,0,1766867110,2.461885435521448,0.2,0.1,1000000,999000,100,3981,500,0.7862294349166898,0.966528381029845,False,False
RR_OBM_RR,RR + OBM-RR,3.0570034336902014,6.074854731438114,94.0,0,1766867110,2.461885435521448,0.2,0.1,1000000,999000,100,3981,500,0.7862294349166898,0.966528381029845,False,False
RR_MSB,RR + MSB,3.0570034336902014,6.024102264692312,94.0,0,1766867110,2.461885435521448,0.2,0.1,1000000,999000,100,3981,500,0.7862294349166898,0.966528381029845,False,False
RR_BATCH,RR + batch means,2.8712827345579215,4.76487613250726,96.0,0,952224741,1.5701323961864633,0.2,0.1,1000000,999000,100,3981,500,0.7938242041958898,0.974776274450555,False,False
RR_ORACLE,RR + oracle variance,2.871521488007805,4.914320534750519,96.0,0,952224741,1.5701323961864633,0.2,0.1,1000000,999000,100,3981,500,0.7938242041958898,0.974776274450555,False,False
RR_OBM,RR + OBM,2.871521488007805,4.8734264381568,96.0,0,952224741,1.5701323961864633,0.2,0.1,1000000,999000,100,3981,500,0.7938242041958898,0.974776274450555,False,False
RR_OBM_RR,RR + OBM-RR,2.871521488007805,4.780843773829044,95.0,0,952224741,1.5701323961864633,0.2,0.1,1000000,999000,100,3981,500,0.7938242041958898,0.974776274450555,False,False
RR_MSB,RR + MSB,2.871521488007805,4.79912565638863,96.0,0,952224741,1.5701323961864633,0.2,0.1,1000000,999000,100,3981,500,0.7938242041958898,0.974776274450555,False,False
RR_BATCH,RR + batch means,2.158423405117191,5.384003052823585,94.0,0,967354525,1.970912519537936,0.2,0.1,1000000,999000,100,3981,500,0.7755973481799772,0.9446797600389772,False,False
RR_ORACLE,RR + oracle variance,2.158208750004775,5.505908840885955,95.0,0,967354525,1.970912519537936,0.2,0.1,1000000,999000,100,3981,500,0.7755973481799772,0.9446797600389772,False,False
RR_OBM,RR + OBM,2.158208750004775,5.464447921910801,95.0,0,967354525,1.970912519537936,0.2,0.1,1000000,999000,100,3981,500,0.7755973481799772,0.9446797600389772,False,False
RR_OBM_RR,RR + OBM-RR,2.158208750004775,5.43828363664998,95.0,0,967354525,1.970912519537936,0.2,0.1,1000000,999000,100,3981,500,0.7755973481799772,0.9446797600389772,False,False
RR_MSB,RR + MSB,2.158208750004775,5.405477473226271,95.0,0,967354525,1.970912519537936,0.2,0.1,1000000,999000,100,3981,500,0.7755973481799772,0.9446797600389772,False,False
RR_BATCH,RR + batch means,2.7999207621233313,2.98028458749776,92.0,0,487991439,0.5788421349952112,0.2,0.1,1000000,999000,100,3981,500,0.7499907647920281,0.9684521682237308,False,False
RR_ORACLE,RR + oracle variance,2.7999605278109763,2.983839170810711,91.0,0,487991439,0.5788421349952112,0.2,0.1,1000000,999000,100,3981,500,0.7499907647920281,0.9684521682237308,False,False
RR_OBM,RR + OBM,2.7999605278109763,2.993287669477568,92.0,0,487991439,0.5788421349952112,0.2,0.1,1000000,999000,100,3981,500,0.7499907647920281,0.9684521682237308,False,False
RR_OBM_RR,RR + OBM-RR,2.7999605278109763,2.997089473788539,92.0,0,487991439,0.5788421349952112,0.2,0.1,1000000,999000,100,3981,500,0.7499907647920281,0.9684521682237308,False,False
RR_MSB,RR + MSB,2.7999605278109763,2.9622012679219543,92.0,0,487991439,0.5788421349952112,0.2,0.1,1000000,999000,100,3981,500,0.7499907647920281,0.9684521682237308,False,False
RR_BATCH,RR + batch means,3.0318789550115186,4.731435465240829,91.0,0,1382689816,1.4935088068017774,0.2,0.1,1000000,999000,100,3981,500,0.7014268498840708,0.983754894179103,False,False
RR_ORACLE,RR + oracle variance,3.0319340193660977,4.7929095861483955,91.0,0,1382689816,1.4935088068017774,0.2,0.1,1000000,999000,100,3981,500,0.7014268498840708,0.983754894179103,False,False
RR_OBM,RR + OBM,3.0319340193660977,4.750304303830241,91.0,0,1382689816,1.4935088068017774,0.2,0.1,1000000,999000,100,3981,500,0.7014268498840708,0.983754894179103,False,False
RR_OBM_RR,RR + OBM-RR,3.0319340193660977,4.747942033184318,92.0,0,1382689816,1.4935088068017774,0.2,0.1,1000000,999000,100,3981,500,0.7014268498840708,0.983754894179103,False,False
RR_MSB,RR + MSB,3.0319340193660977,4.7191965463580505,92.0,0,1382689816,1.4935088068017774,0.2,0.1,1000000,999000,100,3981,500,0.7014268498840708,0.983754894179103,False,False
RR_BATCH,RR + batch means,2.3921215456864573,3.290891199233088,94.0,0,864178267,0.7480735775826947,0.2,0.1,1000000,999000,100,3981,500,0.8160020274446405,0.9722262482260365,False,False
RR_ORACLE,RR + oracle variance,2.3922632589759996,3.3920910445014885,95.0,0,864178267,0.7480735775826947,0.2,0.1,1000000,999000,100,3981,500,0.8160020274446405,0.9722262482260365,False,False
RR_OBM,RR + OBM,2.3922632589759996,3.363938044439429,95.0,0,864178267,0.7480735775826947,0.2,0.1,1000000,999000,100,3981,500,0.8160020274446405,0.9722262482260365,False,False
RR_OBM_RR,RR + OBM-RR,2.3922632589759996,3.352395428060227,95.0,0,864178267,0.7480735775826947,0.2,0.1,1000000,999000,100,3981,500,0.8160020274446405,0.9722262482260365,False,False
RR_MSB,RR + MSB,2.3922632589759996,3.3409253048586374,95.0,0,864178267,0.7480735775826947,0.2,0.1,1000000,999000,100,3981,500,0.8160020274446405,0.9722262482260365,False,False
RR_BATCH,RR + batch means,2.9942617742740634,6.222723203071699,95.0,0,1906728919,2.4702153729064475,0.2,0.1,1000000,999000,100,3981,500,0.840954022969886,0.9673394202974377,False,False
RR_ORACLE,RR + oracle variance,2.9945644444058606,6.1640017399829885,95.0,0,1906728919,2.4702153729064475,0.2,0.1,1000000,999000,100,3981,500,0.840954022969886,0.9673394202974377,False,False
RR_OBM,RR + OBM,2.9945644444058606,6.126908642581417,95.0,0,1906728919,2.4702153729064475,0.2,0.1,1000000,999000,100,3981,500,0.840954022969886,0.9673394202974377,False,False
RR_OBM_RR,RR + OBM-RR,2.9945644444058606,6.158236934536067,95.0,0,1906728919,2.4702153729064475,0.2,0.1,1000000,999000,100,3981,500,0.840954022969886,0.9673394202974377,False,False
RR_MSB,RR + MSB,2.9945644444058606,6.093400832037594,94.0,0,1906728919,2.4702153729064475,0.2,0.1,1000000,999000,100,3981,500,0.840954022969886,0.9673394202974377,False,False
RR_BATCH,RR + batch means,2.7945003847640693,3.869232718562781,97.0,0,1678403331,1.0130933577483543,0.2,0.1,1000000,999000,100,3981,500,0.8130787548824936,0.9704160595057733,False,False
RR_ORACLE,RR + oracle variance,2.7947057659844114,3.9474812563843393,96.0,0,1678403331,1.0130933577483543,0.2,0.1,1000000,999000,100,3981,500,0.8130787548824936,0.9704160595057733,False,False
RR_OBM,RR + OBM,2.7947057659844114,3.918066649139765,96.0,0,1678403331,1.0130933577483543,0.2,0.1,1000000,999000,100,3981,500,0.8130787548824936,0.9704160595057733,False,False
RR_OBM_RR,RR + OBM-RR,2.7947057659844114,3.8828174756786167,96.0,0,1678403331,1.0130933577483543,0.2,0.1,1000000,999000,100,3981,500,0.8130787548824936,0.9704160595057733,False,False
RR_MSB,RR + MSB,2.7947057659844114,3.880409208365228,96.0,0,1678403331,1.0130933577483543,0.2,0.1,1000000,999000,100,3981,500,0.8130787548824936,0.9704160595057733,False,False
RR_BATCH,RR + batch means,3.569224402453088,5.193935267416645,92.0,0,137046513,1.731572060392841,0.2,0.1,1000000,999000,100,3981,500,0.7744613768105492,0.9840899487630653,False,False
RR_ORACLE,RR + oracle variance,3.5691049219069826,5.160783346062819,93.0,0,137046513,1.731572060392841,0.2,0.1,1000000,999000,100,3981,500,0.7744613768105492,0.9840899487630653,False,False
RR_OBM,RR + OBM,3.5691049219069826,5.162056214176564,92.0,0,137046513,1.731572060392841,0.2,0.1,1000000,999000,100,3981,500,0.7744613768105492,0.9840899487630653,False,False
RR_OBM_RR,RR + OBM-RR,3.5691049219069826,5.171025125309338,92.0,0,137046513,1.731572060392841,0.2,0.1,1000000,999000,100,3981,500,0.7744613768105492,0.9840899487630653,False,False
RR_MSB,RR + MSB,3.5691049219069826,5.107191806703707,91.0,0,137046513,1.731572060392841,0.2,0.1,1000000,999000,100,3981,500,0.7744613768105492,0.9840899487630653,False,False
RR_BATCH,RR + batch means,4.023598209494493,3.99166420703596,99.0,0,1190961761,1.0578529340808747,0.2,0.1,1000000,999000,100,3981,500,0.7727634973220407,0.9846966062055065,False,False
RR_ORACLE,RR + oracle variance,4.023192713099105,4.033740820069138,99.0,0,1190961761,1.0578529340808747,0.2,0.1,1000000,999000,100,3981,500,0.7727634973220407,0.9846966062055065,False,False
RR_OBM,RR + OBM,4.023192713099105,4.065802091714974,99.0,0,1190961761,1.0578529340808747,0.2,0.1,1000000,999000,100,3981,500,0.7727634973220407,0.9846966062055065,False,False
RR_OBM_RR,RR + OBM-RR,4.023192713099105,4.039354580720216,99.0,0,1190961761,1.0578529340808747,0.2,0.1,1000000,999000,100,3981,500,0.7727634973220407,0.9846966062055065,False,False
RR_MSB,RR + MSB,4.023192713099105,4.036385879340482,99.0,0,1190961761,1.0578529340808747,0.2,0.1,1000000,999000,100,3981,500,0.7727634973220407,0.9846966062055065,False,False
RR_BATCH,RR + batch means,2.155633780247528,4.256775745332351,85.0,0,1171300113,1.2144267650326144,0.2,0.1,1000000,999000,100,3981,500,0.7602631152445626,0.9706581183138677,False,False
RR_ORACLE,RR + oracle variance,2.1555527942824977,4.321962632356018,87.0,0,1171300113,1.2144267650326144,0.2,0.1,1000000,999000,100,3981,500,0.7602631152445626,0.9706581183138677,False,False
RR_OBM,RR + OBM,2.1555527942824977,4.292729332591239,86.0,0,1171300113,1.2144267650326144,0.2,0.1,1000000,999000,100,3981,500,0.7602631152445626,0.9706581183138677,False,False
RR_OBM_RR,RR + OBM-RR,2.1555527942824977,4.279438836903986,86.0,0,1171300113,1.2144267650326144,0.2,0.1,1000000,999000,100,3981,500,0.7602631152445626,0.9706581183138677,False,False
RR_MSB,RR + MSB,2.1555527942824977,4.264444818191899,86.0,0,1171300113,1.2144267650326144,0.2,0.1,1000000,999000,100,3981,500,0.7602631152445626,0.9706581183138677,False,False
RR_BATCH,RR + batch means,2.547407957370531,4.313034106156874,98.0,0,761338719,1.238475455786897,0.2,0.1,1000000,999000,100,3981,500,0.7118095414239449,0.9776871575892329,False,False
RR_ORACLE,RR + oracle variance,2.5473977608956555,4.36454569394084,98.0,0,761338719,1.238475455786897,0.2,0.1,1000000,999000,100,3981,500,0.7118095414239449,0.9776871575892329,False,False
RR_OBM,RR + OBM,2.5473977608956555,4.341583557235105,98.0,0,761338719,1.238475455786897,0.2,0.1,1000000,999000,100,3981,500,0.7118095414239449,0.9776871575892329,False,False
RR_OBM_RR,RR + OBM-RR,2.5473977608956555,4.320355648641449,98.0,0,761338719,1.238475455786897,0.2,0.1,1000000,999000,100,3981,500,0.7118095414239449,0.9776871575892329,False,False
RR_MSB,RR + MSB,2.5473977608956555,4.293042337020456,98.0,0,761338719,1.238475455786897,0.2,0.1,1000000,999000,100,3981,500,0.7118095414239449,0.9776871575892329,False,False
RR_BATCH,RR + batch means,2.433736787369555,2.150952359830481,89.0,0,1777324408,0.3029161727201015,0.2,0.1,1000000,999000,100,3981,500,0.8010976155873887,0.9654714672176318,False,False
RR_ORACLE,RR + oracle variance,2.433414961944416,2.158522465423952,92.0,0,1777324408,0.3029161727201015,0.2,0.1,1000000,999000,100,3981,500,0.8010976155873887,0.9654714672176318,False,False
RR_OBM,RR + OBM,2.433414961944416,2.1567476386236253,91.0,0,1777324408,0.3029161727201015,0.2,0.1,1000000,999000,100,3981,500,0.8010976155873887,0.9654714672176318,False,False
RR_OBM_RR,RR + OBM-RR,2.433414961944416,2.138888986872117,90.0,0,1777324408,0.3029161727201015,0.2,0.1,1000000,999000,100,3981,500,0.8010976155873887,0.9654714672176318,False,False
RR_MSB,RR + MSB,2.433414961944416,2.1463008661315968,91.0,0,1777324408,0.3029161727201015,0.2,0.1,1000000,999000,100,3981,500,0.8010976155873887,0.9654714672176318,False,False
RR_BATCH,RR + batch means,3.1215683251596467,6.636437227118839,98.0,0,145857092,2.9101272309384143,0.2,0.1,1000000,999000,100,3981,500,0.7528959886832006,0.9939675814751682,False,False
RR_ORACLE,RR + oracle variance,3.1214792121035018,6.690388402738789,99.0,0,145857092,2.9101272309384143,0.2,0.1,1000000,999000,100,3981,500,0.7528959886832006,0.9939675814751682,False,False
RR_OBM,RR + OBM,3.1214792121035018,6.69637757497961,98.0,0,145857092,2.9101272309384143,0.2,0.1,1000000,999000,100,3981,500,0.7528959886832006,0.9939675814751682,False,False
RR_OBM_RR,RR + OBM-RR,3.1214792121035018,6.666434904699764,98.0,0,145857092,2.9101272309384143,0.2,0.1,1000000,999000,100,3981,500,0.7528959886832006,0.9939675814751682,False,False
RR_MSB,RR + MSB,3.1214792121035018,6.623179995986608,97.0,0,145857092,2.9101272309384143,0.2,0.1,1000000,999000,100,3981,500,0.7528959886832006,0.9939675814751682,False,False
RR_BATCH,RR + batch means,3.586594850180694,6.922746414277478,92.0,0,354826746,3.1441445040209923,0.2,0.1,1000000,999000,100,3981,500,0.6751285977489111,0.9896895517092816,False,False
RR_ORACLE,RR + oracle variance,3.587000768560232,6.954190630213911,96.0,0,354826746,3.1441445040209923,0.2,0.1,1000000,999000,100,3981,500,0.6751285977489111,0.9896895517092816,False,False
RR_OBM,RR + OBM,3.587000768560232,6.934749585855668,96.0,0,354826746,3.1441445040209923,0.2,0.1,1000000,999000,100,3981,500,0.6751285977489111,0.9896895517092816,False,False
RR_OBM_RR,RR + OBM-RR,3.587000768560232,6.9432894740399576,95.0,0,354826746,3.1441445040209923,0.2,0.1,1000000,999000,100,3981,500,0.6751285977489111,0.9896895517092816,False,False
RR_MSB,RR + MSB,3.587000768560232,6.932609031201616,97.0,0,354826746,3.1441445040209923,0.2,0.1,1000000,999000,100,3981,500,0.6751285977489111,0.9896895517092816,False,False
RR_BATCH,RR + batch means,2.980558468462117,5.4031888160846675,93.0,0,1917963003,1.9637654442760555,0.2,0.1,1000000,999000,100,3981,500,0.8229603265655668,0.9611764889274746,False,False
RR_ORACLE,RR + oracle variance,2.9804343224039207,5.495916798151741,93.0,0,1917963003,1.9637654442760555,0.2,0.1,1000000,999000,100,3981,500,0.8229603265655668,0.9611764889274746,False,False
RR_OBM,RR + OBM,2.9804343224039207,5.442809468719785,93.0,0,1917963003,1.9637654442760555,0.2,0.1,1000000,999000,100,3981,500,0.8229603265655668,0.9611764889274746,False,False
RR_OBM_RR,RR + OBM-RR,2.9804343224039207,5.401601532582376,92.0,0,1917963003,1.9637654442760555,0.2,0.1,1000000,999000,100,3981,500,0.8229603265655668,0.9611764889274746,False,False
RR_MSB,RR + MSB,2.9804343224039207,5.354273196115877,94.0,0,1917963003,1.9637654442760555,0.2,0.1,1000000,999000,100,3981,500,0.8229603265655668,0.9611764889274746,False,False
RR_BATCH,RR + batch means,3.32402841838074,5.5763303196687986,92.0,0,1356488968,2.0826256161997465,0.2,0.1,1000000,999000,100,3981,500,0.7032738151997727,0.9694387541389551,False,False
RR_ORACLE,RR + oracle variance,3.32374332296464,5.659798184538556,95.0,0,1356488968,2.0826256161997465,0.2,0.1,1000000,999000,100,3981,500,0.7032738151997727,0.9694387541389551,False,False
RR_OBM,RR + OBM,3.32374332296464,5.627490760035309,95.0,0,1356488968,2.0826256161997465,0.2,0.1,1000000,999000,100,3981,500,0.7032738151997727,0.9694387541389551,False,False
RR_OBM_RR,RR + OBM-RR,3.32374332296464,5.625733868421029,95.0,0,1356488968,2.0826256161997465,0.2,0.1,1000000,999000,100,3981,500,0.7032738151997727,0.9694387541389551,False,False
RR_MSB,RR + MSB,3.32374332296464,5.550649008530612,94.0,0,1356488968,2.0826256161997465,0.2,0.1,1000000,999000,100,3981,500,0.7032738151997727,0.9694387541389551,False,False
RR_BATCH,RR + batch means,2.6594619645778006,4.579355631449635,90.0,0,1843166519,1.3821944944951714,0.2,0.1,1000000,999000,100,3981,500,0.7978711813536549,0.9687988672836144,False,False
RR_ORACLE,RR + oracle variance,2.6596317718016262,4.610838618292477,92.0,0,1843166519,1.3821944944951714,0.2,0.1,1000000,999000,100,3981,500,0.7978711813536549,0.9687988672836144,False,False
RR_OBM,RR + OBM,2.6596317718016262,4.59270258418385,91.0,0,1843166519,1.3821944944951714,0.2,0.1,1000000,999000,100,3981,500,0.7978711813536549,0.9687988672836144,False,False
RR_OBM_RR,RR + OBM-RR,2.6596317718016262,4.593358298083912,91.0,0,1843166519,1.3821944944951714,0.2,0.1,1000000,999000,100,3981,500,0.7978711813536549,0.9687988672836144,False,False
RR_MSB,RR + MSB,2.6596317718016262,4.5221862526270025,92.0,0,1843166519,1.3821944944951714,0.2,0.1,1000000,999000,100,3981,500,0.7978711813536549,0.9687988672836144,False,False
RR_BATCH,RR + batch means,2.645738888294078,3.676297184890566,95.0,0,1504361615,0.9098223959898789,0.2,0.1,1000000,999000,100,3981,500,0.8142058505260306,0.9621530203066779,False,False
RR_ORACLE,RR + oracle variance,2.645677856622615,3.7408789406515344,94.0,0,1504361615,0.9098223959898789,0.2,0.1,1000000,999000,100,3981,500,0.8142058505260306,0.9621530203066779,False,False
RR_OBM,RR + OBM,2.645677856622615,3.7419194684691783,94.0,0,1504361615,0.9098223959898789,0.2,0.1,1000000,999000,100,3981,500,0.8142058505260306,0.9621530203066779,False,False
RR_OBM_RR,RR + OBM-RR,2.645677856622615,3.7135605504288525,95.0,0,1504361615,0.9098223959898789,0.2,0.1,1000000,999000,100,3981,500,0.8142058505260306,0.9621530203066779,False,False
RR_MSB,RR + MSB,2.645677856622615,3.70232827201441,96.0,0,1504361615,0.9098223959898789,0.2,0.1,1000000,999000,100,3981,500,0.8142058505260306,0.9621530203066779,False,False
RR_BATCH,RR + batch means,3.0810595941121988,5.855539455680295,95.0,0,957106590,2.3313894499296532,0.2,0.1,1000000,999000,100,3981,500,0.7348882644495972,0.9754288061410912,False,False
RR_ORACLE,RR + oracle variance,3.0808065518688466,5.988289060616187,96.0,0,957106590,2.3313894499296532,0.2,0.1,1000000,999000,100,3981,500,0.7348882644495972,0.9754288061410912,False,False
RR_OBM,RR + OBM,3.0808065518688466,5.929863160985257,96.0,0,957106590,2.3313894499296532,0.2,0.1,1000000,999000,100,3981,500,0.7348882644495972,0.9754288061410912,False,False
RR_OBM_RR,RR + OBM-RR,3.0808065518688466,5.881595600373716,95.0,0,957106590,2.3313894499296532,0.2,0.1,1000000,999000,100,3981,500,0.7348882644495972,0.9754288061410912,False,False
RR_MSB,RR + MSB,3.0808065518688466,5.899125646954473,96.0,0,957106590,2.3313894499296532,0.2,0.1,1000000,999000,100,3981,500,0.7348882644495972,0.9754288061410912,False,False
RR_BATCH,RR + batch means,2.31777868432403,2.5911193783969315,93.0,0,594336918,0.4439071282822261,0.2,0.1,1000000,999000,100,3981,500,0.7276265850596422,0.9523667283337245,False,False
RR_ORACLE,RR + oracle variance,2.3174796559934556,2.613011987282245,95.0,0,594336918,0.4439071282822261,0.2,0.1,1000000,999000,100,3981,500,0.7276265850596422,0.9523667283337245,False,False
RR_OBM,RR + OBM,2.3174796559934556,2.607319046504717,94.0,0,594336918,0.4439071282822261,0.2,0.1,1000000,999000,100,3981,500,0.7276265850596422,0.9523667283337245,False,False
RR_OBM_RR,RR + OBM-RR,2.3174796559934556,2.60767945647507,94.0,0,594336918,0.4439071282822261,0.2,0.1,1000000,999000,100,3981,500,0.7276265850596422,0.9523667283337245,False,False
RR_MSB,RR + MSB,2.3174796559934556,2.5746804793702616,93.0,0,594336918,0.4439071282822261,0.2,0.1,1000000,999000,100,3981,500,0.7276265850596422,0.9523667283337245,False,False
RR_BATCH,RR + batch means,3.1552511609482345,7.5974097239973135,97.0,0,2084558134,3.9084452161781185,0.2,0.1,1000000,999000,100,3981,500,0.812614119494143,0.9917058152267927,False,False
RR_ORACLE,RR + oracle variance,3.1552833390261252,7.753492248373917,95.0,0,2084558134,3.9084452161781185,0.2,0.1,1000000,999000,100,3981,500,0.812614119494143,0.9917058152267927,False,False
RR_OBM,RR + OBM,3.1552833390261252,7.684620268293729,94.0,0,2084558134,3.9084452161781185,0.2,0.1,1000000,999000,100,3981,500,0.812614119494143,0.9917058152267927,False,False
RR_OBM_RR,RR + OBM-RR,3.1552833390261252,7.6776966946923775,95.0,0,2084558134,3.9084452161781185,0.2,0.1,1000000,999000,100,3981,500,0.812614119494143,0.9917058152267927,False,False
RR_MSB,RR + MSB,3.1552833390261252,7.656120294362943,95.0,0,2084558134,3.9084452161781185,0.2,0.1,1000000,999000,100,3981,500,0.812614119494143,0.9917058152267927,False,False
RR_BATCH,RR + batch means,2.9646364692069858,6.388673000888245,93.0,0,1627981025,2.734181500222118,0.2,0.1,1000000,999000,100,3981,500,0.7706907675027578,0.9582762062789966,False,False
RR_ORACLE,RR + oracle variance,2.964392318075063,6.484985551505188,97.0,0,1627981025,2.734181500222118,0.2,0.1,1000000,999000,100,3981,500,0.7706907675027578,0.9582762062789966,False,False
RR_OBM,RR + OBM,2.964392318075063,6.458313298605973,95.0,0,1627981025,2.734181500222118,0.2,0.1,1000000,999000,100,3981,500,0.7706907675027578,0.9582762062789966,False,False
RR_OBM_RR,RR + OBM-RR,2.964392318075063,6.452314365217243,95.0,0,1627981025,2.734181500222118,0.2,0.1,1000000,999000,100,3981,500,0.7706907675027578,0.9582762062789966,False,False
RR_MSB,RR + MSB,2.964392318075063,6.41729545856316,96.0,0,1627981025,2.734181500222118,0.2,0.1,1000000,999000,100,3981,500,0.7706907675027578,0.9582762062789966,False,False
RR_BATCH,RR + batch means,2.6860918638585636,5.412319718395009,99.0,0,1455819992,1.895765264710268,0.2,0.1,1000000,999000,100,3981,500,0.6659950111111707,0.9843288752540928,False,False
RR_ORACLE,RR + oracle variance,2.6861826504637634,5.39992370023091,100.0,0,1455819992,1.895765264710268,0.2,0.1,1000000,999000,100,3981,500,0.6659950111111707,0.9843288752540928,False,False
RR_OBM,RR + OBM,2.6861826504637634,5.393816304348982,100.0,0,1455819992,1.895765264710268,0.2,0.1,1000000,999000,100,3981,500,0.6659950111111707,0.9843288752540928,False,False
RR_OBM_RR,RR + OBM-RR,2.6861826504637634,5.457580967986996,99.0,0,1455819992,1.895765264710268,0.2,0.1,1000000,999000,100,3981,500,0.6659950111111707,0.9843288752540928,False,False
RR_MSB,RR + MSB,2.6861826504637634,5.383708242215546,99.0,0,1455819992,1.895765264710268,0.2,0.1,1000000,999000,100,3981,500,0.6659950111111707,0.9843288752540928,False,False
RR_BATCH,RR + batch means,2.9666224132860846,6.6211248872026465,94.0,0,417983442,2.8751362617689455,0.2,0.1,1000000,999000,100,3981,500,0.8070450189256176,0.9532349513235565,False,False
RR_ORACLE,RR + oracle variance,2.9663915218191526,6.650044609413278,93.0,0,417983442,2.8751362617689455,0.2,0.1,1000000,999000,100,3981,500,0.8070450189256176,0.9532349513235565,False,False
RR_OBM,RR + OBM,2.9663915218191526,6.617200834488298,93.0,0,417983442,2.8751362617689455,0.2,0.1,1000000,999000,100,3981,500,0.8070450189256176,0.9532349513235565,False,False
RR_OBM_RR,RR + OBM-RR,2.9663915218191526,6.584805404187461,94.0,0,417983442,2.8751362617689455,0.2,0.1,1000000,999000,100,3981,500,0.8070450189256176,0.9532349513235565,False,False
RR_MSB,RR + MSB,2.9663915218191526,6.509776249444673,93.0,0,417983442,2.8751362617689455,0.2,0.1,1000000,999000,100,3981,500,0.8070450189256176,0.9532349513235565,False,False
RR_BATCH,RR + batch means,2.6758875315852166,7.956309090820844,96.0,0,1631871624,4.166823713063872,0.2,0.1,1000000,999000,100,3981,500,0.7347772227554935,0.9697292239561879,False,False
RR_ORACLE,RR + oracle variance,2.6755658374762525,8.00567409060296,96.0,0,1631871624,4.166823713063872,0.2,0.1,1000000,999000,100,3981,500,0.7347772227554935,0.9697292239561879,False,False
RR_OBM,RR + OBM,2.6755658374762525,7.996688978074255,96.0,0,1631871624,4.166823713063872,0.2,0.1,1000000,999000,100,3981,500,0.7347772227554935,0.9697292239561879,False,False
RR_OBM_RR,RR + OBM-RR,2.6755658374762525,7.94321187993053,96.0,0,1631871624,4.166823713063872,0.2,0.1,1000000,999000,100,3981,500,0.7347772227554935,0.9697292239561879,False,False
RR_MSB,RR + MSB,2.6755658374762525,7.9277686593957375,96.0,0,1631871624,4.166823713063872,0.2,0.1,1000000,999000,100,3981,500,0.7347772227554935,0.9697292239561879,False,False
RR_BATCH,RR + batch means,2.817656008947483,5.288240043305383,98.0,0,1671565831,1.8420410772944598,0.2,0.1,1000000,999000,100,3981,500,0.7405757056332045,0.980835913940108,False,False
RR_ORACLE,RR + oracle variance,2.8176998416462595,5.322859439288745,99.0,0,1671565831,1.8420410772944598,0.2,0.1,1000000,999000,100,3981,500,0.7405757056332045,0.980835913940108,False,False
RR_OBM,RR + OBM,2.8176998416462595,5.304075193652339,98.0,0,1671565831,1.8420410772944598,0.2,0.1,1000000,999000,100,3981,500,0.7405757056332045,0.980835913940108,False,False
RR_OBM_RR,RR + OBM-RR,2.8176998416462595,5.316418992084899,98.0,0,1671565831,1.8420410772944598,0.2,0.1,1000000,999000,100,3981,500,0.7405757056332045,0.980835913940108,False,False
RR_MSB,RR + MSB,2.8176998416462595,5.24382913918877,98.0,0,1671565831,1.8420410772944598,0.2,0.1,1000000,999000,100,3981,500,0.7405757056332045,0.980835913940108,False,False
RR_BATCH,RR + batch means,2.5449560359563828,5.202777121491415,95.0,0,1068999196,1.8155421682428823,0.2,0.1,1000000,999000,100,3981,500,0.7620009701421451,0.9858189132595618,False,False
RR_ORACLE,RR + oracle variance,2.5450909217110818,5.2844344213272585,95.0,0,1068999196,1.8155421682428823,0.2,0.1,1000000,999000,100,3981,500,0.7620009701421451,0.9858189132595618,False,False
RR_OBM,RR + OBM,2.5450909217110818,5.2408212310137126,95.0,0,1068999196,1.8155421682428823,0.2,0.1,1000000,999000,100,3981,500,0.7620009701421451,0.9858189132595618,False,False
RR_OBM_RR,RR + OBM-RR,2.5450909217110818,5.276216519756168,96.0,0,1068999196,1.8155421682428823,0.2,0.1,1000000,999000,100,3981,500,0.7620009701421451,0.9858189132595618,False,False
RR_MSB,RR + MSB,2.5450909217110818,5.172266418681463,94.0,0,1068999196,1.8155421682428823,0.2,0.1,1000000,999000,100,3981,500,0.7620009701421451,0.9858189132595618,False,False
RR_BATCH,RR + batch means,3.7653506285760274,8.218804726662961,97.0,0,781482251,4.363005701707702,0.2,0.1,1000000,999000,100,3981,500,0.7151975208258752,0.978576859609315,False,False
RR_ORACLE,RR + oracle variance,3.7649667464314476,8.19196772976681,96.0,0,781482251,4.363005701707702,0.2,0.1,1000000,999000,100,3981,500,0.7151975208258752,0.978576859609315,False,False
RR_OBM,RR + OBM,3.7649667464314476,8.203088249769394,95.0,0,781482251,4.363005701707702,0.2,0.1,1000000,999000,100,3981,500,0.7151975208258752,0.978576859609315,False,False
RR_OBM_RR,RR + OBM-RR,3.7649667464314476,8.268557420124049,95.0,0,781482251,4.363005701707702,0.2,0.1,1000000,999000,100,3981,500,0.7151975208258752,0.978576859609315,False,False
RR_MSB,RR + MSB,3.7649667464314476,8.125675267754387,95.0,0,781482251,4.363005701707702,0.2,0.1,1000000,999000,100,3981,500,0.7151975208258752,0.978576859609315,False,False
RR_BATCH,RR + batch means,3.3344687257117553,4.6109823195977295,93.0,0,1466836457,1.4440585932393484,0.2,0.1,1000000,999000,100,3981,500,0.7142161934250567,0.9640237491430843,False,False
RR_ORACLE,RR + oracle variance,3.334444190889639,4.7128948492677,92.0,0,1466836457,1.4440585932393484,0.2,0.1,1000000,999000,100,3981,500,0.7142161934250567,0.9640237491430843,False,False
RR_OBM,RR + OBM,3.334444190889639,4.681199064659612,93.0,0,1466836457,1.4440585932393484,0.2,0.1,1000000,999000,100,3981,500,0.7142161934250567,0.9640237491430843,False,False
RR_OBM_RR,RR + OBM-RR,3.334444190889639,4.640314398970875,93.0,0,1466836457,1.4440585932393484,0.2,0.1,1000000,999000,100,3981,500,0.7142161934250567,0.9640237491430843,False,False
RR_MSB,RR + MSB,3.334444190889639,4.675116522018749,93.0,0,1466836457,1.4440585932393484,0.2,0.1,1000000,999000,100,3981,500,0.7142161934250567,0.9640237491430843,False,False
RR_BATCH,RR + batch means,2.655416339216213,5.398395712520579,94.0,0,331334161,1.9375291091622746,0.2,0.1,1000000,999000,100,3981,500,0.8241349755475844,0.9711524805845761,False,False
RR_ORACLE,RR + oracle variance,2.6553989342611075,5.459080023380671,94.0,0,331334161,1.9375291091622746,0.2,0.1,1000000,999000,100,3981,500,0.8241349755475844,0.9711524805845761,False,False
RR_OBM,RR + OBM,2.6553989342611075,5.439800491724052,95.0,0,331334161,1.9375291091622746,0.2,0.1,1000000,999000,100,3981,500,0.8241349755475844,0.9711524805845761,False,False
RR_OBM_RR,RR + OBM-RR,2.6553989342611075,5.380677494884072,93.0,0,331334161,1.9375291091622746,0.2,0.1,1000000,999000,100,3981,500,0.8241349755475844,0.9711524805845761,False,False
RR_MSB,RR + MSB,2.6553989342611075,5.362923543081964,94.0,0,331334161,1.9375291091622746,0.2,0.1,1000000,999000,100,3981,500,0.8241349755475844,0.9711524805845761,False,False
RR_BATCH,RR + batch means,3.2532516552896995,4.921230278569987,93.0,0,94067870,1.6265275770275067,0.2,0.1,1000000,999000,100,3981,500,0.8237571747788438,0.9806093965803354,False,False
RR_ORACLE,RR + oracle variance,3.2533833130655143,5.001796957524618,95.0,0,94067870,1.6265275770275067,0.2,0.1,1000000,999000,100,3981,500,0.8237571747788438,0.9806093965803354,False,False
RR_OBM,RR + OBM,3.2533833130655143,4.974780936945145,94.0,0,94067870,1.6265275770275067,0.2,0.1,1000000,999000,100,3981,500,0.8237571747788438,0.9806093965803354,False,False
RR_OBM_RR,RR + OBM-RR,3.2533833130655143,4.954153824393563,93.0,0,94067870,1.6265275770275067,0.2,0.1,1000000,999000,100,3981,500,0.8237571747788438,0.9806093965803354,False,False
RR_MSB,RR + MSB,3.2533833130655143,4.960036103328988,93.0,0,94067870,1.6265275770275067,0.2,0.1,1000000,999000,100,3981,500,0.8237571747788438,0.9806093965803354,False,False
RR_BATCH,RR + batch means,3.312493459439956,6.44336516768746,96.0,0,1173749072,2.706626465225628,0.2,0.1,1000000,999000,100,3981,500,0.7785593399232804,0.9794972428830395,False,False
RR_ORACLE,RR + oracle variance,3.312646996597481,6.452225015008768,97.0,0,1173749072,2.706626465225628,0.2,0.1,1000000,999000,100,3981,500,0.7785593399232804,0.9794972428830395,False,False
RR_OBM,RR + OBM,3.312646996597481,6.41569179428491,97.0,0,1173749072,2.706626465225628,0.2,0.1,1000000,999000,100,3981,500,0.7785593399232804,0.9794972428830395,False,False
RR_OBM_RR,RR + OBM-RR,3.312646996597481,6.438443510010755,96.0,0,1173749072,2.706626465225628,0.2,0.1,1000000,999000,100,3981,500,0.7785593399232804,0.9794972428830395,False,False
RR_MSB,RR + MSB,3.312646996597481,6.388414913192357,96.0,0,1173749072,2.706626465225628,0.2,0.1,1000000,999000,100,3981,500,0.7785593399232804,0.9794972428830395,False,False
RR_BATCH,RR + batch means,3.2240102080958835,6.707681020792202,96.0,0,1596387605,3.060338144238423,0.2,0.1,1000000,999000,100,3981,500,0.7950634690006232,0.9693720320764538,False,False
RR_ORACLE,RR + oracle variance,3.2240315032868576,6.860883584315,95.0,0,1596387605,3.060338144238423,0.2,0.1,1000000,999000,100,3981,500,0.7950634690006232,0.9693720320764538,False,False
RR_OBM,RR + OBM,3.2240315032868576,6.779898544895064,96.0,0,1596387605,3.060338144238423,0.2,0.1,1000000,999000,100,3981,500,0.7950634690006232,0.9693720320764538,False,False
RR_OBM_RR,RR + OBM-RR,3.2240315032868576,6.754446660796279,96.0,0,1596387605,3.060338144238423,0.2,0.1,1000000,999000,100,3981,500,0.7950634690006232,0.9693720320764538,False,False
RR_MSB,RR + MSB,3.2240315032868576,6.77711977564629,96.0,0,1596387605,3.060338144238423,0.2,0.1,1000000,999000,100,3981,500,0.7950634690006232,0.9693720320764538,False,False
RR_BATCH,RR + batch means,3.1162297249480635,7.483002063381185,93.0,0,1002275723,3.6973840613786653,0.2,0.1,1000000,999000,100,3981,500,0.7909197468303723,0.9600676908738776,False,False
RR_ORACLE,RR + oracle variance,3.116457610048746,7.541237612556499,95.0,0,1002275723,3.6973840613786653,0.2,0.1,1000000,999000,100,3981,500,0.7909197468303723,0.9600676908738776,False,False
RR_OBM,RR + OBM,3.116457610048746,7.516149534964231,95.0,0,1002275723,3.6973840613786653,0.2,0.1,1000000,999000,100,3981,500,0.7909197468303723,0.9600676908738776,False,False
RR_OBM_RR,RR + OBM-RR,3.116457610048746,7.499047996708574,95.0,0,1002275723,3.6973840613786653,0.2,0.1,1000000,999000,100,3981,500,0.7909197468303723,0.9600676908738776,False,False
RR_MSB,RR + MSB,3.116457610048746,7.419347750057548,92.0,0,1002275723,3.6973840613786653,0.2,0.1,1000000,999000,100,3981,500,0.7909197468303723,0.9600676908738776,False,False
RR_BATCH,RR + batch means,2.803942519220245,6.087037728290392,96.0,0,1981113450,2.4549938247732,0.2,0.1,1000000,999000,100,3981,500,0.7964510801748972,0.9684849066021706,False,False
RR_ORACLE,RR + oracle variance,2.803799855674185,6.144981002673784,97.0,0,1981113450,2.4549938247732,0.2,0.1,1000000,999000,100,3981,500,0.7964510801748972,0.9684849066021706,False,False
RR_OBM,RR + OBM,2.803799855674185,6.10662317360589,96.0,0,1981113450,2.4549938247732,0.2,0.1,1000000,999000,100,3981,500,0.7964510801748972,0.9684849066021706,False,False
RR_OBM_RR,RR + OBM-RR,2.803799855674185,6.127431380806193,96.0,0,1981113450,2.4549938247732,0.2,0.1,1000000,999000,100,3981,500,0.7964510801748972,0.9684849066021706,False,False
RR_MSB,RR + MSB,2.803799855674185,6.019369553432632,96.0,0,1981113450,2.4549938247732,0.2,0.1,1000000,999000,100,3981,500,0.7964510801748972,0.9684849066021706,False,False
RR_BATCH,RR + batch means,3.0245629740309954,5.113939923731603,93.0,0,1599364551,1.7186457336326737,0.2,0.1,1000000,999000,100,3981,500,0.7493977786570357,0.9827606234996767,False,False
RR_ORACLE,RR + oracle variance,3.0247702076813288,5.141484427143664,95.0,0,1599364551,1.7186457336326737,0.2,0.1,1000000,999000,100,3981,500,0.7493977786570357,0.9827606234996767,False,False
RR_OBM,RR + OBM,3.0247702076813288,5.12295794289864,95.0,0,1599364551,1.7186457336326737,0.2,0.1,1000000,999000,100,3981,500,0.7493977786570357,0.9827606234996767,False,False
RR_OBM_RR,RR + OBM-RR,3.0247702076813288,5.140506623154086,94.0,0,1599364551,1.7186457336326737,0.2,0.1,1000000,999000,100,3981,500,0.7493977786570357,0.9827606234996767,False,False
RR_MSB,RR + MSB,3.0247702076813288,5.076403520763424,96.0,0,1599364551,1.7186457336326737,0.2,0.1,1000000,999000,100,3981,500,0.7493977786570357,0.9827606234996767,False,False
RR_BATCH,RR + batch means,2.8845810848214883,3.9312387662915067,97.0,0,787359109,1.0330179330869644,0.2,0.1,1000000,999000,100,3981,500,0.7433911244204893,0.9718714684166588,False,False
RR_ORACLE,RR + oracle variance,2.8845511542515045,3.9861099428446503,97.0,0,787359109,1.0330179330869644,0.2,0.1,1000000,999000,100,3981,500,0.7433911244204893,0.9718714684166588,False,False
RR_OBM,RR + OBM,2.8845511542515045,3.9743850608037747,97.0,0,787359109,1.0330179330869644,0.2,0.1,1000000,999000,100,3981,500,0.7433911244204893,0.9718714684166588,False,False
RR_OBM_RR,RR + OBM-RR,2.8845511542515045,3.9765011406339084,98.0,0,787359109,1.0330179330869644,0.2,0.1,1000000,999000,100,3981,500,0.7433911244204893,0.9718714684166588,False,False
RR_MSB,RR + MSB,2.8845511542515045,3.9687115593671374,96.0,0,787359109,1.0330179330869644,0.2,0.1,1000000,999000,100,3981,500,0.7433911244204893,0.9718714684166588,False,False
RR_BATCH,RR + batch means,3.3126533954261252,4.522693922079811,98.0,0,699704628,1.3584523817710155,0.2,0.1,1000000,999000,100,3981,500,0.7937605249583184,0.9655883563292331,False,False
RR_ORACLE,RR + oracle variance,3.312649501092879,4.571066635696403,95.0,0,699704628,1.3584523817710155,0.2,0.1,1000000,999000,100,3981,500,0.7937605249583184,0.9655883563292331,False,False
RR_OBM,RR + OBM,3.312649501092879,4.538614646995621,96.0,0,699704628,1.3584523817710155,0.2,0.1,1000000,999000,100,3981,500,0.7937605249583184,0.9655883563292331,False,False
RR_OBM_RR,RR + OBM-RR,3.312649501092879,4.50096126416478,96.0,0,699704628,1.3584523817710155,0.2,0.1,1000000,999000,100,3981,500,0.7937605249583184,0.9655883563292331,False,False
RR_MSB,RR + MSB,3.312649501092879,4.5071147137915215,95.0,0,699704628,1.3584523817710155,0.2,0.1,1000000,999000,100,3981,500,0.7937605249583184,0.9655883563292331,False,False
RR_BATCH,RR + batch means,2.539869033490112,5.370256054887448,93.0,0,882294417,1.9707624558351595,0.2,0.1,1000000,999000,100,3981,500,0.7887314413145017,0.9612621307900595,False,False
RR_ORACLE,RR + oracle variance,2.5399310245516213,5.505699229148374,93.0,0,882294417,1.9707624558351595,0.2,0.1,1000000,999000,100,3981,500,0.7887314413145017,0.9612621307900595,False,False
RR_OBM,RR + OBM,2.5399310245516213,5.444052257451782,91.0,0,882294417,1.9707624558351595,0.2,0.1,1000000,999000,100,3981,500,0.7887314413145017,0.9612621307900595,False,False
RR_OBM_RR,RR + OBM-RR,2.5399310245516213,5.412027345678403,91.0,0,882294417,1.9707624558351595,0.2,0.1,1000000,999000,100,3981,500,0.7887314413145017,0.9612621307900595,False,False
RR_MSB,RR + MSB,2.5399310245516213,5.433067191504337,93.0,0,882294417,1.9707624558351595,0.2,0.1,1000000,999000,100,3981,500,0.7887314413145017,0.9612621307900595,False,False
RR_BATCH,RR + batch means,2.6972047520177305,3.6780669508386006,92.0,0,1944623249,0.9263361362850611,0.2,0.1,1000000,999000,100,3981,500,0.8032198794834147,0.9731738471305574,False,False
RR_ORACLE,RR + oracle variance,2.6971472584573055,3.774675703064192,92.0,0,1944623249,0.9263361362850611,0.2,0.1,1000000,999000,100,3981,500,0.8032198794834147,0.9731738471305574,False,False
RR_OBM,RR + OBM,2.6971472584573055,3.736089273263196,92.0,0,1944623249,0.9263361362850611,0.2,0.1,1000000,999000,100,3981,500,0.8032198794834147,0.9731738471305574,False,False
RR_OBM_RR,RR + OBM-RR,2.6971472584573055,3.699814550808688,92.0,0,1944623249,0.9263361362850611,0.2,0.1,1000000,999000,100,3981,500,0.8032198794834147,0.9731738471305574,False,False
RR_MSB,RR + MSB,2.6971472584573055,3.6940239858270507,92.0,0,1944623249,0.9263361362850611,0.2,0.1,1000000,999000,100,3981,500,0.8032198794834147,0.9731738471305574,False,False
RR_BATCH,RR + batch means,2.7480793498103675,6.5041646261403185,94.0,0,163945743,2.8274275854498367,0.2,0.1,1000000,999000,100,3981,500,0.7347524612229042,0.9746170642846718,False,False
RR_ORACLE,RR + oracle variance,2.748136676155859,6.594639931628453,94.0,0,163945743,2.8274275854498367,0.2,0.1,1000000,999000,100,3981,500,0.7347524612229042,0.9746170642846718,False,False
RR_OBM,RR + OBM,2.748136676155859,6.549568386416061,94.0,0,163945743,2.8274275854498367,0.2,0.1,1000000,999000,100,3981,500,0.7347524612229042,0.9746170642846718,False,False
RR_OBM_RR,RR + OBM-RR,2.748136676155859,6.501448301503053,93.0,0,163945743,2.8274275854498367,0.2,0.1,1000000,999000,100,3981,500,0.7347524612229042,0.9746170642846718,False,False
RR_MSB,RR + MSB,2.748136676155859,6.467161762224014,94.0,0,163945743,2.8274275854498367,0.2,0.1,1000000,999000,100,3981,500,0.7347524612229042,0.9746170642846718,False,False
RR_BATCH,RR + batch means,2.7715812231619865,5.550164792120917,93.0,0,2077711329,2.076317845404007,0.2,0.1,1000000,999000,100,3981,500,0.7885947741651329,0.9693267472582436,False,False
RR_ORACLE,RR + oracle variance,2.7716322814065055,5.651220602796252,95.0,0,2077711329,2.076317845404007,0.2,0.1,1000000,999000,100,3981,500,0.7885947741651329,0.9693267472582436,False,False
RR_OBM,RR + OBM,2.7716322814065055,5.604915544059826,95.0,0,2077711329,2.076317845404007,0.2,0.1,1000000,999000,100,3981,500,0.7885947741651329,0.9693267472582436,False,False
RR_OBM_RR,RR + OBM-RR,2.7716322814065055,5.5852156727724065,92.0,0,2077711329,2.076317845404007,0.2,0.1,1000000,999000,100,3981,500,0.7885947741651329,0.9693267472582436,False,False
RR_MSB,RR + MSB,2.7716322814065055,5.594026730968527,94.0,0,2077711329,2.076317845404007,0.2,0.1,1000000,999000,100,3981,500,0.7885947741651329,0.9693267472582436,False,False
RR_BATCH,RR + batch means,3.8462780590242196,9.839269534373663,96.0,0,795556160,6.443874465109782,0.2,0.1,1000000,999000,100,3981,500,0.7093983741750088,0.9762226760420812,False,False
RR_ORACLE,RR + oracle variance,3.845706803997619,9.955632990523931,98.0,0,795556160,6.443874465109782,0.2,0.1,1000000,999000,100,3981,500,0.7093983741750088,0.9762226760420812,False,False
RR_OBM,RR + OBM,3.845706803997619,9.854821127254842,96.0,0,795556160,6.443874465109782,0.2,0.1,1000000,999000,100,3981,500,0.7093983741750088,0.9762226760420812,False,False
RR_OBM_RR,RR + OBM-RR,3.845706803997619,9.851153096416406,96.0,0,795556160,6.443874465109782,0.2,0.1,1000000,999000,100,3981,500,0.7093983741750088,0.9762226760420812,False,False
RR_MSB,RR + MSB,3.845706803997619,9.731760473754127,96.0,0,795556160,6.443874465109782,0.2,0.1,1000000,999000,100,3981,500,0.7093983741750088,0.9762226760420812,False,False
RR_BATCH,RR + batch means,2.981141900590147,5.9444197704716535,91.0,0,406886645,2.354562057055686,0.2,0.1,1000000,999000,100,3981,500,0.7445890093971937,0.9572448254781045,False,False
RR_ORACLE,RR + oracle variance,2.9808728373690903,6.017975470251905,92.0,0,406886645,2.354562057055686,0.2,0.1,1000000,999000,100,3981,500,0.7445890093971937,0.9572448254781045,False,False
RR_OBM,RR + OBM,2.9808728373690903,5.977128070720586,91.0,0,406886645,2.354562057055686,0.2,0.1,1000000,999000,100,3981,500,0.7445890093971937,0.9572448254781045,False,False
RR_OBM_RR,RR + OBM-RR,2.9808728373690903,5.942148138787451,92.0,0,406886645,2.354562057055686,0.2,0.1,1000000,999000,100,3981,500,0.7445890093971937,0.9572448254781045,False,False
RR_MSB,RR + MSB,2.9808728373690903,5.959980447820814,90.0,0,406886645,2.354562057055686,0.2,0.1,1000000,999000,100,3981,500,0.7445890093971937,0.9572448254781045,False,False
RR_BATCH,RR + batch means,3.1638251882687007,4.852005760842726,94.0,0,1008363426,1.5665402994477549,0.2,0.1,1000000,999000,100,3981,500,0.755666838213906,0.9815452084793563,False,False
RR_ORACLE,RR + oracle variance,3.163702216224574,4.908695906312208,94.0,0,1008363426,1.5665402994477549,0.2,0.1,1000000,999000,100,3981,500,0.755666838213906,0.9815452084793563,False,False
RR_OBM,RR + OBM,3.163702216224574,4.892277818897971,94.0,0,1008363426,1.5665402994477549,0.2,0.1,1000000,999000,100,3981,500,0.755666838213906,0.9815452084793563,False,False
RR_OBM_RR,RR + OBM-RR,3.163702216224574,4.903837320220229,93.0,0,1008363426,1.5665402994477549,0.2,0.1,1000000,999000,100,3981,500,0.755666838213906,0.9815452084793563,False,False
RR_MSB,RR + MSB,3.163702216224574,4.841058255211659,94.0,0,1008363426,1.5665402994477549,0.2,0.1,1000000,999000,100,3981,500,0.755666838213906,0.9815452084793563,False,False
RR_BATCH,RR + batch means,3.1037078764835915,4.390164247803407,95.0,0,1708709736,1.2374600583517064,0.2,0.1,1000000,999000,100,3981,500,0.7864258994086526,0.9788075935840435,False,False
RR_ORACLE,RR + oracle variance,3.104113473491439,4.362756131932432,95.0,0,1708709736,1.2374600583517064,0.2,0.1,1000000,999000,100,3981,500,0.7864258994086526,0.9788075935840435,False,False
RR_OBM,RR + OBM,3.104113473491439,4.3619807360371325,96.0,0,1708709736,1.2374600583517064,0.2,0.1,1000000,999000,100,3981,500,0.7864258994086526,0.9788075935840435,False,False
RR_OBM_RR,RR + OBM-RR,3.104113473491439,4.410460424715068,97.0,0,1708709736,1.2374600583517064,0.2,0.1,1000000,999000,100,3981,500,0.7864258994086526,0.9788075935840435,False,False
RR_MSB,RR + MSB,3.104113473491439,4.32007095259605,96.0,0,1708709736,1.2374600583517064,0.2,0.1,1000000,999000,100,3981,500,0.7864258994086526,0.9788075935840435,False,False
RR_BATCH,RR + batch means,2.5108360611645533,4.180350977613548,98.0,0,994157307,1.1319447869937644,0.2,0.1,1000000,999000,100,3981,500,0.8376670420369194,0.9724813800172213,False,False
RR_ORACLE,RR + oracle variance,2.510785038999391,4.172611632296695,96.0,0,994157307,1.1319447869937644,0.2,0.1,1000000,999000,100,3981,500,0.8376670420369194,0.9724813800172213,False,False
RR_OBM,RR + OBM,2.510785038999391,4.173467761812734,97.0,0,994157307,1.1319447869937644,0.2,0.1,1000000,999000,100,3981,500,0.8376670420369194,0.9724813800172213,False,False
RR_OBM_RR,RR + OBM-RR,2.510785038999391,4.172213398602211,97.0,0,994157307,1.1319447869937644,0.2,0.1,1000000,999000,100,3981,500,0.8376670420369194,0.9724813800172213,False,False
RR_MSB,RR + MSB,2.510785038999391,4.1561877230534146,97.0,0,994157307,1.1319447869937644,0.2,0.1,1000000,999000,100,3981,500,0.8376670420369194,0.9724813800172213,False,False
RR_BATCH,RR + batch means,3.042887151312415,5.962929642630196,93.0,0,279004308,2.323440686562524,0.2,0.1,1000000,999000,100,3981,500,0.7318279552606795,0.9727303749556581,False,False
RR_ORACLE,RR + oracle variance,3.043097029452253,5.978071948650677,92.0,0,279004308,2.323440686562524,0.2,0.1,1000000,999000,100,3981,500,0.7318279552606795,0.9727303749556581,False,False
RR_OBM,RR + OBM,3.043097029452253,5.9982391102151755,93.0,0,279004308,2.323440686562524,0.2,0.1,1000000,999000,100,3981,500,0.7318279552606795,0.9727303749556581,False,False
RR_OBM_RR,RR + OBM-RR,3.043097029452253,5.970146917694213,92.0,0,279004308,2.323440686562524,0.2,0.1,1000000,999000,100,3981,500,0.7318279552606795,0.9727303749556581,False,False
RR_MSB,RR + MSB,3.043097029452253,5.93454305828394,93.0,0,279004308,2.323440686562524,0.2,0.1,1000000,999000,100,3981,500,0.7318279552606795,0.9727303749556581,False,False
RR_BATCH,RR + batch means,2.916991621834709,3.1055133421432815,89.0,0,709091226,0.6416041532524789,0.2,0.1,1000000,999000,100,3981,500,0.7716686336166987,0.9802060012410437,False,False
RR_ORACLE,RR + oracle variance,2.9172557724082306,3.141441132348479,89.0,0,709091226,0.6416041532524789,0.2,0.1,1000000,999000,100,3981,500,0.7716686336166987,0.9802060012410437,False,False
RR_OBM,RR + OBM,2.9172557724082306,3.1398850925408803,89.0,0,709091226,0.6416041532524789,0.2,0.1,1000000,999000,100,3981,500,0.7716686336166987,0.9802060012410437,False,False
RR_OBM_RR,RR + OBM-RR,2.9172557724082306,3.124498464653254,88.0,0,709091226,0.6416041532524789,0.2,0.1,1000000,999000,100,3981,500,0.7716686336166987,0.9802060012410437,False,False
RR_MSB,RR + MSB,2.9172557724082306,3.0946258604598533,89.0,0,709091226,0.6416041532524789,0.2,0.1,1000000,999000,100,3981,500,0.7716686336166987,0.9802060012410437,False,False
RR_BATCH,RR + batch means,2.8488508504213517,3.7592565606637187,94.0,0,2019291965,0.9373880688365333,0.2,0.1,1000000,999000,100,3981,500,0.7743907638099192,0.9813637413925418,False,False
RR_ORACLE,RR + oracle variance,2.8487038802839195,3.7971263911822506,97.0,0,2019291965,0.9373880688365333,0.2,0.1,1000000,999000,100,3981,500,0.7743907638099192,0.9813637413925418,False,False
RR_OBM,RR + OBM,2.8487038802839195,3.7775581049460367,95.0,0,2019291965,0.9373880688365333,0.2,0.1,1000000,999000,100,3981,500,0.7743907638099192,0.9813637413925418,False,False
RR_OBM_RR,RR + OBM-RR,2.8487038802839195,3.7791164080324067,94.0,0,2019291965,0.9373880688365333,0.2,0.1,1000000,999000,100,3981,500,0.7743907638099192,0.9813637413925418,False,False
RR_MSB,RR + MSB,2.8487038802839195,3.720111942416712,95.0,0,2019291965,0.9373880688365333,0.2,0.1,1000000,999000,100,3981,500,0.7743907638099192,0.9813637413925418,False,False
RR_BATCH,RR + batch means,3.261397169002065,4.97181125741114,96.0,0,1474200732,1.6274102473950909,0.2,0.1,1000000,999000,100,3981,500,0.7607996072523888,0.9829777603836092,False,False
RR_ORACLE,RR + oracle variance,3.2613727907883017,5.003153940098572,94.0,0,1474200732,1.6274102473950909,0.2,0.1,1000000,999000,100,3981,500,0.7607996072523888,0.9829777603836092,False,False
RR_OBM,RR + OBM,3.2613727907883017,4.9899962661165835,95.0,0,1474200732,1.6274102473950909,0.2,0.1,1000000,999000,100,3981,500,0.7607996072523888,0.9829777603836092,False,False
RR_OBM_RR,RR + OBM-RR,3.2613727907883017,4.988197276629188,96.0,0,1474200732,1.6274102473950909,0.2,0.1,1000000,999000,100,3981,500,0.7607996072523888,0.9829777603836092,False,False
RR_MSB,RR + MSB,3.2613727907883017,4.948877099191365,95.0,0,1474200732,1.6274102473950909,0.2,0.1,1000000,999000,100,3981,500,0.7607996072523888,0.9829777603836092,False,False
RR_BATCH,RR + batch means,2.7425490899923184,5.807773187062909,95.0,0,1212254291,2.225397226657608,0.2,0.1,1000000,999000,100,3981,500,0.7634470531511427,0.9649499692378661,False,False
RR_ORACLE,RR + oracle variance,2.7424251450579242,5.85058258125706,96.0,0,1212254291,2.225397226657608,0.2,0.1,1000000,999000,100,3981,500,0.7634470531511427,0.9649499692378661,False,False
RR_OBM,RR + OBM,2.7424251450579242,5.845106693500743,95.0,0,1212254291,2.225397226657608,0.2,0.1,1000000,999000,100,3981,500,0.7634470531511427,0.9649499692378661,False,False
RR_OBM_RR,RR + OBM-RR,2.7424251450579242,5.824641117417761,94.0,0,1212254291,2.225397226657608,0.2,0.1,1000000,999000,100,3981,500,0.7634470531511427,0.9649499692378661,False,False
RR_MSB,RR + MSB,2.7424251450579242,5.800545855408181,94.0,0,1212254291,2.225397226657608,0.2,0.1,1000000,999000,100,3981,500,0.7634470531511427,0.9649499692378661,False,False
RR_BATCH,RR + batch means,2.6077881632403144,3.6036941521875665,95.0,0,1021568550,0.8399501464702047,0.2,0.1,1000000,999000,100,3981,500,0.8244093890795153,0.9817270297576983,False,False
RR_ORACLE,RR + oracle variance,2.6077782452571476,3.594364345952789,95.0,0,1021568550,0.8399501464702047,0.2,0.1,1000000,999000,100,3981,500,0.8244093890795153,0.9817270297576983,False,False
RR_OBM,RR + OBM,2.6077782452571476,3.589922102089395,95.0,0,1021568550,0.8399501464702047,0.2,0.1,1000000,999000,100,3981,500,0.8244093890795153,0.9817270297576983,False,False
RR_OBM_RR,RR + OBM-RR,2.6077782452571476,3.605205109152786,95.0,0,1021568550,0.8399501464702047,0.2,0.1,1000000,999000,100,3981,500,0.8244093890795153,0.9817270297576983,False,False
RR_MSB,RR + MSB,2.6077782452571476,3.5463017633670315,95.0,0,1021568550,0.8399501464702047,0.2,0.1,1000000,999000,100,3981,500,0.8244093890795153,0.9817270297576983,False,False
RR_BATCH,RR + batch means,3.1874809391934056,3.548680432958013,92.0,0,1438414600,0.8269873022362143,0.2,0.1,1000000,999000,100,3981,500,0.7581022248743589,0.9744324308398994,False,False
RR_ORACLE,RR + oracle variance,3.187303063312533,3.5665208169653537,94.0,0,1438414600,0.8269873022362143,0.2,0.1,1000000,999000,100,3981,500,0.7581022248743589,0.9744324308398994,False,False
RR_OBM,RR + OBM,3.187303063312533,3.5648516729620674,94.0,0,1438414600,0.8269873022362143,0.2,0.1,1000000,999000,100,3981,500,0.7581022248743589,0.9744324308398994,False,False
RR_OBM_RR,RR + OBM-RR,3.187303063312533,3.561026650603048,94.0,0,1438414600,0.8269873022362143,0.2,0.1,1000000,999000,100,3981,500,0.7581022248743589,0.9744324308398994,False,False
RR_MSB,RR + MSB,3.187303063312533,3.5142957106987427,95.0,0,1438414600,0.8269873022362143,0.2,0.1,1000000,999000,100,3981,500,0.7581022248743589,0.9744324308398994,False,False
RR_BATCH,RR + batch means,4.239085772575406,10.106851725061054,92.0,0,1352408539,7.004354026268703,0.2,0.1,1000000,999000,100,3981,500,0.6039294242984731,0.9836185308196135,False,False
RR_ORACLE,RR + oracle variance,4.23886400729398,10.379570593989566,97.0,0,1352408539,7.004354026268703,0.2,0.1,1000000,999000,100,3981,500,0.6039294242984731,0.9836185308196135,False,False
RR_OBM,RR + OBM,4.23886400729398,10.280226150784184,95.0,0,1352408539,7.004354026268703,0.2,0.1,1000000,999000,100,3981,500,0.6039294242984731,0.9836185308196135,False,False
RR_OBM_RR,RR + OBM-RR,4.23886400729398,10.166238957806238,93.0,0,1352408539,7.004354026268703,0.2,0.1,1000000,999000,100,3981,500,0.6039294242984731,0.9836185308196135,False,False
RR_MSB,RR + MSB,4.23886400729398,10.214895542120326,97.0,0,1352408539,7.004354026268703,0.2,0.1,1000000,999000,100,3981,500,0.6039294242984731,0.9836185308196135,False,False
RR_BATCH,RR + batch means,2.5785496536469736,7.574074970182285,92.0,0,345075200,3.8984762994739355,0.2,0.1,1000000,999000,100,3981,500,0.7292263339413828,0.9570228667303432,False,False
RR_ORACLE,RR + oracle variance,2.5784714350079017,7.743597870467193,93.0,0,345075200,3.8984762994739355,0.2,0.1,1000000,999000,100,3981,500,0.7292263339413828,0.9570228667303432,False,False
RR_OBM,RR + OBM,2.5784714350079017,7.667413108270828,92.0,0,345075200,3.8984762994739355,0.2,0.1,1000000,999000,100,3981,500,0.7292263339413828,0.9570228667303432,False,False
RR_OBM_RR,RR + OBM-RR,2.5784714350079017,7.602321481938227,92.0,0,345075200,3.8984762994739355,0.2,0.1,1000000,999000,100,3981,500,0.7292263339413828,0.9570228667303432,False,False
RR_MSB,RR + MSB,2.5784714350079017,7.552531054927096,92.0,0,345075200,3.8984762994739355,0.2,0.1,1000000,999000,100,3981,500,0.7292263339413828,0.9570228667303432,False,False
RR_BATCH,RR + batch means,2.267836280128395,6.041050458159298,96.0,0,1503807855,2.412941087733757,0.2,0.1,1000000,999000,100,3981,500,0.798555470419618,0.9609758422861282,False,False
RR_ORACLE,RR + oracle variance,2.2678921064711126,6.092123543595528,97.0,0,1503807855,2.412941087733757,0.2,0.1,1000000,999000,100,3981,500,0.798555470419618,0.9609758422861282,False,False
RR_OBM,RR + OBM,2.2678921064711126,6.051228648374866,96.0,0,1503807855,2.412941087733757,0.2,0.1,1000000,999000,100,3981,500,0.798555470419618,0.9609758422861282,False,False
RR_OBM_RR,RR + OBM-RR,2.2678921064711126,6.0136178651674275,95.0,0,1503807855,2.412941087733757,0.2,0.1,1000000,999000,100,3981,500,0.798555470419618,0.9609758422861282,False,False
RR_MSB,RR + MSB,2.2678921064711126,5.995354112564935,96.0,0,1503807855,2.412941087733757,0.2,0.1,1000000,999000,100,3981,500,0.798555470419618,0.9609758422861282,False,False
RR_BATCH,RR + batch means,3.2429386412884558,4.7044325272469,92.0,0,208792607,1.4675938251813647,0.2,0.1,1000000,999000,100,3981,500,0.6087943187396713,0.966523977573583,False,False
RR_ORACLE,RR + oracle variance,3.243093679723034,4.751144952336737,94.0,0,208792607,1.4675938251813647,0.2,0.1,1000000,999000,100,3981,500,0.6087943187396713,0.966523977573583,False,False
RR_OBM,RR + OBM,3.243093679723034,4.7154124532919806,94.0,0,208792607,1.4675938251813647,0.2,0.1,1000000,999000,100,3981,500,0.6087943187396713,0.966523977573583,False,False
RR_OBM_RR,RR + OBM-RR,3.243093679723034,4.73506314601063,92.0,0,208792607,1.4675938251813647,0.2,0.1,1000000,999000,100,3981,500,0.6087943187396713,0.966523977573583,False,False
RR_MSB,RR + MSB,3.243093679723034,4.707682192598292,94.0,0,208792607,1.4675938251813647,0.2,0.1,1000000,999000,100,3981,500,0.6087943187396713,0.966523977573583,False,False
RR_BATCH,RR + batch means,2.7638051942206743,4.092692811832931,95.0,0,938776597,1.1404076644168968,0.2,0.1,1000000,999000,100,3981,500,0.818841818878113,0.976899325569409,False,False
RR_ORACLE,RR + oracle variance,2.763773986667804,4.188180653198919,93.0,0,938776597,1.1404076644168968,0.2,0.1,1000000,999000,100,3981,500,0.818841818878113,0.976899325569409,False,False
RR_OBM,RR + OBM,2.763773986667804,4.178023463313602,96.0,0,938776597,1.1404076644168968,0.2,0.1,1000000,999000,100,3981,500,0.818841818878113,0.976899325569409,False,False
RR_OBM_RR,RR + OBM-RR,2.763773986667804,4.164859341828013,95.0,0,938776597,1.1404076644168968,0.2,0.1,1000000,999000,100,3981,500,0.818841818878113,0.976899325569409,False,False
RR_MSB,RR + MSB,2.763773986667804,4.1589319993527285,94.0,0,938776597,1.1404076644168968,0.2,0.1,1000000,999000,100,3981,500,0.818841818878113,0.976899325569409,False,False
RR_BATCH,RR + batch means,3.002863683579703,6.850066693513477,92.0,0,487284116,3.203194060886938,0.2,0.1,1000000,999000,100,3981,500,0.7906857224400382,0.9722391780189573,False,False
RR_ORACLE,RR + oracle variance,3.0029705188610505,7.019189507321793,93.0,0,487284116,3.203194060886938,0.2,0.1,1000000,999000,100,3981,500,0.7906857224400382,0.9722391780189573,False,False
RR_OBM,RR + OBM,3.0029705188610505,6.956208870761364,94.0,0,487284116,3.203194060886938,0.2,0.1,1000000,999000,100,3981,500,0.7906857224400382,0.9722391780189573,False,False
RR_OBM_RR,RR + OBM-RR,3.0029705188610505,6.913628711904762,93.0,0,487284116,3.203194060886938,0.2,0.1,1000000,999000,100,3981,500,0.7906857224400382,0.9722391780189573,False,False
RR_MSB,RR + MSB,3.0029705188610505,6.8711708498131845,94.0,0,487284116,3.203194060886938,0.2,0.1,1000000,999000,100,3981,500,0.7906857224400382,0.9722391780189573,False,False
RR_BATCH,RR + batch means,3.7295680267854143,4.665217580330194,93.0,0,1788162810,1.4653522983672826,0.2,0.1,1000000,999000,100,3981,500,0.6931201435895925,0.9767900513556478,False,False
RR_ORACLE,RR + oracle variance,3.729437563306669,4.747515239459323,96.0,0,1788162810,1.4653522983672826,0.2,0.1,1000000,999000,100,3981,500,0.6931201435895925,0.9767900513556478,False,False
RR_OBM,RR + OBM,3.729437563306669,4.699414556187828,94.0,0,1788162810,1.4653522983672826,0.2,0.1,1000000,999000,100,3981,500,0.6931201435895925,0.9767900513556478,False,False
RR_OBM_RR,RR + OBM-RR,3.729437563306669,4.6804824082209775,93.0,0,1788162810,1.4653522983672826,0.2,0.1,1000000,999000,100,3981,500,0.6931201435895925,0.9767900513556478,False,False
RR_MSB,RR + MSB,3.729437563306669,4.637366641341765,92.0,0,1788162810,1.4653522983672826,0.2,0.1,1000000,999000,100,3981,500,0.6931201435895925,0.9767900513556478,False,False
RR_BATCH,RR + batch means,2.9956306904496914,7.227388853773253,92.0,0,670802254,3.427604295372431,0.2,0.1,1000000,999000,100,3981,500,0.7803566706151667,0.9591163685199341,False,False
RR_ORACLE,RR + oracle variance,2.995490159080691,7.260903782654812,94.0,0,670802254,3.427604295372431,0.2,0.1,1000000,999000,100,3981,500,0.7803566706151667,0.9591163685199341,False,False
RR_OBM,RR + OBM,2.995490159080691,7.200225754057039,95.0,0,670802254,3.427604295372431,0.2,0.1,1000000,999000,100,3981,500,0.7803566706151667,0.9591163685199341,False,False
RR_OBM_RR,RR + OBM-RR,2.995490159080691,7.215865590967049,95.0,0,670802254,3.427604295372431,0.2,0.1,1000000,999000,100,3981,500,0.7803566706151667,0.9591163685199341,False,False
RR_MSB,RR + MSB,2.995490159080691,7.109412275902957,94.0,0,670802254,3.427604295372431,0.2,0.1,1000000,999000,100,3981,500,0.7803566706151667,0.9591163685199341,False,False
RR_BATCH,RR + batch means,3.3311505109680994,5.935397923862707,95.0,0,1648932250,2.339013830207248,0.2,0.1,1000000,999000,100,3981,500,0.6991674983530618,0.972203257911216,False,False
RR_ORACLE,RR + oracle variance,3.3312786685284403,5.998072866948011,95.0,0,1648932250,2.339013830207248,0.2,0.1,1000000,999000,100,3981,500,0.6991674983530618,0.972203257911216,False,False
RR_OBM,RR + OBM,3.3312786685284403,5.936188690451547,95.0,0,1648932250,2.339013830207248,0.2,0.1,1000000,999000,100,3981,500,0.6991674983530618,0.972203257911216,False,False
RR_OBM_RR,RR + OBM-RR,3.3312786685284403,5.944099742219508,96.0,0,1648932250,2.339013830207248,0.2,0.1,1000000,999000,100,3981,500,0.6991674983530618,0.972203257911216,False,False
RR_MSB,RR + MSB,3.3312786685284403,5.8901727771726815,95.0,0,1648932250,2.339013830207248,0.2,0.1,1000000,999000,100,3981,500,0.6991674983530618,0.972203257911216,False,False
RR_BATCH,RR + batch means,2.961101016511929,7.055980052127403,94.0,0,934620677,3.37104561229576,0.2,0.1,1000000,999000,100,3981,500,0.7674081319090251,0.96550879251693,False,False
RR_ORACLE,RR + oracle variance,2.9609389477068713,7.200748738267065,94.0,0,934620677,3.37104561229576,0.2,0.1,1000000,999000,100,3981,500,0.7674081319090251,0.96550879251693,False,False
RR_OBM,RR + OBM,2.9609389477068713,7.1047101591589215,94.0,0,934620677,3.37104561229576,0.2,0.1,1000000,999000,100,3981,500,0.7674081319090251,0.96550879251693,False,False
RR_OBM_RR,RR + OBM-RR,2.9609389477068713,7.068316306029465,94.0,0,934620677,3.37104561229576,0.2,0.1,1000000,999000,100,3981,500,0.7674081319090251,0.96550879251693,False,False
RR_MSB,RR + MSB,2.9609389477068713,7.012249757107753,94.0,0,934620677,3.37104561229576,0.2,0.1,1000000,999000,100,3981,500,0.7674081319090251,0.96550879251693,False,False
RR_BATCH,RR + batch means,2.3989362534735843,3.8313923203451545,96.0,0,1807519525,0.9723897426489855,0.2,0.1,1000000,999000,100,3981,500,0.7894567361140395,0.9674766768483056,False,False
RR_ORACLE,RR + oracle variance,2.399149538727032,3.867368246412422,96.0,0,1807519525,0.9723897426489855,0.2,0.1,1000000,999000,100,3981,500,0.7894567361140395,0.9674766768483056,False,False
RR_OBM,RR + OBM,2.399149538727032,3.8750229364690583,96.0,0,1807519525,0.9723897426489855,0.2,0.1,1000000,999000,100,3981,500,0.7894567361140395,0.9674766768483056,False,False
RR_OBM_RR,RR + OBM-RR,2.399149538727032,3.885117975653625,96.0,0,1807519525,0.9723897426489855,0.2,0.1,1000000,999000,100,3981,500,0.7894567361140395,0.9674766768483056,False,False
RR_MSB,RR + MSB,2.399149538727032,3.8614305320182503,95.0,0,1807519525,0.9723897426489855,0.2,0.1,1000000,999000,100,3981,500,0.7894567361140395,0.9674766768483056,False,False
RR_BATCH,RR + batch means,2.7142787717478987,3.5491366212764333,98.0,0,1787264314,0.8433099627428157,0.2,0.1,1000000,999000,100,3981,500,0.7005529485506353,0.9633826801506715,False,False
RR_ORACLE,RR + oracle variance,2.7141479803830837,3.601545933754482,96.0,0,1787264314,0.8433099627428157,0.2,0.1,1000000,999000,100,3981,500,0.7005529485506353,0.9633826801506715,False,False
RR_OBM,RR + OBM,2.7141479803830837,3.5659849259131797,95.0,0,1787264314,0.8433099627428157,0.2,0.1,1000000,999000,100,3981,500,0.7005529485506353,0.9633826801506715,False,False
RR_OBM_RR,RR + OBM-RR,2.7141479803830837,3.536997758701863,95.0,0,1787264314,0.8433099627428157,0.2,0.1,1000000,999000,100,3981,500,0.7005529485506353,0.9633826801506715,False,False
RR_MSB,RR + MSB,2.7141479803830837,3.5307615308808664,95.0,0,1787264314,0.8433099627428157,0.2,0.1,1000000,999000,100,3981,500,0.7005529485506353,0.9633826801506715,False,False
RR_BATCH,RR + batch means,2.8173688552401677,7.3957065051957125,93.0,0,1728218298,3.5742347952439077,0.2,0.1,1000000,999000,100,3981,500,0.802814012501832,0.9595683087022744,False,False
RR_ORACLE,RR + oracle variance,2.8171964722567253,7.414585572025666,93.0,0,1728218298,3.5742347952439077,0.2,0.1,1000000,999000,100,3981,500,0.802814012501832,0.9595683087022744,False,False
RR_OBM,RR + OBM,2.8171964722567253,7.403278986689286,93.0,0,1728218298,3.5742347952439077,0.2,0.1,1000000,999000,100,3981,500,0.802814012501832,0.9595683087022744,False,False
RR_OBM_RR,RR + OBM-RR,2.8171964722567253,7.4341948272754435,94.0,0,1728218298,3.5742347952439077,0.2,0.1,1000000,999000,100,3981,500,0.802814012501832,0.9595683087022744,False,False
RR_MSB,RR + MSB,2.8171964722567253,7.372986887934741,92.0,0,1728218298,3.5742347952439077,0.2,0.1,1000000,999000,100,3981,500,0.802814012501832,0.9595683087022744,False,False
RR_BATCH,RR + batch means,3.251669048164054,6.582324217771837,93.0,0,1928628491,2.7944941096607088,0.2,0.1,1000000,999000,100,3981,500,0.7886025025448311,0.9730379108273683,False,False
RR_ORACLE,RR + oracle variance,3.2513515386640224,6.556120720871624,93.0,0,1928628491,2.7944941096607088,0.2,0.1,1000000,999000,100,3981,500,0.7886025025448311,0.9730379108273683,False,False
RR_OBM,RR + OBM,3.2513515386640224,6.5728770756726265,93.0,0,1928628491,2.7944941096607088,0.2,0.1,1000000,999000,100,3981,500,0.7886025025448311,0.9730379108273683,False,False
RR_OBM_RR,RR + OBM-RR,3.2513515386640224,6.614522745369997,94.0,0,1928628491,2.7944941096607088,0.2,0.1,1000000,999000,100,3981,500,0.7886025025448311,0.9730379108273683,False,False
RR_MSB,RR + MSB,3.2513515386640224,6.483675890983435,93.0,0,1928628491,2.7944941096607088,0.2,0.1,1000000,999000,100,3981,500,0.7886025025448311,0.9730379108273683,False,False
RR_BATCH,RR + batch means,3.8633563822365957,5.344318654506651,93.0,0,832103482,1.8467872299257386,0.2,0.1,1000000,999000,100,3981,500,0.609236402748877,0.9719750872813987,False,False
RR_ORACLE,RR + oracle variance,3.863321044832392,5.329712394828225,93.0,0,832103482,1.8467872299257386,0.2,0.1,1000000,999000,100,3981,500,0.609236402748877,0.9719750872813987,False,False
RR_OBM,RR + OBM,3.863321044832392,5.299153939780958,93.0,0,832103482,1.8467872299257386,0.2,0.1,1000000,999000,100,3981,500,0.609236402748877,0.9719750872813987,False,False
RR_OBM_RR,RR + OBM-RR,3.863321044832392,5.299106645717996,93.0,0,832103482,1.8467872299257386,0.2,0.1,1000000,999000,100,3981,500,0.609236402748877,0.9719750872813987,False,False
RR_MSB,RR + MSB,3.863321044832392,5.225074899905373,93.0,0,832103482,1.8467872299257386,0.2,0.1,1000000,999000,100,3981,500,0.609236402748877,0.9719750872813987,False,False
RR_BATCH,RR + batch means,2.3265980283126164,4.626042726970624,92.0,0,619179888,1.3904310474496269,0.2,0.1,1000000,999000,100,3981,500,0.8181650406233747,0.957962340095406,False,False
RR_ORACLE,RR + oracle variance,2.3265538753194335,4.62455629959648,92.0,0,619179888,1.3904310474496269,0.2,0.1,1000000,999000,100,3981,500,0.8181650406233747,0.957962340095406,False,False
RR_OBM,RR + OBM,2.3265538753194335,4.6187710264161455,92.0,0,619179888,1.3904310474496269,0.2,0.1,1000000,999000,100,3981,500,0.8181650406233747,0.957962340095406,False,False
RR_OBM_RR,RR + OBM-RR,2.3265538753194335,4.649530330885679,92.0,0,619179888,1.3904310474496269,0.2,0.1,1000000,999000,100,3981,500,0.8181650406233747,0.957962340095406,False,False
RR_MSB,RR + MSB,2.3265538753194335,4.587598406789766,92.0,0,619179888,1.3904310474496269,0.2,0.1,1000000,999000,100,3981,500,0.8181650406233747,0.957962340095406,False,False
RR_BATCH,RR + batch means,3.139343602301364,7.616179856160805,94.0,0,514446424,3.826453449941487,0.2,0.1,1000000,999000,100,3981,500,0.6650854396717192,0.9865237322781218,False,False
RR_ORACLE,RR + oracle variance,3.139212598864089,7.671734415238235,94.0,0,514446424,3.826453449941487,0.2,0.1,1000000,999000,100,3981,500,0.6650854396717192,0.9865237322781218,False,False
RR_OBM,RR + OBM,3.139212598864089,7.617842475505975,94.0,0,514446424,3.826453449941487,0.2,0.1,1000000,999000,100,3981,500,0.6650854396717192,0.9865237322781218,False,False
RR_OBM_RR,RR + OBM-RR,3.139212598864089,7.652749510127931,93.0,0,514446424,3.826453449941487,0.2,0.1,1000000,999000,100,3981,500,0.6650854396717192,0.9865237322781218,False,False
RR_MSB,RR + MSB,3.139212598864089,7.572752980198546,92.0,0,514446424,3.826453449941487,0.2,0.1,1000000,999000,100,3981,500,0.6650854396717192,0.9865237322781218,False,False
RR_BATCH,RR + batch means,2.595331680087517,5.331078445645878,95.0,0,1465647934,1.8816782005191437,0.2,0.1,1000000,999000,100,3981,500,0.8046305474845927,0.9606968152294643,False,False
RR_ORACLE,RR + oracle variance,2.5953261121899485,5.379823397115616,94.0,0,1465647934,1.8816782005191437,0.2,0.1,1000000,999000,100,3981,500,0.8046305474845927,0.9606968152294643,False,False
RR_OBM,RR + OBM,2.5953261121899485,5.367491898285995,94.0,0,1465647934,1.8816782005191437,0.2,0.1,1000000,999000,100,3981,500,0.8046305474845927,0.9606968152294643,False,False
RR_OBM_RR,RR + OBM-RR,2.5953261121899485,5.380445029482253,95.0,0,1465647934,1.8816782005191437,0.2,0.1,1000000,999000,100,3981,500,0.8046305474845927,0.9606968152294643,False,False
RR_MSB,RR + MSB,2.5953261121899485,5.352940200890788,95.0,0,1465647934,1.8816782005191437,0.2,0.1,1000000,999000,100,3981,500,0.8046305474845927,0.9606968152294643,False,False
RR_BATCH,RR + batch means,3.5233468952526623,6.4097396191597245,91.0,0,300116173,2.7382898532631184,0.2,0.1,1000000,999000,100,3981,500,0.709263124937005,0.978121368174102,False,False
RR_ORACLE,RR + oracle variance,3.523137829739985,6.489855859016447,94.0,0,300116173,2.7382898532631184,0.2,0.1,1000000,999000,100,3981,500,0.709263124937005,0.978121368174102,False,False
RR_OBM,RR + OBM,3.523137829739985,6.440403048261846,93.0,0,300116173,2.7382898532631184,0.2,0.1,1000000,999000,100,3981,500,0.709263124937005,0.978121368174102,False,False
RR_OBM_RR,RR + OBM-RR,3.523137829739985,6.397931780671157,94.0,0,300116173,2.7382898532631184,0.2,0.1,1000000,999000,100,3981,500,0.709263124937005,0.978121368174102,False,False
RR_MSB,RR + MSB,3.523137829739985,6.370160339022764,95.0,0,300116173,2.7382898532631184,0.2,0.1,1000000,999000,100,3981,500,0.709263124937005,0.978121368174102,False,False
RR_BATCH,RR + batch means,2.0999771632400814,3.467017503879554,96.0,0,1367435608,0.7860562113867311,0.2,0.1,1000000,999000,100,3981,500,0.7780577788232529,0.9601545481079107,False,False
RR_ORACLE,RR + oracle variance,2.09978864862606,3.4771397394898873,96.0,0,1367435608,0.7860562113867311,0.2,0.1,1000000,999000,100,3981,500,0.7780577788232529,0.9601545481079107,False,False
RR_OBM,RR + OBM,2.09978864862606,3.465298352044219,95.0,0,1367435608,0.7860562113867311,0.2,0.1,1000000,999000,100,3981,500,0.7780577788232529,0.9601545481079107,False,False
RR_OBM_RR,RR + OBM-RR,2.09978864862606,3.4845143179974816,97.0,0,1367435608,0.7860562113867311,0.2,0.1,1000000,999000,100,3981,500,0.7780577788232529,0.9601545481079107,False,False
RR_MSB,RR + MSB,2.09978864862606,3.426542767776014,95.0,0,1367435608,0.7860562113867311,0.2,0.1,1000000,999000,100,3981,500,0.7780577788232529,0.9601545481079107,False,False
