n,method,x,F_hat,Phi,F_minus_Phi
50000,RR,-3.0,0.003,0.0013498980316300933,0.0016501019683699068
50000,RR,-2.99,0.003,0.0013948872354922468,0.0016051127645077532
50000,RR,-2.98,0.0031,0.0014412419173400134,0.0016587580826599865
50000,RR,-2.97,0.0033,0.0014889987452374632,0.0018110012547625368
50000,RR,-2.96,0.0034,0.0015381952117380577,0.0018618047882619422
50000,RR,-2.95,0.0035,0.0015888696473648667,0.0019111303526351334
50000,RR,-2.94,0.0036,0.0016410612341569964,0.0019589387658430035
50000,RR,-2.93,0.0037,0.0016948100192772598,0.00200518998072274
50000,RR,-2.92,0.0042,0.0017501569286760992,0.0024498430713239005
50000,RR,-2.91,0.0042,0.0018071437808064273,0.0023928562191935726
50000,RR,-2.9,0.0043,0.0018658133003840375,0.0024341866996159625
50000,RR,-2.89,0.0043,0.0019262091321878587,0.0023737908678121413
50000,RR,-2.88,0.0044,0.0019883758548943256,0.0024116241451056747
50000,RR,-2.87,0.0047,0.0020523589949397536,0.0026476410050602465
50000,RR,-2.86,0.0047,0.0021182050404046217,0.0025817949595953785
50000,RR,-2.85,0.0048,0.0021859614549132405,0.002614038545086759
50000,RR,-2.84,0.0049,0.0022556766915423202,0.0026443233084576796
50000,RR,-2.83,0.0049,0.0023274002067315515,0.0025725997932684484
50000,RR,-2.82,0.0049,0.0024011824741892525,0.0024988175258107473
50000,RR,-2.81,0.0049,0.002477074998785861,0.002422925001214139
50000,RR,-2.8,0.0051,0.002555130330427932,0.0025448696695720683
50000,RR,-2.79,0.0053,0.0026354020779049527,0.0026645979220950473
50000,RR,-2.78,0.0055,0.0027179449227012578,0.002782055077298742
50000,RR,-2.77,0.0056,0.002802814632765025,0.002797185367234975
50000,RR,-2.76,0.0059,0.0028900680762261478,0.003009931923773852
50000,RR,-2.75,0.0061,0.002979763235054555,0.0031202367649454453
50000,RR,-2.74,0.0063,0.003071959218650488,0.003228040781349512
50000,RR,-2.73,0.0063,0.0031667162773577934,0.0031332837226422067
50000,RR,-2.7199999999999998,0.0064,0.0032640958158913144,0.003135904184108686
50000,RR,-2.71,0.0064,0.0033641604066691933,0.003035839593330807
50000,RR,-2.7,0.0066,0.0034669738030406647,0.0031330261969593353
50000,RR,-2.69,0.0067,0.0035726009523997368,0.0031273990476002635
50000,RR,-2.68,0.0071,0.00368110800917498,0.0034188919908250204
50000,RR,-2.67,0.0072,0.0037925623476854887,0.003407437652314511
50000,RR,-2.66,0.0072,0.003907032574852774,0.0032929674251472255
50000,RR,-2.65,0.0072,0.004024588542758306,0.0031754114572416937
50000,RR,-2.64,0.0075,0.004145301361036037,0.003354698638963963
50000,RR,-2.63,0.0076,0.004269243409089351,0.0033307565909106492
50000,RR,-2.62,0.0078,0.004396488348121309,0.0034035116518786905
50000,RR,-2.61,0.0081,0.004527111132967324,0.0035728888670326754
50000,RR,-2.6,0.0084,0.004661188023718747,0.0037388119762812528
50000,RR,-2.59,0.0084,0.004798796597126178,0.003601203402873822
50000,RR,-2.58,0.0085,0.004940015757770645,0.003559984242229356
50000,RR,-2.57,0.0086,0.0050849257489910355,0.0035150742510089645
50000,RR,-2.56,0.0089,0.005233608163555782,0.0036663918364442183
50000,RR,-2.55,0.0092,0.005386145954066687,0.003813854045933313
50000,RR,-2.54,0.0093,0.005542623443082601,0.0037573765569173983
50000,RR,-2.53,0.0096,0.005703126332950699,0.0038968736670493
50000,RR,-2.52,0.0096,0.005867741715332562,0.0037322582846674368
50000,RR,-2.51,0.0098,0.006036558080412666,0.0037634419195873335
50000,RR,-2.5,0.0101,0.006209665325776132,0.0038903346742238673
50000,RR,-2.49,0.0102,0.006387154764943171,0.0038128452350568295
50000,RR,-2.48,0.0103,0.006569119135546763,0.003730880864453237
50000,RR,-2.4699999999999998,0.0105,0.006755652607140651,0.0037443473928593495
50000,RR,-2.46,0.0108,0.006946850788624312,0.003853149211375689
50000,RR,-2.45,0.0112,0.007142810735271415,0.004057189264728585
50000,RR,-2.44,0.0115,0.007343630955348342,0.004156369044651657
50000,RR,-2.4299999999999997,0.0115,0.007549411416309213,0.003950588583690787
50000,RR,-2.42,0.0116,0.0077602535505536425,0.0038397464494463567
50000,RR,-2.41,0.0119,0.007976260260733725,0.003923739739266276
50000,RR,-2.4,0.0123,0.008197535924596131,0.004102464075403869
50000,RR,-2.39,0.0127,0.008424186399345685,0.004275813600654314
50000,RR,-2.38,0.0129,0.008656319025516543,0.004243680974483457
50000,RR,-2.37,0.013,0.008894042630336772,0.0041059573696632275
50000,RR,-2.36,0.0133,0.009137467530572669,0.00416253246942733
50000,RR,-2.35,0.0137,0.009386705534838566,0.004313294465161434
50000,RR,-2.34,0.0138,0.00964186994535833,0.004158130054641669
50000,RR,-2.33,0.0138,0.009903075559164245,0.0038969244408357546
50000,RR,-2.32,0.0144,0.01017043866871968,0.004229561331280319
50000,RR,-2.31,0.0147,0.010444077061951083,0.004255922938048917
50000,RR,-2.3,0.0152,0.010724110021675809,0.004475889978324191
50000,RR,-2.29,0.0153,0.011010658324411388,0.004289341675588611
50000,RR,-2.2800000000000002,0.0158,0.01130384423855278,0.004496155761447221
50000,RR,-2.27,0.0162,0.011603791521903535,0.004596208478096464
50000,RR,-2.26,0.0168,0.011910625418547066,0.004889374581452933
50000,RR,-2.25,0.0174,0.012224472655044696,0.005175527344955303
50000,RR,-2.24,0.0178,0.012545461435946563,0.005254538564053437
50000,RR,-2.23,0.0182,0.012873721438602014,0.005326278561397987
50000,RR,-2.2199999999999998,0.0186,0.013209383807256284,0.005390616192743714
50000,RR,-2.21,0.0188,0.013552581146419983,0.005247418853580018
50000,RR,-2.2,0.0191,0.013903447513498595,0.0051965524865014035
50000,RR,-2.19,0.02,0.014262118410668878,0.005737881589331122
50000,RR,-2.1799999999999997,0.0205,0.014628730775989262,0.005871269224010739
50000,RR,-2.17,0.0215,0.015003422973732207,0.006496577026267792
50000,RR,-2.16,0.0218,0.015386334783925445,0.006413665216074555
50000,RR,-2.15,0.022,0.0157776073910905,0.006222392608909499
50000,RR,-2.14,0.0227,0.01617738337216608,0.006522616627833922
50000,RR,-2.13,0.0234,0.01658580668360501,0.00681419331639499
50000,RR,-2.12,0.0242,0.017003022647632787,0.007196977352367212
50000,RR,-2.11,0.0247,0.017429177937657088,0.007270822062342912
50000,RR,-2.1,0.0252,0.017864420562816542,0.007335579437183458
50000,RR,-2.09,0.0259,0.01830889985165897,0.00759110014834103
50000,RR,-2.08,0.0262,0.01876276643493775,0.007437233565062252
50000,RR,-2.07,0.027,0.019226172227517282,0.007773827772482717
50000,RR,-2.06,0.0276,0.019699270409376895,0.007900729590623105
50000,RR,-2.05,0.0277,0.020182215405704394,0.007517784594295605
50000,RR,-2.04,0.0283,0.020675162866070042,0.007624837133929956
50000,RR,-2.0300000000000002,0.029,0.02117826964267226,0.007821730357327743
50000,RR,-2.02,0.0295,0.02169169376764678,0.0078083062323532175
50000,RR,-2.01,0.0301,0.022215594429431475,0.007884405570568524
50000,RR,-2.0,0.0308,0.022750131948179195,0.008049868051820806
50000,RR,-1.99,0.0314,0.02329546775021182,0.008104532249788177
50000,RR,-1.98,0.0318,0.023851764341508513,0.007948235658491488
50000,RR,-1.97,0.0326,0.024419185280222543,0.008180814719777454
50000,RR,-1.96,0.0334,0.024997895148220435,0.008402104851779564
50000,RR,-1.95,0.0345,0.02558805952163861,0.008911940478361392
50000,RR,-1.94,0.0348,0.026189844940452685,0.008610155059547313
50000,RR,-1.93,0.0356,0.02680341887705495,0.008796581122945051
50000,RR,-1.92,0.0363,0.027428949703836802,0.008871050296163197
50000,RR,-1.91,0.037,0.0280666066597725,0.008933393340227497
50000,RR,-1.9,0.0377,0.028716559816001803,0.008983440183998194
50000,RR,-1.89,0.0387,0.02937898004040943,0.009321019959590567
50000,RR,-1.88,0.0393,0.03005403896119979,0.00924596103880021
50000,RR,-1.8699999999999999,0.0401,0.030741908929465968,0.009358091070534029
50000,RR,-1.8599999999999999,0.0408,0.031442762980752714,0.009357237019247289
50000,RR,-1.8499999999999999,0.0411,0.03215677479561371,0.008943225204386285
50000,RR,-1.84,0.0424,0.03288411865916389,0.009515881340836113
50000,RR,-1.83,0.043,0.0336249694196283,0.009375030580371695
50000,RR,-1.82,0.0438,0.03437950244588998,0.009420497554110022
50000,RR,-1.81,0.0442,0.03514789358403879,0.009052106415961214
50000,RR,-1.8,0.0452,0.03593031911292579,0.009269680887074208
50000,RR,-1.79,0.0462,0.03672695569872628,0.009473044301273721
50000,RR,-1.78,0.0473,0.03753798034851679,0.009762019651483211
50000,RR,-1.77,0.0477,0.03836357036287122,0.00933642963712878
50000,RR,-1.76,0.0488,0.03920390328748265,0.009596096712517356
50000,RR,-1.75,0.0499,0.040059156863817086,0.009840843136182914
50000,RR,-1.74,0.0507,0.040929508978807365,0.009770491021192637
50000,RR,-1.73,0.0514,0.04181513761359493,0.009584862386405074
50000,RR,-1.72,0.0522,0.04271622079132892,0.009483779208671085
50000,RR,-1.71,0.0533,0.0436329365240319,0.009667063475968102
50000,RR,-1.7,0.0543,0.04456546275854304,0.00973453724145696
50000,RR,-1.69,0.0553,0.045513977321549805,0.009786022678450197
50000,RR,-1.68,0.0562,0.046478657863720046,0.009721342136279953
50000,RR,-1.67,0.0569,0.04745968180294733,0.009440318197052669
50000,RR,-1.66,0.0577,0.04845722626672282,0.009242773733277178
50000,RR,-1.65,0.0591,0.0494714680336481,0.009628531966351897
50000,RR,-1.64,0.0608,0.05050258347410371,0.010297416525896289
50000,RR,-1.63,0.0621,0.051550748490089365,0.010549251509910637
50000,RR,-1.6199999999999999,0.0632,0.05261613845425206,0.010583861545747947
50000,RR,-1.6099999999999999,0.0644,0.053698928148119704,0.010701071851880295
50000,RR,-1.5999999999999999,0.0656,0.054799291699558,0.010800708300442004
50000,RR,-1.59,0.0669,0.055917402519469424,0.010982597480530577
50000,RR,-1.58,0.0679,0.057053433237754185,0.010846566762245817
50000,RR,-1.57,0.0693,0.058207555638553,0.011092444361446997
50000,RR,-1.56,0.0707,0.05937994059479304,0.011320059405206959
50000,RR,-1.55,0.0716,0.06057075800205901,0.011029241997940989
50000,RR,-1.54,0.073,0.061780176711811886,0.011219823288188109
50000,RR,-1.53,0.0746,0.06300836446397844,0.011591635536021563
50000,RR,-1.52,0.0768,0.06425548781893581,0.012544512181064185
50000,RR,-1.51,0.0784,0.0655217120889165,0.012878287911083502
50000,RR,-1.5,0.0803,0.06680720126885807,0.013492798731141925
50000,RR,-1.49,0.0813,0.06811211796672544,0.013187882033274562
50000,RR,-1.48,0.0829,0.06943662333333173,0.013463376666668275
50000,RR,-1.47,0.0844,0.07078087699168552,0.013619123008314485
50000,RR,-1.46,0.0854,0.07214503696589378,0.013254963034106226
50000,RR,-1.45,0.0871,0.07352925960964836,0.013570740390351638
50000,RR,-1.44,0.0886,0.07493369953432708,0.013666300465672923
50000,RR,-1.43,0.0899,0.07635850953673913,0.013541490463260863
50000,RR,-1.42,0.0912,0.07780384052654638,0.013396159473453628
50000,RR,-1.41,0.0935,0.07926984145339239,0.014230158546607613
50000,RR,-1.4,0.0952,0.08075665923377107,0.01444334076622894
50000,RR,-1.39,0.0971,0.08226443867766892,0.01483556132233109
50000,RR,-1.38,0.0985,0.08379332241501436,0.014706677584985645
50000,RR,-1.3699999999999999,0.0997,0.08534345082196704,0.01435654917803296
50000,RR,-1.3599999999999999,0.1016,0.08691496194708509,0.014685038052914906
50000,RR,-1.3499999999999999,0.1029,0.08850799143740207,0.014392008562597938
50000,RR,-1.3399999999999999,0.1045,0.09012267246445249,0.014377327535547504
50000,RR,-1.33,0.1063,0.09175913565028077,0.01454086434971924
50000,RR,-1.32,0.1081,0.09341750899347179,0.014682491006528214
50000,RR,-1.31,0.1104,0.09509791779523902,0.01530208220476098
50000,RR,-1.3,0.1121,0.09680048458561036,0.015299515414389647
50000,RR,-1.29,0.1139,0.09852532904974787,0.015374670950252134
50000,RR,-1.28,0.116,0.10027256795444206,0.015727432045557946
50000,RR,-1.27,0.1182,0.10204231507481915,0.016157684925180854
50000,RR,-1.26,0.1201,0.1038346811213004,0.0162653188786996
50000,RR,-1.25,0.1212,0.10564977366685535,0.015550226333144651
50000,RR,-1.24,0.1224,0.10748769707458694,0.014912302925413054
50000,RR,-1.23,0.1242,0.10934855242569191,0.014851447574308091
50000,RR,-1.22,0.1266,0.11123243744783456,0.015367562552165426
50000,RR,-1.21,0.128,0.11313944644397739,0.014860553556022615
50000,RR,-1.2,0.1307,0.11506967022170822,0.01563032977829179
50000,RR,-1.19,0.1321,0.11702319602310873,0.015076803976891262
50000,RR,-1.18,0.1339,0.11900010745520073,0.01489989254479926
50000,RR,-1.17,0.1355,0.12100048442101824,0.01449951557898177
50000,RR,-1.16,0.1382,0.12302440305134343,0.015175596948656556
50000,RR,-1.15,0.1407,0.12507193563715036,0.015628064362849636
50000,RR,-1.14,0.1423,0.1271431505627983,0.01515684943720172
50000,RR,-1.13,0.1438,0.12923811224001786,0.014561887759982156
50000,RR,-1.1199999999999999,0.1457,0.13135688104273074,0.014343118957269252
50000,RR,-1.1099999999999999,0.147,0.13349951324274728,0.013500486757252711
50000,RR,-1.0999999999999999,0.1496,0.13566606094638267,0.013933939053617339
50000,RR,-1.0899999999999999,0.1511,0.1378565720320355,0.013243427967964516
50000,RR,-1.08,0.1534,0.140071090088769,0.013328909911231007
50000,RR,-1.07,0.1553,0.14230965435593923,0.012990345644060763
50000,RR,-1.06,0.1571,0.1445722996639096,0.01252770033609038
50000,RR,-1.05,0.1598,0.1468590563758959,0.012940943624104084
50000,RR,-1.04,0.1612,0.1491699503309814,0.012030049669018605
50000,RR,-1.03,0.1631,0.15150500278834367,0.011594997211656327
50000,RR,-1.02,0.166,0.15386423037273478,0.01213576962726523
50000,RR,-1.01,0.1688,0.15624764502125466,0.01255235497874535
50000,RR,-1.0,0.1707,0.15865525393145707,0.012044746068542916
50000,RR,-0.9899999999999998,0.173,0.1610870595108309,0.011912940489169077
50000,RR,-0.98,0.1747,0.16354305932769236,0.01115694067230763
50000,RR,-0.9699999999999998,0.1769,0.1660232460635297,0.010876753936470307
50000,RR,-0.96,0.1804,0.16852760746683781,0.01187239253316219
50000,RR,-0.9500000000000002,0.1821,0.17105612630848183,0.011043873691518186
50000,RR,-0.94,0.1855,0.1736087803386246,0.011891219661375407
50000,RR,-0.9300000000000002,0.1877,0.17618554224525784,0.011514457754742163
50000,RR,-0.9199999999999999,0.1906,0.17878637961437172,0.011813620385628276
50000,RR,-0.9100000000000001,0.1929,0.1814112548917972,0.011488745108202775
50000,RR,-0.8999999999999999,0.1953,0.18406012534675953,0.011239874653240473
50000,RR,-0.8900000000000001,0.199,0.18673294303717258,0.012267056962827427
50000,RR,-0.8799999999999999,0.2009,0.18942965477671214,0.011470345223287853
50000,RR,-0.8700000000000001,0.2043,0.19215020210369615,0.012149797896303854
50000,RR,-0.8599999999999999,0.2068,0.1948945212518084,0.011905478748191617
50000,RR,-0.8500000000000001,0.2088,0.19766254312269238,0.011137456877307633
50000,RR,-0.8399999999999999,0.2109,0.20045419326044972,0.010445806739550284
50000,RR,-0.8300000000000001,0.214,0.2032693918280684,0.010730608171931583
50000,RR,-0.8199999999999998,0.2169,0.20610805358581308,0.010791946414186931
50000,RR,-0.81,0.2207,0.2089700878716016,0.011729912128398412
50000,RR,-0.7999999999999998,0.2239,0.21185539858339675,0.01204460141660324
50000,RR,-0.79,0.2273,0.21476388416363712,0.012536115836362882
50000,RR,-0.7799999999999998,0.2303,0.21769543758573318,0.012604562414266829
50000,RR,-0.77,0.2333,0.22064994634264962,0.01265005365735039
50000,RR,-0.7599999999999998,0.2362,0.2236272924375995,0.012572707562400504
50000,RR,-0.75,0.239,0.2266273523768682,0.012372647623131783
50000,RR,-0.7399999999999998,0.2432,0.22964999716479062,0.01355000283520938
50000,RR,-0.73,0.2464,0.2326950923008974,0.013704907699102598
50000,RR,-0.7199999999999998,0.2492,0.23576249777925123,0.01343750222074877
50000,RR,-0.71,0.2518,0.2388520680899867,0.01294793191001331
50000,RR,-0.6999999999999997,0.2546,0.2419636522230731,0.012636347776926904
50000,RR,-0.69,0.2573,0.24509709367430943,0.012202906325690543
50000,RR,-0.6800000000000002,0.2599,0.24825223045357053,0.011647769546429487
50000,RR,-0.6699999999999999,0.2634,0.2514288950953102,0.011971104904689833
50000,RR,-0.6600000000000001,0.267,0.2546269146713361,0.012373085328663935
50000,RR,-0.6499999999999999,0.2697,0.2578461108058647,0.01185388919413527
50000,RR,-0.6400000000000001,0.272,0.26108629969286157,0.010913700307138452
50000,RR,-0.6299999999999999,0.2756,0.2643472921156776,0.011252707884322422
50000,RR,-0.6200000000000001,0.2799,0.267628893468983,0.012271106531016984
50000,RR,-0.6099999999999999,0.2841,0.27093090378300577,0.013169096216994247
50000,RR,-0.6000000000000001,0.2881,0.27425311775007355,0.013846882249926473
50000,RR,-0.5899999999999999,0.2922,0.27759532475346493,0.014604675246535082
50000,RR,-0.5800000000000001,0.2954,0.2809573088985643,0.0144426911014357
50000,RR,-0.5699999999999998,0.2995,0.2843388490463242,0.015161150953675762
50000,RR,-0.56,0.3033,0.28773971884902705,0.015560281150972965
50000,RR,-0.5499999999999998,0.3066,0.2911596867883464,0.015440313211653567
50000,RR,-0.54,0.3088,0.294598516215698,0.014201483784302027
50000,RR,-0.5299999999999998,0.3112,0.29805596539487644,0.013144034605123533
50000,RR,-0.52,0.3143,0.3015317875469662,0.012768212453033834
50000,RR,-0.5099999999999998,0.3185,0.3050257308975195,0.013474269102480507
50000,RR,-0.5,0.3215,0.3085375387259869,0.012962461274013126
50000,RR,-0.48999999999999977,0.3253,0.3120669494173906,0.013233050582609374
50000,RR,-0.48,0.3278,0.31561369651622256,0.012186303483777416
50000,RR,-0.46999999999999975,0.3316,0.3191775087825559,0.012422491217444098
50000,RR,-0.45999999999999996,0.3342,0.32275811025034773,0.011441889749652268
50000,RR,-0.44999999999999973,0.3379,0.32635522028792013,0.011544779712079845
50000,RR,-0.43999999999999995,0.3414,0.32996855366059363,0.011431446339406348
50000,RR,-0.43000000000000016,0.3451,0.3335978205954576,0.0115021794045424
50000,RR,-0.41999999999999993,0.3479,0.3372427268482495,0.010657273151750468
50000,RR,-0.41000000000000014,0.3511,0.34090297377232254,0.010197026227677486
50000,RR,-0.3999999999999999,0.3541,0.3445782583896759,0.009521741610324153
50000,RR,-0.3900000000000001,0.3566,0.34826827346401756,0.008331726535982409
50000,RR,-0.3799999999999999,0.3601,0.35197270757583726,0.008127292424162713
50000,RR,-0.3700000000000001,0.3636,0.3556912451994532,0.007908754800546758
50000,RR,-0.3599999999999999,0.3669,0.3594235667820088,0.007476433217991185
50000,RR,-0.3500000000000001,0.3703,0.3631693488243809,0.007130651175619118
50000,RR,-0.33999999999999986,0.3736,0.366928263963972,0.006671736036027998
50000,RR,-0.33000000000000007,0.3764,0.37069998105934643,0.005700018940653584
50000,RR,-0.31999999999999984,0.3794,0.37448416527668005,0.004915834723319967
50000,RR,-0.31000000000000005,0.3827,0.3782804781779807,0.004419521822019268
50000,RR,-0.2999999999999998,0.3867,0.38208857781104744,0.004611422188952552
50000,RR,-0.29000000000000004,0.39,0.38590811880112263,0.0040918811988773784
50000,RR,-0.2799999999999998,0.3926,0.38973875244420286,0.0028612475557971417
50000,RR,-0.27,0.3956,0.3935801268019605,0.0020198731980395346
50000,RR,-0.2599999999999998,0.3996,0.3974318867982396,0.0021681132017604132
50000,RR,-0.25,0.4043,0.4012936743170763,0.003006325682923694
50000,RR,-0.23999999999999977,0.4096,0.40516512830220425,0.0044348716977957725
50000,RR,-0.22999999999999998,0.4128,0.40904588485799415,0.003754115142005854
50000,RR,-0.21999999999999975,0.4167,0.4129355773517855,0.003764422648214527
50000,RR,-0.20999999999999996,0.4205,0.41683383651755773,0.003666163482442253
50000,RR,-0.19999999999999973,0.4234,0.42074029056089707,0.002659709439102931
50000,RR,-0.18999999999999995,0.4272,0.42465456526520456,0.00254543473479546
50000,RR,-0.18000000000000016,0.4309,0.4285762840990992,0.0023237159009008024
50000,RR,-0.16999999999999993,0.4346,0.4325050683249616,0.0020949316750383806
50000,RR,-0.16000000000000014,0.4378,0.4364405371085671,0.0013594628914329054
50000,RR,-0.1499999999999999,0.4419,0.4403823076297575,0.0015176923702425182
50000,RR,-0.14000000000000012,0.445,0.44432999519409355,0.0006700048059064545
50000,RR,-0.1299999999999999,0.4492,0.4482832133454389,0.0009167866545610748
50000,RR,-0.1200000000000001,0.4527,0.4522415739794161,0.0004584260205838797
50000,RR,-0.10999999999999988,0.4573,0.4562046874576833,0.0010953125423167065
50000,RR,-0.10000000000000009,0.4609,0.46017216272297096,0.0007278372770290198
50000,RR,-0.08999999999999986,0.4643,0.46414360741482796,0.00015639258517202714
50000,RR,-0.08000000000000007,0.4687,0.4681186279860126,0.0005813720139873912
50000,RR,-0.06999999999999984,0.4716,0.472096829819479,-0.0004968298194789611
50000,RR,-0.06000000000000005,0.4759,0.4760778173458931,-0.00017781734589311649
50000,RR,-0.04999999999999982,0.4805,0.4800611941616276,0.0004388058383723581
50000,RR,-0.040000000000000036,0.4849,0.4840465631471692,0.0008534368528307912
50000,RR,-0.029999999999999805,0.489,0.48803352658588744,0.0009664734141125453
50000,RR,-0.020000000000000018,0.4929,0.492021686283098,0.0008783137169020017
50000,RR,-0.009999999999999787,0.4962,0.49601064368536846,0.00018935631463151692
50000,RR,0.0,0.4993,0.5,-0.0006999999999999784
50000,RR,0.010000000000000231,0.503,0.5039893563146317,-0.0009893563146317064
50000,RR,0.020000000000000018,0.5054,0.5079783137169019,-0.002578313716901981
50000,RR,0.03000000000000025,0.5084,0.5119664734141127,-0.0035664734141127585
50000,RR,0.040000000000000036,0.512,0.5159534368528308,-0.003953436852830783
50000,RR,0.050000000000000266,0.5165,0.5199388058383726,-0.0034388058383726383
50000,RR,0.06000000000000005,0.5212,0.5239221826541068,-0.0027221826541068417
50000,RR,0.07000000000000028,0.5253,0.5279031701805212,-0.0026031701805212526
50000,RR,0.08000000000000007,0.5296,0.5318813720139874,-0.0022813720139874816
50000,RR,0.08999999999999986,0.5338,0.535856392585172,-0.0020563925851719844
50000,RR,0.10000000000000009,0.538,0.539827837277029,-0.0018278372770289542
50000,RR,0.10999999999999988,0.5411,0.5437953125423167,-0.002695312542316697
50000,RR,0.1200000000000001,0.5445,0.5477584260205839,-0.0032584260205839044
50000,RR,0.1299999999999999,0.5469,0.5517167866545611,-0.004816786654561089
50000,RR,0.14000000000000012,0.5511,0.5556700048059064,-0.0045700048059064136
50000,RR,0.1499999999999999,0.5546,0.5596176923702425,-0.005017692370242521
50000,RR,0.16000000000000014,0.5579,0.5635594628914329,-0.0056594628914329315
50000,RR,0.16999999999999993,0.5616,0.5674949316750384,-0.005894931675038406
50000,RR,0.18000000000000016,0.5655,0.5714237159009008,-0.0059237159009007945
50000,RR,0.18999999999999995,0.5693,0.5753454347347954,-0.006045434734795352
50000,RR,0.20000000000000018,0.5728,0.5792597094391031,-0.006459709439103123
50000,RR,0.20999999999999996,0.5764,0.5831661634824423,-0.0067661634824423
50000,RR,0.2200000000000002,0.5808,0.5870644226482147,-0.006264422648214696
50000,RR,0.22999999999999998,0.5856,0.5909541151420059,-0.0053541151420059
50000,RR,0.2400000000000002,0.5892,0.5948348716977959,-0.005634871697795973
50000,RR,0.25,0.5927,0.5987063256829237,-0.006006325682923697
50000,RR,0.26000000000000023,0.5956,0.6025681132017606,-0.006968113201760606
50000,RR,0.27,0.5991,0.6064198731980396,-0.007319873198039617
50000,RR,0.28000000000000025,0.6035,0.6102612475557974,-0.006761247555797323
50000,RR,0.29000000000000004,0.6075,0.6140918811988774,-0.006591881198877325
50000,RR,0.30000000000000027,0.6115,0.6179114221889528,-0.006411422188952742
50000,RR,0.31000000000000005,0.6142,0.6217195218220193,-0.007519521822019315
50000,RR,0.3200000000000003,0.6189,0.6255158347233202,-0.006615834723320169
50000,RR,0.33000000000000007,0.6233,0.6293000189406536,-0.006000018940653606
50000,RR,0.33999999999999986,0.6265,0.6330717360360281,-0.00657173603602812
50000,RR,0.3500000000000001,0.6303,0.6368306511756191,-0.006530651175619129
50000,RR,0.3599999999999999,0.6341,0.6405764332179912,-0.006476433217991184
50000,RR,0.3700000000000001,0.6378,0.6443087548005468,-0.006508754800546801
50000,RR,0.3799999999999999,0.6405,0.6480272924241628,-0.007527292424162835
50000,RR,0.3900000000000001,0.6442,0.6517317265359824,-0.0075317265359824415
50000,RR,0.3999999999999999,0.6476,0.6554217416103241,-0.007821741610324118
50000,RR,0.41000000000000014,0.6515,0.6590970262276774,-0.007597026227677439
50000,RR,0.41999999999999993,0.6553,0.6627572731517505,-0.0074572731517504875
50000,RR,0.43000000000000016,0.6573,0.6664021794045424,-0.009102179404542388
50000,RR,0.43999999999999995,0.6602,0.6700314463394064,-0.009831446339406358
50000,RR,0.4500000000000002,0.6645,0.67364477971208,-0.009144779712080053
50000,RR,0.45999999999999996,0.6684,0.6772418897496523,-0.008841889749652276
50000,RR,0.4700000000000002,0.6715,0.6808224912174442,-0.009322491217444218
50000,RR,0.48,0.675,0.6843863034837774,-0.009386303483777336
50000,RR,0.4900000000000002,0.6784,0.6879330505826096,-0.009533050582609559
50000,RR,0.5,0.6822,0.6914624612740131,-0.00926246127401309
50000,RR,0.5100000000000002,0.6857,0.6949742691024807,-0.009274269102480748
50000,RR,0.52,0.6883,0.6984682124530338,-0.010168212453033787
50000,RR,0.5300000000000002,0.6914,0.7019440346051237,-0.010544034605123653
50000,RR,0.54,0.6953,0.705401483784302,-0.010101483784301979
50000,RR,0.5500000000000003,0.6997,0.7088403132116537,-0.009140313211653761
50000,RR,0.56,0.7017,0.712260281150973,-0.010560281150972961
50000,RR,0.5700000000000003,0.7043,0.7156611509536759,-0.011361150953675847
50000,RR,0.5800000000000001,0.708,0.7190426911014357,-0.011042691101435742
50000,RR,0.5899999999999999,0.7107,0.7224046752465351,-0.011704675246535068
50000,RR,0.6000000000000001,0.714,0.7257468822499265,-0.011746882249926482
50000,RR,0.6099999999999999,0.7173,0.7290690962169942,-0.01176909621699418
50000,RR,0.6200000000000001,0.7197,0.732371106531017,-0.012671106531016996
50000,RR,0.6299999999999999,0.7229,0.7356527078843225,-0.012752707884322478
50000,RR,0.6400000000000001,0.7263,0.7389137003071384,-0.012613700307138487
50000,RR,0.6499999999999999,0.7293,0.7421538891941353,-0.012853889194135326
50000,RR,0.6600000000000001,0.7321,0.745373085328664,-0.013273085328664003
50000,RR,0.6699999999999999,0.7348,0.7485711049046898,-0.013771104904689802
50000,RR,0.6800000000000002,0.7377,0.7517477695464294,-0.01404776954642939
50000,RR,0.69,0.7411,0.7549029063256906,-0.01380290632569059
50000,RR,0.7000000000000002,0.7442,0.758036347776927,-0.013836347776926994
50000,RR,0.71,0.7468,0.7611479319100133,-0.014347931910013267
50000,RR,0.7200000000000002,0.7502,0.7642375022207488,-0.014037502220748843
50000,RR,0.73,0.7535,0.7673049076991025,-0.013804907699102587
50000,RR,0.7400000000000002,0.7558,0.7703500028352095,-0.014550002835209463
50000,RR,0.75,0.7585,0.7733726476231317,-0.014872647623131785
50000,RR,0.7600000000000002,0.7609,0.7763727075624006,-0.0154727075624006
50000,RR,0.77,0.7641,0.7793500536573503,-0.015250053657350326
50000,RR,0.7800000000000002,0.7667,0.782304562414267,-0.015604562414266998
50000,RR,0.79,0.7691,0.7852361158363629,-0.016136115836362874
50000,RR,0.8000000000000003,0.7725,0.7881446014166034,-0.0156446014166034
50000,RR,0.81,0.7765,0.7910299121283983,-0.014529912128398381
50000,RR,0.8200000000000003,0.7788,0.793891946414187,-0.015091946414186985
50000,RR,0.8300000000000001,0.7817,0.7967306081719316,-0.015030608171931692
50000,RR,0.8399999999999999,0.7843,0.7995458067395502,-0.015245806739550227
50000,RR,0.8500000000000001,0.7877,0.8023374568773076,-0.014637456877307664
50000,RR,0.8599999999999999,0.7907,0.8051054787481916,-0.014405478748191647
50000,RR,0.8700000000000001,0.7942,0.8078497978963038,-0.013649797896303828
50000,RR,0.8799999999999999,0.7971,0.8105703452232879,-0.013470345223287827
50000,RR,0.8900000000000001,0.7998,0.8132670569628274,-0.013467056962827462
50000,RR,0.8999999999999999,0.8025,0.8159398746532405,-0.01343987465324048
50000,RR,0.9100000000000001,0.8055,0.8185887451082028,-0.013088745108202793
50000,RR,0.9199999999999999,0.8089,0.8212136203856283,-0.012313620385628332
50000,RR,0.9300000000000002,0.8116,0.8238144577547422,-0.01221445775474217
50000,RR,0.94,0.8142,0.8263912196613754,-0.012191219661375374
50000,RR,0.9500000000000002,0.816,0.8289438736915182,-0.012943873691518282
50000,RR,0.96,0.8184,0.8314723925331622,-0.01307239253316217
50000,RR,0.9700000000000002,0.8209,0.8339767539364704,-0.013076753936470453
50000,RR,0.98,0.8228,0.8364569406723077,-0.013656940672307716
50000,RR,0.9900000000000002,0.8255,0.8389129404891691,-0.013412940489169078
50000,RR,1.0,0.828,0.8413447460685429,-0.013344746068542968
50000,RR,1.0099999999999998,0.8299,0.8437523549787453,-0.013852354978745374
50000,RR,1.0200000000000005,0.8323,0.8461357696272652,-0.013835769627265182
50000,RR,1.0300000000000002,0.8344,0.8484949972116563,-0.014094997211656302
50000,RR,1.04,0.8365,0.8508300496690187,-0.01433004966901863
50000,RR,1.0499999999999998,0.8398,0.853140943624104,-0.013340943624103985
50000,RR,1.0600000000000005,0.8419,0.8554277003360906,-0.013527700336090631
50000,RR,1.0700000000000003,0.844,0.8576903456440608,-0.013690345644060797
50000,RR,1.08,0.8458,0.859928909911231,-0.014128909911231058
50000,RR,1.0899999999999999,0.8474,0.8621434279679645,-0.014743427967964462
50000,RR,1.0999999999999996,0.8494,0.8643339390536173,-0.014933939053617284
50000,RR,1.1100000000000003,0.8512,0.8665004867572528,-0.015300486757252818
50000,RR,1.12,0.8528,0.8686431189572693,-0.01584311895726931
50000,RR,1.13,0.8556,0.8707618877599821,-0.015161887759982062
50000,RR,1.1399999999999997,0.8587,0.8728568494372017,-0.014156849437201635
50000,RR,1.1500000000000004,0.8611,0.8749280643628499,-0.01382806436284989
50000,RR,1.1600000000000001,0.8636,0.8769755969486566,-0.013375596948656532
50000,RR,1.17,0.8652,0.8789995155789818,-0.013799515578981847
50000,RR,1.1799999999999997,0.8671,0.8809998925447993,-0.013899892544799286
50000,RR,1.1900000000000004,0.8689,0.8829768039768913,-0.014076803976891261
50000,RR,1.2000000000000002,0.8711,0.8849303297782918,-0.013830329778291794
50000,RR,1.21,0.8733,0.8868605535560226,-0.013560553556022592
50000,RR,1.2199999999999998,0.875,0.8887675625521653,-0.013767562552165269
50000,RR,1.2300000000000004,0.8765,0.8906514475743081,-0.014151447574308196
50000,RR,1.2400000000000002,0.8792,0.8925123029254132,-0.013312302925413189
50000,RR,1.25,0.8806,0.8943502263331446,-0.0137502263331446
50000,RR,1.2599999999999998,0.8829,0.8961653188786995,-0.013265318878699528
50000,RR,1.2700000000000005,0.8848,0.8979576849251809,-0.01315768492518088
50000,RR,1.2800000000000002,0.8864,0.8997274320455579,-0.013327432045557974
50000,RR,1.29,0.8884,0.9014746709502521,-0.013074670950252165
50000,RR,1.2999999999999998,0.8902,0.9031995154143896,-0.012999515414389595
50000,RR,1.3100000000000005,0.8926,0.9049020822047611,-0.012302082204761144
50000,RR,1.3200000000000003,0.8942,0.9065824910065282,-0.012382491006528218
50000,RR,1.33,0.8959,0.9082408643497193,-0.01234086434971926
50000,RR,1.3399999999999999,0.8974,0.9098773275355475,-0.012477327535547533
50000,RR,1.3500000000000005,0.8997,0.9114920085625979,-0.011792008562597878
50000,RR,1.3600000000000003,0.9015,0.913085038052915,-0.011585038052914998
50000,RR,1.37,0.9027,0.914656549178033,-0.011956549178033016
50000,RR,1.38,0.9044,0.9162066775849856,-0.011806677584985659
50000,RR,1.3899999999999997,0.9061,0.917735561322331,-0.011635561322331012
50000,RR,1.4000000000000004,0.9085,0.919243340766229,-0.01074334076622907
50000,RR,1.4100000000000001,0.911,0.9207301585466077,-0.009730158546607637
50000,RR,1.42,0.9118,0.9221961594734536,-0.010396159473453515
50000,RR,1.4299999999999997,0.9135,0.9236414904632608,-0.01014149046326085
50000,RR,1.4400000000000004,0.9155,0.9250663004656731,-0.009566300465673083
50000,RR,1.4500000000000002,0.9168,0.9264707403903517,-0.009670740390351762
50000,RR,1.46,0.9177,0.9278549630341062,-0.010154963034106235
50000,RR,1.4699999999999998,0.9193,0.9292191230083144,-0.009919123008314434
50000,RR,1.4800000000000004,0.9213,0.9305633766666683,-0.009263376666668321
50000,RR,1.4900000000000002,0.923,0.9318878820332746,-0.008887882033274508
50000,RR,1.5,0.9243,0.9331927987311419,-0.008892798731141904
50000,RR,1.5099999999999998,0.9248,0.9344782879110834,-0.009678287911083494
50000,RR,1.5200000000000005,0.9261,0.9357445121810642,-0.009644512181064213
50000,RR,1.5300000000000002,0.9274,0.9369916355360216,-0.009591635536021603
50000,RR,1.54,0.9286,0.9382198232881881,-0.009619823288188112
50000,RR,1.5499999999999998,0.9296,0.939429241997941,-0.009829241997940996
50000,RR,1.5600000000000005,0.9314,0.9406200594052071,-0.009220059405207093
50000,RR,1.5700000000000003,0.9331,0.941792444361447,-0.008692444361447005
50000,RR,1.58,0.934,0.9429465667622459,-0.008946566762245811
50000,RR,1.5899999999999999,0.9346,0.9440825974805306,-0.009482597480530597
50000,RR,1.6000000000000005,0.9357,0.9452007083004421,-0.00950070830044214
50000,RR,1.6100000000000003,0.9366,0.9463010718518803,-0.009701071851880294
50000,RR,1.62,0.9373,0.9473838615457479,-0.010083861545747919
50000,RR,1.63,0.9387,0.9484492515099107,-0.009749251509910684
50000,RR,1.6399999999999997,0.9393,0.9494974165258963,-0.01019741652589623
50000,RR,1.6500000000000004,0.9402,0.9505285319663519,-0.010328531966351862
50000,RR,1.6600000000000001,0.9412,0.9515427737332772,-0.010342773733277189
50000,RR,1.67,0.9426,0.9525403181970526,-0.009940318197052656
50000,RR,1.6799999999999997,0.9439,0.9535213421362799,-0.009621342136279964
50000,RR,1.6900000000000004,0.9446,0.9544860226784502,-0.00988602267845018
50000,RR,1.7000000000000002,0.9457,0.955434537241457,-0.009734537241457009
50000,RR,1.71,0.9467,0.9563670634759681,-0.00966706347596813
50000,RR,1.7199999999999998,0.948,0.957283779208671,-0.009283779208671072
50000,RR,1.7300000000000004,0.9489,0.9581848623864051,-0.009284862386405135
50000,RR,1.7400000000000002,0.9501,0.9590704910211927,-0.008970491021192739
50000,RR,1.75,0.9505,0.9599408431361829,-0.009440843136182875
50000,RR,1.7599999999999998,0.9513,0.9607960967125173,-0.009496096712517277
50000,RR,1.7700000000000005,0.9519,0.9616364296371288,-0.00973642963712884
50000,RR,1.7800000000000002,0.9533,0.9624620196514833,-0.009162019651483222
50000,RR,1.79,0.9538,0.9632730443012737,-0.009473044301273714
50000,RR,1.7999999999999998,0.9545,0.9640696808870742,-0.009569680887074217
50000,RR,1.8100000000000005,0.9552,0.9648521064159612,-0.009652106415961148
50000,RR,1.8200000000000003,0.9561,0.9656204975541101,-0.009520497554110108
50000,RR,1.83,0.9565,0.9663750305803717,-0.009875030580371646
50000,RR,1.8399999999999999,0.9581,0.9671158813408361,-0.009015881340836196
50000,RR,1.8500000000000005,0.9586,0.9678432252043864,-0.009243225204386363
50000,RR,1.8600000000000003,0.9596,0.9685572370192473,-0.008957237019247333
50000,RR,1.87,0.9604,0.9692580910705341,-0.008858091070534035
50000,RR,1.88,0.9612,0.9699459610388002,-0.008745961038800099
50000,RR,1.8899999999999997,0.9618,0.9706210199595906,-0.008821019959590615
50000,RR,1.9000000000000004,0.9625,0.9712834401839983,-0.008783440183998237
50000,RR,1.9100000000000001,0.9629,0.9719333933402275,-0.009033393340227569
50000,RR,1.92,0.9635,0.9725710502961632,-0.009071050296163174
50000,RR,1.9299999999999997,0.9641,0.973196581122945,-0.009096581122945091
50000,RR,1.9400000000000004,0.9646,0.9738101550595474,-0.009210155059547365
50000,RR,1.9500000000000002,0.9651,0.9744119404783614,-0.00931194047836148
50000,RR,1.96,0.966,0.9750021048517795,-0.009002104851779547
50000,RR,1.9699999999999998,0.9665,0.9755808147197774,-0.009080814719777397
50000,RR,1.9800000000000004,0.9674,0.9761482356584915,-0.008748235658491477
50000,RR,1.9900000000000002,0.9679,0.9767045322497881,-0.008804532249788166
50000,RR,2.0,0.9685,0.9772498680518208,-0.008749868051820764
50000,RR,2.01,0.9694,0.9777844055705686,-0.00838440557056852
50000,RR,2.0200000000000005,0.9701,0.9783083062323532,-0.008208306232353246
50000,RR,2.0300000000000002,0.9708,0.9788217303573278,-0.008021730357327783
50000,RR,2.04,0.9715,0.9793248371339299,-0.007824837133929896
50000,RR,2.05,0.9722,0.9798177845942956,-0.007617784594295629
50000,RR,2.0600000000000005,0.9726,0.9803007295906231,-0.007700729590623068
50000,RR,2.0700000000000003,0.9735,0.9807738277724828,-0.007273827772482755
50000,RR,2.08,0.9743,0.9812372335650622,-0.006937233565062151
50000,RR,2.09,0.975,0.981691100148341,-0.006691100148341067
50000,RR,2.1000000000000005,0.9756,0.9821355794371834,-0.006535579437183414
50000,RR,2.1100000000000003,0.976,0.9825708220623429,-0.00657082206234294
50000,RR,2.12,0.9769,0.9829969773523672,-0.00609697735236725
50000,RR,2.13,0.9773,0.983414193316395,-0.006114193316395067
50000,RR,2.1399999999999997,0.978,0.9838226166278339,-0.005822616627833899
50000,RR,2.1500000000000004,0.9784,0.9842223926089095,-0.005822392608909488
50000,RR,2.16,0.9785,0.9846136652160745,-0.006113665216074482
50000,RR,2.17,0.979,0.9849965770262678,-0.005996577026267769
50000,RR,2.1799999999999997,0.9798,0.9853712692240107,-0.005571269224010744
50000,RR,2.1900000000000004,0.9799,0.9857378815893312,-0.005837881589331184
50000,RR,2.2,0.9804,0.9860965524865014,-0.005696552486501361
50000,RR,2.21,0.9806,0.98644741885358,-0.005847418853579978
50000,RR,2.2199999999999998,0.9812,0.9867906161927437,-0.005590616192743703
50000,RR,2.2300000000000004,0.9815,0.987126278561398,-0.005626278561397968
50000,RR,2.24,0.982,0.9874545385640534,-0.005454538564053424
50000,RR,2.25,0.9825,0.9877755273449553,-0.005275527344955289
50000,RR,2.26,0.9827,0.988089374581453,-0.005389374581452944
50000,RR,2.2700000000000005,0.9832,0.9883962084780965,-0.005196208478096542
50000,RR,2.2800000000000002,0.9839,0.9886961557614472,-0.004796155761447207
50000,RR,2.29,0.9842,0.9889893416755886,-0.004789341675588643
50000,RR,2.3,0.9847,0.9892758899783242,-0.004575889978324144
50000,RR,2.3100000000000005,0.9852,0.989555922938049,-0.004355922938048984
50000,RR,2.3200000000000003,0.9859,0.9898295613312803,-0.003929561331280307
50000,RR,2.33,0.9864,0.9900969244408357,-0.0036969244408356916
50000,RR,2.34,0.9865,0.9903581300546417,-0.0038581300546416397
50000,RR,2.3500000000000005,0.987,0.9906132944651614,-0.003613294465161454
50000,RR,2.3600000000000003,0.9872,0.9908625324694273,-0.003662532469427382
50000,RR,2.37,0.9873,0.9911059573696632,-0.003805957369663271
50000,RR,2.38,0.9882,0.9913436809744834,-0.003143680974483476
50000,RR,2.3899999999999997,0.9884,0.9915758136006543,-0.0031758136006543314
50000,RR,2.4000000000000004,0.9887,0.9918024640754038,-0.0031024640754038213
50000,RR,2.41,0.9888,0.9920237397392663,-0.0032237397392662626
50000,RR,2.42,0.9889,0.9922397464494463,-0.003339746449446346
50000,RR,2.4299999999999997,0.9893,0.9924505885836908,-0.003150588583690883
50000,RR,2.4400000000000004,0.9895,0.9926563690446517,-0.0031563690446516635
50000,RR,2.45,0.9897,0.9928571892647285,-0.0031571892647285216
50000,RR,2.46,0.9898,0.9930531492113757,-0.00325314921137565
50000,RR,2.4699999999999998,0.99,0.9932443473928594,-0.0032443473928593924
50000,RR,2.4800000000000004,0.9901,0.9934308808644533,-0.0033308808644533228
50000,RR,2.49,0.9903,0.9936128452350568,-0.003312845235056816
50000,RR,2.5,0.9903,0.9937903346742238,-0.0034903346742238828
50000,RR,2.51,0.9906,0.9939634419195873,-0.0033634419195872622
50000,RR,2.5200000000000005,0.9908,0.9941322582846674,-0.003332258284667433
50000,RR,2.5300000000000002,0.9914,0.9942968736670493,-0.002896873667049382
50000,RR,2.54,0.9919,0.9944573765569173,-0.0025573765569173457
50000,RR,2.55,0.9921,0.9946138540459333,-0.0025138540459332948
50000,RR,2.5600000000000005,0.9925,0.9947663918364442,-0.0022663918364441704
50000,RR,2.5700000000000003,0.9927,0.994915074251009,-0.002215074251008975
50000,RR,2.58,0.9929,0.9950599842422293,-0.002159984242229296
50000,RR,2.59,0.993,0.9952012034028738,-0.002201203402873775
50000,RR,2.6000000000000005,0.9934,0.9953388119762813,-0.0019388119762813183
50000,RR,2.6100000000000003,0.9936,0.9954728888670327,-0.0018728888670326294
50000,RR,2.62,0.9938,0.9956035116518787,-0.001803511651878642
50000,RR,2.63,0.994,0.9957307565909107,-0.0017307565909107092
50000,RR,2.6399999999999997,0.9941,0.9958546986389639,-0.0017546986389639363
50000,RR,2.6500000000000004,0.9941,0.9959754114572417,-0.0018754114572416825
50000,RR,2.66,0.9942,0.9960929674251472,-0.0018929674251472184
50000,RR,2.67,0.9944,0.9962074376523146,-0.001807437652314614
50000,RR,2.6799999999999997,0.9946,0.996318891990825,-0.0017188919908249778
50000,RR,2.6900000000000004,0.9948,0.9964273990476002,-0.001627399047600231
50000,RR,2.7,0.9949,0.9965330261969594,-0.0016330261969593751
50000,RR,2.71,0.9951,0.9966358395933308,-0.0015358395933308122
50000,RR,2.7199999999999998,0.9954,0.9967359041841087,-0.0013359041841087826
50000,RR,2.7300000000000004,0.9956,0.9968332837226422,-0.0012332837226421978
50000,RR,2.74,0.9956,0.9969280407813496,-0.0013280407813495154
50000,RR,2.75,0.9957,0.9970202367649454,-0.001320236764945415
50000,RR,2.76,0.9958,0.9971099319237738,-0.0013099319237738216
50000,RR,2.7700000000000005,0.9962,0.997197185367235,-0.0009971853672350317
50000,RR,2.7800000000000002,0.9963,0.9972820550772987,-0.0009820550772987602
50000,RR,2.79,0.9964,0.9973645979220951,-0.000964597922095134
50000,RR,2.8,0.9965,0.997444869669572,-0.0009448696695719683
50000,RR,2.8100000000000005,0.9965,0.9975229250012141,-0.0010229250012140367
50000,RR,2.8200000000000003,0.9965,0.9975988175258107,-0.001098817525810647
50000,RR,2.83,0.9965,0.9976725997932685,-0.0011725997932684473
50000,RR,2.84,0.9965,0.9977443233084576,-0.0012443233084575844
50000,RR,2.8500000000000005,0.9967,0.9978140385450868,-0.0011140385450867374
50000,RR,2.8600000000000003,0.9969,0.9978817949595954,-0.0009817949595953834
50000,RR,2.87,0.9972,0.9979476410050603,-0.0007476410050603066
50000,RR,2.88,0.9972,0.9980116241451057,-0.000811624145105716
50000,RR,2.8899999999999997,0.9972,0.9980737908678121,-0.0008737908678121409
50000,RR,2.9000000000000004,0.9972,0.998134186699616,-0.0009341866996159798
50000,RR,2.91,0.9973,0.9981928562191936,-0.0008928562191936606
50000,RR,2.92,0.9974,0.9982498430713239,-0.0008498430713239635
50000,RR,2.9299999999999997,0.9974,0.9983051899807227,-0.0009051899807227537
50000,RR,2.9400000000000004,0.9974,0.998358938765843,-0.0009589387658430759
50000,RR,2.95,0.9976,0.9984111303526352,-0.0008111303526351366
50000,RR,2.96,0.9977,0.998461804788262,-0.0007618047882619328
50000,RR,2.9699999999999998,0.9977,0.9985110012547626,-0.0008110012547625223
50000,RR,2.9800000000000004,0.9977,0.99855875808266,-0.000858758082660005
50000,RR,2.99,0.9979,0.9986051127645078,-0.0007051127645077981
50000,RR,3.0,0.998,0.9986501019683699,-0.0006501019683698983
50000,single_alpha,-3.0,0.0006,0.0013498980316300933,-0.0007498980316300933
50000,single_alpha,-2.99,0.0006,0.0013948872354922468,-0.0007948872354922469
50000,single_alpha,-2.98,0.0006,0.0014412419173400134,-0.0008412419173400135
50000,single_alpha,-2.97,0.0006,0.0014889987452374632,-0.0008889987452374632
50000,single_alpha,-2.96,0.0006,0.0015381952117380577,-0.0009381952117380577
50000,single_alpha,-2.95,0.0007,0.0015888696473648667,-0.0008888696473648667
50000,single_alpha,-2.94,0.0007,0.0016410612341569964,-0.0009410612341569964
50000,single_alpha,-2.93,0.0008,0.0016948100192772598,-0.0008948100192772598
50000,single_alpha,-2.92,0.0008,0.0017501569286760992,-0.0009501569286760992
50000,single_alpha,-2.91,0.0008,0.0018071437808064273,-0.0010071437808064272
50000,single_alpha,-2.9,0.0008,0.0018658133003840375,-0.0010658133003840376
50000,single_alpha,-2.89,0.0008,0.0019262091321878587,-0.0011262091321878587
50000,single_alpha,-2.88,0.0009,0.0019883758548943256,-0.0010883758548943256
50000,single_alpha,-2.87,0.001,0.0020523589949397536,-0.0010523589949397536
50000,single_alpha,-2.86,0.001,0.0021182050404046217,-0.0011182050404046216
50000,single_alpha,-2.85,0.001,0.0021859614549132405,-0.0011859614549132405
50000,single_alpha,-2.84,0.0011,0.0022556766915423202,-0.0011556766915423202
50000,single_alpha,-2.83,0.0011,0.0023274002067315515,-0.0012274002067315514
50000,single_alpha,-2.82,0.0012,0.0024011824741892525,-0.0012011824741892526
50000,single_alpha,-2.81,0.0013,0.002477074998785861,-0.001177074998785861
50000,single_alpha,-2.8,0.0013,0.002555130330427932,-0.0012551303304279321
50000,single_alpha,-2.79,0.0013,0.0026354020779049527,-0.0013354020779049527
50000,single_alpha,-2.78,0.0013,0.0027179449227012578,-0.0014179449227012578
50000,single_alpha,-2.77,0.0013,0.002802814632765025,-0.0015028146327650252
50000,single_alpha,-2.76,0.0013,0.0028900680762261478,-0.0015900680762261478
50000,single_alpha,-2.75,0.0013,0.002979763235054555,-0.0016797632350545552
50000,single_alpha,-2.74,0.0013,0.003071959218650488,-0.001771959218650488
50000,single_alpha,-2.73,0.0013,0.0031667162773577934,-0.0018667162773577935
50000,single_alpha,-2.7199999999999998,0.0013,0.0032640958158913144,-0.0019640958158913145
50000,single_alpha,-2.71,0.0014,0.0033641604066691933,-0.0019641604066691935
50000,single_alpha,-2.7,0.0014,0.0034669738030406647,-0.002066973803040665
50000,single_alpha,-2.69,0.0017,0.0035726009523997368,-0.0018726009523997369
50000,single_alpha,-2.68,0.0017,0.00368110800917498,-0.00198110800917498
50000,single_alpha,-2.67,0.0019,0.0037925623476854887,-0.0018925623476854887
50000,single_alpha,-2.66,0.0021,0.003907032574852774,-0.0018070325748527744
50000,single_alpha,-2.65,0.0021,0.004024588542758306,-0.0019245885427583063
50000,single_alpha,-2.64,0.0022,0.004145301361036037,-0.0019453013610360365
50000,single_alpha,-2.63,0.0023,0.004269243409089351,-0.001969243409089351
50000,single_alpha,-2.62,0.0025,0.004396488348121309,-0.0018964883481213091
50000,single_alpha,-2.61,0.0025,0.004527111132967324,-0.002027111132967324
50000,single_alpha,-2.6,0.0026,0.004661188023718747,-0.002061188023718747
50000,single_alpha,-2.59,0.0027,0.004798796597126178,-0.0020987965971261775
50000,single_alpha,-2.58,0.0027,0.004940015757770645,-0.0022400157577706446
50000,single_alpha,-2.57,0.0027,0.0050849257489910355,-0.0023849257489910354
50000,single_alpha,-2.56,0.0027,0.005233608163555782,-0.0025336081635557815
50000,single_alpha,-2.55,0.0027,0.005386145954066687,-0.002686145954066687
50000,single_alpha,-2.54,0.0027,0.005542623443082601,-0.002842623443082601
50000,single_alpha,-2.53,0.0028,0.005703126332950699,-0.0029031263329506994
50000,single_alpha,-2.52,0.0029,0.005867741715332562,-0.0029677417153325626
50000,single_alpha,-2.51,0.0029,0.006036558080412666,-0.0031365580804126663
50000,single_alpha,-2.5,0.0031,0.006209665325776132,-0.0031096653257761324
50000,single_alpha,-2.49,0.0032,0.006387154764943171,-0.003187154764943171
50000,single_alpha,-2.48,0.0035,0.006569119135546763,-0.003069119135546763
50000,single_alpha,-2.4699999999999998,0.0037,0.006755652607140651,-0.003055652607140651
50000,single_alpha,-2.46,0.0038,0.006946850788624312,-0.0031468507886243118
50000,single_alpha,-2.45,0.0039,0.007142810735271415,-0.0032428107352714154
50000,single_alpha,-2.44,0.0041,0.007343630955348342,-0.003243630955348342
50000,single_alpha,-2.4299999999999997,0.0042,0.007549411416309213,-0.003349411416309213
50000,single_alpha,-2.42,0.0044,0.0077602535505536425,-0.0033602535505536423
50000,single_alpha,-2.41,0.0045,0.007976260260733725,-0.0034762602607337255
50000,single_alpha,-2.4,0.0047,0.008197535924596131,-0.003497535924596131
50000,single_alpha,-2.39,0.0047,0.008424186399345685,-0.003724186399345685
50000,single_alpha,-2.38,0.0047,0.008656319025516543,-0.003956319025516543
50000,single_alpha,-2.37,0.0049,0.008894042630336772,-0.003994042630336772
50000,single_alpha,-2.36,0.005,0.009137467530572669,-0.004137467530572669
50000,single_alpha,-2.35,0.0052,0.009386705534838566,-0.004186705534838566
50000,single_alpha,-2.34,0.0053,0.00964186994535833,-0.004341869945358331
50000,single_alpha,-2.33,0.0053,0.009903075559164245,-0.004603075559164245
50000,single_alpha,-2.32,0.0054,0.01017043866871968,-0.00477043866871968
50000,single_alpha,-2.31,0.0054,0.010444077061951083,-0.005044077061951082
50000,single_alpha,-2.3,0.0057,0.010724110021675809,-0.005024110021675809
50000,single_alpha,-2.29,0.0059,0.011010658324411388,-0.005110658324411388
50000,single_alpha,-2.2800000000000002,0.006,0.01130384423855278,-0.00530384423855278
50000,single_alpha,-2.27,0.006,0.011603791521903535,-0.005603791521903535
50000,single_alpha,-2.26,0.0062,0.011910625418547066,-0.005710625418547066
50000,single_alpha,-2.25,0.0063,0.012224472655044696,-0.005924472655044696
50000,single_alpha,-2.24,0.0065,0.012545461435946563,-0.006045461435946563
50000,single_alpha,-2.23,0.0068,0.012873721438602014,-0.006073721438602014
50000,single_alpha,-2.2199999999999998,0.0068,0.013209383807256284,-0.006409383807256285
50000,single_alpha,-2.21,0.007,0.013552581146419983,-0.006552581146419983
50000,single_alpha,-2.2,0.007,0.013903447513498595,-0.006903447513498595
50000,single_alpha,-2.19,0.0073,0.014262118410668878,-0.006962118410668878
50000,single_alpha,-2.1799999999999997,0.0073,0.014628730775989262,-0.007328730775989262
50000,single_alpha,-2.17,0.0075,0.015003422973732207,-0.007503422973732207
50000,single_alpha,-2.16,0.0077,0.015386334783925445,-0.007686334783925445
50000,single_alpha,-2.15,0.0079,0.0157776073910905,-0.007877607391090499
50000,single_alpha,-2.14,0.0082,0.01617738337216608,-0.007977383372166079
50000,single_alpha,-2.13,0.0082,0.01658580668360501,-0.00838580668360501
50000,single_alpha,-2.12,0.0083,0.017003022647632787,-0.008703022647632787
50000,single_alpha,-2.11,0.0084,0.017429177937657088,-0.009029177937657088
50000,single_alpha,-2.1,0.0085,0.017864420562816542,-0.009364420562816542
50000,single_alpha,-2.09,0.0089,0.01830889985165897,-0.009408899851658969
50000,single_alpha,-2.08,0.0093,0.01876276643493775,-0.00946276643493775
50000,single_alpha,-2.07,0.0094,0.019226172227517282,-0.009826172227517282
50000,single_alpha,-2.06,0.0095,0.019699270409376895,-0.010199270409376895
50000,single_alpha,-2.05,0.0096,0.020182215405704394,-0.010582215405704394
50000,single_alpha,-2.04,0.0098,0.020675162866070042,-0.010875162866070043
50000,single_alpha,-2.0300000000000002,0.0098,0.02117826964267226,-0.011378269642672259
50000,single_alpha,-2.02,0.0098,0.02169169376764678,-0.011891693767646781
50000,single_alpha,-2.01,0.01,0.022215594429431475,-0.012215594429431475
50000,single_alpha,-2.0,0.0103,0.022750131948179195,-0.012450131948179195
50000,single_alpha,-1.99,0.0105,0.02329546775021182,-0.01279546775021182
50000,single_alpha,-1.98,0.0107,0.023851764341508513,-0.013151764341508514
50000,single_alpha,-1.97,0.011,0.024419185280222543,-0.013419185280222543
50000,single_alpha,-1.96,0.0113,0.024997895148220435,-0.013697895148220436
50000,single_alpha,-1.95,0.0117,0.02558805952163861,-0.01388805952163861
50000,single_alpha,-1.94,0.0118,0.026189844940452685,-0.014389844940452685
50000,single_alpha,-1.93,0.0121,0.02680341887705495,-0.014703418877054949
50000,single_alpha,-1.92,0.0122,0.027428949703836802,-0.015228949703836802
50000,single_alpha,-1.91,0.0126,0.0280666066597725,-0.015466606659772501
50000,single_alpha,-1.9,0.013,0.028716559816001803,-0.015716559816001806
50000,single_alpha,-1.89,0.0131,0.02937898004040943,-0.01627898004040943
50000,single_alpha,-1.88,0.0136,0.03005403896119979,-0.01645403896119979
50000,single_alpha,-1.8699999999999999,0.0139,0.030741908929465968,-0.01684190892946597
50000,single_alpha,-1.8599999999999999,0.0146,0.031442762980752714,-0.016842762980752712
50000,single_alpha,-1.8499999999999999,0.0147,0.03215677479561371,-0.017456774795613715
50000,single_alpha,-1.84,0.0149,0.03288411865916389,-0.017984118659163887
50000,single_alpha,-1.83,0.0151,0.0336249694196283,-0.0185249694196283
50000,single_alpha,-1.82,0.0155,0.03437950244588998,-0.018879502445889977
50000,single_alpha,-1.81,0.0156,0.03514789358403879,-0.01954789358403879
50000,single_alpha,-1.8,0.0159,0.03593031911292579,-0.020030319112925788
50000,single_alpha,-1.79,0.0167,0.03672695569872628,-0.020026955698726277
50000,single_alpha,-1.78,0.017,0.03753798034851679,-0.02053798034851679
50000,single_alpha,-1.77,0.0174,0.03836357036287122,-0.02096357036287122
50000,single_alpha,-1.76,0.0175,0.03920390328748265,-0.021703903287482645
50000,single_alpha,-1.75,0.0179,0.040059156863817086,-0.022159156863817087
50000,single_alpha,-1.74,0.0185,0.040929508978807365,-0.022429508978807366
50000,single_alpha,-1.73,0.0192,0.04181513761359493,-0.02261513761359493
50000,single_alpha,-1.72,0.0196,0.04271622079132892,-0.02311622079132892
50000,single_alpha,-1.71,0.0199,0.0436329365240319,-0.023732936524031897
50000,single_alpha,-1.7,0.0203,0.04456546275854304,-0.024265462758543042
50000,single_alpha,-1.69,0.0207,0.045513977321549805,-0.024813977321549805
50000,single_alpha,-1.68,0.0211,0.046478657863720046,-0.025378657863720046
50000,single_alpha,-1.67,0.0219,0.04745968180294733,-0.02555968180294733
50000,single_alpha,-1.66,0.0223,0.04845722626672282,-0.026157226266722823
50000,single_alpha,-1.65,0.0225,0.0494714680336481,-0.026971468033648104
50000,single_alpha,-1.64,0.0235,0.05050258347410371,-0.02700258347410371
50000,single_alpha,-1.63,0.0239,0.051550748490089365,-0.027650748490089364
50000,single_alpha,-1.6199999999999999,0.0243,0.05261613845425206,-0.02831613845425206
50000,single_alpha,-1.6099999999999999,0.0253,0.053698928148119704,-0.028398928148119704
50000,single_alpha,-1.5999999999999999,0.0261,0.054799291699558,-0.028699291699558
50000,single_alpha,-1.59,0.0267,0.055917402519469424,-0.029217402519469422
50000,single_alpha,-1.58,0.0271,0.057053433237754185,-0.029953433237754186
50000,single_alpha,-1.57,0.028,0.058207555638553,-0.030207555638553003
50000,single_alpha,-1.56,0.0288,0.05937994059479304,-0.03057994059479304
50000,single_alpha,-1.55,0.0295,0.06057075800205901,-0.03107075800205901
50000,single_alpha,-1.54,0.0301,0.061780176711811886,-0.03168017671181189
50000,single_alpha,-1.53,0.0306,0.06300836446397844,-0.032408364463978434
50000,single_alpha,-1.52,0.0312,0.06425548781893581,-0.03305548781893581
50000,single_alpha,-1.51,0.0315,0.0655217120889165,-0.034021712088916495
50000,single_alpha,-1.5,0.0322,0.06680720126885807,-0.03460720126885807
50000,single_alpha,-1.49,0.0331,0.06811211796672544,-0.03501211796672544
50000,single_alpha,-1.48,0.0339,0.06943662333333173,-0.03553662333333173
50000,single_alpha,-1.47,0.0342,0.07078087699168552,-0.03658087699168552
50000,single_alpha,-1.46,0.0349,0.07214503696589378,-0.03724503696589378
50000,single_alpha,-1.45,0.0358,0.07352925960964836,-0.03772925960964836
50000,single_alpha,-1.44,0.037,0.07493369953432708,-0.03793369953432708
50000,single_alpha,-1.43,0.0378,0.07635850953673913,-0.03855850953673913
50000,single_alpha,-1.42,0.038,0.07780384052654638,-0.039803840526546376
50000,single_alpha,-1.41,0.0384,0.07926984145339239,-0.04086984145339239
50000,single_alpha,-1.4,0.039,0.08075665923377107,-0.04175665923377107
50000,single_alpha,-1.39,0.04,0.08226443867766892,-0.042264438677668915
50000,single_alpha,-1.38,0.0406,0.08379332241501436,-0.04319332241501436
50000,single_alpha,-1.3699999999999999,0.0416,0.08534345082196704,-0.04374345082196704
50000,single_alpha,-1.3599999999999999,0.0418,0.08691496194708509,-0.04511496194708509
50000,single_alpha,-1.3499999999999999,0.0428,0.08850799143740207,-0.04570799143740207
50000,single_alpha,-1.3399999999999999,0.0439,0.09012267246445249,-0.04622267246445249
50000,single_alpha,-1.33,0.0444,0.09175913565028077,-0.04735913565028076
50000,single_alpha,-1.32,0.0456,0.09341750899347179,-0.047817508993471786
50000,single_alpha,-1.31,0.0466,0.09509791779523902,-0.048497917795239015
50000,single_alpha,-1.3,0.047,0.09680048458561036,-0.04980048458561036
50000,single_alpha,-1.29,0.0478,0.09852532904974787,-0.050725329049747865
50000,single_alpha,-1.28,0.0491,0.10027256795444206,-0.05117256795444206
50000,single_alpha,-1.27,0.0497,0.10204231507481915,-0.052342315074819144
50000,single_alpha,-1.26,0.0501,0.1038346811213004,-0.0537346811213004
50000,single_alpha,-1.25,0.051,0.10564977366685535,-0.054649773666855354
50000,single_alpha,-1.24,0.0524,0.10748769707458694,-0.05508769707458694
50000,single_alpha,-1.23,0.0534,0.10934855242569191,-0.05594855242569191
50000,single_alpha,-1.22,0.0546,0.11123243744783456,-0.05663243744783456
50000,single_alpha,-1.21,0.0554,0.11313944644397739,-0.05773944644397739
50000,single_alpha,-1.2,0.0565,0.11506967022170822,-0.05856967022170822
50000,single_alpha,-1.19,0.0577,0.11702319602310873,-0.05932319602310873
50000,single_alpha,-1.18,0.0588,0.11900010745520073,-0.060200107455200734
50000,single_alpha,-1.17,0.0594,0.12100048442101824,-0.06160048442101824
50000,single_alpha,-1.16,0.0604,0.12302440305134343,-0.06262440305134342
50000,single_alpha,-1.15,0.0616,0.12507193563715036,-0.06347193563715035
50000,single_alpha,-1.14,0.0627,0.1271431505627983,-0.06444315056279828
50000,single_alpha,-1.13,0.064,0.12923811224001786,-0.06523811224001785
50000,single_alpha,-1.1199999999999999,0.0645,0.13135688104273074,-0.06685688104273074
50000,single_alpha,-1.1099999999999999,0.067,0.13349951324274728,-0.06649951324274728
50000,single_alpha,-1.0999999999999999,0.0684,0.13566606094638267,-0.06726606094638267
50000,single_alpha,-1.0899999999999999,0.0694,0.1378565720320355,-0.06845657203203549
50000,single_alpha,-1.08,0.0711,0.140071090088769,-0.068971090088769
50000,single_alpha,-1.07,0.0725,0.14230965435593923,-0.06980965435593924
50000,single_alpha,-1.06,0.0735,0.1445722996639096,-0.07107229966390961
50000,single_alpha,-1.05,0.0746,0.1468590563758959,-0.07225905637589591
50000,single_alpha,-1.04,0.076,0.1491699503309814,-0.0731699503309814
50000,single_alpha,-1.03,0.0775,0.15150500278834367,-0.07400500278834367
50000,single_alpha,-1.02,0.0797,0.15386423037273478,-0.07416423037273479
50000,single_alpha,-1.01,0.0814,0.15624764502125466,-0.07484764502125466
50000,single_alpha,-1.0,0.0826,0.15865525393145707,-0.07605525393145707
50000,single_alpha,-0.9899999999999998,0.0845,0.1610870595108309,-0.0765870595108309
50000,single_alpha,-0.98,0.0852,0.16354305932769236,-0.07834305932769237
50000,single_alpha,-0.9699999999999998,0.0867,0.1660232460635297,-0.0793232460635297
50000,single_alpha,-0.96,0.0882,0.16852760746683781,-0.08032760746683781
50000,single_alpha,-0.9500000000000002,0.0898,0.17105612630848183,-0.08125612630848182
50000,single_alpha,-0.94,0.0919,0.1736087803386246,-0.0817087803386246
50000,single_alpha,-0.9300000000000002,0.0936,0.17618554224525784,-0.08258554224525784
50000,single_alpha,-0.9199999999999999,0.0959,0.17878637961437172,-0.08288637961437172
50000,single_alpha,-0.9100000000000001,0.0973,0.1814112548917972,-0.08411125489179722
50000,single_alpha,-0.8999999999999999,0.1,0.18406012534675953,-0.08406012534675952
50000,single_alpha,-0.8900000000000001,0.1022,0.18673294303717258,-0.08453294303717258
50000,single_alpha,-0.8799999999999999,0.1032,0.18942965477671214,-0.08622965477671214
50000,single_alpha,-0.8700000000000001,0.105,0.19215020210369615,-0.08715020210369616
50000,single_alpha,-0.8599999999999999,0.1064,0.1948945212518084,-0.0884945212518084
50000,single_alpha,-0.8500000000000001,0.1077,0.19766254312269238,-0.08996254312269238
50000,single_alpha,-0.8399999999999999,0.1098,0.20045419326044972,-0.09065419326044973
50000,single_alpha,-0.8300000000000001,0.1112,0.2032693918280684,-0.09206939182806842
50000,single_alpha,-0.8199999999999998,0.1127,0.20610805358581308,-0.09340805358581308
50000,single_alpha,-0.81,0.1148,0.2089700878716016,-0.0941700878716016
50000,single_alpha,-0.7999999999999998,0.1164,0.21185539858339675,-0.09545539858339674
50000,single_alpha,-0.79,0.1187,0.21476388416363712,-0.09606388416363712
50000,single_alpha,-0.7799999999999998,0.1205,0.21769543758573318,-0.09719543758573318
50000,single_alpha,-0.77,0.1226,0.22064994634264962,-0.09804994634264962
50000,single_alpha,-0.7599999999999998,0.1246,0.2236272924375995,-0.09902729243759949
50000,single_alpha,-0.75,0.1262,0.2266273523768682,-0.1004273523768682
50000,single_alpha,-0.7399999999999998,0.1272,0.22964999716479062,-0.10244999716479061
50000,single_alpha,-0.73,0.1294,0.2326950923008974,-0.10329509230089742
50000,single_alpha,-0.7199999999999998,0.1316,0.23576249777925123,-0.10416249777925124
50000,single_alpha,-0.71,0.134,0.2388520680899867,-0.1048520680899867
50000,single_alpha,-0.6999999999999997,0.1358,0.2419636522230731,-0.10616365222307309
50000,single_alpha,-0.69,0.1378,0.24509709367430943,-0.10729709367430942
50000,single_alpha,-0.6800000000000002,0.1398,0.24825223045357053,-0.10845223045357053
50000,single_alpha,-0.6699999999999999,0.1417,0.2514288950953102,-0.1097288950953102
50000,single_alpha,-0.6600000000000001,0.1436,0.2546269146713361,-0.11102691467133607
50000,single_alpha,-0.6499999999999999,0.145,0.2578461108058647,-0.11284611080586474
50000,single_alpha,-0.6400000000000001,0.1468,0.26108629969286157,-0.11428629969286155
50000,single_alpha,-0.6299999999999999,0.1491,0.2643472921156776,-0.11524729211567758
50000,single_alpha,-0.6200000000000001,0.1513,0.267628893468983,-0.11632889346898301
50000,single_alpha,-0.6099999999999999,0.1533,0.27093090378300577,-0.11763090378300578
50000,single_alpha,-0.6000000000000001,0.1551,0.27425311775007355,-0.11915311775007356
50000,single_alpha,-0.5899999999999999,0.1565,0.27759532475346493,-0.12109532475346493
50000,single_alpha,-0.5800000000000001,0.1589,0.2809573088985643,-0.12205730889856428
50000,single_alpha,-0.5699999999999998,0.1607,0.2843388490463242,-0.12363884904632422
50000,single_alpha,-0.56,0.1624,0.28773971884902705,-0.12533971884902706
50000,single_alpha,-0.5499999999999998,0.1645,0.2911596867883464,-0.1266596867883464
50000,single_alpha,-0.54,0.1666,0.294598516215698,-0.127998516215698
50000,single_alpha,-0.5299999999999998,0.1693,0.29805596539487644,-0.12875596539487644
50000,single_alpha,-0.52,0.1708,0.3015317875469662,-0.13073178754696618
50000,single_alpha,-0.5099999999999998,0.173,0.3050257308975195,-0.1320257308975195
50000,single_alpha,-0.5,0.1748,0.3085375387259869,-0.13373753872598687
50000,single_alpha,-0.48999999999999977,0.1773,0.3120669494173906,-0.1347669494173906
50000,single_alpha,-0.48,0.1806,0.31561369651622256,-0.13501369651622255
50000,single_alpha,-0.46999999999999975,0.1837,0.3191775087825559,-0.1354775087825559
50000,single_alpha,-0.45999999999999996,0.1874,0.32275811025034773,-0.13535811025034772
50000,single_alpha,-0.44999999999999973,0.1892,0.32635522028792013,-0.13715522028792013
50000,single_alpha,-0.43999999999999995,0.1912,0.32996855366059363,-0.13876855366059362
50000,single_alpha,-0.43000000000000016,0.1944,0.3335978205954576,-0.13919782059545763
50000,single_alpha,-0.41999999999999993,0.1966,0.3372427268482495,-0.14064272684824952
50000,single_alpha,-0.41000000000000014,0.1984,0.34090297377232254,-0.14250297377232254
50000,single_alpha,-0.3999999999999999,0.2005,0.3445782583896759,-0.14407825838967586
50000,single_alpha,-0.3900000000000001,0.2037,0.34826827346401756,-0.14456827346401757
50000,single_alpha,-0.3799999999999999,0.2057,0.35197270757583726,-0.14627270757583727
50000,single_alpha,-0.3700000000000001,0.2079,0.3556912451994532,-0.14779124519945322
50000,single_alpha,-0.3599999999999999,0.2116,0.3594235667820088,-0.1478235667820088
50000,single_alpha,-0.3500000000000001,0.2148,0.3631693488243809,-0.1483693488243809
50000,single_alpha,-0.33999999999999986,0.2176,0.366928263963972,-0.149328263963972
50000,single_alpha,-0.33000000000000007,0.2201,0.37069998105934643,-0.15059998105934644
50000,single_alpha,-0.31999999999999984,0.2232,0.37448416527668005,-0.15128416527668004
50000,single_alpha,-0.31000000000000005,0.2267,0.3782804781779807,-0.1515804781779807
50000,single_alpha,-0.2999999999999998,0.2306,0.38208857781104744,-0.15148857781104744
50000,single_alpha,-0.29000000000000004,0.2345,0.38590811880112263,-0.15140811880112265
50000,single_alpha,-0.2799999999999998,0.2379,0.38973875244420286,-0.15183875244420286
50000,single_alpha,-0.27,0.2417,0.3935801268019605,-0.15188012680196047
50000,single_alpha,-0.2599999999999998,0.245,0.3974318867982396,-0.1524318867982396
50000,single_alpha,-0.25,0.2483,0.4012936743170763,-0.1529936743170763
50000,single_alpha,-0.23999999999999977,0.2514,0.40516512830220425,-0.15376512830220423
50000,single_alpha,-0.22999999999999998,0.2541,0.40904588485799415,-0.15494588485799415
50000,single_alpha,-0.21999999999999975,0.2561,0.4129355773517855,-0.1568355773517855
50000,single_alpha,-0.20999999999999996,0.2581,0.41683383651755773,-0.15873383651755774
50000,single_alpha,-0.19999999999999973,0.2617,0.42074029056089707,-0.15904029056089708
50000,single_alpha,-0.18999999999999995,0.2648,0.42465456526520456,-0.15985456526520458
50000,single_alpha,-0.18000000000000016,0.2684,0.4285762840990992,-0.16017628409909918
50000,single_alpha,-0.16999999999999993,0.2714,0.4325050683249616,-0.16110506832496163
50000,single_alpha,-0.16000000000000014,0.2745,0.4364405371085671,-0.1619405371085671
50000,single_alpha,-0.1499999999999999,0.2774,0.4403823076297575,-0.16298230762975752
50000,single_alpha,-0.14000000000000012,0.2803,0.44432999519409355,-0.16402999519409356
50000,single_alpha,-0.1299999999999999,0.2839,0.4482832133454389,-0.16438321334543893
50000,single_alpha,-0.1200000000000001,0.2863,0.4522415739794161,-0.1659415739794161
50000,single_alpha,-0.10999999999999988,0.29,0.4562046874576833,-0.1662046874576833
50000,single_alpha,-0.10000000000000009,0.2939,0.46017216272297096,-0.16627216272297096
50000,single_alpha,-0.08999999999999986,0.2974,0.46414360741482796,-0.16674360741482797
50000,single_alpha,-0.08000000000000007,0.3008,0.4681186279860126,-0.1673186279860126
50000,single_alpha,-0.06999999999999984,0.3047,0.472096829819479,-0.16739682981947895
50000,single_alpha,-0.06000000000000005,0.3085,0.4760778173458931,-0.1675778173458931
50000,single_alpha,-0.04999999999999982,0.3119,0.4800611941616276,-0.16816119416162761
50000,single_alpha,-0.040000000000000036,0.3152,0.4840465631471692,-0.16884656314716923
50000,single_alpha,-0.029999999999999805,0.3191,0.48803352658588744,-0.16893352658588745
50000,single_alpha,-0.020000000000000018,0.3223,0.492021686283098,-0.16972168628309803
50000,single_alpha,-0.009999999999999787,0.325,0.49601064368536846,-0.17101064368536845
50000,single_alpha,0.0,0.328,0.5,-0.172
50000,single_alpha,0.010000000000000231,0.3307,0.5039893563146317,-0.17328935631463172
50000,single_alpha,0.020000000000000018,0.3346,0.5079783137169019,-0.17337831371690193
50000,single_alpha,0.03000000000000025,0.3381,0.5119664734141127,-0.1738664734141127
50000,single_alpha,0.040000000000000036,0.3418,0.5159534368528308,-0.1741534368528308
50000,single_alpha,0.050000000000000266,0.3452,0.5199388058383726,-0.1747388058383726
50000,single_alpha,0.06000000000000005,0.3492,0.5239221826541068,-0.17472218265410683
50000,single_alpha,0.07000000000000028,0.3518,0.5279031701805212,-0.17610317018052124
50000,single_alpha,0.08000000000000007,0.3555,0.5318813720139874,-0.17638137201398746
50000,single_alpha,0.08999999999999986,0.3589,0.535856392585172,-0.17695639258517204
50000,single_alpha,0.10000000000000009,0.3628,0.539827837277029,-0.17702783727702898
50000,single_alpha,0.10999999999999988,0.367,0.5437953125423167,-0.17679531254231673
50000,single_alpha,0.1200000000000001,0.37,0.5477584260205839,-0.1777584260205839
50000,single_alpha,0.1299999999999999,0.3727,0.5517167866545611,-0.17901678665456117
50000,single_alpha,0.14000000000000012,0.376,0.5556700048059064,-0.17967000480590645
50000,single_alpha,0.1499999999999999,0.3791,0.5596176923702425,-0.1805176923702425
50000,single_alpha,0.16000000000000014,0.3841,0.5635594628914329,-0.17945946289143289
50000,single_alpha,0.16999999999999993,0.3875,0.5674949316750384,-0.17999493167503838
50000,single_alpha,0.18000000000000016,0.3911,0.5714237159009008,-0.1803237159009008
50000,single_alpha,0.18999999999999995,0.394,0.5753454347347954,-0.18134543473479536
50000,single_alpha,0.20000000000000018,0.3977,0.5792597094391031,-0.1815597094391031
50000,single_alpha,0.20999999999999996,0.4013,0.5831661634824423,-0.18186616348244233
50000,single_alpha,0.2200000000000002,0.4052,0.5870644226482147,-0.18186442264821467
50000,single_alpha,0.22999999999999998,0.4079,0.5909541151420059,-0.18305411514200592
50000,single_alpha,0.2400000000000002,0.4113,0.5948348716977959,-0.18353487169779592
50000,single_alpha,0.25,0.4148,0.5987063256829237,-0.1839063256829237
50000,single_alpha,0.26000000000000023,0.418,0.6025681132017606,-0.18456811320176064
50000,single_alpha,0.27,0.421,0.6064198731980396,-0.1854198731980396
50000,single_alpha,0.28000000000000025,0.4246,0.6102612475557974,-0.18566124755579738
50000,single_alpha,0.29000000000000004,0.4278,0.6140918811988774,-0.18629188119887735
50000,single_alpha,0.30000000000000027,0.4314,0.6179114221889528,-0.18651142218895278
50000,single_alpha,0.31000000000000005,0.4353,0.6217195218220193,-0.18641952182201926
50000,single_alpha,0.3200000000000003,0.4393,0.6255158347233202,-0.18621583472332015
50000,single_alpha,0.33000000000000007,0.4433,0.6293000189406536,-0.18600001894065354
50000,single_alpha,0.33999999999999986,0.4469,0.6330717360360281,-0.18617173603602805
50000,single_alpha,0.3500000000000001,0.4506,0.6368306511756191,-0.1862306511756191
50000,single_alpha,0.3599999999999999,0.4557,0.6405764332179912,-0.1848764332179912
50000,single_alpha,0.3700000000000001,0.4598,0.6443087548005468,-0.18450875480054685
50000,single_alpha,0.3799999999999999,0.4639,0.6480272924241628,-0.18412729242416281
50000,single_alpha,0.3900000000000001,0.4671,0.6517317265359824,-0.18463172653598242
50000,single_alpha,0.3999999999999999,0.4708,0.6554217416103241,-0.18462174161032407
50000,single_alpha,0.41000000000000014,0.475,0.6590970262276774,-0.18409702622767743
50000,single_alpha,0.41999999999999993,0.4781,0.6627572731517505,-0.18465727315175046
50000,single_alpha,0.43000000000000016,0.4804,0.6664021794045424,-0.1860021794045424
50000,single_alpha,0.43999999999999995,0.483,0.6700314463394064,-0.18703144633940638
50000,single_alpha,0.4500000000000002,0.4871,0.67364477971208,-0.18654477971208006
50000,single_alpha,0.45999999999999996,0.4909,0.6772418897496523,-0.18634188974965227
50000,single_alpha,0.4700000000000002,0.4942,0.6808224912174442,-0.18662249121744423
50000,single_alpha,0.48,0.4978,0.6843863034837774,-0.18658630348377736
50000,single_alpha,0.4900000000000002,0.5029,0.6879330505826096,-0.18503305058260955
50000,single_alpha,0.5,0.5064,0.6914624612740131,-0.18506246127401316
50000,single_alpha,0.5100000000000002,0.5099,0.6949742691024807,-0.1850742691024807
50000,single_alpha,0.52,0.5154,0.6984682124530338,-0.18306821245303384
50000,single_alpha,0.5300000000000002,0.5194,0.7019440346051237,-0.1825440346051237
50000,single_alpha,0.54,0.5232,0.705401483784302,-0.182201483784302
50000,single_alpha,0.5500000000000003,0.5265,0.7088403132116537,-0.18234031321165378
50000,single_alpha,0.56,0.5301,0.712260281150973,-0.18216028115097294
50000,single_alpha,0.5700000000000003,0.5348,0.7156611509536759,-0.18086115095367583
50000,single_alpha,0.5800000000000001,0.5378,0.7190426911014357,-0.18124269110143576
50000,single_alpha,0.5899999999999999,0.5419,0.7224046752465351,-0.18050467524653502
50000,single_alpha,0.6000000000000001,0.5455,0.7257468822499265,-0.18024688224992647
50000,single_alpha,0.6099999999999999,0.5494,0.7290690962169942,-0.17966909621699423
50000,single_alpha,0.6200000000000001,0.5533,0.732371106531017,-0.179071106531017
50000,single_alpha,0.6299999999999999,0.5573,0.7356527078843225,-0.17835270788432245
50000,single_alpha,0.6400000000000001,0.5608,0.7389137003071384,-0.17811370030713847
50000,single_alpha,0.6499999999999999,0.5643,0.7421538891941353,-0.17785388919413525
50000,single_alpha,0.6600000000000001,0.5678,0.745373085328664,-0.177573085328664
50000,single_alpha,0.6699999999999999,0.5714,0.7485711049046898,-0.1771711049046898
50000,single_alpha,0.6800000000000002,0.5748,0.7517477695464294,-0.17694776954642943
50000,single_alpha,0.69,0.5778,0.7549029063256906,-0.1771029063256906
50000,single_alpha,0.7000000000000002,0.5818,0.758036347776927,-0.17623634777692698
50000,single_alpha,0.71,0.5858,0.7611479319100133,-0.1753479319100133
50000,single_alpha,0.7200000000000002,0.5899,0.7642375022207488,-0.17433750222074884
50000,single_alpha,0.73,0.5937,0.7673049076991025,-0.17360490769910253
50000,single_alpha,0.7400000000000002,0.5969,0.7703500028352095,-0.1734500028352095
50000,single_alpha,0.75,0.6017,0.7733726476231317,-0.17167264762313172
50000,single_alpha,0.7600000000000002,0.6059,0.7763727075624006,-0.17047270756240063
50000,single_alpha,0.77,0.6103,0.7793500536573503,-0.16905005365735037
50000,single_alpha,0.7800000000000002,0.6139,0.782304562414267,-0.16840456241426704
50000,single_alpha,0.79,0.6177,0.7852361158363629,-0.16753611583636285
50000,single_alpha,0.8000000000000003,0.6204,0.7881446014166034,-0.1677446014166034
50000,single_alpha,0.81,0.6236,0.7910299121283983,-0.1674299121283983
50000,single_alpha,0.8200000000000003,0.6266,0.793891946414187,-0.167291946414187
50000,single_alpha,0.8300000000000001,0.6302,0.7967306081719316,-0.16653060817193166
50000,single_alpha,0.8399999999999999,0.6341,0.7995458067395502,-0.16544580673955023
50000,single_alpha,0.8500000000000001,0.6385,0.8023374568773076,-0.16383745687730766
50000,single_alpha,0.8599999999999999,0.6427,0.8051054787481916,-0.16240547874819156
50000,single_alpha,0.8700000000000001,0.6464,0.8078497978963038,-0.16144979789630387
50000,single_alpha,0.8799999999999999,0.65,0.8105703452232879,-0.16057034522328784
50000,single_alpha,0.8900000000000001,0.6534,0.8132670569628274,-0.15986705696282744
50000,single_alpha,0.8999999999999999,0.6561,0.8159398746532405,-0.15983987465324045
50000,single_alpha,0.9100000000000001,0.6598,0.8185887451082028,-0.15878874510820273
50000,single_alpha,0.9199999999999999,0.6625,0.8212136203856283,-0.1587136203856283
50000,single_alpha,0.9300000000000002,0.6664,0.8238144577547422,-0.15741445775474217
50000,single_alpha,0.94,0.6692,0.8263912196613754,-0.1571912196613754
50000,single_alpha,0.9500000000000002,0.673,0.8289438736915182,-0.1559438736915182
50000,single_alpha,0.96,0.6763,0.8314723925331622,-0.15517239253316217
50000,single_alpha,0.9700000000000002,0.679,0.8339767539364704,-0.15497675393647037
50000,single_alpha,0.98,0.682,0.8364569406723077,-0.15445694067230764
50000,single_alpha,0.9900000000000002,0.6858,0.8389129404891691,-0.15311294048916912
50000,single_alpha,1.0,0.6886,0.8413447460685429,-0.15274474606854294
50000,single_alpha,1.0099999999999998,0.692,0.8437523549787453,-0.1517523549787454
50000,single_alpha,1.0200000000000005,0.6954,0.8461357696272652,-0.1507357696272652
50000,single_alpha,1.0300000000000002,0.6979,0.8484949972116563,-0.15059499721165637
50000,single_alpha,1.04,0.7012,0.8508300496690187,-0.1496300496690186
50000,single_alpha,1.0499999999999998,0.7051,0.853140943624104,-0.14804094362410403
50000,single_alpha,1.0600000000000005,0.7082,0.8554277003360906,-0.14722770033609056
50000,single_alpha,1.0700000000000003,0.7118,0.8576903456440608,-0.14589034564406078
50000,single_alpha,1.08,0.715,0.859928909911231,-0.14492890991123109
50000,single_alpha,1.0899999999999999,0.7185,0.8621434279679645,-0.14364342796796448
50000,single_alpha,1.0999999999999996,0.7215,0.8643339390536173,-0.1428339390536173
50000,single_alpha,1.1100000000000003,0.7241,0.8665004867572528,-0.1424004867572528
50000,single_alpha,1.12,0.7276,0.8686431189572693,-0.1410431189572693
50000,single_alpha,1.13,0.7308,0.8707618877599821,-0.13996188775998208
50000,single_alpha,1.1399999999999997,0.7339,0.8728568494372017,-0.13895684943720166
50000,single_alpha,1.1500000000000004,0.737,0.8749280643628499,-0.13792806436284988
50000,single_alpha,1.1600000000000001,0.74,0.8769755969486566,-0.13697559694865657
50000,single_alpha,1.17,0.7425,0.8789995155789818,-0.13649951557898177
50000,single_alpha,1.1799999999999997,0.7446,0.8809998925447993,-0.13639989254479923
50000,single_alpha,1.1900000000000004,0.7478,0.8829768039768913,-0.13517680397689125
50000,single_alpha,1.2000000000000002,0.7506,0.8849303297782918,-0.13433032977829173
50000,single_alpha,1.21,0.7532,0.8868605535560226,-0.13366055355602258
50000,single_alpha,1.2199999999999998,0.7555,0.8887675625521653,-0.13326756255216532
50000,single_alpha,1.2300000000000004,0.7583,0.8906514475743081,-0.13235144757430817
50000,single_alpha,1.2400000000000002,0.7606,0.8925123029254132,-0.13191230292541312
50000,single_alpha,1.25,0.7633,0.8943502263331446,-0.13105022633314467
50000,single_alpha,1.2599999999999998,0.7673,0.8961653188786995,-0.12886531887869956
50000,single_alpha,1.2700000000000005,0.7714,0.8979576849251809,-0.12655768492518094
50000,single_alpha,1.2800000000000002,0.7745,0.8997274320455579,-0.12522743204555797
50000,single_alpha,1.29,0.7777,0.9014746709502521,-0.12377467095025219
50000,single_alpha,1.2999999999999998,0.7814,0.9031995154143896,-0.1217995154143896
50000,single_alpha,1.3100000000000005,0.7841,0.9049020822047611,-0.12080208220476107
50000,single_alpha,1.3200000000000003,0.7867,0.9065824910065282,-0.11988249100652826
50000,single_alpha,1.33,0.7897,0.9082408643497193,-0.11854086434971933
50000,single_alpha,1.3399999999999999,0.7932,0.9098773275355475,-0.11667732753554749
50000,single_alpha,1.3500000000000005,0.7957,0.9114920085625979,-0.11579200856259797
50000,single_alpha,1.3600000000000003,0.7998,0.913085038052915,-0.11328503805291501
50000,single_alpha,1.37,0.8031,0.914656549178033,-0.11155654917803293
50000,single_alpha,1.38,0.8049,0.9162066775849856,-0.11130667758498569
50000,single_alpha,1.3899999999999997,0.8072,0.917735561322331,-0.110535561322331
50000,single_alpha,1.4000000000000004,0.8102,0.919243340766229,-0.10904334076622901
50000,single_alpha,1.4100000000000001,0.8134,0.9207301585466077,-0.10733015854660766
50000,single_alpha,1.42,0.8163,0.9221961594734536,-0.10589615947345354
50000,single_alpha,1.4299999999999997,0.8185,0.9236414904632608,-0.10514149046326082
50000,single_alpha,1.4400000000000004,0.8205,0.9250663004656731,-0.10456630046567306
50000,single_alpha,1.4500000000000002,0.8237,0.9264707403903517,-0.10277074039035172
50000,single_alpha,1.46,0.8255,0.9278549630341062,-0.10235496303410618
50000,single_alpha,1.4699999999999998,0.8277,0.9292191230083144,-0.10151912300831445
50000,single_alpha,1.4800000000000004,0.8298,0.9305633766666683,-0.10076337666666835
50000,single_alpha,1.4900000000000002,0.8318,0.9318878820332746,-0.10008788203327457
50000,single_alpha,1.5,0.8336,0.9331927987311419,-0.09959279873114191
50000,single_alpha,1.5099999999999998,0.8363,0.9344782879110834,-0.0981782879110834
50000,single_alpha,1.5200000000000005,0.8382,0.9357445121810642,-0.0975445121810643
50000,single_alpha,1.5300000000000002,0.8406,0.9369916355360216,-0.09639163553602159
50000,single_alpha,1.54,0.8427,0.9382198232881881,-0.09551982328818809
50000,single_alpha,1.5499999999999998,0.845,0.939429241997941,-0.094429241997941
50000,single_alpha,1.5600000000000005,0.8471,0.9406200594052071,-0.09352005940520713
50000,single_alpha,1.5700000000000003,0.8488,0.941792444361447,-0.09299244436144705
50000,single_alpha,1.58,0.8505,0.9429465667622459,-0.09244656676224583
50000,single_alpha,1.5899999999999999,0.8528,0.9440825974805306,-0.09128259748053058
50000,single_alpha,1.6000000000000005,0.8555,0.9452007083004421,-0.08970070830044208
50000,single_alpha,1.6100000000000003,0.8572,0.9463010718518803,-0.08910107185188032
50000,single_alpha,1.62,0.8593,0.9473838615457479,-0.08808386154574799
50000,single_alpha,1.63,0.8612,0.9484492515099107,-0.0872492515099107
50000,single_alpha,1.6399999999999997,0.863,0.9494974165258963,-0.08649741652589626
50000,single_alpha,1.6500000000000004,0.8652,0.9505285319663519,-0.08532853196635193
50000,single_alpha,1.6600000000000001,0.8667,0.9515427737332772,-0.0848427737332772
50000,single_alpha,1.67,0.8691,0.9525403181970526,-0.08344031819705267
50000,single_alpha,1.6799999999999997,0.8719,0.9535213421362799,-0.08162134213627992
50000,single_alpha,1.6900000000000004,0.8741,0.9544860226784502,-0.08038602267845019
50000,single_alpha,1.7000000000000002,0.8769,0.955434537241457,-0.07853453724145698
50000,single_alpha,1.71,0.879,0.9563670634759681,-0.07736706347596811
50000,single_alpha,1.7199999999999998,0.8804,0.957283779208671,-0.07688377920867107
50000,single_alpha,1.7300000000000004,0.8818,0.9581848623864051,-0.07638486238640507
50000,single_alpha,1.7400000000000002,0.8833,0.9590704910211927,-0.07577049102119271
50000,single_alpha,1.75,0.8849,0.9599408431361829,-0.07504084313618287
50000,single_alpha,1.7599999999999998,0.8873,0.9607960967125173,-0.07349609671251733
50000,single_alpha,1.7700000000000005,0.8896,0.9616364296371288,-0.07203642963712886
50000,single_alpha,1.7800000000000002,0.8906,0.9624620196514833,-0.07186201965148331
50000,single_alpha,1.79,0.8925,0.9632730443012737,-0.07077304430127374
50000,single_alpha,1.7999999999999998,0.8948,0.9640696808870742,-0.06926968088707419
50000,single_alpha,1.8100000000000005,0.8972,0.9648521064159612,-0.0676521064159612
50000,single_alpha,1.8200000000000003,0.8986,0.9656204975541101,-0.0670204975541101
50000,single_alpha,1.83,0.901,0.9663750305803717,-0.06537503058037164
50000,single_alpha,1.8399999999999999,0.9026,0.9671158813408361,-0.06451588134083619
50000,single_alpha,1.8500000000000005,0.9044,0.9678432252043864,-0.06344322520438639
50000,single_alpha,1.8600000000000003,0.9058,0.9685572370192473,-0.06275723701924729
50000,single_alpha,1.87,0.9076,0.9692580910705341,-0.061658091070534105
50000,single_alpha,1.88,0.9088,0.9699459610388002,-0.0611459610388001
50000,single_alpha,1.8899999999999997,0.9101,0.9706210199595906,-0.06052101995959058
50000,single_alpha,1.9000000000000004,0.9119,0.9712834401839983,-0.059383440183998215
50000,single_alpha,1.9100000000000001,0.9135,0.9719333933402275,-0.05843339334022757
50000,single_alpha,1.92,0.9145,0.9725710502961632,-0.05807105029616322
50000,single_alpha,1.9299999999999997,0.9158,0.973196581122945,-0.0573965811229451
50000,single_alpha,1.9400000000000004,0.9172,0.9738101550595474,-0.05661015505954736
50000,single_alpha,1.9500000000000002,0.919,0.9744119404783614,-0.0554119404783614
50000,single_alpha,1.96,0.9209,0.9750021048517795,-0.054102104851779464
50000,single_alpha,1.9699999999999998,0.9221,0.9755808147197774,-0.05348081471977739
50000,single_alpha,1.9800000000000004,0.9229,0.9761482356584915,-0.05324823565849146
50000,single_alpha,1.9900000000000002,0.9245,0.9767045322497881,-0.05220453224978816
50000,single_alpha,2.0,0.9258,0.9772498680518208,-0.051449868051820835
50000,single_alpha,2.01,0.9267,0.9777844055705686,-0.05108440557056859
50000,single_alpha,2.0200000000000005,0.9279,0.9783083062323532,-0.05040830623235326
50000,single_alpha,2.0300000000000002,0.9295,0.9788217303573278,-0.04932173035732779
50000,single_alpha,2.04,0.9309,0.9793248371339299,-0.04842483713392998
50000,single_alpha,2.05,0.9318,0.9798177845942956,-0.04801778459429562
50000,single_alpha,2.0600000000000005,0.933,0.9803007295906231,-0.047300729590623036
50000,single_alpha,2.0700000000000003,0.9334,0.9807738277724828,-0.04737382777248278
50000,single_alpha,2.08,0.9346,0.9812372335650622,-0.04663723356506222
50000,single_alpha,2.09,0.9353,0.981691100148341,-0.046391100148341025
50000,single_alpha,2.1000000000000005,0.9361,0.9821355794371834,-0.046035579437183394
50000,single_alpha,2.1100000000000003,0.9376,0.9825708220623429,-0.04497082206234293
50000,single_alpha,2.12,0.9387,0.9829969773523672,-0.04429697735236726
50000,single_alpha,2.13,0.9399,0.983414193316395,-0.043514193316395056
50000,single_alpha,2.1399999999999997,0.941,0.9838226166278339,-0.04282261662783393
50000,single_alpha,2.1500000000000004,0.9416,0.9842223926089095,-0.04262239260890954
50000,single_alpha,2.16,0.943,0.9846136652160745,-0.04161366521607457
50000,single_alpha,2.17,0.9438,0.9849965770262678,-0.04119657702626778
50000,single_alpha,2.1799999999999997,0.9447,0.9853712692240107,-0.040671269224010764
50000,single_alpha,2.1900000000000004,0.9457,0.9857378815893312,-0.04003788158933119
50000,single_alpha,2.2,0.9469,0.9860965524865014,-0.039196552486501446
50000,single_alpha,2.21,0.9477,0.98644741885358,-0.03874741885358002
50000,single_alpha,2.2199999999999998,0.9487,0.9867906161927437,-0.038090616192743676
50000,single_alpha,2.2300000000000004,0.9498,0.987126278561398,-0.03732627856139803
50000,single_alpha,2.24,0.9508,0.9874545385640534,-0.03665453856405343
50000,single_alpha,2.25,0.9521,0.9877755273449553,-0.03567552734495538
50000,single_alpha,2.26,0.9524,0.988089374581453,-0.03568937458145294
50000,single_alpha,2.2700000000000005,0.9532,0.9883962084780965,-0.03519620847809646
50000,single_alpha,2.2800000000000002,0.9542,0.9886961557614472,-0.034496155761447156
50000,single_alpha,2.29,0.9549,0.9889893416755886,-0.034089341675588636
50000,single_alpha,2.3,0.9556,0.9892758899783242,-0.03367588997832416
50000,single_alpha,2.3100000000000005,0.9565,0.989555922938049,-0.03305592293804893
50000,single_alpha,2.3200000000000003,0.9572,0.9898295613312803,-0.032629561331280255
50000,single_alpha,2.33,0.9582,0.9900969244408357,-0.031896924440835694
50000,single_alpha,2.34,0.9589,0.9903581300546417,-0.03145813005464171
50000,single_alpha,2.3500000000000005,0.9595,0.9906132944651614,-0.031113294465161423
50000,single_alpha,2.3600000000000003,0.9602,0.9908625324694273,-0.030662532469427295
50000,single_alpha,2.37,0.9608,0.9911059573696632,-0.03030595736966324
50000,single_alpha,2.38,0.9617,0.9913436809744834,-0.029643680974483444
50000,single_alpha,2.3899999999999997,0.962,0.9915758136006543,-0.02957581360065431
50000,single_alpha,2.4000000000000004,0.9632,0.9918024640754038,-0.0286024640754039
50000,single_alpha,2.41,0.9643,0.9920237397392663,-0.02772373973926623
50000,single_alpha,2.42,0.965,0.9922397464494463,-0.027239746449446378
50000,single_alpha,2.4299999999999997,0.9659,0.9924505885836908,-0.02655058858369086
50000,single_alpha,2.4400000000000004,0.9665,0.9926563690446517,-0.026156369044651684
50000,single_alpha,2.45,0.9672,0.9928571892647285,-0.025657189264728597
50000,single_alpha,2.46,0.9674,0.9930531492113757,-0.025653149211375625
50000,single_alpha,2.4699999999999998,0.968,0.9932443473928594,-0.025244347392859412
50000,single_alpha,2.4800000000000004,0.9691,0.9934308808644533,-0.02433088086445334
50000,single_alpha,2.49,0.9698,0.9936128452350568,-0.02381284523505678
50000,single_alpha,2.5,0.9708,0.9937903346742238,-0.022990334674223845
50000,single_alpha,2.51,0.9717,0.9939634419195873,-0.02226344191958729
50000,single_alpha,2.5200000000000005,0.972,0.9941322582846674,-0.022132258284667472
50000,single_alpha,2.5300000000000002,0.9725,0.9942968736670493,-0.0217968736670493
50000,single_alpha,2.54,0.9732,0.9944573765569173,-0.021257376556917396
50000,single_alpha,2.55,0.974,0.9946138540459333,-0.0206138540459333
50000,single_alpha,2.5600000000000005,0.9748,0.9947663918364442,-0.01996639183644422
50000,single_alpha,2.5700000000000003,0.9752,0.994915074251009,-0.019715074251009046
50000,single_alpha,2.58,0.9755,0.9950599842422293,-0.019559984242229267
50000,single_alpha,2.59,0.9761,0.9952012034028738,-0.0191012034028738
50000,single_alpha,2.6000000000000005,0.9765,0.9953388119762813,-0.018838811976281233
50000,single_alpha,2.6100000000000003,0.9775,0.9954728888670327,-0.017972888867032633
50000,single_alpha,2.62,0.9779,0.9956035116518787,-0.017703511651878667
50000,single_alpha,2.63,0.9785,0.9957307565909107,-0.017230756590910667
50000,single_alpha,2.6399999999999997,0.9791,0.9958546986389639,-0.01675469863896395
50000,single_alpha,2.6500000000000004,0.9795,0.9959754114572417,-0.01647541145724163
50000,single_alpha,2.66,0.98,0.9960929674251472,-0.01609296742514721
50000,single_alpha,2.67,0.9806,0.9962074376523146,-0.015607437652314538
50000,single_alpha,2.6799999999999997,0.9808,0.996318891990825,-0.015518891990825012
50000,single_alpha,2.6900000000000004,0.9811,0.9964273990476002,-0.015327399047600276
50000,single_alpha,2.7,0.9813,0.9965330261969594,-0.015233026196959432
50000,single_alpha,2.71,0.9819,0.9966358395933308,-0.014735839593330802
50000,single_alpha,2.7199999999999998,0.982,0.9967359041841087,-0.01473590418410875
50000,single_alpha,2.7300000000000004,0.9826,0.9968332837226422,-0.01423328372264221
50000,single_alpha,2.74,0.9831,0.9969280407813496,-0.013828040781349582
50000,single_alpha,2.75,0.9836,0.9970202367649454,-0.013420236764945415
50000,single_alpha,2.76,0.9838,0.9971099319237738,-0.013309931923773832
50000,single_alpha,2.7700000000000005,0.9842,0.997197185367235,-0.012997185367235042
50000,single_alpha,2.7800000000000002,0.9847,0.9972820550772987,-0.012582055077298704
50000,single_alpha,2.79,0.9851,0.9973645979220951,-0.01226459792209511
50000,single_alpha,2.8,0.9855,0.997444869669572,-0.011944869669571978
50000,single_alpha,2.8100000000000005,0.9859,0.9975229250012141,-0.01162292500121409
50000,single_alpha,2.8200000000000003,0.9862,0.9975988175258107,-0.011398817525810734
50000,single_alpha,2.83,0.9864,0.9976725997932685,-0.011272599793268445
50000,single_alpha,2.84,0.9869,0.9977443233084576,-0.010844323308457637
50000,single_alpha,2.8500000000000005,0.9871,0.9978140385450868,-0.01071403854508679
50000,single_alpha,2.8600000000000003,0.9874,0.9978817949595954,-0.010481794959595336
50000,single_alpha,2.87,0.9876,0.9979476410050603,-0.010347641005060249
50000,single_alpha,2.88,0.9882,0.9980116241451057,-0.009811624145105724
50000,single_alpha,2.8899999999999997,0.9883,0.9980737908678121,-0.00977379086781216
50000,single_alpha,2.9000000000000004,0.9886,0.998134186699616,-0.00953418669961592
50000,single_alpha,2.91,0.9891,0.9981928562191936,-0.009092856219193646
50000,single_alpha,2.92,0.9892,0.9982498430713239,-0.009049843071323949
50000,single_alpha,2.9299999999999997,0.9897,0.9983051899807227,-0.008605189980722683
50000,single_alpha,2.9400000000000004,0.9901,0.998358938765843,-0.008258938765843049
50000,single_alpha,2.95,0.9903,0.9984111303526352,-0.00811113035263522
50000,single_alpha,2.96,0.9904,0.998461804788262,-0.008061804788262017
50000,single_alpha,2.9699999999999998,0.9911,0.9985110012547626,-0.0074110012547625725
50000,single_alpha,2.9800000000000004,0.9913,0.99855875808266,-0.007258758082660077
50000,single_alpha,2.99,0.9915,0.9986051127645078,-0.007105112764507759
50000,single_alpha,3.0,0.9918,0.9986501019683699,-0.006850101968369882
50000,single_2alpha,-3.0,0.0002,0.0013498980316300933,-0.0011498980316300932
50000,single_2alpha,-2.99,0.0002,0.0013948872354922468,-0.0011948872354922467
50000,single_2alpha,-2.98,0.0002,0.0014412419173400134,-0.0012412419173400133
50000,single_2alpha,-2.97,0.0002,0.0014889987452374632,-0.001288998745237463
50000,single_2alpha,-2.96,0.0002,0.0015381952117380577,-0.0013381952117380576
50000,single_2alpha,-2.95,0.0002,0.0015888696473648667,-0.0013888696473648666
50000,single_2alpha,-2.94,0.0002,0.0016410612341569964,-0.0014410612341569963
50000,single_2alpha,-2.93,0.0002,0.0016948100192772598,-0.0014948100192772598
50000,single_2alpha,-2.92,0.0002,0.0017501569286760992,-0.0015501569286760991
50000,single_2alpha,-2.91,0.0002,0.0018071437808064273,-0.0016071437808064272
50000,single_2alpha,-2.9,0.0002,0.0018658133003840375,-0.0016658133003840375
50000,single_2alpha,-2.89,0.0002,0.0019262091321878587,-0.0017262091321878586
50000,single_2alpha,-2.88,0.0002,0.0019883758548943256,-0.0017883758548943255
50000,single_2alpha,-2.87,0.0002,0.0020523589949397536,-0.0018523589949397535
50000,single_2alpha,-2.86,0.0002,0.0021182050404046217,-0.0019182050404046216
50000,single_2alpha,-2.85,0.0002,0.0021859614549132405,-0.0019859614549132404
50000,single_2alpha,-2.84,0.0002,0.0022556766915423202,-0.00205567669154232
50000,single_2alpha,-2.83,0.0002,0.0023274002067315515,-0.0021274002067315514
50000,single_2alpha,-2.82,0.0002,0.0024011824741892525,-0.0022011824741892524
50000,single_2alpha,-2.81,0.0003,0.002477074998785861,-0.002177074998785861
50000,single_2alpha,-2.8,0.0003,0.002555130330427932,-0.002255130330427932
50000,single_2alpha,-2.79,0.0003,0.0026354020779049527,-0.0023354020779049528
50000,single_2alpha,-2.78,0.0003,0.0027179449227012578,-0.002417944922701258
50000,single_2alpha,-2.77,0.0003,0.002802814632765025,-0.002502814632765025
50000,single_2alpha,-2.76,0.0003,0.0028900680762261478,-0.002590068076226148
50000,single_2alpha,-2.75,0.0003,0.002979763235054555,-0.002679763235054555
50000,single_2alpha,-2.74,0.0003,0.003071959218650488,-0.002771959218650488
50000,single_2alpha,-2.73,0.0003,0.0031667162773577934,-0.0028667162773577935
50000,single_2alpha,-2.7199999999999998,0.0003,0.0032640958158913144,-0.0029640958158913145
50000,single_2alpha,-2.71,0.0003,0.0033641604066691933,-0.0030641604066691933
50000,single_2alpha,-2.7,0.0003,0.0034669738030406647,-0.003166973803040665
50000,single_2alpha,-2.69,0.0003,0.0035726009523997368,-0.003272600952399737
50000,single_2alpha,-2.68,0.0003,0.00368110800917498,-0.00338110800917498
50000,single_2alpha,-2.67,0.0003,0.0037925623476854887,-0.0034925623476854887
50000,single_2alpha,-2.66,0.0003,0.003907032574852774,-0.0036070325748527744
50000,single_2alpha,-2.65,0.0004,0.004024588542758306,-0.003624588542758306
50000,single_2alpha,-2.64,0.0004,0.004145301361036037,-0.0037453013610360365
50000,single_2alpha,-2.63,0.0004,0.004269243409089351,-0.0038692434090893506
50000,single_2alpha,-2.62,0.0004,0.004396488348121309,-0.003996488348121309
50000,single_2alpha,-2.61,0.0004,0.004527111132967324,-0.004127111132967324
50000,single_2alpha,-2.6,0.0004,0.004661188023718747,-0.0042611880237187465
50000,single_2alpha,-2.59,0.0004,0.004798796597126178,-0.0043987965971261775
50000,single_2alpha,-2.58,0.0004,0.004940015757770645,-0.0045400157577706445
50000,single_2alpha,-2.57,0.0004,0.0050849257489910355,-0.004684925748991035
50000,single_2alpha,-2.56,0.0004,0.005233608163555782,-0.004833608163555781
50000,single_2alpha,-2.55,0.0005,0.005386145954066687,-0.0048861459540666865
50000,single_2alpha,-2.54,0.0005,0.005542623443082601,-0.005042623443082601
50000,single_2alpha,-2.53,0.0005,0.005703126332950699,-0.005203126332950699
50000,single_2alpha,-2.52,0.0005,0.005867741715332562,-0.005367741715332563
50000,single_2alpha,-2.51,0.0006,0.006036558080412666,-0.005436558080412666
50000,single_2alpha,-2.5,0.0006,0.006209665325776132,-0.005609665325776132
50000,single_2alpha,-2.49,0.0006,0.006387154764943171,-0.005787154764943171
50000,single_2alpha,-2.48,0.0006,0.006569119135546763,-0.005969119135546763
50000,single_2alpha,-2.4699999999999998,0.0006,0.006755652607140651,-0.006155652607140651
50000,single_2alpha,-2.46,0.0007,0.006946850788624312,-0.006246850788624312
50000,single_2alpha,-2.45,0.0008,0.007142810735271415,-0.006342810735271415
50000,single_2alpha,-2.44,0.0008,0.007343630955348342,-0.006543630955348342
50000,single_2alpha,-2.4299999999999997,0.0008,0.007549411416309213,-0.006749411416309212
50000,single_2alpha,-2.42,0.0008,0.0077602535505536425,-0.006960253550553642
50000,single_2alpha,-2.41,0.0008,0.007976260260733725,-0.007176260260733725
50000,single_2alpha,-2.4,0.001,0.008197535924596131,-0.007197535924596131
50000,single_2alpha,-2.39,0.0011,0.008424186399345685,-0.007324186399345685
50000,single_2alpha,-2.38,0.0012,0.008656319025516543,-0.007456319025516543
50000,single_2alpha,-2.37,0.0012,0.008894042630336772,-0.007694042630336772
50000,single_2alpha,-2.36,0.0012,0.009137467530572669,-0.00793746753057267
50000,single_2alpha,-2.35,0.0013,0.009386705534838566,-0.008086705534838565
50000,single_2alpha,-2.34,0.0013,0.00964186994535833,-0.008341869945358332
50000,single_2alpha,-2.33,0.0013,0.009903075559164245,-0.008603075559164244
50000,single_2alpha,-2.32,0.0013,0.01017043866871968,-0.008870438668719682
50000,single_2alpha,-2.31,0.0013,0.010444077061951083,-0.009144077061951084
50000,single_2alpha,-2.3,0.0013,0.010724110021675809,-0.00942411002167581
50000,single_2alpha,-2.29,0.0013,0.011010658324411388,-0.009710658324411387
50000,single_2alpha,-2.2800000000000002,0.0014,0.01130384423855278,-0.00990384423855278
50000,single_2alpha,-2.27,0.0015,0.011603791521903535,-0.010103791521903535
50000,single_2alpha,-2.26,0.0016,0.011910625418547066,-0.010310625418547065
50000,single_2alpha,-2.25,0.0016,0.012224472655044696,-0.010624472655044695
50000,single_2alpha,-2.24,0.0016,0.012545461435946563,-0.010945461435946562
50000,single_2alpha,-2.23,0.0016,0.012873721438602014,-0.011273721438602013
50000,single_2alpha,-2.2199999999999998,0.0016,0.013209383807256284,-0.011609383807256284
50000,single_2alpha,-2.21,0.0017,0.013552581146419983,-0.011852581146419983
50000,single_2alpha,-2.2,0.0018,0.013903447513498595,-0.012103447513498596
50000,single_2alpha,-2.19,0.0018,0.014262118410668878,-0.012462118410668879
50000,single_2alpha,-2.1799999999999997,0.0018,0.014628730775989262,-0.012828730775989262
50000,single_2alpha,-2.17,0.0018,0.015003422973732207,-0.013203422973732207
50000,single_2alpha,-2.16,0.002,0.015386334783925445,-0.013386334783925445
50000,single_2alpha,-2.15,0.002,0.0157776073910905,-0.0137776073910905
50000,single_2alpha,-2.14,0.0022,0.01617738337216608,-0.013977383372166079
50000,single_2alpha,-2.13,0.0023,0.01658580668360501,-0.014285806683605011
50000,single_2alpha,-2.12,0.0026,0.017003022647632787,-0.014403022647632787
50000,single_2alpha,-2.11,0.0027,0.017429177937657088,-0.014729177937657087
50000,single_2alpha,-2.1,0.0027,0.017864420562816542,-0.015164420562816541
50000,single_2alpha,-2.09,0.0028,0.01830889985165897,-0.015508899851658969
50000,single_2alpha,-2.08,0.0028,0.01876276643493775,-0.01596276643493775
50000,single_2alpha,-2.07,0.0028,0.019226172227517282,-0.016426172227517282
50000,single_2alpha,-2.06,0.0028,0.019699270409376895,-0.016899270409376894
50000,single_2alpha,-2.05,0.0029,0.020182215405704394,-0.017282215405704394
50000,single_2alpha,-2.04,0.0034,0.020675162866070042,-0.017275162866070042
50000,single_2alpha,-2.0300000000000002,0.0035,0.02117826964267226,-0.01767826964267226
50000,single_2alpha,-2.02,0.0035,0.02169169376764678,-0.01819169376764678
50000,single_2alpha,-2.01,0.0035,0.022215594429431475,-0.018715594429431475
50000,single_2alpha,-2.0,0.0035,0.022750131948179195,-0.019250131948179195
50000,single_2alpha,-1.99,0.0035,0.02329546775021182,-0.01979546775021182
50000,single_2alpha,-1.98,0.0038,0.023851764341508513,-0.020051764341508512
50000,single_2alpha,-1.97,0.0039,0.024419185280222543,-0.020519185280222542
50000,single_2alpha,-1.96,0.0041,0.024997895148220435,-0.020897895148220436
50000,single_2alpha,-1.95,0.0041,0.02558805952163861,-0.02148805952163861
50000,single_2alpha,-1.94,0.0044,0.026189844940452685,-0.021789844940452684
50000,single_2alpha,-1.93,0.0045,0.02680341887705495,-0.022303418877054948
50000,single_2alpha,-1.92,0.0047,0.027428949703836802,-0.022728949703836803
50000,single_2alpha,-1.91,0.005,0.0280666066597725,-0.0230666066597725
50000,single_2alpha,-1.9,0.005,0.028716559816001803,-0.023716559816001802
50000,single_2alpha,-1.89,0.005,0.02937898004040943,-0.02437898004040943
50000,single_2alpha,-1.88,0.0053,0.03005403896119979,-0.024754038961199792
50000,single_2alpha,-1.8699999999999999,0.0053,0.030741908929465968,-0.02544190892946597
50000,single_2alpha,-1.8599999999999999,0.0055,0.031442762980752714,-0.025942762980752716
50000,single_2alpha,-1.8499999999999999,0.0055,0.03215677479561371,-0.026656774795613715
50000,single_2alpha,-1.84,0.0055,0.03288411865916389,-0.02738411865916389
50000,single_2alpha,-1.83,0.0056,0.0336249694196283,-0.0280249694196283
50000,single_2alpha,-1.82,0.0058,0.03437950244588998,-0.028579502445889977
50000,single_2alpha,-1.81,0.0059,0.03514789358403879,-0.02924789358403879
50000,single_2alpha,-1.8,0.0061,0.03593031911292579,-0.029830319112925788
50000,single_2alpha,-1.79,0.0062,0.03672695569872628,-0.030526955698726276
50000,single_2alpha,-1.78,0.0063,0.03753798034851679,-0.03123798034851679
50000,single_2alpha,-1.77,0.0067,0.03836357036287122,-0.03166357036287122
50000,single_2alpha,-1.76,0.0068,0.03920390328748265,-0.03240390328748265
50000,single_2alpha,-1.75,0.007,0.040059156863817086,-0.03305915686381709
50000,single_2alpha,-1.74,0.0072,0.040929508978807365,-0.03372950897880737
50000,single_2alpha,-1.73,0.0072,0.04181513761359493,-0.03461513761359493
50000,single_2alpha,-1.72,0.0073,0.04271622079132892,-0.03541622079132892
50000,single_2alpha,-1.71,0.0073,0.0436329365240319,-0.0363329365240319
50000,single_2alpha,-1.7,0.0077,0.04456546275854304,-0.03686546275854304
50000,single_2alpha,-1.69,0.0077,0.045513977321549805,-0.037813977321549806
50000,single_2alpha,-1.68,0.008,0.046478657863720046,-0.038478657863720046
50000,single_2alpha,-1.67,0.0082,0.04745968180294733,-0.03925968180294733
50000,single_2alpha,-1.66,0.0082,0.04845722626672282,-0.040257226266722825
50000,single_2alpha,-1.65,0.0084,0.0494714680336481,-0.041071468033648105
50000,single_2alpha,-1.64,0.0087,0.05050258347410371,-0.04180258347410371
50000,single_2alpha,-1.63,0.0089,0.051550748490089365,-0.04265074849008937
50000,single_2alpha,-1.6199999999999999,0.009,0.05261613845425206,-0.04361613845425206
50000,single_2alpha,-1.6099999999999999,0.0092,0.053698928148119704,-0.044498928148119704
50000,single_2alpha,-1.5999999999999999,0.0092,0.054799291699558,-0.045599291699558
50000,single_2alpha,-1.59,0.0093,0.055917402519469424,-0.04661740251946943
50000,single_2alpha,-1.58,0.0096,0.057053433237754185,-0.04745343323775419
50000,single_2alpha,-1.57,0.0096,0.058207555638553,-0.048607555638553006
50000,single_2alpha,-1.56,0.0097,0.05937994059479304,-0.04967994059479304
50000,single_2alpha,-1.55,0.0098,0.06057075800205901,-0.050770758002059005
50000,single_2alpha,-1.54,0.0102,0.061780176711811886,-0.051580176711811886
50000,single_2alpha,-1.53,0.0105,0.06300836446397844,-0.052508364463978434
50000,single_2alpha,-1.52,0.0105,0.06425548781893581,-0.053755487818935806
50000,single_2alpha,-1.51,0.0107,0.0655217120889165,-0.054821712088916494
50000,single_2alpha,-1.5,0.0109,0.06680720126885807,-0.05590720126885807
50000,single_2alpha,-1.49,0.011,0.06811211796672544,-0.05711211796672544
50000,single_2alpha,-1.48,0.0114,0.06943662333333173,-0.058036623333331726
50000,single_2alpha,-1.47,0.0122,0.07078087699168552,-0.058580876991685515
50000,single_2alpha,-1.46,0.0124,0.07214503696589378,-0.059745036965893776
50000,single_2alpha,-1.45,0.0125,0.07352925960964836,-0.06102925960964836
50000,single_2alpha,-1.44,0.0126,0.07493369953432708,-0.062333699534327075
50000,single_2alpha,-1.43,0.013,0.07635850953673913,-0.06335850953673913
50000,single_2alpha,-1.42,0.0136,0.07780384052654638,-0.06420384052654637
50000,single_2alpha,-1.41,0.0138,0.07926984145339239,-0.06546984145339238
50000,single_2alpha,-1.4,0.0142,0.08075665923377107,-0.06655665923377106
50000,single_2alpha,-1.39,0.0143,0.08226443867766892,-0.06796443867766891
50000,single_2alpha,-1.38,0.0144,0.08379332241501436,-0.06939332241501436
50000,single_2alpha,-1.3699999999999999,0.0153,0.08534345082196704,-0.07004345082196704
50000,single_2alpha,-1.3599999999999999,0.0156,0.08691496194708509,-0.07131496194708509
50000,single_2alpha,-1.3499999999999999,0.016,0.08850799143740207,-0.07250799143740207
50000,single_2alpha,-1.3399999999999999,0.0162,0.09012267246445249,-0.0739226724644525
50000,single_2alpha,-1.33,0.0169,0.09175913565028077,-0.07485913565028077
50000,single_2alpha,-1.32,0.017,0.09341750899347179,-0.07641750899347179
50000,single_2alpha,-1.31,0.0173,0.09509791779523902,-0.07779791779523902
50000,single_2alpha,-1.3,0.0178,0.09680048458561036,-0.07900048458561036
50000,single_2alpha,-1.29,0.0181,0.09852532904974787,-0.08042532904974786
50000,single_2alpha,-1.28,0.0183,0.10027256795444206,-0.08197256795444206
50000,single_2alpha,-1.27,0.0189,0.10204231507481915,-0.08314231507481915
50000,single_2alpha,-1.26,0.0194,0.1038346811213004,-0.0844346811213004
50000,single_2alpha,-1.25,0.0197,0.10564977366685535,-0.08594977366685536
50000,single_2alpha,-1.24,0.02,0.10748769707458694,-0.08748769707458694
50000,single_2alpha,-1.23,0.0201,0.10934855242569191,-0.08924855242569191
50000,single_2alpha,-1.22,0.0206,0.11123243744783456,-0.09063243744783456
50000,single_2alpha,-1.21,0.0207,0.11313944644397739,-0.09243944644397739
50000,single_2alpha,-1.2,0.0216,0.11506967022170822,-0.09346967022170821
50000,single_2alpha,-1.19,0.0219,0.11702319602310873,-0.09512319602310873
50000,single_2alpha,-1.18,0.0226,0.11900010745520073,-0.09640010745520074
50000,single_2alpha,-1.17,0.023,0.12100048442101824,-0.09800048442101825
50000,single_2alpha,-1.16,0.0235,0.12302440305134343,-0.09952440305134344
50000,single_2alpha,-1.15,0.0242,0.12507193563715036,-0.10087193563715036
50000,single_2alpha,-1.14,0.0249,0.1271431505627983,-0.10224315056279829
50000,single_2alpha,-1.13,0.0255,0.12923811224001786,-0.10373811224001786
50000,single_2alpha,-1.1199999999999999,0.0262,0.13135688104273074,-0.10515688104273074
50000,single_2alpha,-1.1099999999999999,0.027,0.13349951324274728,-0.10649951324274728
50000,single_2alpha,-1.0999999999999999,0.0277,0.13566606094638267,-0.10796606094638267
50000,single_2alpha,-1.0899999999999999,0.0282,0.1378565720320355,-0.1096565720320355
50000,single_2alpha,-1.08,0.0289,0.140071090088769,-0.111171090088769
50000,single_2alpha,-1.07,0.0294,0.14230965435593923,-0.11290965435593923
50000,single_2alpha,-1.06,0.0301,0.1445722996639096,-0.11447229966390961
50000,single_2alpha,-1.05,0.0309,0.1468590563758959,-0.11595905637589592
50000,single_2alpha,-1.04,0.0314,0.1491699503309814,-0.11776995033098141
50000,single_2alpha,-1.03,0.0321,0.15150500278834367,-0.11940500278834368
50000,single_2alpha,-1.02,0.0329,0.15386423037273478,-0.12096423037273478
50000,single_2alpha,-1.01,0.0336,0.15624764502125466,-0.12264764502125466
50000,single_2alpha,-1.0,0.0344,0.15865525393145707,-0.12425525393145707
50000,single_2alpha,-0.9899999999999998,0.0352,0.1610870595108309,-0.1258870595108309
50000,single_2alpha,-0.98,0.0357,0.16354305932769236,-0.12784305932769235
50000,single_2alpha,-0.9699999999999998,0.0364,0.1660232460635297,-0.1296232460635297
50000,single_2alpha,-0.96,0.037,0.16852760746683781,-0.1315276074668378
50000,single_2alpha,-0.9500000000000002,0.0373,0.17105612630848183,-0.13375612630848183
50000,single_2alpha,-0.94,0.038,0.1736087803386246,-0.13560878033862458
50000,single_2alpha,-0.9300000000000002,0.0389,0.17618554224525784,-0.13728554224525785
50000,single_2alpha,-0.9199999999999999,0.0396,0.17878637961437172,-0.13918637961437172
50000,single_2alpha,-0.9100000000000001,0.0404,0.1814112548917972,-0.14101125489179722
50000,single_2alpha,-0.8999999999999999,0.0412,0.18406012534675953,-0.14286012534675951
50000,single_2alpha,-0.8900000000000001,0.042,0.18673294303717258,-0.14473294303717257
50000,single_2alpha,-0.8799999999999999,0.0427,0.18942965477671214,-0.14672965477671213
50000,single_2alpha,-0.8700000000000001,0.0433,0.19215020210369615,-0.14885020210369615
50000,single_2alpha,-0.8599999999999999,0.0441,0.1948945212518084,-0.1507945212518084
50000,single_2alpha,-0.8500000000000001,0.0445,0.19766254312269238,-0.1531625431226924
50000,single_2alpha,-0.8399999999999999,0.045,0.20045419326044972,-0.15545419326044974
50000,single_2alpha,-0.8300000000000001,0.0462,0.2032693918280684,-0.15706939182806842
50000,single_2alpha,-0.8199999999999998,0.0472,0.20610805358581308,-0.15890805358581309
50000,single_2alpha,-0.81,0.0481,0.2089700878716016,-0.1608700878716016
50000,single_2alpha,-0.7999999999999998,0.0495,0.21185539858339675,-0.16235539858339676
50000,single_2alpha,-0.79,0.0504,0.21476388416363712,-0.16436388416363712
50000,single_2alpha,-0.7799999999999998,0.0513,0.21769543758573318,-0.16639543758573316
50000,single_2alpha,-0.77,0.0521,0.22064994634264962,-0.1685499463426496
50000,single_2alpha,-0.7599999999999998,0.0529,0.2236272924375995,-0.1707272924375995
50000,single_2alpha,-0.75,0.054,0.2266273523768682,-0.17262735237686821
50000,single_2alpha,-0.7399999999999998,0.0552,0.22964999716479062,-0.17444999716479062
50000,single_2alpha,-0.73,0.0565,0.2326950923008974,-0.17619509230089742
50000,single_2alpha,-0.7199999999999998,0.0574,0.23576249777925123,-0.17836249777925123
50000,single_2alpha,-0.71,0.0582,0.2388520680899867,-0.1806520680899867
50000,single_2alpha,-0.6999999999999997,0.0597,0.2419636522230731,-0.18226365222307309
50000,single_2alpha,-0.69,0.061,0.24509709367430943,-0.18409709367430943
50000,single_2alpha,-0.6800000000000002,0.0618,0.24825223045357053,-0.18645223045357054
50000,single_2alpha,-0.6699999999999999,0.0632,0.2514288950953102,-0.18822889509531018
50000,single_2alpha,-0.6600000000000001,0.0641,0.2546269146713361,-0.1905269146713361
50000,single_2alpha,-0.6499999999999999,0.0656,0.2578461108058647,-0.19224611080586473
50000,single_2alpha,-0.6400000000000001,0.0669,0.26108629969286157,-0.19418629969286155
50000,single_2alpha,-0.6299999999999999,0.0687,0.2643472921156776,-0.1956472921156776
50000,single_2alpha,-0.6200000000000001,0.07,0.267628893468983,-0.197628893468983
50000,single_2alpha,-0.6099999999999999,0.0709,0.27093090378300577,-0.20003090378300575
50000,single_2alpha,-0.6000000000000001,0.072,0.27425311775007355,-0.20225311775007354
50000,single_2alpha,-0.5899999999999999,0.0735,0.27759532475346493,-0.20409532475346492
50000,single_2alpha,-0.5800000000000001,0.0749,0.2809573088985643,-0.2060573088985643
50000,single_2alpha,-0.5699999999999998,0.0762,0.2843388490463242,-0.20813884904632424
50000,single_2alpha,-0.56,0.0774,0.28773971884902705,-0.21033971884902705
50000,single_2alpha,-0.5499999999999998,0.0786,0.2911596867883464,-0.2125596867883464
50000,single_2alpha,-0.54,0.0801,0.294598516215698,-0.214498516215698
50000,single_2alpha,-0.5299999999999998,0.0821,0.29805596539487644,-0.21595596539487644
50000,single_2alpha,-0.52,0.0834,0.3015317875469662,-0.2181317875469662
50000,single_2alpha,-0.5099999999999998,0.0843,0.3050257308975195,-0.2207257308975195
50000,single_2alpha,-0.5,0.0852,0.3085375387259869,-0.22333753872598688
50000,single_2alpha,-0.48999999999999977,0.0868,0.3120669494173906,-0.22526694941739062
50000,single_2alpha,-0.48,0.0883,0.31561369651622256,-0.22731369651622257
50000,single_2alpha,-0.46999999999999975,0.0912,0.3191775087825559,-0.2279775087825559
50000,single_2alpha,-0.45999999999999996,0.0928,0.32275811025034773,-0.22995811025034774
50000,single_2alpha,-0.44999999999999973,0.094,0.32635522028792013,-0.23235522028792013
50000,single_2alpha,-0.43999999999999995,0.0958,0.32996855366059363,-0.23416855366059364
50000,single_2alpha,-0.43000000000000016,0.098,0.3335978205954576,-0.2355978205954576
50000,single_2alpha,-0.41999999999999993,0.0996,0.3372427268482495,-0.23764272684824952
50000,single_2alpha,-0.41000000000000014,0.1029,0.34090297377232254,-0.23800297377232255
50000,single_2alpha,-0.3999999999999999,0.1047,0.3445782583896759,-0.23987825838967586
50000,single_2alpha,-0.3900000000000001,0.1068,0.34826827346401756,-0.24146827346401756
50000,single_2alpha,-0.3799999999999999,0.109,0.35197270757583726,-0.24297270757583728
50000,single_2alpha,-0.3700000000000001,0.1105,0.3556912451994532,-0.24519124519945323
50000,single_2alpha,-0.3599999999999999,0.112,0.3594235667820088,-0.24742356678200883
50000,single_2alpha,-0.3500000000000001,0.1139,0.3631693488243809,-0.2492693488243809
50000,single_2alpha,-0.33999999999999986,0.1151,0.366928263963972,-0.251828263963972
50000,single_2alpha,-0.33000000000000007,0.1163,0.37069998105934643,-0.2543999810593464
50000,single_2alpha,-0.31999999999999984,0.1177,0.37448416527668005,-0.25678416527668
50000,single_2alpha,-0.31000000000000005,0.1195,0.3782804781779807,-0.2587804781779807
50000,single_2alpha,-0.2999999999999998,0.1214,0.38208857781104744,-0.26068857781104743
50000,single_2alpha,-0.29000000000000004,0.1231,0.38590811880112263,-0.26280811880112265
50000,single_2alpha,-0.2799999999999998,0.1248,0.38973875244420286,-0.26493875244420284
50000,single_2alpha,-0.27,0.1267,0.3935801268019605,-0.2668801268019605
50000,single_2alpha,-0.2599999999999998,0.1289,0.3974318867982396,-0.2685318867982396
50000,single_2alpha,-0.25,0.1306,0.4012936743170763,-0.2706936743170763
50000,single_2alpha,-0.23999999999999977,0.1326,0.40516512830220425,-0.27256512830220425
50000,single_2alpha,-0.22999999999999998,0.1342,0.40904588485799415,-0.2748458848579941
50000,single_2alpha,-0.21999999999999975,0.137,0.4129355773517855,-0.2759355773517855
50000,single_2alpha,-0.20999999999999996,0.1395,0.41683383651755773,-0.2773338365175577
50000,single_2alpha,-0.19999999999999973,0.1421,0.42074029056089707,-0.27864029056089706
50000,single_2alpha,-0.18999999999999995,0.1441,0.42465456526520456,-0.28055456526520456
50000,single_2alpha,-0.18000000000000016,0.146,0.4285762840990992,-0.2825762840990992
50000,single_2alpha,-0.16999999999999993,0.1486,0.4325050683249616,-0.2839050683249616
50000,single_2alpha,-0.16000000000000014,0.15,0.4364405371085671,-0.2864405371085671
50000,single_2alpha,-0.1499999999999999,0.1524,0.4403823076297575,-0.2879823076297575
50000,single_2alpha,-0.14000000000000012,0.1539,0.44432999519409355,-0.2904299951940935
50000,single_2alpha,-0.1299999999999999,0.1559,0.4482832133454389,-0.29238321334543893
50000,single_2alpha,-0.1200000000000001,0.1583,0.4522415739794161,-0.2939415739794161
50000,single_2alpha,-0.10999999999999988,0.1602,0.4562046874576833,-0.29600468745768327
50000,single_2alpha,-0.10000000000000009,0.1617,0.46017216272297096,-0.29847216272297095
50000,single_2alpha,-0.08999999999999986,0.1634,0.46414360741482796,-0.300743607414828
50000,single_2alpha,-0.08000000000000007,0.1653,0.4681186279860126,-0.3028186279860126
50000,single_2alpha,-0.06999999999999984,0.1676,0.472096829819479,-0.304496829819479
50000,single_2alpha,-0.06000000000000005,0.1695,0.4760778173458931,-0.30657781734589307
50000,single_2alpha,-0.04999999999999982,0.1721,0.4800611941616276,-0.3079611941616276
50000,single_2alpha,-0.040000000000000036,0.1747,0.4840465631471692,-0.30934656314716924
50000,single_2alpha,-0.029999999999999805,0.1764,0.48803352658588744,-0.31163352658588744
50000,single_2alpha,-0.020000000000000018,0.179,0.492021686283098,-0.313021686283098
50000,single_2alpha,-0.009999999999999787,0.1807,0.49601064368536846,-0.31531064368536843
50000,single_2alpha,0.0,0.1832,0.5,-0.31679999999999997
50000,single_2alpha,0.010000000000000231,0.1855,0.5039893563146317,-0.3184893563146317
50000,single_2alpha,0.020000000000000018,0.1873,0.5079783137169019,-0.3206783137169019
50000,single_2alpha,0.03000000000000025,0.1896,0.5119664734141127,-0.32236647341411273
50000,single_2alpha,0.040000000000000036,0.1925,0.5159534368528308,-0.3234534368528308
50000,single_2alpha,0.050000000000000266,0.1954,0.5199388058383726,-0.3245388058383726
50000,single_2alpha,0.06000000000000005,0.1977,0.5239221826541068,-0.32622218265410685
50000,single_2alpha,0.07000000000000028,0.2,0.5279031701805212,-0.32790317018052123
50000,single_2alpha,0.08000000000000007,0.2026,0.5318813720139874,-0.32928137201398744
50000,single_2alpha,0.08999999999999986,0.2055,0.535856392585172,-0.330356392585172
50000,single_2alpha,0.10000000000000009,0.2085,0.539827837277029,-0.33132783727702897
50000,single_2alpha,0.10999999999999988,0.2109,0.5437953125423167,-0.33289531254231675
50000,single_2alpha,0.1200000000000001,0.2125,0.5477584260205839,-0.33525842602058387
50000,single_2alpha,0.1299999999999999,0.2165,0.5517167866545611,-0.3352167866545611
50000,single_2alpha,0.14000000000000012,0.2189,0.5556700048059064,-0.33677000480590646
50000,single_2alpha,0.1499999999999999,0.2213,0.5596176923702425,-0.3383176923702425
50000,single_2alpha,0.16000000000000014,0.2245,0.5635594628914329,-0.33905946289143285
50000,single_2alpha,0.16999999999999993,0.2283,0.5674949316750384,-0.3391949316750384
50000,single_2alpha,0.18000000000000016,0.2312,0.5714237159009008,-0.34022371590090084
50000,single_2alpha,0.18999999999999995,0.2347,0.5753454347347954,-0.34064543473479536
50000,single_2alpha,0.20000000000000018,0.238,0.5792597094391031,-0.3412597094391031
50000,single_2alpha,0.20999999999999996,0.2417,0.5831661634824423,-0.3414661634824423
50000,single_2alpha,0.2200000000000002,0.2445,0.5870644226482147,-0.3425644226482147
50000,single_2alpha,0.22999999999999998,0.2473,0.5909541151420059,-0.34365411514200594
50000,single_2alpha,0.2400000000000002,0.2503,0.5948348716977959,-0.3445348716977959
50000,single_2alpha,0.25,0.2538,0.5987063256829237,-0.3449063256829237
50000,single_2alpha,0.26000000000000023,0.257,0.6025681132017606,-0.3455681132017606
50000,single_2alpha,0.27,0.2601,0.6064198731980396,-0.3463198731980396
50000,single_2alpha,0.28000000000000025,0.2634,0.6102612475557974,-0.34686124755579734
50000,single_2alpha,0.29000000000000004,0.2663,0.6140918811988774,-0.3477918811988774
50000,single_2alpha,0.30000000000000027,0.2687,0.6179114221889528,-0.3492114221889528
50000,single_2alpha,0.31000000000000005,0.2722,0.6217195218220193,-0.3495195218220193
50000,single_2alpha,0.3200000000000003,0.2751,0.6255158347233202,-0.35041583472332016
50000,single_2alpha,0.33000000000000007,0.2786,0.6293000189406536,-0.35070001894065356
50000,single_2alpha,0.33999999999999986,0.282,0.6330717360360281,-0.3510717360360281
50000,single_2alpha,0.3500000000000001,0.2861,0.6368306511756191,-0.3507306511756191
50000,single_2alpha,0.3599999999999999,0.2888,0.6405764332179912,-0.3517764332179912
50000,single_2alpha,0.3700000000000001,0.2932,0.6443087548005468,-0.3511087548005468
50000,single_2alpha,0.3799999999999999,0.2974,0.6480272924241628,-0.3506272924241628
50000,single_2alpha,0.3900000000000001,0.3,0.6517317265359824,-0.35173172653598245
50000,single_2alpha,0.3999999999999999,0.3032,0.6554217416103241,-0.35222174161032405
50000,single_2alpha,0.41000000000000014,0.306,0.6590970262276774,-0.3530970262276774
50000,single_2alpha,0.41999999999999993,0.3089,0.6627572731517505,-0.3538572731517505
50000,single_2alpha,0.43000000000000016,0.3128,0.6664021794045424,-0.35360217940454236
50000,single_2alpha,0.43999999999999995,0.3152,0.6700314463394064,-0.3548314463394064
50000,single_2alpha,0.4500000000000002,0.3188,0.67364477971208,-0.35484477971208006
50000,single_2alpha,0.45999999999999996,0.3216,0.6772418897496523,-0.3556418897496523
50000,single_2alpha,0.4700000000000002,0.3244,0.6808224912174442,-0.3564224912174442
50000,single_2alpha,0.48,0.328,0.6843863034837774,-0.35638630348377737
50000,single_2alpha,0.4900000000000002,0.3323,0.6879330505826096,-0.3556330505826096
50000,single_2alpha,0.5,0.3352,0.6914624612740131,-0.3562624612740131
50000,single_2alpha,0.5100000000000002,0.3385,0.6949742691024807,-0.3564742691024807
50000,single_2alpha,0.52,0.3424,0.6984682124530338,-0.3560682124530338
50000,single_2alpha,0.5300000000000002,0.3462,0.7019440346051237,-0.35574403460512366
50000,single_2alpha,0.54,0.3491,0.705401483784302,-0.356301483784302
50000,single_2alpha,0.5500000000000003,0.3528,0.7088403132116537,-0.35604031321165375
50000,single_2alpha,0.56,0.3561,0.712260281150973,-0.3561602811509729
50000,single_2alpha,0.5700000000000003,0.3597,0.7156611509536759,-0.35596115095367586
50000,single_2alpha,0.5800000000000001,0.3639,0.7190426911014357,-0.3551426911014357
50000,single_2alpha,0.5899999999999999,0.3676,0.7224046752465351,-0.3548046752465351
50000,single_2alpha,0.6000000000000001,0.3723,0.7257468822499265,-0.35344688224992643
50000,single_2alpha,0.6099999999999999,0.3753,0.7290690962169942,-0.3537690962169942
50000,single_2alpha,0.6200000000000001,0.3796,0.732371106531017,-0.352771106531017
50000,single_2alpha,0.6299999999999999,0.3834,0.7356527078843225,-0.35225270788432245
50000,single_2alpha,0.6400000000000001,0.3876,0.7389137003071384,-0.35131370030713843
50000,single_2alpha,0.6499999999999999,0.3904,0.7421538891941353,-0.35175388919413525
50000,single_2alpha,0.6600000000000001,0.394,0.745373085328664,-0.35137308532866396
50000,single_2alpha,0.6699999999999999,0.397,0.7485711049046898,-0.3515711049046898
50000,single_2alpha,0.6800000000000002,0.4003,0.7517477695464294,-0.3514477695464294
50000,single_2alpha,0.69,0.4038,0.7549029063256906,-0.3511029063256906
50000,single_2alpha,0.7000000000000002,0.4077,0.758036347776927,-0.35033634777692696
50000,single_2alpha,0.71,0.4107,0.7611479319100133,-0.3504479319100133
50000,single_2alpha,0.7200000000000002,0.4149,0.7642375022207488,-0.34933750222074883
50000,single_2alpha,0.73,0.4184,0.7673049076991025,-0.34890490769910254
50000,single_2alpha,0.7400000000000002,0.4217,0.7703500028352095,-0.34865000283520947
50000,single_2alpha,0.75,0.4246,0.7733726476231317,-0.34877264762313176
50000,single_2alpha,0.7600000000000002,0.4277,0.7763727075624006,-0.3486727075624006
50000,single_2alpha,0.77,0.4308,0.7793500536573503,-0.3485500536573503
50000,single_2alpha,0.7800000000000002,0.4338,0.782304562414267,-0.348504562414267
50000,single_2alpha,0.79,0.4376,0.7852361158363629,-0.3476361158363629
50000,single_2alpha,0.8000000000000003,0.4413,0.7881446014166034,-0.34684460141660334
50000,single_2alpha,0.81,0.4453,0.7910299121283983,-0.3457299121283984
50000,single_2alpha,0.8200000000000003,0.4493,0.793891946414187,-0.34459194641418706
50000,single_2alpha,0.8300000000000001,0.4534,0.7967306081719316,-0.3433306081719316
50000,single_2alpha,0.8399999999999999,0.4572,0.7995458067395502,-0.34234580673955023
50000,single_2alpha,0.8500000000000001,0.4606,0.8023374568773076,-0.3417374568773076
50000,single_2alpha,0.8599999999999999,0.4648,0.8051054787481916,-0.3403054787481916
50000,single_2alpha,0.8700000000000001,0.4694,0.8078497978963038,-0.33844979789630386
50000,single_2alpha,0.8799999999999999,0.4738,0.8105703452232879,-0.33677034522328786
50000,single_2alpha,0.8900000000000001,0.4762,0.8132670569628274,-0.3370670569628274
50000,single_2alpha,0.8999999999999999,0.4791,0.8159398746532405,-0.33683987465324045
50000,single_2alpha,0.9100000000000001,0.4826,0.8185887451082028,-0.3359887451082028
50000,single_2alpha,0.9199999999999999,0.4854,0.8212136203856283,-0.3358136203856283
50000,single_2alpha,0.9300000000000002,0.4897,0.8238144577547422,-0.33411445775474213
50000,single_2alpha,0.94,0.4926,0.8263912196613754,-0.3337912196613754
50000,single_2alpha,0.9500000000000002,0.4959,0.8289438736915182,-0.3330438736915182
50000,single_2alpha,0.96,0.4993,0.8314723925331622,-0.33217239253316216
50000,single_2alpha,0.9700000000000002,0.5028,0.8339767539364704,-0.3311767539364704
50000,single_2alpha,0.98,0.5074,0.8364569406723077,-0.32905694067230773
50000,single_2alpha,0.9900000000000002,0.5116,0.8389129404891691,-0.32731294048916904
50000,single_2alpha,1.0,0.5149,0.8413447460685429,-0.3264447460685429
50000,single_2alpha,1.0099999999999998,0.5186,0.8437523549787453,-0.3251523549787454
50000,single_2alpha,1.0200000000000005,0.5222,0.8461357696272652,-0.3239357696272652
50000,single_2alpha,1.0300000000000002,0.5264,0.8484949972116563,-0.32209499721165635
50000,single_2alpha,1.04,0.5313,0.8508300496690187,-0.31953004966901866
50000,single_2alpha,1.0499999999999998,0.5359,0.853140943624104,-0.31724094362410393
50000,single_2alpha,1.0600000000000005,0.5398,0.8554277003360906,-0.31562770033609067
50000,single_2alpha,1.0700000000000003,0.544,0.8576903456440608,-0.31369034564406073
50000,single_2alpha,1.08,0.5478,0.859928909911231,-0.3121289099112311
50000,single_2alpha,1.0899999999999999,0.5514,0.8621434279679645,-0.3107434279679645
50000,single_2alpha,1.0999999999999996,0.5555,0.8643339390536173,-0.30883393905361733
50000,single_2alpha,1.1100000000000003,0.5587,0.8665004867572528,-0.3078004867572528
50000,single_2alpha,1.12,0.5623,0.8686431189572693,-0.3063431189572693
50000,single_2alpha,1.13,0.5656,0.8707618877599821,-0.3051618877599821
50000,single_2alpha,1.1399999999999997,0.57,0.8728568494372017,-0.3028568494372017
50000,single_2alpha,1.1500000000000004,0.5732,0.8749280643628499,-0.3017280643628498
50000,single_2alpha,1.1600000000000001,0.5773,0.8769755969486566,-0.29967559694865653
50000,single_2alpha,1.17,0.58,0.8789995155789818,-0.29899951557898186
50000,single_2alpha,1.1799999999999997,0.5837,0.8809998925447993,-0.29729989254479927
50000,single_2alpha,1.1900000000000004,0.5871,0.8829768039768913,-0.2958768039768913
50000,single_2alpha,1.2000000000000002,0.5906,0.8849303297782918,-0.29433032977829177
50000,single_2alpha,1.21,0.5946,0.8868605535560226,-0.29226055355602254
50000,single_2alpha,1.2199999999999998,0.5986,0.8887675625521653,-0.29016756255216525
50000,single_2alpha,1.2300000000000004,0.6026,0.8906514475743081,-0.2880514475743081
50000,single_2alpha,1.2400000000000002,0.607,0.8925123029254132,-0.2855123029254132
50000,single_2alpha,1.25,0.6111,0.8943502263331446,-0.2832502263331447
50000,single_2alpha,1.2599999999999998,0.6141,0.8961653188786995,-0.28206531887869957
50000,single_2alpha,1.2700000000000005,0.6173,0.8979576849251809,-0.28065768492518095
50000,single_2alpha,1.2800000000000002,0.621,0.8997274320455579,-0.27872743204555794
50000,single_2alpha,1.29,0.6242,0.9014746709502521,-0.27727467095025216
50000,single_2alpha,1.2999999999999998,0.6273,0.9031995154143896,-0.2758995154143896
50000,single_2alpha,1.3100000000000005,0.6314,0.9049020822047611,-0.27350208220476113
50000,single_2alpha,1.3200000000000003,0.6342,0.9065824910065282,-0.2723824910065282
50000,single_2alpha,1.33,0.6381,0.9082408643497193,-0.2701408643497193
50000,single_2alpha,1.3399999999999999,0.6418,0.9098773275355475,-0.26807732753554747
50000,single_2alpha,1.3500000000000005,0.6452,0.9114920085625979,-0.26629200856259794
50000,single_2alpha,1.3600000000000003,0.6494,0.913085038052915,-0.263685038052915
50000,single_2alpha,1.37,0.6533,0.914656549178033,-0.26135654917803297
50000,single_2alpha,1.38,0.6577,0.9162066775849856,-0.2585066775849857
50000,single_2alpha,1.3899999999999997,0.6614,0.917735561322331,-0.25633556132233104
50000,single_2alpha,1.4000000000000004,0.6637,0.919243340766229,-0.2555433407662291
50000,single_2alpha,1.4100000000000001,0.6672,0.9207301585466077,-0.25353015854660765
50000,single_2alpha,1.42,0.6702,0.9221961594734536,-0.25199615947345355
50000,single_2alpha,1.4299999999999997,0.6738,0.9236414904632608,-0.24984149046326087
50000,single_2alpha,1.4400000000000004,0.6768,0.9250663004656731,-0.2482663004656731
50000,single_2alpha,1.4500000000000002,0.68,0.9264707403903517,-0.24647074039035166
50000,single_2alpha,1.46,0.6836,0.9278549630341062,-0.2442549630341062
50000,single_2alpha,1.4699999999999998,0.6866,0.9292191230083144,-0.24261912300831445
50000,single_2alpha,1.4800000000000004,0.6899,0.9305633766666683,-0.24066337666666837
50000,single_2alpha,1.4900000000000002,0.6929,0.9318878820332746,-0.2389878820332746
50000,single_2alpha,1.5,0.6961,0.9331927987311419,-0.23709279873114186
50000,single_2alpha,1.5099999999999998,0.6983,0.9344782879110834,-0.23617828791108342
50000,single_2alpha,1.5200000000000005,0.7013,0.9357445121810642,-0.2344445121810642
50000,single_2alpha,1.5300000000000002,0.705,0.9369916355360216,-0.23199163553602165
50000,single_2alpha,1.54,0.7085,0.9382198232881881,-0.22971982328818807
50000,single_2alpha,1.5499999999999998,0.711,0.939429241997941,-0.228429241997941
50000,single_2alpha,1.5600000000000005,0.7143,0.9406200594052071,-0.22632005940520705
50000,single_2alpha,1.5700000000000003,0.7177,0.941792444361447,-0.22409244436144704
50000,single_2alpha,1.58,0.7211,0.9429465667622459,-0.2218465667622459
50000,single_2alpha,1.5899999999999999,0.7239,0.9440825974805306,-0.2201825974805306
50000,single_2alpha,1.6000000000000005,0.7272,0.9452007083004421,-0.21800070830044216
50000,single_2alpha,1.6100000000000003,0.7299,0.9463010718518803,-0.2164010718518803
50000,single_2alpha,1.62,0.7331,0.9473838615457479,-0.21428386154574797
50000,single_2alpha,1.63,0.7369,0.9484492515099107,-0.21154925150991066
50000,single_2alpha,1.6399999999999997,0.7396,0.9494974165258963,-0.20989741652589622
50000,single_2alpha,1.6500000000000004,0.7433,0.9505285319663519,-0.20722853196635194
50000,single_2alpha,1.6600000000000001,0.7458,0.9515427737332772,-0.2057427737332772
50000,single_2alpha,1.67,0.7497,0.9525403181970526,-0.20284031819705262
50000,single_2alpha,1.6799999999999997,0.753,0.9535213421362799,-0.20052134213627992
50000,single_2alpha,1.6900000000000004,0.7559,0.9544860226784502,-0.19858602267845016
50000,single_2alpha,1.7000000000000002,0.7593,0.955434537241457,-0.19613453724145702
50000,single_2alpha,1.71,0.7615,0.9563670634759681,-0.19486706347596816
50000,single_2alpha,1.7199999999999998,0.7648,0.957283779208671,-0.192483779208671
50000,single_2alpha,1.7300000000000004,0.7671,0.9581848623864051,-0.1910848623864051
50000,single_2alpha,1.7400000000000002,0.7705,0.9590704910211927,-0.18857049102119272
50000,single_2alpha,1.75,0.7732,0.9599408431361829,-0.1867408431361829
50000,single_2alpha,1.7599999999999998,0.7765,0.9607960967125173,-0.18429609671251734
50000,single_2alpha,1.7700000000000005,0.7792,0.9616364296371288,-0.1824364296371288
50000,single_2alpha,1.7800000000000002,0.7818,0.9624620196514833,-0.1806620196514832
50000,single_2alpha,1.79,0.7846,0.9632730443012737,-0.17867304430127373
50000,single_2alpha,1.7999999999999998,0.7887,0.9640696808870742,-0.17536968088707428
50000,single_2alpha,1.8100000000000005,0.7917,0.9648521064159612,-0.17315210641596124
50000,single_2alpha,1.8200000000000003,0.7947,0.9656204975541101,-0.1709204975541101
50000,single_2alpha,1.83,0.7971,0.9663750305803717,-0.16927503058037163
50000,single_2alpha,1.8399999999999999,0.8004,0.9671158813408361,-0.16671588134083615
50000,single_2alpha,1.8500000000000005,0.8025,0.9678432252043864,-0.16534322520438638
50000,single_2alpha,1.8600000000000003,0.8054,0.9685572370192473,-0.16315723701924734
50000,single_2alpha,1.87,0.8073,0.9692580910705341,-0.16195809107053405
50000,single_2alpha,1.88,0.8108,0.9699459610388002,-0.1591459610388002
50000,single_2alpha,1.8899999999999997,0.8141,0.9706210199595906,-0.15652101995959056
50000,single_2alpha,1.9000000000000004,0.8158,0.9712834401839983,-0.1554834401839983
50000,single_2alpha,1.9100000000000001,0.8177,0.9719333933402275,-0.15423339334022756
50000,single_2alpha,1.92,0.8201,0.9725710502961632,-0.15247105029616315
50000,single_2alpha,1.9299999999999997,0.8226,0.973196581122945,-0.15059658112294505
50000,single_2alpha,1.9400000000000004,0.8251,0.9738101550595474,-0.14871015505954743
50000,single_2alpha,1.9500000000000002,0.8267,0.9744119404783614,-0.14771194047836145
50000,single_2alpha,1.96,0.8299,0.9750021048517795,-0.14510210485177955
50000,single_2alpha,1.9699999999999998,0.8318,0.9755808147197774,-0.14378081471977744
50000,single_2alpha,1.9800000000000004,0.8337,0.9761482356584915,-0.14244823565849152
50000,single_2alpha,1.9900000000000002,0.8356,0.9767045322497881,-0.14110453224978814
50000,single_2alpha,2.0,0.8377,0.9772498680518208,-0.1395498680518208
50000,single_2alpha,2.01,0.8398,0.9777844055705686,-0.13798440557056857
50000,single_2alpha,2.0200000000000005,0.8424,0.9783083062323532,-0.13590830623235317
50000,single_2alpha,2.0300000000000002,0.8446,0.9788217303573278,-0.13422173035732776
50000,single_2alpha,2.04,0.8472,0.9793248371339299,-0.13212483713392997
50000,single_2alpha,2.05,0.8495,0.9798177845942956,-0.13031778459429555
50000,single_2alpha,2.0600000000000005,0.8518,0.9803007295906231,-0.1285007295906231
50000,single_2alpha,2.0700000000000003,0.8547,0.9807738277724828,-0.12607382777248277
50000,single_2alpha,2.08,0.8566,0.9812372335650622,-0.12463723356506218
50000,single_2alpha,2.09,0.8588,0.981691100148341,-0.12289110014834104
50000,single_2alpha,2.1000000000000005,0.8604,0.9821355794371834,-0.12173557943718338
50000,single_2alpha,2.1100000000000003,0.8622,0.9825708220623429,-0.12037082206234295
50000,single_2alpha,2.12,0.8644,0.9829969773523672,-0.1185969773523673
50000,single_2alpha,2.13,0.8663,0.983414193316395,-0.11711419331639505
50000,single_2alpha,2.1399999999999997,0.868,0.9838226166278339,-0.11582261662783389
50000,single_2alpha,2.1500000000000004,0.8702,0.9842223926089095,-0.11402239260890956
50000,single_2alpha,2.16,0.8726,0.9846136652160745,-0.11201366521607448
50000,single_2alpha,2.17,0.8742,0.9849965770262678,-0.11079657702626777
50000,single_2alpha,2.1799999999999997,0.8764,0.9853712692240107,-0.10897126922401079
50000,single_2alpha,2.1900000000000004,0.8789,0.9857378815893312,-0.10683788158933116
50000,single_2alpha,2.2,0.8805,0.9860965524865014,-0.10559655248650146
50000,single_2alpha,2.21,0.8829,0.98644741885358,-0.10354741885357999
50000,single_2alpha,2.2199999999999998,0.8846,0.9867906161927437,-0.10219061619274361
50000,single_2alpha,2.2300000000000004,0.8862,0.987126278561398,-0.10092627856139802
50000,single_2alpha,2.24,0.8877,0.9874545385640534,-0.09975453856405336
50000,single_2alpha,2.25,0.89,0.9877755273449553,-0.09777552734495532
50000,single_2alpha,2.26,0.8918,0.988089374581453,-0.09628937458145292
50000,single_2alpha,2.2700000000000005,0.8937,0.9883962084780965,-0.09469620847809646
50000,single_2alpha,2.2800000000000002,0.8948,0.9886961557614472,-0.09389615576144716
50000,single_2alpha,2.29,0.8971,0.9889893416755886,-0.0918893416755886
50000,single_2alpha,2.3,0.8981,0.9892758899783242,-0.09117588997832415
50000,single_2alpha,2.3100000000000005,0.8995,0.989555922938049,-0.09005592293804898
50000,single_2alpha,2.3200000000000003,0.9011,0.9898295613312803,-0.0887295613312803
50000,single_2alpha,2.33,0.9033,0.9900969244408357,-0.08679692444083575
50000,single_2alpha,2.34,0.9048,0.9903581300546417,-0.08555813005464163
50000,single_2alpha,2.3500000000000005,0.9062,0.9906132944651614,-0.08441329446516144
50000,single_2alpha,2.3600000000000003,0.908,0.9908625324694273,-0.08286253246942732
50000,single_2alpha,2.37,0.9093,0.9911059573696632,-0.08180595736966323
50000,single_2alpha,2.38,0.9108,0.9913436809744834,-0.08054368097448339
50000,single_2alpha,2.3899999999999997,0.9116,0.9915758136006543,-0.07997581360065431
50000,single_2alpha,2.4000000000000004,0.9126,0.9918024640754038,-0.07920246407540388
50000,single_2alpha,2.41,0.9145,0.9920237397392663,-0.0775237397392663
50000,single_2alpha,2.42,0.9166,0.9922397464494463,-0.07563974644944638
50000,single_2alpha,2.4299999999999997,0.9176,0.9924505885836908,-0.07485058858369087
50000,single_2alpha,2.4400000000000004,0.9192,0.9926563690446517,-0.07345636904465169
50000,single_2alpha,2.45,0.9204,0.9928571892647285,-0.07245718926472855
50000,single_2alpha,2.46,0.9216,0.9930531492113757,-0.07145314921137569
50000,single_2alpha,2.4699999999999998,0.9223,0.9932443473928594,-0.07094434739285937
50000,single_2alpha,2.4800000000000004,0.9244,0.9934308808644533,-0.0690308808644533
50000,single_2alpha,2.49,0.9252,0.9936128452350568,-0.06841284523505675
50000,single_2alpha,2.5,0.9263,0.9937903346742238,-0.06749033467422383
50000,single_2alpha,2.51,0.9274,0.9939634419195873,-0.0665634419195873
50000,single_2alpha,2.5200000000000005,0.9283,0.9941322582846674,-0.06583225828466743
50000,single_2alpha,2.5300000000000002,0.9294,0.9942968736670493,-0.06489687366704933
50000,single_2alpha,2.54,0.9309,0.9944573765569173,-0.0635573765569174
50000,single_2alpha,2.55,0.9325,0.9946138540459333,-0.06211385404593328
50000,single_2alpha,2.5600000000000005,0.9334,0.9947663918364442,-0.06136639183644421
50000,single_2alpha,2.5700000000000003,0.9346,0.994915074251009,-0.060315074251009015
50000,single_2alpha,2.58,0.9354,0.9950599842422293,-0.05965998424222929
50000,single_2alpha,2.59,0.9366,0.9952012034028738,-0.05860120340287378
50000,single_2alpha,2.6000000000000005,0.9378,0.9953388119762813,-0.0575388119762813
50000,single_2alpha,2.6100000000000003,0.9383,0.9954728888670327,-0.057172888867032645
50000,single_2alpha,2.62,0.9393,0.9956035116518787,-0.056303511651878635
50000,single_2alpha,2.63,0.9401,0.9957307565909107,-0.05563075659091066
50000,single_2alpha,2.6399999999999997,0.941,0.9958546986389639,-0.05485469863896397
50000,single_2alpha,2.6500000000000004,0.9422,0.9959754114572417,-0.05377541145724163
50000,single_2alpha,2.66,0.9432,0.9960929674251472,-0.05289296742514715
50000,single_2alpha,2.67,0.9443,0.9962074376523146,-0.051907437652314536
50000,single_2alpha,2.6799999999999997,0.9448,0.996318891990825,-0.051518891990825044
50000,single_2alpha,2.6900000000000004,0.9455,0.9964273990476002,-0.05092739904760024
50000,single_2alpha,2.7,0.947,0.9965330261969594,-0.04953302619695943
50000,single_2alpha,2.71,0.9483,0.9966358395933308,-0.048335839593330765
50000,single_2alpha,2.7199999999999998,0.9492,0.9967359041841087,-0.04753590418410869
50000,single_2alpha,2.7300000000000004,0.9505,0.9968332837226422,-0.04633328372264223
50000,single_2alpha,2.74,0.9518,0.9969280407813496,-0.045128040781349577
50000,single_2alpha,2.75,0.9524,0.9970202367649454,-0.04462023676494542
50000,single_2alpha,2.76,0.9529,0.9971099319237738,-0.04420993192377387
50000,single_2alpha,2.7700000000000005,0.9534,0.997197185367235,-0.04379718536723498
50000,single_2alpha,2.7800000000000002,0.9544,0.9972820550772987,-0.0428820550772987
50000,single_2alpha,2.79,0.9559,0.9973645979220951,-0.041464597922095114
50000,single_2alpha,2.8,0.9562,0.997444869669572,-0.04124486966957197
50000,single_2alpha,2.8100000000000005,0.9575,0.9975229250012141,-0.04002292500121407
50000,single_2alpha,2.8200000000000003,0.9584,0.9975988175258107,-0.03919881752581067
50000,single_2alpha,2.83,0.959,0.9976725997932685,-0.038672599793268536
50000,single_2alpha,2.84,0.9606,0.9977443233084576,-0.03714432330845763
50000,single_2alpha,2.8500000000000005,0.9616,0.9978140385450868,-0.03621403854508676
50000,single_2alpha,2.8600000000000003,0.9626,0.9978817949595954,-0.03528179495959538
50000,single_2alpha,2.87,0.9635,0.9979476410050603,-0.03444764100506026
50000,single_2alpha,2.88,0.9643,0.9980116241451057,-0.033711624145105645
50000,single_2alpha,2.8899999999999997,0.9649,0.9980737908678121,-0.033173790867812136
50000,single_2alpha,2.9000000000000004,0.9655,0.998134186699616,-0.03263418669961593
50000,single_2alpha,2.91,0.9658,0.9981928562191936,-0.03239285621919363
50000,single_2alpha,2.92,0.9662,0.9982498430713239,-0.03204984307132397
50000,single_2alpha,2.9299999999999997,0.9669,0.9983051899807227,-0.031405189980722725
50000,single_2alpha,2.9400000000000004,0.9676,0.998358938765843,-0.030758938765843014
50000,single_2alpha,2.95,0.9684,0.9984111303526352,-0.03001113035263514
50000,single_2alpha,2.96,0.9692,0.998461804788262,-0.029261804788262014
50000,single_2alpha,2.9699999999999998,0.9699,0.9985110012547626,-0.02861100125476257
50000,single_2alpha,2.9800000000000004,0.9703,0.99855875808266,-0.028258758082659985
50000,single_2alpha,2.99,0.9709,0.9986051127645078,-0.027705112764507822
50000,single_2alpha,3.0,0.9714,0.9986501019683699,-0.027250101968369855
100000,RR,-3.0,0.0017,0.0013498980316300933,0.00035010196836990663
100000,RR,-2.99,0.0017,0.0013948872354922468,0.00030511276450775307
100000,RR,-2.98,0.0018,0.0014412419173400134,0.00035875808265998653
100000,RR,-2.97,0.0018,0.0014889987452374632,0.0003110012547625368
100000,RR,-2.96,0.002,0.0015381952117380577,0.0004618047882619424
100000,RR,-2.95,0.002,0.0015888696473648667,0.00041113035263513334
100000,RR,-2.94,0.002,0.0016410612341569964,0.00035893876584300365
100000,RR,-2.93,0.0021,0.0016948100192772598,0.00040518998072274
100000,RR,-2.92,0.0022,0.0017501569286760992,0.0004498430713239009
100000,RR,-2.91,0.0024,0.0018071437808064273,0.0005928562191935725
100000,RR,-2.9,0.0024,0.0018658133003840375,0.0005341866996159622
100000,RR,-2.89,0.0027,0.0019262091321878587,0.0007737908678121415
100000,RR,-2.88,0.003,0.0019883758548943256,0.0010116241451056745
100000,RR,-2.87,0.003,0.0020523589949397536,0.0009476410050602464
100000,RR,-2.86,0.0033,0.0021182050404046217,0.0011817949595953783
100000,RR,-2.85,0.0034,0.0021859614549132405,0.0012140385450867593
100000,RR,-2.84,0.0035,0.0022556766915423202,0.0012443233084576798
100000,RR,-2.83,0.0035,0.0023274002067315515,0.0011725997932684486
100000,RR,-2.82,0.0035,0.0024011824741892525,0.0010988175258107476
100000,RR,-2.81,0.0035,0.002477074998785861,0.001022925001214139
100000,RR,-2.8,0.0035,0.002555130330427932,0.000944869669572068
100000,RR,-2.79,0.0035,0.0026354020779049527,0.0008645979220950474
100000,RR,-2.78,0.0035,0.0027179449227012578,0.0007820550772987423
100000,RR,-2.77,0.0036,0.002802814632765025,0.0007971853672349748
100000,RR,-2.76,0.0038,0.0028900680762261478,0.0009099319237738522
100000,RR,-2.75,0.0039,0.002979763235054555,0.0009202367649454447
100000,RR,-2.74,0.004,0.003071959218650488,0.0009280407813495122
100000,RR,-2.73,0.0044,0.0031667162773577934,0.0012332837226422069
100000,RR,-2.7199999999999998,0.0047,0.0032640958158913144,0.0014359041841086858
100000,RR,-2.71,0.0047,0.0033641604066691933,0.001335839593330807
100000,RR,-2.7,0.0051,0.0034669738030406647,0.0016330261969593357
100000,RR,-2.69,0.0052,0.0035726009523997368,0.001627399047600263
100000,RR,-2.68,0.0055,0.00368110800917498,0.0018188919908250197
100000,RR,-2.67,0.0055,0.0037925623476854887,0.001707437652314511
100000,RR,-2.66,0.0057,0.003907032574852774,0.001792967425147226
100000,RR,-2.65,0.0059,0.004024588542758306,0.0018754114572416937
100000,RR,-2.64,0.0061,0.004145301361036037,0.0019546986389639637
100000,RR,-2.63,0.0064,0.004269243409089351,0.0021307565909106495
100000,RR,-2.62,0.0065,0.004396488348121309,0.0021035116518786905
100000,RR,-2.61,0.0068,0.004527111132967324,0.0022728888670326755
100000,RR,-2.6,0.0069,0.004661188023718747,0.002238811976281253
100000,RR,-2.59,0.007,0.004798796597126178,0.0022012034028738225
100000,RR,-2.58,0.0071,0.004940015757770645,0.0021599842422293557
100000,RR,-2.57,0.0075,0.0050849257489910355,0.002415074251008964
100000,RR,-2.56,0.0078,0.005233608163555782,0.002566391836444218
100000,RR,-2.55,0.0082,0.005386145954066687,0.0028138540459333138
100000,RR,-2.54,0.0085,0.005542623443082601,0.0029573765569173996
100000,RR,-2.53,0.0086,0.005703126332950699,0.0028968736670493007
100000,RR,-2.52,0.0088,0.005867741715332562,0.002932258284667438
100000,RR,-2.51,0.009,0.006036558080412666,0.002963441919587333
100000,RR,-2.5,0.0091,0.006209665325776132,0.002890334674223868
100000,RR,-2.49,0.0093,0.006387154764943171,0.002912845235056828
100000,RR,-2.48,0.0097,0.006569119135546763,0.0031308808644532372
100000,RR,-2.4699999999999998,0.0099,0.006755652607140651,0.0031443473928593497
100000,RR,-2.46,0.0103,0.006946850788624312,0.0033531492113756884
100000,RR,-2.45,0.0104,0.007142810735271415,0.0032571892647285843
100000,RR,-2.44,0.0107,0.007343630955348342,0.003356369044651657
100000,RR,-2.4299999999999997,0.0109,0.007549411416309213,0.0033505885836907874
100000,RR,-2.42,0.0111,0.0077602535505536425,0.003339746449446358
100000,RR,-2.41,0.0115,0.007976260260733725,0.0035237397392662746
100000,RR,-2.4,0.012,0.008197535924596131,0.003802464075403869
100000,RR,-2.39,0.0123,0.008424186399345685,0.003875813600654315
100000,RR,-2.38,0.0127,0.008656319025516543,0.004043680974483457
100000,RR,-2.37,0.013,0.008894042630336772,0.0041059573696632275
100000,RR,-2.36,0.0133,0.009137467530572669,0.00416253246942733
100000,RR,-2.35,0.0137,0.009386705534838566,0.004313294465161434
100000,RR,-2.34,0.0138,0.00964186994535833,0.004158130054641669
100000,RR,-2.33,0.0142,0.009903075559164245,0.004296924440835756
100000,RR,-2.32,0.0148,0.01017043866871968,0.00462956133128032
100000,RR,-2.31,0.0151,0.010444077061951083,0.004655922938048918
100000,RR,-2.3,0.0152,0.010724110021675809,0.004475889978324191
100000,RR,-2.29,0.0155,0.011010658324411388,0.004489341675588612
100000,RR,-2.2800000000000002,0.0159,0.01130384423855278,0.004596155761447221
100000,RR,-2.27,0.0165,0.011603791521903535,0.004896208478096466
100000,RR,-2.26,0.0168,0.011910625418547066,0.004889374581452933
100000,RR,-2.25,0.0174,0.012224472655044696,0.005175527344955303
100000,RR,-2.24,0.0175,0.012545461435946563,0.004954538564053439
100000,RR,-2.23,0.0182,0.012873721438602014,0.005326278561397987
100000,RR,-2.2199999999999998,0.019,0.013209383807256284,0.005790616192743715
100000,RR,-2.21,0.0194,0.013552581146419983,0.0058474188535800175
100000,RR,-2.2,0.0195,0.013903447513498595,0.0055965524865014046
100000,RR,-2.19,0.0199,0.014262118410668878,0.005637881589331123
100000,RR,-2.1799999999999997,0.0203,0.014628730775989262,0.005671269224010737
100000,RR,-2.17,0.0205,0.015003422973732207,0.005496577026267794
100000,RR,-2.16,0.0214,0.015386334783925445,0.006013665216074554
100000,RR,-2.15,0.022,0.0157776073910905,0.006222392608909499
100000,RR,-2.14,0.0225,0.01617738337216608,0.00632261662783392
100000,RR,-2.13,0.0231,0.01658580668360501,0.006514193316394988
100000,RR,-2.12,0.0236,0.017003022647632787,0.006596977352367212
100000,RR,-2.11,0.0239,0.017429177937657088,0.006470822062342913
100000,RR,-2.1,0.0244,0.017864420562816542,0.006535579437183459
100000,RR,-2.09,0.0253,0.01830889985165897,0.0069911001483410305
100000,RR,-2.08,0.0257,0.01876276643493775,0.0069372335650622514
100000,RR,-2.07,0.026,0.019226172227517282,0.006773827772482716
100000,RR,-2.06,0.0268,0.019699270409376895,0.007100729590623106
100000,RR,-2.05,0.0271,0.020182215405704394,0.0069177845942956055
100000,RR,-2.04,0.0276,0.020675162866070042,0.006924837133929957
100000,RR,-2.0300000000000002,0.0283,0.02117826964267226,0.00712173035732774
100000,RR,-2.02,0.0288,0.02169169376764678,0.007108306232353218
100000,RR,-2.01,0.0292,0.022215594429431475,0.0069844055705685255
100000,RR,-2.0,0.0302,0.022750131948179195,0.0074498680518208064
100000,RR,-1.99,0.0305,0.02329546775021182,0.007204532249788179
100000,RR,-1.98,0.031,0.023851764341508513,0.007148235658491486
100000,RR,-1.97,0.0319,0.024419185280222543,0.007480814719777455
100000,RR,-1.96,0.0322,0.024997895148220435,0.007202104851779564
100000,RR,-1.95,0.0329,0.02558805952163861,0.007311940478361388
100000,RR,-1.94,0.0333,0.026189844940452685,0.007110155059547318
100000,RR,-1.93,0.0341,0.02680341887705495,0.00729658112294505
100000,RR,-1.92,0.0348,0.027428949703836802,0.007371050296163195
100000,RR,-1.91,0.0351,0.0280666066597725,0.007033393340227498
100000,RR,-1.9,0.0355,0.028716559816001803,0.006783440183998193
100000,RR,-1.89,0.036,0.02937898004040943,0.0066210199595905656
100000,RR,-1.88,0.0362,0.03005403896119979,0.0061459610388002114
100000,RR,-1.8699999999999999,0.037,0.030741908929465968,0.00625809107053403
100000,RR,-1.8599999999999999,0.0373,0.031442762980752714,0.005857237019247286
100000,RR,-1.8499999999999999,0.038,0.03215677479561371,0.005843225204386286
100000,RR,-1.84,0.0388,0.03288411865916389,0.005915881340836114
100000,RR,-1.83,0.0392,0.0336249694196283,0.005575030580371697
100000,RR,-1.82,0.0395,0.03437950244588998,0.005120497554110023
100000,RR,-1.81,0.0407,0.03514789358403879,0.005552106415961211
100000,RR,-1.8,0.0421,0.03593031911292579,0.0061696808870742095
100000,RR,-1.79,0.0425,0.03672695569872628,0.005773044301273726
100000,RR,-1.78,0.0432,0.03753798034851679,0.005662019651483212
100000,RR,-1.77,0.0438,0.03836357036287122,0.00543642963712878
100000,RR,-1.76,0.0446,0.03920390328748265,0.005396096712517354
100000,RR,-1.75,0.0455,0.040059156863817086,0.005440843136182913
100000,RR,-1.74,0.0462,0.040929508978807365,0.005270491021192633
100000,RR,-1.73,0.0469,0.04181513761359493,0.00508486238640507
100000,RR,-1.72,0.0487,0.04271622079132892,0.005983779208671082
100000,RR,-1.71,0.0497,0.0436329365240319,0.006067063475968103
100000,RR,-1.7,0.0507,0.04456546275854304,0.006134537241456961
100000,RR,-1.69,0.0519,0.045513977321549805,0.006386022678450197
100000,RR,-1.68,0.0525,0.046478657863720046,0.006021342136279952
100000,RR,-1.67,0.0538,0.04745968180294733,0.00634031819705267
100000,RR,-1.66,0.0548,0.04845722626672282,0.006342773733277178
100000,RR,-1.65,0.0559,0.0494714680336481,0.0064285319663518956
100000,RR,-1.64,0.057,0.05050258347410371,0.006497416525896291
100000,RR,-1.63,0.0577,0.051550748490089365,0.006149251509910636
100000,RR,-1.6199999999999999,0.0587,0.05261613845425206,0.006083861545747943
100000,RR,-1.6099999999999999,0.0599,0.053698928148119704,0.006201071851880298
100000,RR,-1.5999999999999999,0.0603,0.054799291699558,0.005500708300441998
100000,RR,-1.59,0.0616,0.055917402519469424,0.005682597480530578
100000,RR,-1.58,0.0632,0.057053433237754185,0.006146566762245821
100000,RR,-1.57,0.064,0.058207555638553,0.005792444361446998
100000,RR,-1.56,0.0652,0.05937994059479304,0.005820059405206954
100000,RR,-1.55,0.0669,0.06057075800205901,0.006329241997940993
100000,RR,-1.54,0.0677,0.061780176711811886,0.00591982328818811
100000,RR,-1.53,0.0696,0.06300836446397844,0.006591635536021559
100000,RR,-1.52,0.0705,0.06425548781893581,0.006244512181064185
100000,RR,-1.51,0.072,0.0655217120889165,0.0064782879110834996
100000,RR,-1.5,0.0729,0.06680720126885807,0.006092798731141935
100000,RR,-1.49,0.0739,0.06811211796672544,0.005787882033274558
100000,RR,-1.48,0.0752,0.06943662333333173,0.005763376666668277
100000,RR,-1.47,0.0765,0.07078087699168552,0.005719123008314481
100000,RR,-1.46,0.0781,0.07214503696589378,0.005954963034106225
100000,RR,-1.45,0.0798,0.07352925960964836,0.006270740390351637
100000,RR,-1.44,0.0812,0.07493369953432708,0.006266300465672919
100000,RR,-1.43,0.0827,0.07635850953673913,0.006341490463260865
100000,RR,-1.42,0.0847,0.07780384052654638,0.0068961594734536225
100000,RR,-1.41,0.0863,0.07926984145339239,0.007030158546607615
100000,RR,-1.4,0.088,0.08075665923377107,0.007243340766228928
100000,RR,-1.39,0.0894,0.08226443867766892,0.007135561322331077
100000,RR,-1.38,0.0915,0.08379332241501436,0.007706677584985638
100000,RR,-1.3699999999999999,0.0927,0.08534345082196704,0.007356549178032967
100000,RR,-1.3599999999999999,0.0937,0.08691496194708509,0.006785038052914916
100000,RR,-1.3499999999999999,0.0956,0.08850799143740207,0.007092008562597937
100000,RR,-1.3399999999999999,0.0969,0.09012267246445249,0.006777327535547509
100000,RR,-1.33,0.0986,0.09175913565028077,0.006840864349719228
100000,RR,-1.32,0.1004,0.09341750899347179,0.006982491006528216
100000,RR,-1.31,0.1025,0.09509791779523902,0.007402082204760976
100000,RR,-1.3,0.1043,0.09680048458561036,0.007499515414389646
100000,RR,-1.29,0.1061,0.09852532904974787,0.0075746709502521326
100000,RR,-1.28,0.1075,0.10027256795444206,0.007227432045557938
100000,RR,-1.27,0.11,0.10204231507481915,0.007957684925180855
100000,RR,-1.26,0.112,0.1038346811213004,0.008165318878699604
100000,RR,-1.25,0.1138,0.10564977366685535,0.008150226333144647
100000,RR,-1.24,0.1164,0.10748769707458694,0.008912302925413063
100000,RR,-1.23,0.119,0.10934855242569191,0.00965144757430808
100000,RR,-1.22,0.1203,0.11123243744783456,0.00906756255216544
100000,RR,-1.21,0.1217,0.11313944644397739,0.008560553556022615
100000,RR,-1.2,0.1232,0.11506967022170822,0.008130329778291784
100000,RR,-1.19,0.1249,0.11702319602310873,0.007876803976891264
100000,RR,-1.18,0.1267,0.11900010745520073,0.007699892544799275
100000,RR,-1.17,0.1292,0.12100048442101824,0.00819951557898177
100000,RR,-1.16,0.1311,0.12302440305134343,0.00807559694865656
100000,RR,-1.15,0.1334,0.12507193563715036,0.008328064362849635
100000,RR,-1.14,0.1358,0.1271431505627983,0.008656849437201714
100000,RR,-1.13,0.1383,0.12923811224001786,0.009061887759982151
100000,RR,-1.1199999999999999,0.1409,0.13135688104273074,0.009543118957269253
100000,RR,-1.1099999999999999,0.143,0.13349951324274728,0.009500486757252707
100000,RR,-1.0999999999999999,0.1451,0.13566606094638267,0.009433939053617335
100000,RR,-1.0899999999999999,0.147,0.1378565720320355,0.009143427967964496
100000,RR,-1.08,0.1488,0.140071090088769,0.008728909911230986
100000,RR,-1.07,0.1517,0.14230965435593923,0.009390345644060771
100000,RR,-1.06,0.1543,0.1445722996639096,0.009727700336090384
100000,RR,-1.05,0.1573,0.1468590563758959,0.010440943624104082
100000,RR,-1.04,0.1595,0.1491699503309814,0.010330049669018598
100000,RR,-1.03,0.1627,0.15150500278834367,0.011194997211656343
100000,RR,-1.02,0.1649,0.15386423037273478,0.011035769627265213
100000,RR,-1.01,0.1666,0.15624764502125466,0.010352354978745343
100000,RR,-1.0,0.1687,0.15865525393145707,0.010044746068542915
100000,RR,-0.9899999999999998,0.1713,0.1610870595108309,0.010212940489169098
100000,RR,-0.98,0.1733,0.16354305932769236,0.009756940672307646
100000,RR,-0.9699999999999998,0.1756,0.1660232460635297,0.009576753936470311
100000,RR,-0.96,0.178,0.16852760746683781,0.009472392533162177
100000,RR,-0.9500000000000002,0.1815,0.17105612630848183,0.010443873691518168
100000,RR,-0.94,0.1843,0.1736087803386246,0.0106912196613754
100000,RR,-0.9300000000000002,0.1875,0.17618554224525784,0.011314457754742158
100000,RR,-0.9199999999999999,0.1897,0.17878637961437172,0.010913620385628292
100000,RR,-0.9100000000000001,0.1914,0.1814112548917972,0.009988745108202773
100000,RR,-0.8999999999999999,0.1939,0.18406012534675953,0.00983987465324046
100000,RR,-0.8900000000000001,0.1969,0.18673294303717258,0.010167056962827409
100000,RR,-0.8799999999999999,0.1994,0.18942965477671214,0.009970345223287852
100000,RR,-0.8700000000000001,0.2029,0.19215020210369615,0.010749797896303842
100000,RR,-0.8599999999999999,0.2057,0.1948945212518084,0.0108054787481916
100000,RR,-0.8500000000000001,0.2073,0.19766254312269238,0.009637456877307632
100000,RR,-0.8399999999999999,0.2096,0.20045419326044972,0.009145806739550288
100000,RR,-0.8300000000000001,0.2126,0.2032693918280684,0.009330608171931598
100000,RR,-0.8199999999999998,0.216,0.20610805358581308,0.00989194641418692
100000,RR,-0.81,0.218,0.2089700878716016,0.009029912128398404
100000,RR,-0.7999999999999998,0.2209,0.21185539858339675,0.009044601416603265
100000,RR,-0.79,0.2232,0.21476388416363712,0.00843611583636289
100000,RR,-0.7799999999999998,0.2252,0.21769543758573318,0.0075045624142668355
100000,RR,-0.77,0.2277,0.22064994634264962,0.007050053657350397
100000,RR,-0.7599999999999998,0.2307,0.2236272924375995,0.007072707562400499
100000,RR,-0.75,0.2329,0.2266273523768682,0.0062726476231317885
100000,RR,-0.7399999999999998,0.2363,0.22964999716479062,0.00665000283520939
100000,RR,-0.73,0.2395,0.2326950923008974,0.00680490769910258
100000,RR,-0.7199999999999998,0.2431,0.23576249777925123,0.007337502220748776
100000,RR,-0.71,0.2459,0.2388520680899867,0.007047931910013294
100000,RR,-0.6999999999999997,0.2488,0.2419636522230731,0.006836347776926904
100000,RR,-0.69,0.2509,0.24509709367430943,0.005802906325690582
100000,RR,-0.6800000000000002,0.2529,0.24825223045357053,0.004647769546429481
100000,RR,-0.6699999999999999,0.2559,0.2514288950953102,0.004471104904689827
100000,RR,-0.6600000000000001,0.259,0.2546269146713361,0.004373085328663928
100000,RR,-0.6499999999999999,0.2624,0.2578461108058647,0.004553889194135297
100000,RR,-0.6400000000000001,0.2658,0.26108629969286157,0.004713700307138413
100000,RR,-0.6299999999999999,0.269,0.2643472921156776,0.004652707884322427
100000,RR,-0.6200000000000001,0.272,0.267628893468983,0.004371106531017022
100000,RR,-0.6099999999999999,0.2742,0.27093090378300577,0.0032690962169942273
100000,RR,-0.6000000000000001,0.2774,0.27425311775007355,0.0031468822499264304
100000,RR,-0.5899999999999999,0.2795,0.27759532475346493,0.0019046752465350925
100000,RR,-0.5800000000000001,0.2829,0.2809573088985643,0.0019426911014356896
100000,RR,-0.5699999999999998,0.287,0.2843388490463242,0.0026611509536757505
100000,RR,-0.56,0.2896,0.28773971884902705,0.0018602811509729755
100000,RR,-0.5499999999999998,0.2924,0.2911596867883464,0.0012403132116535764
100000,RR,-0.54,0.296,0.294598516215698,0.0014014837843019934
100000,RR,-0.5299999999999998,0.2993,0.29805596539487644,0.0012440346051235673
100000,RR,-0.52,0.3024,0.3015317875469662,0.000868212453033812
100000,RR,-0.5099999999999998,0.3053,0.3050257308975195,0.0002742691024805177
100000,RR,-0.5,0.3086,0.3085375387259869,6.246127401310364e-05
100000,RR,-0.48999999999999977,0.3118,0.3120669494173906,-0.00026694941739058287
100000,RR,-0.48,0.3155,0.31561369651622256,-0.00011369651622256116
100000,RR,-0.46999999999999975,0.32,0.3191775087825559,0.000822491217444099
100000,RR,-0.45999999999999996,0.3226,0.32275811025034773,-0.00015811025034773163
100000,RR,-0.44999999999999973,0.3261,0.32635522028792013,-0.0002552202879201326
100000,RR,-0.43999999999999995,0.3308,0.32996855366059363,0.0008314463394063498
100000,RR,-0.43000000000000016,0.3347,0.3335978205954576,0.0011021794045423805
100000,RR,-0.41999999999999993,0.3385,0.3372427268482495,0.0012572731517505042
100000,RR,-0.41000000000000014,0.3424,0.34090297377232254,0.0014970262276774449
100000,RR,-0.3999999999999999,0.3465,0.3445782583896759,0.0019217416103241014
100000,RR,-0.3900000000000001,0.3494,0.34826827346401756,0.0011317265359824247
100000,RR,-0.3799999999999999,0.353,0.35197270757583726,0.001027292424162718
100000,RR,-0.3700000000000001,0.3571,0.3556912451994532,0.001408754800546752
100000,RR,-0.3599999999999999,0.3607,0.3594235667820088,0.001276433217991202
100000,RR,-0.3500000000000001,0.3646,0.3631693488243809,0.0014306511756190798
100000,RR,-0.33999999999999986,0.3685,0.366928263963972,0.0015717360360280042
100000,RR,-0.33000000000000007,0.3711,0.37069998105934643,0.00040001894065355703
100000,RR,-0.31999999999999984,0.3747,0.37448416527668005,0.0002158347233199298
100000,RR,-0.31000000000000005,0.3789,0.3782804781779807,0.0006195218220192977
100000,RR,-0.2999999999999998,0.3825,0.38208857781104744,0.00041142218895257043
100000,RR,-0.29000000000000004,0.3856,0.38590811880112263,-0.00030811880112263657
100000,RR,-0.2799999999999998,0.3898,0.38973875244420286,6.124755579711705e-05
100000,RR,-0.27,0.3932,0.3935801268019605,-0.00038012680196047866
100000,RR,-0.2599999999999998,0.3973,0.3974318867982396,-0.00013188679823961102
100000,RR,-0.25,0.4012,0.4012936743170763,-9.36743170762977e-05
100000,RR,-0.23999999999999977,0.4048,0.40516512830220425,-0.00036512830220425396
100000,RR,-0.22999999999999998,0.4081,0.40904588485799415,-0.0009458848579941281
100000,RR,-0.21999999999999975,0.4113,0.4129355773517855,-0.0016355773517854888
100000,RR,-0.20999999999999996,0.4147,0.41683383651755773,-0.002133836517557719
100000,RR,-0.19999999999999973,0.418,0.42074029056089707,-0.002740290560897085
100000,RR,-0.18999999999999995,0.4218,0.42465456526520456,-0.002854565265204556
100000,RR,-0.18000000000000016,0.4253,0.4285762840990992,-0.0032762840990991915
100000,RR,-0.16999999999999993,0.4296,0.4325050683249616,-0.002905068324961624
100000,RR,-0.16000000000000014,0.4326,0.4364405371085671,-0.0038405371085671325
100000,RR,-0.1499999999999999,0.4369,0.4403823076297575,-0.003482307629757486
100000,RR,-0.14000000000000012,0.4407,0.44432999519409355,-0.0036299951940935715
100000,RR,-0.1299999999999999,0.4452,0.4482832133454389,-0.0030832133454389288
100000,RR,-0.1200000000000001,0.4488,0.4522415739794161,-0.003441573979416135
100000,RR,-0.10999999999999988,0.4516,0.4562046874576833,-0.004604687457683276
100000,RR,-0.10000000000000009,0.4548,0.46017216272297096,-0.0053721627229709745
100000,RR,-0.08999999999999986,0.4592,0.46414360741482796,-0.004943607414827966
100000,RR,-0.08000000000000007,0.4638,0.4681186279860126,-0.004318627986012624
100000,RR,-0.06999999999999984,0.4682,0.472096829819479,-0.0038968298194789752
100000,RR,-0.06000000000000005,0.4727,0.4760778173458931,-0.003377817345893097
100000,RR,-0.04999999999999982,0.4763,0.4800611941616276,-0.0037611941616276234
100000,RR,-0.040000000000000036,0.4798,0.4840465631471692,-0.004246563147169202
100000,RR,-0.029999999999999805,0.4834,0.48803352658588744,-0.004633526585887449
100000,RR,-0.020000000000000018,0.4868,0.492021686283098,-0.005221686283097993
100000,RR,-0.009999999999999787,0.4901,0.49601064368536846,-0.005910643685368477
100000,RR,0.0,0.4942,0.5,-0.005800000000000027
100000,RR,0.010000000000000231,0.4978,0.5039893563146317,-0.006189356314631689
100000,RR,0.020000000000000018,0.5025,0.5079783137169019,-0.005478313716901995
100000,RR,0.03000000000000025,0.5061,0.5119664734141127,-0.005866473414112727
100000,RR,0.040000000000000036,0.5094,0.5159534368528308,-0.0065534368528308296
100000,RR,0.050000000000000266,0.5134,0.5199388058383726,-0.00653880583837263
100000,RR,0.06000000000000005,0.5166,0.5239221826541068,-0.00732218265410689
100000,RR,0.07000000000000028,0.5205,0.5279031701805212,-0.007403170180521279
100000,RR,0.08000000000000007,0.525,0.5318813720139874,-0.006881372013987419
100000,RR,0.08999999999999986,0.529,0.535856392585172,-0.006856392585172011
100000,RR,0.10000000000000009,0.5328,0.539827837277029,-0.007027837277028937
100000,RR,0.10999999999999988,0.536,0.5437953125423167,-0.00779531254231669
100000,RR,0.1200000000000001,0.5391,0.5477584260205839,-0.008658426020583865
100000,RR,0.1299999999999999,0.543,0.5517167866545611,-0.008716786654561104
100000,RR,0.14000000000000012,0.5461,0.5556700048059064,-0.009570004805906418
100000,RR,0.1499999999999999,0.5491,0.5596176923702425,-0.01051769237024247
100000,RR,0.16000000000000014,0.5532,0.5635594628914329,-0.010359462891432858
100000,RR,0.16999999999999993,0.5559,0.5674949316750384,-0.011594931675038445
100000,RR,0.18000000000000016,0.559,0.5714237159009008,-0.012423715900900745
100000,RR,0.18999999999999995,0.5626,0.5753454347347954,-0.012745434734795391
100000,RR,0.20000000000000018,0.5667,0.5792597094391031,-0.012559709439103117
100000,RR,0.20999999999999996,0.5705,0.5831661634824423,-0.012666163482442316
100000,RR,0.2200000000000002,0.574,0.5870644226482147,-0.013064422648214724
100000,RR,0.22999999999999998,0.5781,0.5909541151420059,-0.012854115142005962
100000,RR,0.2400000000000002,0.5816,0.5948348716977959,-0.013234871697795914
100000,RR,0.25,0.5853,0.5987063256829237,-0.013406325682923659
100000,RR,0.26000000000000023,0.5898,0.6025681132017606,-0.012768113201760634
100000,RR,0.27,0.5931,0.6064198731980396,-0.013319873198039622
100000,RR,0.28000000000000025,0.597,0.6102612475557974,-0.013261247555797384
100000,RR,0.29000000000000004,0.6009,0.6140918811988774,-0.013191881198877375
100000,RR,0.30000000000000027,0.6059,0.6179114221889528,-0.012011422188952792
100000,RR,0.31000000000000005,0.6096,0.6217195218220193,-0.012119521822019252
100000,RR,0.3200000000000003,0.6131,0.6255158347233202,-0.012415834723320196
100000,RR,0.33000000000000007,0.6174,0.6293000189406536,-0.011900018940653623
100000,RR,0.33999999999999986,0.6222,0.6330717360360281,-0.01087173603602809
100000,RR,0.3500000000000001,0.6261,0.6368306511756191,-0.01073065117561911
100000,RR,0.3599999999999999,0.6313,0.6405764332179912,-0.009276433217991209
100000,RR,0.3700000000000001,0.6348,0.6443087548005468,-0.009508754800546804
100000,RR,0.3799999999999999,0.6393,0.6480272924241628,-0.008727292424162814
100000,RR,0.3900000000000001,0.6423,0.6517317265359824,-0.009431726535982454
100000,RR,0.3999999999999999,0.6467,0.6554217416103241,-0.008721741610324019
100000,RR,0.41000000000000014,0.651,0.6590970262276774,-0.008097026227677384
100000,RR,0.41999999999999993,0.6543,0.6627572731517505,-0.008457273151750488
100000,RR,0.43000000000000016,0.658,0.6664021794045424,-0.008402179404542354
100000,RR,0.43999999999999995,0.6614,0.6700314463394064,-0.008631446339406379
100000,RR,0.4500000000000002,0.6652,0.67364477971208,-0.00844477971208002
100000,RR,0.45999999999999996,0.6684,0.6772418897496523,-0.008841889749652276
100000,RR,0.4700000000000002,0.6729,0.6808224912174442,-0.00792249121744415
100000,RR,0.48,0.6765,0.6843863034837774,-0.00788630348377739
100000,RR,0.4900000000000002,0.68,0.6879330505826096,-0.007933050582609513
100000,RR,0.5,0.6828,0.6914624612740131,-0.008662461274013156
100000,RR,0.5100000000000002,0.6867,0.6949742691024807,-0.008274269102480747
100000,RR,0.52,0.6902,0.6984682124530338,-0.008268212453033774
100000,RR,0.5300000000000002,0.6937,0.7019440346051237,-0.008244034605123685
100000,RR,0.54,0.6982,0.705401483784302,-0.007201483784301965
100000,RR,0.5500000000000003,0.7013,0.7088403132116537,-0.007540313211653715
100000,RR,0.56,0.705,0.712260281150973,-0.007260281150972991
100000,RR,0.5700000000000003,0.7093,0.7156611509536759,-0.006361150953675843
100000,RR,0.5800000000000001,0.7131,0.7190426911014357,-0.005942691101435749
100000,RR,0.5899999999999999,0.7173,0.7224046752465351,-0.005104675246535018
100000,RR,0.6000000000000001,0.7206,0.7257468822499265,-0.005146882249926432
100000,RR,0.6099999999999999,0.7236,0.7290690962169942,-0.005469096216994207
100000,RR,0.6200000000000001,0.7279,0.732371106531017,-0.004471106531017011
100000,RR,0.6299999999999999,0.7317,0.7356527078843225,-0.003952707884322448
100000,RR,0.6400000000000001,0.7351,0.7389137003071384,-0.0038137003071384568
100000,RR,0.6499999999999999,0.7382,0.7421538891941353,-0.003953889194135307
100000,RR,0.6600000000000001,0.7414,0.745373085328664,-0.003973085328664028
100000,RR,0.6699999999999999,0.7453,0.7485711049046898,-0.0032711049046898477
100000,RR,0.6800000000000002,0.7478,0.7517477695464294,-0.003947769546429392
100000,RR,0.69,0.7516,0.7549029063256906,-0.0033029063256905244
100000,RR,0.7000000000000002,0.7551,0.758036347776927,-0.002936347776926973
100000,RR,0.71,0.7586,0.7611479319100133,-0.0025479319100132347
100000,RR,0.7200000000000002,0.7608,0.7642375022207488,-0.0034375022207487893
100000,RR,0.73,0.7626,0.7673049076991025,-0.0047049076991025895
100000,RR,0.7400000000000002,0.7648,0.7703500028352095,-0.0055500028352094555
100000,RR,0.75,0.768,0.7733726476231317,-0.005372647623131721
100000,RR,0.7600000000000002,0.7713,0.7763727075624006,-0.005072707562400636
100000,RR,0.77,0.7739,0.7793500536573503,-0.0054500536573502956
100000,RR,0.7800000000000002,0.7769,0.782304562414267,-0.005404562414267011
100000,RR,0.79,0.7794,0.7852361158363629,-0.0058361158363628984
100000,RR,0.8000000000000003,0.7822,0.7881446014166034,-0.005944601416603357
100000,RR,0.81,0.7865,0.7910299121283983,-0.004529912128398372
100000,RR,0.8200000000000003,0.7893,0.793891946414187,-0.004591946414187031
100000,RR,0.8300000000000001,0.7919,0.7967306081719316,-0.004830608171931594
100000,RR,0.8399999999999999,0.7946,0.7995458067395502,-0.004945806739550251
100000,RR,0.8500000000000001,0.797,0.8023374568773076,-0.005337456877307578
100000,RR,0.8599999999999999,0.8002,0.8051054787481916,-0.004905478748191583
100000,RR,0.8700000000000001,0.8029,0.8078497978963038,-0.004949797896303898
100000,RR,0.8799999999999999,0.8049,0.8105703452232879,-0.005670345223287909
100000,RR,0.8900000000000001,0.8069,0.8132670569628274,-0.0063670569628274665
100000,RR,0.8999999999999999,0.8096,0.8159398746532405,-0.006339874653240485
100000,RR,0.9100000000000001,0.8129,0.8185887451082028,-0.005688745108202831
100000,RR,0.9199999999999999,0.8152,0.8212136203856283,-0.006013620385628249
100000,RR,0.9300000000000002,0.8174,0.8238144577547422,-0.006414457754742142
100000,RR,0.94,0.8201,0.8263912196613754,-0.006291219661375358
100000,RR,0.9500000000000002,0.8228,0.8289438736915182,-0.0061438736915182535
100000,RR,0.96,0.8249,0.8314723925331622,-0.006572392533162219
100000,RR,0.9700000000000002,0.827,0.8339767539364704,-0.006976753936470459
100000,RR,0.98,0.8296,0.8364569406723077,-0.0068569406723076876
100000,RR,0.9900000000000002,0.8325,0.8389129404891691,-0.006412940489169072
100000,RR,1.0,0.8354,0.8413447460685429,-0.005944746068542894
100000,RR,1.0099999999999998,0.8384,0.8437523549787453,-0.005352354978745311
100000,RR,1.0200000000000005,0.8413,0.8461357696272652,-0.004835769627265174
100000,RR,1.0300000000000002,0.8442,0.8484949972116563,-0.004294997211656382
100000,RR,1.04,0.8472,0.8508300496690187,-0.003630049669018698
100000,RR,1.0499999999999998,0.8492,0.853140943624104,-0.003940943624104021
100000,RR,1.0600000000000005,0.8521,0.8554277003360906,-0.0033277003360906443
100000,RR,1.0700000000000003,0.8542,0.8576903456440608,-0.0034903456440608105
100000,RR,1.08,0.8554,0.859928909911231,-0.004528909911231005
100000,RR,1.0899999999999999,0.8578,0.8621434279679645,-0.004343427967964497
100000,RR,1.0999999999999996,0.8603,0.8643339390536173,-0.004033939053617375
100000,RR,1.1100000000000003,0.8619,0.8665004867572528,-0.004600486757252775
100000,RR,1.12,0.8631,0.8686431189572693,-0.005543118957269333
100000,RR,1.13,0.8651,0.8707618877599821,-0.005661887759982109
100000,RR,1.1399999999999997,0.8679,0.8728568494372017,-0.004956849437201649
100000,RR,1.1500000000000004,0.8694,0.8749280643628499,-0.005528064362849916
100000,RR,1.1600000000000001,0.872,0.8769755969486566,-0.004975596948656569
100000,RR,1.17,0.8747,0.8789995155789818,-0.004299515578981783
100000,RR,1.1799999999999997,0.8764,0.8809998925447993,-0.004599892544799311
100000,RR,1.1900000000000004,0.8788,0.8829768039768913,-0.004176803976891241
100000,RR,1.2000000000000002,0.8813,0.8849303297782918,-0.0036303297782918076
100000,RR,1.21,0.8836,0.8868605535560226,-0.003260553556022505
100000,RR,1.2199999999999998,0.8858,0.8887675625521653,-0.002967562552165237
100000,RR,1.2300000000000004,0.8874,0.8906514475743081,-0.003251447574308175
100000,RR,1.2400000000000002,0.8894,0.8925123029254132,-0.0031123029254132017
100000,RR,1.25,0.8917,0.8943502263331446,-0.0026502263331446008
100000,RR,1.2599999999999998,0.8937,0.8961653188786995,-0.002465318878699496
100000,RR,1.2700000000000005,0.8952,0.8979576849251809,-0.0027576849251809143
100000,RR,1.2800000000000002,0.8967,0.8997274320455579,-0.0030274320455578874
100000,RR,1.29,0.8983,0.9014746709502521,-0.0031746709502521453
100000,RR,1.2999999999999998,0.8995,0.9031995154143896,-0.0036995154143896203
100000,RR,1.3100000000000005,0.9007,0.9049020822047611,-0.004202082204761148
100000,RR,1.3200000000000003,0.9028,0.9065824910065282,-0.003782491006528166
100000,RR,1.33,0.9047,0.9082408643497193,-0.0035408643497193415
100000,RR,1.3399999999999999,0.9062,0.9098773275355475,-0.0036773275355475032
100000,RR,1.3500000000000005,0.9076,0.9114920085625979,-0.0038920085625979706
100000,RR,1.3600000000000003,0.9094,0.913085038052915,-0.0036850380529149795
100000,RR,1.37,0.9112,0.914656549178033,-0.0034565491780329527
100000,RR,1.38,0.9128,0.9162066775849856,-0.0034066775849856956
100000,RR,1.3899999999999997,0.9142,0.917735561322331,-0.0035355613223310156
100000,RR,1.4000000000000004,0.9161,0.919243340766229,-0.003143340766229019
100000,RR,1.4100000000000001,0.9177,0.9207301585466077,-0.0030301585466077086
100000,RR,1.42,0.9188,0.9221961594734536,-0.0033961594734536193
100000,RR,1.4299999999999997,0.9201,0.9236414904632608,-0.003541490463260799
100000,RR,1.4400000000000004,0.9219,0.9250663004656731,-0.003166300465673011
100000,RR,1.4500000000000002,0.9233,0.9264707403903517,-0.0031707403903517006
100000,RR,1.46,0.9252,0.9278549630341062,-0.0026549630341061725
100000,RR,1.4699999999999998,0.9263,0.9292191230083144,-0.002919123008314428
100000,RR,1.4800000000000004,0.9277,0.9305633766666683,-0.00286337666666836
100000,RR,1.4900000000000002,0.9282,0.9318878820332746,-0.0036878820332745255
100000,RR,1.5,0.9293,0.9331927987311419,-0.0038927987311419
100000,RR,1.5099999999999998,0.9313,0.9344782879110834,-0.0031782879110834328
100000,RR,1.5200000000000005,0.9324,0.9357445121810642,-0.003344512181064241
100000,RR,1.5300000000000002,0.9337,0.9369916355360216,-0.003291635536021631
100000,RR,1.54,0.9346,0.9382198232881881,-0.0036198232881881065
100000,RR,1.5499999999999998,0.9359,0.939429241997941,-0.003529241997941024
100000,RR,1.5600000000000005,0.9374,0.9406200594052071,-0.0032200594052070874
100000,RR,1.5700000000000003,0.9379,0.941792444361447,-0.0038924443614470894
100000,RR,1.58,0.9388,0.9429465667622459,-0.004146566762245896
100000,RR,1.5899999999999999,0.9403,0.9440825974805306,-0.0037825974805305584
100000,RR,1.6000000000000005,0.9414,0.9452007083004421,-0.0038007083004421016
100000,RR,1.6100000000000003,0.9422,0.9463010718518803,-0.004101071851880245
100000,RR,1.62,0.9429,0.9473838615457479,-0.00448386154574798
100000,RR,1.63,0.9437,0.9484492515099107,-0.004749251509910679
100000,RR,1.6399999999999997,0.9447,0.9494974165258963,-0.00479741652589627
100000,RR,1.6500000000000004,0.9452,0.9505285319663519,-0.005328531966351857
100000,RR,1.6600000000000001,0.9465,0.9515427737332772,-0.005042773733277217
100000,RR,1.67,0.9472,0.9525403181970526,-0.005340318197052607
100000,RR,1.6799999999999997,0.9478,0.9535213421362799,-0.00572134213627995
100000,RR,1.6900000000000004,0.9491,0.9544860226784502,-0.00538602267845012
100000,RR,1.7000000000000002,0.9503,0.955434537241457,-0.00513453724145696
100000,RR,1.71,0.9509,0.9563670634759681,-0.005467063475968148
100000,RR,1.7199999999999998,0.9518,0.957283779208671,-0.005483779208671047
100000,RR,1.7300000000000004,0.9527,0.9581848623864051,-0.005484862386405109
100000,RR,1.7400000000000002,0.9536,0.9590704910211927,-0.0054704910211926805
100000,RR,1.75,0.9545,0.9599408431361829,-0.005440843136182871
100000,RR,1.7599999999999998,0.9551,0.9607960967125173,-0.005696096712517362
100000,RR,1.7700000000000005,0.9561,0.9616364296371288,-0.005536429637128859
100000,RR,1.7800000000000002,0.9568,0.9624620196514833,-0.005662019651483274
100000,RR,1.79,0.9576,0.9632730443012737,-0.005673044301273689
100000,RR,1.7999999999999998,0.9587,0.9640696808870742,-0.005369680887074235
100000,RR,1.8100000000000005,0.9593,0.9648521064159612,-0.0055521064159611555
100000,RR,1.8200000000000003,0.9598,0.9656204975541101,-0.005820497554110071
100000,RR,1.83,0.9603,0.9663750305803717,-0.006075030580371621
100000,RR,1.8399999999999999,0.9613,0.9671158813408361,-0.005815881340836104
100000,RR,1.8500000000000005,0.9619,0.9678432252043864,-0.005943225204386393
100000,RR,1.8600000000000003,0.9632,0.9685572370192473,-0.005357237019247396
100000,RR,1.87,0.9644,0.9692580910705341,-0.004858091070534032
100000,RR,1.88,0.9651,0.9699459610388002,-0.004845961038800195
100000,RR,1.8899999999999997,0.9658,0.9706210199595906,-0.004821019959590611
100000,RR,1.9000000000000004,0.9669,0.9712834401839983,-0.004383440183998277
100000,RR,1.9100000000000001,0.9678,0.9719333933402275,-0.0041333933402275536
100000,RR,1.92,0.9686,0.9725710502961632,-0.003971050296163181
100000,RR,1.9299999999999997,0.9694,0.973196581122945,-0.0037965811229450086
100000,RR,1.9400000000000004,0.97,0.9738101550595474,-0.0038101550595474043
100000,RR,1.9500000000000002,0.9706,0.9744119404783614,-0.0038119404783614197
100000,RR,1.96,0.9711,0.9750021048517795,-0.003902104851779553
100000,RR,1.9699999999999998,0.9719,0.9755808147197774,-0.0036808147197774366
100000,RR,1.9800000000000004,0.9728,0.9761482356584915,-0.0033482356584915163
100000,RR,1.9900000000000002,0.9731,0.9767045322497881,-0.0036045322497881838
100000,RR,2.0,0.9737,0.9772498680518208,-0.0035498680518207815
100000,RR,2.01,0.9743,0.9777844055705686,-0.003484405570568505
100000,RR,2.0200000000000005,0.9749,0.9783083062323532,-0.00340830623235322
100000,RR,2.0300000000000002,0.9752,0.9788217303573278,-0.0036217303573278237
100000,RR,2.04,0.9759,0.9793248371339299,-0.0034248371339299366
100000,RR,2.05,0.9765,0.9798177845942956,-0.0033177845942955475
100000,RR,2.0600000000000005,0.977,0.9803007295906231,-0.0033007295906231082
100000,RR,2.0700000000000003,0.9772,0.9807738277724828,-0.0035738277724828293
100000,RR,2.08,0.9777,0.9812372335650622,-0.0035372335650621922
100000,RR,2.09,0.9787,0.981691100148341,-0.0029911001483410304
100000,RR,2.1000000000000005,0.9795,0.9821355794371834,-0.0026355794371833996
100000,RR,2.1100000000000003,0.9797,0.9825708220623429,-0.0028708220623429037
100000,RR,2.12,0.9802,0.9829969773523672,-0.0027969773523672803
100000,RR,2.13,0.9807,0.983414193316395,-0.002714193316394997
100000,RR,2.1399999999999997,0.9815,0.9838226166278339,-0.00232261662783384
100000,RR,2.1500000000000004,0.9823,0.9842223926089095,-0.0019223926089095844
100000,RR,2.16,0.9828,0.9846136652160745,-0.0018136652160745115
100000,RR,2.17,0.9829,0.9849965770262678,-0.002096577026267754
100000,RR,2.1799999999999997,0.9832,0.9853712692240107,-0.0021712692240107856
100000,RR,2.1900000000000004,0.9838,0.9857378815893312,-0.0019378815893311696
100000,RR,2.2,0.9843,0.9860965524865014,-0.001796552486501457
100000,RR,2.21,0.9847,0.98644741885358,-0.001747418853579985
100000,RR,2.2199999999999998,0.985,0.9867906161927437,-0.001790616192743677
100000,RR,2.2300000000000004,0.9853,0.987126278561398,-0.0018262785613980537
100000,RR,2.24,0.9856,0.9874545385640534,-0.0018545385640533762
100000,RR,2.25,0.9861,0.9877755273449553,-0.001675527344955352
100000,RR,2.26,0.9864,0.988089374581453,-0.001689374581452907
100000,RR,2.2700000000000005,0.9867,0.9883962084780965,-0.0016962084780964837
100000,RR,2.2800000000000002,0.9871,0.9886961557614472,-0.0015961557614472266
100000,RR,2.29,0.9873,0.9889893416755886,-0.0016893416755886514
100000,RR,2.3,0.9876,0.9892758899783242,-0.00167588997832413
100000,RR,2.3100000000000005,0.9877,0.989555922938049,-0.0018559229380489262
100000,RR,2.3200000000000003,0.988,0.9898295613312803,-0.001829561331280316
100000,RR,2.33,0.9882,0.9900969244408357,-0.0018969244408357788
100000,RR,2.34,0.9885,0.9903581300546417,-0.001858130054641638
100000,RR,2.3500000000000005,0.9885,0.9906132944651614,-0.002113294465161397
100000,RR,2.3600000000000003,0.9887,0.9908625324694273,-0.002162532469427325
100000,RR,2.37,0.9889,0.9911059573696632,-0.002205957369663225
100000,RR,2.38,0.9891,0.9913436809744834,-0.002243680974483464
100000,RR,2.3899999999999997,0.9893,0.9915758136006543,-0.0022758136006543195
100000,RR,2.4000000000000004,0.9895,0.9918024640754038,-0.0023024640754037984
100000,RR,2.41,0.9898,0.9920237397392663,-0.0022237397392662617
100000,RR,2.42,0.9898,0.9922397464494463,-0.002439746449446334
100000,RR,2.4299999999999997,0.9901,0.9924505885836908,-0.00235058858369086
100000,RR,2.4400000000000004,0.9905,0.9926563690446517,-0.0021563690446516626
100000,RR,2.45,0.9906,0.9928571892647285,-0.0022571892647285097
100000,RR,2.46,0.9909,0.9930531492113757,-0.00215314921137566
100000,RR,2.4699999999999998,0.9912,0.9932443473928594,-0.0020443473928594136
100000,RR,2.4800000000000004,0.9915,0.9934308808644533,-0.001930880864453255
100000,RR,2.49,0.9918,0.9936128452350568,-0.0018128452350567592
100000,RR,2.5,0.9921,0.9937903346742238,-0.001690334674223859
100000,RR,2.51,0.9925,0.9939634419195873,-0.0014634419195872495
100000,RR,2.5200000000000005,0.9926,0.9941322582846674,-0.0015322582846674093
100000,RR,2.5300000000000002,0.9927,0.9942968736670493,-0.0015968736670493033
100000,RR,2.54,0.9929,0.9944573765569173,-0.0015573765569173448
100000,RR,2.55,0.9931,0.9946138540459333,-0.0015138540459332939
100000,RR,2.5600000000000005,0.9931,0.9947663918364442,-0.0016663918364442365
100000,RR,2.5700000000000003,0.9934,0.994915074251009,-0.001515074251009052
100000,RR,2.58,0.9936,0.9950599842422293,-0.001459984242229262
100000,RR,2.59,0.9937,0.9952012034028738,-0.0015012034028737409
100000,RR,2.6000000000000005,0.9939,0.9953388119762813,-0.0014388119762812623
100000,RR,2.6100000000000003,0.994,0.9954728888670327,-0.0014728888670326734
100000,RR,2.62,0.9942,0.9956035116518787,-0.001403511651878686
100000,RR,2.63,0.9944,0.9957307565909107,-0.0013307565909107533
100000,RR,2.6399999999999997,0.9946,0.9958546986389639,-0.0012546986389638803
100000,RR,2.6500000000000004,0.9948,0.9959754114572417,-0.0011754114572416485
100000,RR,2.66,0.995,0.9960929674251472,-0.0010929674251471955
100000,RR,2.67,0.9953,0.9962074376523146,-0.0009074376523146022
100000,RR,2.6799999999999997,0.9955,0.996318891990825,-0.0008188919908249659
100000,RR,2.6900000000000004,0.9955,0.9964273990476002,-0.000927399047600197
100000,RR,2.7,0.9957,0.9965330261969594,-0.0008330261969593522
100000,RR,2.71,0.9958,0.9966358395933308,-0.0008358395933307783
100000,RR,2.7199999999999998,0.9958,0.9967359041841087,-0.0009359041841087157
100000,RR,2.7300000000000004,0.9958,0.9968332837226422,-0.0010332837226422198
100000,RR,2.74,0.9961,0.9969280407813496,-0.0008280407813495705
100000,RR,2.75,0.9961,0.9970202367649454,-0.000920236764945459
100000,RR,2.76,0.9963,0.9971099319237738,-0.0008099319237738767
100000,RR,2.7700000000000005,0.9963,0.997197185367235,-0.0008971853672350427
100000,RR,2.7800000000000002,0.9963,0.9972820550772987,-0.0009820550772987602
100000,RR,2.79,0.9967,0.9973645979220951,-0.000664597922095056
100000,RR,2.8,0.9968,0.997444869669572,-0.0006448696695720013
100000,RR,2.8100000000000005,0.9969,0.9975229250012141,-0.0006229250012140808
100000,RR,2.8200000000000003,0.9972,0.9975988175258107,-0.00039881752581072405
100000,RR,2.83,0.9972,0.9976725997932685,-0.0004725997932685244
100000,RR,2.84,0.9972,0.9977443233084576,-0.0005443233084576615
100000,RR,2.8500000000000005,0.9972,0.9978140385450868,-0.0006140385450867925
100000,RR,2.8600000000000003,0.9972,0.9978817949595954,-0.0006817949595954165
100000,RR,2.87,0.9974,0.9979476410050603,-0.0005476410050603286
100000,RR,2.88,0.9974,0.9980116241451057,-0.000611624145105738
100000,RR,2.8899999999999997,0.9976,0.9980737908678121,-0.0004737908678120739
100000,RR,2.9000000000000004,0.9978,0.998134186699616,-0.00033418669961593483
100000,RR,2.91,0.9978,0.9981928562191936,-0.0003928562191936047
100000,RR,2.92,0.998,0.9982498430713239,-0.0002498430713239186
100000,RR,2.9299999999999997,0.9984,0.9983051899807227,9.481001927724719e-05
100000,RR,2.9400000000000004,0.9984,0.998358938765843,4.1061234156924975e-05
100000,RR,2.95,0.9985,0.9984111303526352,8.886964736487535e-05
100000,RR,2.96,0.9985,0.998461804788262,3.819521173809015e-05
100000,RR,2.9699999999999998,0.9985,0.9985110012547626,-1.1001254762499357e-05
100000,RR,2.9800000000000004,0.9986,0.99855875808266,4.124191734000693e-05
100000,RR,2.99,0.9986,0.9986051127645078,-5.1127645077642114e-06
100000,RR,3.0,0.9986,0.9986501019683699,-5.010196836985337e-05
100000,single_alpha,-3.0,0.0005,0.0013498980316300933,-0.0008498980316300933
100000,single_alpha,-2.99,0.0005,0.0013948872354922468,-0.0008948872354922468
100000,single_alpha,-2.98,0.0005,0.0014412419173400134,-0.0009412419173400134
100000,single_alpha,-2.97,0.0005,0.0014889987452374632,-0.0009889987452374632
100000,single_alpha,-2.96,0.0005,0.0015381952117380577,-0.0010381952117380576
100000,single_alpha,-2.95,0.0005,0.0015888696473648667,-0.0010888696473648667
100000,single_alpha,-2.94,0.0005,0.0016410612341569964,-0.0011410612341569964
100000,single_alpha,-2.93,0.0005,0.0016948100192772598,-0.0011948100192772598
100000,single_alpha,-2.92,0.0005,0.0017501569286760992,-0.0012501569286760992
100000,single_alpha,-2.91,0.0005,0.0018071437808064273,-0.0013071437808064273
100000,single_alpha,-2.9,0.0005,0.0018658133003840375,-0.0013658133003840375
100000,single_alpha,-2.89,0.0006,0.0019262091321878587,-0.0013262091321878588
100000,single_alpha,-2.88,0.0007,0.0019883758548943256,-0.0012883758548943255
100000,single_alpha,-2.87,0.0007,0.0020523589949397536,-0.0013523589949397535
100000,single_alpha,-2.86,0.0007,0.0021182050404046217,-0.0014182050404046216
100000,single_alpha,-2.85,0.0007,0.0021859614549132405,-0.0014859614549132404
100000,single_alpha,-2.84,0.0007,0.0022556766915423202,-0.0015556766915423201
100000,single_alpha,-2.83,0.0007,0.0023274002067315515,-0.0016274002067315513
100000,single_alpha,-2.82,0.0007,0.0024011824741892525,-0.0017011824741892524
100000,single_alpha,-2.81,0.0007,0.002477074998785861,-0.0017770749987858609
100000,single_alpha,-2.8,0.0007,0.002555130330427932,-0.001855130330427932
100000,single_alpha,-2.79,0.0008,0.0026354020779049527,-0.0018354020779049528
100000,single_alpha,-2.78,0.0008,0.0027179449227012578,-0.0019179449227012578
100000,single_alpha,-2.77,0.0009,0.002802814632765025,-0.0019028146327650251
100000,single_alpha,-2.76,0.001,0.0028900680762261478,-0.0018900680762261477
100000,single_alpha,-2.75,0.001,0.002979763235054555,-0.001979763235054555
100000,single_alpha,-2.74,0.001,0.003071959218650488,-0.002071959218650488
100000,single_alpha,-2.73,0.001,0.0031667162773577934,-0.0021667162773577934
100000,single_alpha,-2.7199999999999998,0.0011,0.0032640958158913144,-0.002164095815891314
100000,single_alpha,-2.71,0.0011,0.0033641604066691933,-0.0022641604066691934
100000,single_alpha,-2.7,0.0011,0.0034669738030406647,-0.002366973803040665
100000,single_alpha,-2.69,0.0012,0.0035726009523997368,-0.002372600952399737
100000,single_alpha,-2.68,0.0012,0.00368110800917498,-0.0024811080091749803
100000,single_alpha,-2.67,0.0012,0.0037925623476854887,-0.0025925623476854886
100000,single_alpha,-2.66,0.0012,0.003907032574852774,-0.0027070325748527746
100000,single_alpha,-2.65,0.0014,0.004024588542758306,-0.002624588542758306
100000,single_alpha,-2.64,0.0015,0.004145301361036037,-0.0026453013610360366
100000,single_alpha,-2.63,0.0015,0.004269243409089351,-0.0027692434090893507
100000,single_alpha,-2.62,0.0015,0.004396488348121309,-0.002896488348121309
100000,single_alpha,-2.61,0.0015,0.004527111132967324,-0.003027111132967324
100000,single_alpha,-2.6,0.0015,0.004661188023718747,-0.0031611880237187467
100000,single_alpha,-2.59,0.0015,0.004798796597126178,-0.0032987965971261776
100000,single_alpha,-2.58,0.0015,0.004940015757770645,-0.0034400157577706447
100000,single_alpha,-2.57,0.0016,0.0050849257489910355,-0.0034849257489910357
100000,single_alpha,-2.56,0.0016,0.005233608163555782,-0.0036336081635557817
100000,single_alpha,-2.55,0.0016,0.005386145954066687,-0.003786145954066687
100000,single_alpha,-2.54,0.0016,0.005542623443082601,-0.003942623443082601
100000,single_alpha,-2.53,0.0017,0.005703126332950699,-0.004003126332950699
100000,single_alpha,-2.52,0.0017,0.005867741715332562,-0.004167741715332562
100000,single_alpha,-2.51,0.0018,0.006036558080412666,-0.004236558080412666
100000,single_alpha,-2.5,0.0019,0.006209665325776132,-0.0043096653257761325
100000,single_alpha,-2.49,0.0019,0.006387154764943171,-0.0044871547649431714
100000,single_alpha,-2.48,0.002,0.006569119135546763,-0.004569119135546763
100000,single_alpha,-2.4699999999999998,0.002,0.006755652607140651,-0.004755652607140651
100000,single_alpha,-2.46,0.002,0.006946850788624312,-0.004946850788624312
100000,single_alpha,-2.45,0.002,0.007142810735271415,-0.005142810735271415
100000,single_alpha,-2.44,0.0022,0.007343630955348342,-0.005143630955348342
100000,single_alpha,-2.4299999999999997,0.0023,0.007549411416309213,-0.005249411416309213
100000,single_alpha,-2.42,0.0024,0.0077602535505536425,-0.005360253550553643
100000,single_alpha,-2.41,0.0025,0.007976260260733725,-0.005476260260733725
100000,single_alpha,-2.4,0.0027,0.008197535924596131,-0.005497535924596131
100000,single_alpha,-2.39,0.0027,0.008424186399345685,-0.005724186399345685
100000,single_alpha,-2.38,0.0029,0.008656319025516543,-0.005756319025516543
100000,single_alpha,-2.37,0.0031,0.008894042630336772,-0.005794042630336772
100000,single_alpha,-2.36,0.0032,0.009137467530572669,-0.005937467530572669
100000,single_alpha,-2.35,0.0032,0.009386705534838566,-0.0061867055348385665
100000,single_alpha,-2.34,0.0034,0.00964186994535833,-0.00624186994535833
100000,single_alpha,-2.33,0.0035,0.009903075559164245,-0.0064030755591642455
100000,single_alpha,-2.32,0.0037,0.01017043866871968,-0.0064704386687196806
100000,single_alpha,-2.31,0.0037,0.010444077061951083,-0.0067440770619510825
100000,single_alpha,-2.3,0.0039,0.010724110021675809,-0.006824110021675809
100000,single_alpha,-2.29,0.0039,0.011010658324411388,-0.007110658324411388
100000,single_alpha,-2.2800000000000002,0.0042,0.01130384423855278,-0.007103844238552781
100000,single_alpha,-2.27,0.0043,0.011603791521903535,-0.007303791521903535
100000,single_alpha,-2.26,0.0044,0.011910625418547066,-0.007510625418547066
100000,single_alpha,-2.25,0.0045,0.012224472655044696,-0.007724472655044696
100000,single_alpha,-2.24,0.0046,0.012545461435946563,-0.007945461435946563
100000,single_alpha,-2.23,0.0048,0.012873721438602014,-0.008073721438602015
100000,single_alpha,-2.2199999999999998,0.0051,0.013209383807256284,-0.008109383807256284
100000,single_alpha,-2.21,0.0053,0.013552581146419983,-0.008252581146419982
100000,single_alpha,-2.2,0.0055,0.013903447513498595,-0.008403447513498596
100000,single_alpha,-2.19,0.0059,0.014262118410668878,-0.008362118410668879
100000,single_alpha,-2.1799999999999997,0.0062,0.014628730775989262,-0.008428730775989261
100000,single_alpha,-2.17,0.0064,0.015003422973732207,-0.008603422973732205
100000,single_alpha,-2.16,0.0064,0.015386334783925445,-0.008986334783925444
100000,single_alpha,-2.15,0.0066,0.0157776073910905,-0.0091776073910905
100000,single_alpha,-2.14,0.0069,0.01617738337216608,-0.00927738337216608
100000,single_alpha,-2.13,0.007,0.01658580668360501,-0.009585806683605012
100000,single_alpha,-2.12,0.0072,0.017003022647632787,-0.009803022647632787
100000,single_alpha,-2.11,0.0074,0.017429177937657088,-0.010029177937657088
100000,single_alpha,-2.1,0.0076,0.017864420562816542,-0.010264420562816543
100000,single_alpha,-2.09,0.0078,0.01830889985165897,-0.01050889985165897
100000,single_alpha,-2.08,0.0079,0.01876276643493775,-0.010862766434937748
100000,single_alpha,-2.07,0.0081,0.019226172227517282,-0.011126172227517283
100000,single_alpha,-2.06,0.0083,0.019699270409376895,-0.011399270409376895
100000,single_alpha,-2.05,0.0087,0.020182215405704394,-0.011482215405704394
100000,single_alpha,-2.04,0.009,0.020675162866070042,-0.011675162866070043
100000,single_alpha,-2.0300000000000002,0.0091,0.02117826964267226,-0.012078269642672258
100000,single_alpha,-2.02,0.0094,0.02169169376764678,-0.01229169376764678
100000,single_alpha,-2.01,0.0095,0.022215594429431475,-0.012715594429431475
100000,single_alpha,-2.0,0.0095,0.022750131948179195,-0.013250131948179195
100000,single_alpha,-1.99,0.0098,0.02329546775021182,-0.01349546775021182
100000,single_alpha,-1.98,0.0098,0.023851764341508513,-0.014051764341508514
100000,single_alpha,-1.97,0.0103,0.024419185280222543,-0.014119185280222542
100000,single_alpha,-1.96,0.0108,0.024997895148220435,-0.014197895148220434
100000,single_alpha,-1.95,0.011,0.02558805952163861,-0.014588059521638611
100000,single_alpha,-1.94,0.0115,0.026189844940452685,-0.014689844940452685
100000,single_alpha,-1.93,0.0118,0.02680341887705495,-0.015003418877054949
100000,single_alpha,-1.92,0.0122,0.027428949703836802,-0.015228949703836802
100000,single_alpha,-1.91,0.0125,0.0280666066597725,-0.0155666066597725
100000,single_alpha,-1.9,0.0127,0.028716559816001803,-0.016016559816001804
100000,single_alpha,-1.89,0.013,0.02937898004040943,-0.016378980040409434
100000,single_alpha,-1.88,0.0136,0.03005403896119979,-0.01645403896119979
100000,single_alpha,-1.8699999999999999,0.0137,0.030741908929465968,-0.017041908929465967
100000,single_alpha,-1.8599999999999999,0.0142,0.031442762980752714,-0.017242762980752713
100000,single_alpha,-1.8499999999999999,0.0146,0.03215677479561371,-0.01755677479561371
100000,single_alpha,-1.84,0.0148,0.03288411865916389,-0.018084118659163886
100000,single_alpha,-1.83,0.0153,0.0336249694196283,-0.0183249694196283
100000,single_alpha,-1.82,0.0154,0.03437950244588998,-0.018979502445889977
100000,single_alpha,-1.81,0.0157,0.03514789358403879,-0.01944789358403879
100000,single_alpha,-1.8,0.0166,0.03593031911292579,-0.01933031911292579
100000,single_alpha,-1.79,0.0171,0.03672695569872628,-0.019626955698726276
100000,single_alpha,-1.78,0.0172,0.03753798034851679,-0.02033798034851679
100000,single_alpha,-1.77,0.0175,0.03836357036287122,-0.020863570362871217
100000,single_alpha,-1.76,0.0179,0.03920390328748265,-0.021303903287482648
100000,single_alpha,-1.75,0.0182,0.040059156863817086,-0.021859156863817085
100000,single_alpha,-1.74,0.0185,0.040929508978807365,-0.022429508978807366
100000,single_alpha,-1.73,0.0193,0.04181513761359493,-0.022515137613594926
100000,single_alpha,-1.72,0.0198,0.04271622079132892,-0.022916220791328917
100000,single_alpha,-1.71,0.0203,0.0436329365240319,-0.0233329365240319
100000,single_alpha,-1.7,0.0209,0.04456546275854304,-0.023665462758543043
100000,single_alpha,-1.69,0.0217,0.045513977321549805,-0.023813977321549804
100000,single_alpha,-1.68,0.0229,0.046478657863720046,-0.023578657863720046
100000,single_alpha,-1.67,0.0232,0.04745968180294733,-0.024259681802947332
100000,single_alpha,-1.66,0.0234,0.04845722626672282,-0.025057226266722823
100000,single_alpha,-1.65,0.0241,0.0494714680336481,-0.025371468033648103
100000,single_alpha,-1.64,0.0245,0.05050258347410371,-0.02600258347410371
100000,single_alpha,-1.63,0.0248,0.051550748490089365,-0.026750748490089366
100000,single_alpha,-1.6199999999999999,0.0256,0.05261613845425206,-0.027016138454252058
100000,single_alpha,-1.6099999999999999,0.0263,0.053698928148119704,-0.027398928148119703
100000,single_alpha,-1.5999999999999999,0.0268,0.054799291699558,-0.027999291699558
100000,single_alpha,-1.59,0.0272,0.055917402519469424,-0.028717402519469425
100000,single_alpha,-1.58,0.0276,0.057053433237754185,-0.029453433237754185
100000,single_alpha,-1.57,0.0282,0.058207555638553,-0.030007555638553004
100000,single_alpha,-1.56,0.0291,0.05937994059479304,-0.03027994059479304
100000,single_alpha,-1.55,0.0297,0.06057075800205901,-0.030870758002059007
100000,single_alpha,-1.54,0.0299,0.061780176711811886,-0.03188017671181188
100000,single_alpha,-1.53,0.0302,0.06300836446397844,-0.03280836446397843
100000,single_alpha,-1.52,0.0307,0.06425548781893581,-0.0335554878189358
100000,single_alpha,-1.51,0.031,0.0655217120889165,-0.034521712088916495
100000,single_alpha,-1.5,0.0318,0.06680720126885807,-0.03500720126885807
100000,single_alpha,-1.49,0.0322,0.06811211796672544,-0.035912117966725436
100000,single_alpha,-1.48,0.0328,0.06943662333333173,-0.03663662333333172
100000,single_alpha,-1.47,0.0331,0.07078087699168552,-0.03768087699168552
100000,single_alpha,-1.46,0.0336,0.07214503696589378,-0.03854503696589378
100000,single_alpha,-1.45,0.0338,0.07352925960964836,-0.03972925960964836
100000,single_alpha,-1.44,0.0344,0.07493369953432708,-0.040533699534327075
100000,single_alpha,-1.43,0.0348,0.07635850953673913,-0.04155850953673913
100000,single_alpha,-1.42,0.0356,0.07780384052654638,-0.042203840526546375
100000,single_alpha,-1.41,0.0365,0.07926984145339239,-0.04276984145339239
100000,single_alpha,-1.4,0.037,0.08075665923377107,-0.04375665923377107
100000,single_alpha,-1.39,0.0381,0.08226443867766892,-0.044164438677668914
100000,single_alpha,-1.38,0.0387,0.08379332241501436,-0.04509332241501436
100000,single_alpha,-1.3699999999999999,0.0391,0.08534345082196704,-0.046243450821967035
100000,single_alpha,-1.3599999999999999,0.0395,0.08691496194708509,-0.04741496194708509
100000,single_alpha,-1.3499999999999999,0.0401,0.08850799143740207,-0.04840799143740207
100000,single_alpha,-1.3399999999999999,0.041,0.09012267246445249,-0.04912267246445249
100000,single_alpha,-1.33,0.0418,0.09175913565028077,-0.04995913565028077
100000,single_alpha,-1.32,0.0424,0.09341750899347179,-0.05101750899347179
100000,single_alpha,-1.31,0.0434,0.09509791779523902,-0.051697917795239016
100000,single_alpha,-1.3,0.044,0.09680048458561036,-0.05280048458561036
100000,single_alpha,-1.29,0.0447,0.09852532904974787,-0.05382532904974787
100000,single_alpha,-1.28,0.0456,0.10027256795444206,-0.05467256795444206
100000,single_alpha,-1.27,0.0463,0.10204231507481915,-0.055742315074819145
100000,single_alpha,-1.26,0.0469,0.1038346811213004,-0.0569346811213004
100000,single_alpha,-1.25,0.0481,0.10564977366685535,-0.057549773666855354
100000,single_alpha,-1.24,0.0487,0.10748769707458694,-0.05878769707458694
100000,single_alpha,-1.23,0.0499,0.10934855242569191,-0.059448552425691914
100000,single_alpha,-1.22,0.0509,0.11123243744783456,-0.060332437447834564
100000,single_alpha,-1.21,0.0527,0.11313944644397739,-0.06043944644397739
100000,single_alpha,-1.2,0.0532,0.11506967022170822,-0.06186967022170822
100000,single_alpha,-1.19,0.0542,0.11702319602310873,-0.06282319602310873
100000,single_alpha,-1.18,0.0549,0.11900010745520073,-0.06410010745520073
100000,single_alpha,-1.17,0.0565,0.12100048442101824,-0.06450048442101824
100000,single_alpha,-1.16,0.058,0.12302440305134343,-0.06502440305134344
100000,single_alpha,-1.15,0.0587,0.12507193563715036,-0.06637193563715035
100000,single_alpha,-1.14,0.0595,0.1271431505627983,-0.0676431505627983
100000,single_alpha,-1.13,0.0607,0.12923811224001786,-0.06853811224001785
100000,single_alpha,-1.1199999999999999,0.0619,0.13135688104273074,-0.06945688104273075
100000,single_alpha,-1.1099999999999999,0.0635,0.13349951324274728,-0.06999951324274728
100000,single_alpha,-1.0999999999999999,0.0647,0.13566606094638267,-0.07096606094638268
100000,single_alpha,-1.0899999999999999,0.0656,0.1378565720320355,-0.07225657203203549
100000,single_alpha,-1.08,0.067,0.140071090088769,-0.073071090088769
100000,single_alpha,-1.07,0.0688,0.14230965435593923,-0.07350965435593923
100000,single_alpha,-1.06,0.0703,0.1445722996639096,-0.07427229966390961
100000,single_alpha,-1.05,0.0711,0.1468590563758959,-0.07575905637589592
100000,single_alpha,-1.04,0.0725,0.1491699503309814,-0.07666995033098141
100000,single_alpha,-1.03,0.0736,0.15150500278834367,-0.07790500278834367
100000,single_alpha,-1.02,0.075,0.15386423037273478,-0.07886423037273478
100000,single_alpha,-1.01,0.0761,0.15624764502125466,-0.08014764502125465
100000,single_alpha,-1.0,0.0774,0.15865525393145707,-0.08125525393145708
100000,single_alpha,-0.9899999999999998,0.0787,0.1610870595108309,-0.0823870595108309
100000,single_alpha,-0.98,0.0794,0.16354305932769236,-0.08414305932769237
100000,single_alpha,-0.9699999999999998,0.0811,0.1660232460635297,-0.08492324606352969
100000,single_alpha,-0.96,0.0827,0.16852760746683781,-0.08582760746683782
100000,single_alpha,-0.9500000000000002,0.0838,0.17105612630848183,-0.08725612630848183
100000,single_alpha,-0.94,0.0851,0.1736087803386246,-0.0885087803386246
100000,single_alpha,-0.9300000000000002,0.0871,0.17618554224525784,-0.08908554224525785
100000,single_alpha,-0.9199999999999999,0.0885,0.17878637961437172,-0.09028637961437172
100000,single_alpha,-0.9100000000000001,0.0899,0.1814112548917972,-0.09151125489179722
100000,single_alpha,-0.8999999999999999,0.0913,0.18406012534675953,-0.09276012534675952
100000,single_alpha,-0.8900000000000001,0.0922,0.18673294303717258,-0.09453294303717258
100000,single_alpha,-0.8799999999999999,0.0944,0.18942965477671214,-0.09502965477671214
100000,single_alpha,-0.8700000000000001,0.0958,0.19215020210369615,-0.09635020210369616
100000,single_alpha,-0.8599999999999999,0.0978,0.1948945212518084,-0.0970945212518084
100000,single_alpha,-0.8500000000000001,0.0996,0.19766254312269238,-0.09806254312269239
100000,single_alpha,-0.8399999999999999,0.1018,0.20045419326044972,-0.09865419326044972
100000,single_alpha,-0.8300000000000001,0.1037,0.2032693918280684,-0.09956939182806841
100000,single_alpha,-0.8199999999999998,0.1057,0.20610805358581308,-0.10040805358581308
100000,single_alpha,-0.81,0.1073,0.2089700878716016,-0.10167008787160159
100000,single_alpha,-0.7999999999999998,0.11,0.21185539858339675,-0.10185539858339675
100000,single_alpha,-0.79,0.1117,0.21476388416363712,-0.10306388416363713
100000,single_alpha,-0.7799999999999998,0.1136,0.21769543758573318,-0.10409543758573317
100000,single_alpha,-0.77,0.1148,0.22064994634264962,-0.10584994634264962
100000,single_alpha,-0.7599999999999998,0.117,0.2236272924375995,-0.10662729243759948
100000,single_alpha,-0.75,0.119,0.2266273523768682,-0.10762735237686821
100000,single_alpha,-0.7399999999999998,0.1213,0.22964999716479062,-0.10834999716479062
100000,single_alpha,-0.73,0.1228,0.2326950923008974,-0.1098950923008974
100000,single_alpha,-0.7199999999999998,0.1243,0.23576249777925123,-0.11146249777925124
100000,single_alpha,-0.71,0.126,0.2388520680899867,-0.11285206808998671
100000,single_alpha,-0.6999999999999997,0.1292,0.2419636522230731,-0.11276365222307308
100000,single_alpha,-0.69,0.1314,0.24509709367430943,-0.11369709367430944
100000,single_alpha,-0.6800000000000002,0.1336,0.24825223045357053,-0.11465223045357054
100000,single_alpha,-0.6699999999999999,0.1361,0.2514288950953102,-0.11532889509531019
100000,single_alpha,-0.6600000000000001,0.1385,0.2546269146713361,-0.11612691467133607
100000,single_alpha,-0.6499999999999999,0.1404,0.2578461108058647,-0.11744611080586473
100000,single_alpha,-0.6400000000000001,0.1425,0.26108629969286157,-0.11858629969286158
100000,single_alpha,-0.6299999999999999,0.1447,0.2643472921156776,-0.1196472921156776
100000,single_alpha,-0.6200000000000001,0.1468,0.267628893468983,-0.12082889346898298
100000,single_alpha,-0.6099999999999999,0.1482,0.27093090378300577,-0.12273090378300577
100000,single_alpha,-0.6000000000000001,0.1498,0.27425311775007355,-0.12445311775007356
100000,single_alpha,-0.5899999999999999,0.1526,0.27759532475346493,-0.12499532475346492
100000,single_alpha,-0.5800000000000001,0.1556,0.2809573088985643,-0.1253573088985643
100000,single_alpha,-0.5699999999999998,0.1582,0.2843388490463242,-0.12613884904632422
100000,single_alpha,-0.56,0.1603,0.28773971884902705,-0.12743971884902705
100000,single_alpha,-0.5499999999999998,0.1628,0.2911596867883464,-0.12835968678834642
100000,single_alpha,-0.54,0.1663,0.294598516215698,-0.128298516215698
100000,single_alpha,-0.5299999999999998,0.1684,0.29805596539487644,-0.12965596539487645
100000,single_alpha,-0.52,0.1711,0.3015317875469662,-0.1304317875469662
100000,single_alpha,-0.5099999999999998,0.1731,0.3050257308975195,-0.1319257308975195
100000,single_alpha,-0.5,0.1756,0.3085375387259869,-0.13293753872598688
100000,single_alpha,-0.48999999999999977,0.178,0.3120669494173906,-0.1340669494173906
100000,single_alpha,-0.48,0.1806,0.31561369651622256,-0.13501369651622255
100000,single_alpha,-0.46999999999999975,0.1834,0.3191775087825559,-0.1357775087825559
100000,single_alpha,-0.45999999999999996,0.1853,0.32275811025034773,-0.13745811025034774
100000,single_alpha,-0.44999999999999973,0.1876,0.32635522028792013,-0.13875522028792014
100000,single_alpha,-0.43999999999999995,0.1904,0.32996855366059363,-0.13956855366059362
100000,single_alpha,-0.43000000000000016,0.1935,0.3335978205954576,-0.1400978205954576
100000,single_alpha,-0.41999999999999993,0.196,0.3372427268482495,-0.1412427268482495
100000,single_alpha,-0.41000000000000014,0.1979,0.34090297377232254,-0.14300297377232254
100000,single_alpha,-0.3999999999999999,0.2011,0.3445782583896759,-0.14347825838967587
100000,single_alpha,-0.3900000000000001,0.2038,0.34826827346401756,-0.14446827346401755
100000,single_alpha,-0.3799999999999999,0.2062,0.35197270757583726,-0.14577270757583727
100000,single_alpha,-0.3700000000000001,0.2081,0.3556912451994532,-0.1475912451994532
100000,single_alpha,-0.3599999999999999,0.2106,0.3594235667820088,-0.1488235667820088
100000,single_alpha,-0.3500000000000001,0.2134,0.3631693488243809,-0.1497693488243809
100000,single_alpha,-0.33999999999999986,0.2164,0.366928263963972,-0.15052826396397198
100000,single_alpha,-0.33000000000000007,0.2188,0.37069998105934643,-0.15189998105934643
100000,single_alpha,-0.31999999999999984,0.2215,0.37448416527668005,-0.15298416527668005
100000,single_alpha,-0.31000000000000005,0.2242,0.3782804781779807,-0.1540804781779807
100000,single_alpha,-0.2999999999999998,0.2278,0.38208857781104744,-0.15428857781104743
100000,single_alpha,-0.29000000000000004,0.23,0.38590811880112263,-0.15590811880112262
100000,single_alpha,-0.2799999999999998,0.2324,0.38973875244420286,-0.15733875244420287
100000,single_alpha,-0.27,0.2355,0.3935801268019605,-0.15808012680196049
100000,single_alpha,-0.2599999999999998,0.2386,0.3974318867982396,-0.1588318867982396
100000,single_alpha,-0.25,0.2408,0.4012936743170763,-0.1604936743170763
100000,single_alpha,-0.23999999999999977,0.2433,0.40516512830220425,-0.16186512830220426
100000,single_alpha,-0.22999999999999998,0.246,0.40904588485799415,-0.16304588485799415
100000,single_alpha,-0.21999999999999975,0.2499,0.4129355773517855,-0.16303557735178548
100000,single_alpha,-0.20999999999999996,0.2529,0.41683383651755773,-0.16393383651755772
100000,single_alpha,-0.19999999999999973,0.2554,0.42074029056089707,-0.16534029056089705
100000,single_alpha,-0.18999999999999995,0.258,0.42465456526520456,-0.16665456526520456
100000,single_alpha,-0.18000000000000016,0.2621,0.4285762840990992,-0.1664762840990992
100000,single_alpha,-0.16999999999999993,0.2662,0.4325050683249616,-0.1663050683249616
100000,single_alpha,-0.16000000000000014,0.2683,0.4364405371085671,-0.16814053710856713
100000,single_alpha,-0.1499999999999999,0.2709,0.4403823076297575,-0.16948230762975752
100000,single_alpha,-0.14000000000000012,0.2737,0.44432999519409355,-0.17062999519409355
100000,single_alpha,-0.1299999999999999,0.2765,0.4482832133454389,-0.1717832133454389
100000,single_alpha,-0.1200000000000001,0.2796,0.4522415739794161,-0.1726415739794161
100000,single_alpha,-0.10999999999999988,0.2821,0.4562046874576833,-0.17410468745768326
100000,single_alpha,-0.10000000000000009,0.2854,0.46017216272297096,-0.17477216272297097
100000,single_alpha,-0.08999999999999986,0.2886,0.46414360741482796,-0.17554360741482794
100000,single_alpha,-0.08000000000000007,0.2919,0.4681186279860126,-0.17621862798601262
100000,single_alpha,-0.06999999999999984,0.2949,0.472096829819479,-0.17719682981947898
100000,single_alpha,-0.06000000000000005,0.2979,0.4760778173458931,-0.1781778173458931
100000,single_alpha,-0.04999999999999982,0.3016,0.4800611941616276,-0.17846119416162765
100000,single_alpha,-0.040000000000000036,0.3054,0.4840465631471692,-0.1786465631471692
100000,single_alpha,-0.029999999999999805,0.3083,0.48803352658588744,-0.17973352658588743
100000,single_alpha,-0.020000000000000018,0.3119,0.492021686283098,-0.180121686283098
100000,single_alpha,-0.009999999999999787,0.3147,0.49601064368536846,-0.18131064368536848
100000,single_alpha,0.0,0.3186,0.5,-0.1814
100000,single_alpha,0.010000000000000231,0.322,0.5039893563146317,-0.1819893563146317
100000,single_alpha,0.020000000000000018,0.3258,0.5079783137169019,-0.18217831371690196
100000,single_alpha,0.03000000000000025,0.3283,0.5119664734141127,-0.18366647341411274
100000,single_alpha,0.040000000000000036,0.3323,0.5159534368528308,-0.1836534368528308
100000,single_alpha,0.050000000000000266,0.336,0.5199388058383726,-0.18393880583837258
100000,single_alpha,0.06000000000000005,0.3396,0.5239221826541068,-0.18432218265410683
100000,single_alpha,0.07000000000000028,0.3445,0.5279031701805212,-0.18340317018052127
100000,single_alpha,0.08000000000000007,0.3481,0.5318813720139874,-0.18378137201398742
100000,single_alpha,0.08999999999999986,0.3523,0.535856392585172,-0.18355639258517203
100000,single_alpha,0.10000000000000009,0.3551,0.539827837277029,-0.18472783727702896
100000,single_alpha,0.10999999999999988,0.3579,0.5437953125423167,-0.18589531254231673
100000,single_alpha,0.1200000000000001,0.362,0.5477584260205839,-0.1857584260205839
100000,single_alpha,0.1299999999999999,0.3656,0.5517167866545611,-0.18611678665456116
100000,single_alpha,0.14000000000000012,0.3695,0.5556700048059064,-0.18617000480590645
100000,single_alpha,0.1499999999999999,0.3732,0.5596176923702425,-0.18641769237024253
100000,single_alpha,0.16000000000000014,0.377,0.5635594628914329,-0.18655946289143288
100000,single_alpha,0.16999999999999993,0.3799,0.5674949316750384,-0.18759493167503838
100000,single_alpha,0.18000000000000016,0.3832,0.5714237159009008,-0.1882237159009008
100000,single_alpha,0.18999999999999995,0.3868,0.5753454347347954,-0.1885454347347954
100000,single_alpha,0.20000000000000018,0.3905,0.5792597094391031,-0.18875970943910308
100000,single_alpha,0.20999999999999996,0.3942,0.5831661634824423,-0.18896616348244233
100000,single_alpha,0.2200000000000002,0.3989,0.5870644226482147,-0.1881644226482147
100000,single_alpha,0.22999999999999998,0.4018,0.5909541151420059,-0.18915411514200592
100000,single_alpha,0.2400000000000002,0.4055,0.5948348716977959,-0.1893348716977959
100000,single_alpha,0.25,0.4096,0.5987063256829237,-0.18910632568292368
100000,single_alpha,0.26000000000000023,0.4126,0.6025681132017606,-0.1899681132017606
100000,single_alpha,0.27,0.4167,0.6064198731980396,-0.18971987319803957
100000,single_alpha,0.28000000000000025,0.4203,0.6102612475557974,-0.18996124755579735
100000,single_alpha,0.29000000000000004,0.4251,0.6140918811988774,-0.1889918811988774
100000,single_alpha,0.30000000000000027,0.4288,0.6179114221889528,-0.18911142218895277
100000,single_alpha,0.31000000000000005,0.4316,0.6217195218220193,-0.1901195218220193
100000,single_alpha,0.3200000000000003,0.4357,0.6255158347233202,-0.1898158347233202
100000,single_alpha,0.33000000000000007,0.4393,0.6293000189406536,-0.19000001894065355
100000,single_alpha,0.33999999999999986,0.4428,0.6330717360360281,-0.19027173603602804
100000,single_alpha,0.3500000000000001,0.4471,0.6368306511756191,-0.1897306511756191
100000,single_alpha,0.3599999999999999,0.4501,0.6405764332179912,-0.19047643321799118
100000,single_alpha,0.3700000000000001,0.4546,0.6443087548005468,-0.18970875480054683
100000,single_alpha,0.3799999999999999,0.4579,0.6480272924241628,-0.19012729242416282
100000,single_alpha,0.3900000000000001,0.4614,0.6517317265359824,-0.19033172653598246
100000,single_alpha,0.3999999999999999,0.4653,0.6554217416103241,-0.19012174161032408
100000,single_alpha,0.41000000000000014,0.4692,0.6590970262276774,-0.1898970262276774
100000,single_alpha,0.41999999999999993,0.4724,0.6627572731517505,-0.1903572731517505
100000,single_alpha,0.43000000000000016,0.4768,0.6664021794045424,-0.18960217940454238
100000,single_alpha,0.43999999999999995,0.481,0.6700314463394064,-0.18903144633940638
100000,single_alpha,0.4500000000000002,0.4838,0.67364477971208,-0.18984477971208003
100000,single_alpha,0.45999999999999996,0.4878,0.6772418897496523,-0.18944188974965226
100000,single_alpha,0.4700000000000002,0.4917,0.6808224912174442,-0.18912249121744418
100000,single_alpha,0.48,0.4958,0.6843863034837774,-0.18858630348377736
100000,single_alpha,0.4900000000000002,0.4997,0.6879330505826096,-0.18823305058260958
100000,single_alpha,0.5,0.5042,0.6914624612740131,-0.18726246127401314
100000,single_alpha,0.5100000000000002,0.5075,0.6949742691024807,-0.18747426910248077
100000,single_alpha,0.52,0.5109,0.6984682124530338,-0.1875682124530338
100000,single_alpha,0.5300000000000002,0.5143,0.7019440346051237,-0.1876440346051237
100000,single_alpha,0.54,0.5185,0.705401483784302,-0.18690148378430205
100000,single_alpha,0.5500000000000003,0.5224,0.7088403132116537,-0.18644031321165377
100000,single_alpha,0.56,0.5254,0.712260281150973,-0.18686028115097297
100000,single_alpha,0.5700000000000003,0.5288,0.7156611509536759,-0.18686115095367584
100000,single_alpha,0.5800000000000001,0.5329,0.7190426911014357,-0.18614269110143566
100000,single_alpha,0.5899999999999999,0.5372,0.7224046752465351,-0.18520467524653506
100000,single_alpha,0.6000000000000001,0.5407,0.7257468822499265,-0.1850468822499265
100000,single_alpha,0.6099999999999999,0.5441,0.7290690962169942,-0.1849690962169942
100000,single_alpha,0.6200000000000001,0.5468,0.732371106531017,-0.18557110653101705
100000,single_alpha,0.6299999999999999,0.5502,0.7356527078843225,-0.18545270788432244
100000,single_alpha,0.6400000000000001,0.5534,0.7389137003071384,-0.18551370030713843
100000,single_alpha,0.6499999999999999,0.5577,0.7421538891941353,-0.1844538891941353
100000,single_alpha,0.6600000000000001,0.5611,0.745373085328664,-0.18427308532866393
100000,single_alpha,0.6699999999999999,0.5648,0.7485711049046898,-0.18377110490468984
100000,single_alpha,0.6800000000000002,0.5684,0.7517477695464294,-0.1833477695464294
100000,single_alpha,0.69,0.5707,0.7549029063256906,-0.18420290632569059
100000,single_alpha,0.7000000000000002,0.5754,0.758036347776927,-0.18263634777692694
100000,single_alpha,0.71,0.5788,0.7611479319100133,-0.1823479319100133
100000,single_alpha,0.7200000000000002,0.5826,0.7642375022207488,-0.18163750222074881
100000,single_alpha,0.73,0.5875,0.7673049076991025,-0.1798049076991025
100000,single_alpha,0.7400000000000002,0.5914,0.7703500028352095,-0.17895000283520945
100000,single_alpha,0.75,0.5949,0.7733726476231317,-0.17847264762313175
100000,single_alpha,0.7600000000000002,0.5988,0.7763727075624006,-0.17757270756240062
100000,single_alpha,0.77,0.6031,0.7793500536573503,-0.17625005365735036
100000,single_alpha,0.7800000000000002,0.607,0.782304562414267,-0.17530456241426706
100000,single_alpha,0.79,0.6105,0.7852361158363629,-0.17473611583636284
100000,single_alpha,0.8000000000000003,0.6152,0.7881446014166034,-0.1729446014166034
100000,single_alpha,0.81,0.6203,0.7910299121283983,-0.1707299121283984
100000,single_alpha,0.8200000000000003,0.6236,0.793891946414187,-0.170291946414187
100000,single_alpha,0.8300000000000001,0.629,0.7967306081719316,-0.16773060817193164
100000,single_alpha,0.8399999999999999,0.6334,0.7995458067395502,-0.16614580673955026
100000,single_alpha,0.8500000000000001,0.6373,0.8023374568773076,-0.16503745687730764
100000,single_alpha,0.8599999999999999,0.6413,0.8051054787481916,-0.16380547874819162
100000,single_alpha,0.8700000000000001,0.6444,0.8078497978963038,-0.16344979789630387
100000,single_alpha,0.8799999999999999,0.6477,0.8105703452232879,-0.1628703452232878
100000,single_alpha,0.8900000000000001,0.6504,0.8132670569628274,-0.16286705696282744
100000,single_alpha,0.8999999999999999,0.6548,0.8159398746532405,-0.16113987465324042
100000,single_alpha,0.9100000000000001,0.6587,0.8185887451082028,-0.15988874510820283
100000,single_alpha,0.9199999999999999,0.6622,0.8212136203856283,-0.15901362038562827
100000,single_alpha,0.9300000000000002,0.6658,0.8238144577547422,-0.1580144577547422
100000,single_alpha,0.94,0.6692,0.8263912196613754,-0.1571912196613754
100000,single_alpha,0.9500000000000002,0.673,0.8289438736915182,-0.1559438736915182
100000,single_alpha,0.96,0.6765,0.8314723925331622,-0.1549723925331622
100000,single_alpha,0.9700000000000002,0.6793,0.8339767539364704,-0.1546767539364704
100000,single_alpha,0.98,0.6826,0.8364569406723077,-0.1538569406723077
100000,single_alpha,0.9900000000000002,0.6859,0.8389129404891691,-0.15301294048916914
100000,single_alpha,1.0,0.6896,0.8413447460685429,-0.15174474606854294
100000,single_alpha,1.0099999999999998,0.6943,0.8437523549787453,-0.14945235497874532
100000,single_alpha,1.0200000000000005,0.6982,0.8461357696272652,-0.14793576962726518
100000,single_alpha,1.0300000000000002,0.7014,0.8484949972116563,-0.1470949972116563
100000,single_alpha,1.04,0.7042,0.8508300496690187,-0.1466300496690186
100000,single_alpha,1.0499999999999998,0.7088,0.853140943624104,-0.144340943624104
100000,single_alpha,1.0600000000000005,0.7133,0.8554277003360906,-0.14212770033609057
100000,single_alpha,1.0700000000000003,0.7174,0.8576903456440608,-0.14029034564406073
100000,single_alpha,1.08,0.7208,0.859928909911231,-0.13912890991123106
100000,single_alpha,1.0899999999999999,0.725,0.8621434279679645,-0.13714342796796453
100000,single_alpha,1.0999999999999996,0.7288,0.8643339390536173,-0.13553393905361732
100000,single_alpha,1.1100000000000003,0.7323,0.8665004867572528,-0.13420048675725282
100000,single_alpha,1.12,0.7362,0.8686431189572693,-0.13244311895726935
100000,single_alpha,1.13,0.7396,0.8707618877599821,-0.13116188775998205
100000,single_alpha,1.1399999999999997,0.7441,0.8728568494372017,-0.12875684943720167
100000,single_alpha,1.1500000000000004,0.7469,0.8749280643628499,-0.12802806436284986
100000,single_alpha,1.1600000000000001,0.7492,0.8769755969486566,-0.1277755969486566
100000,single_alpha,1.17,0.7523,0.8789995155789818,-0.12669951557898185
100000,single_alpha,1.1799999999999997,0.7561,0.8809998925447993,-0.12489989254479927
100000,single_alpha,1.1900000000000004,0.7592,0.8829768039768913,-0.12377680397689128
100000,single_alpha,1.2000000000000002,0.7626,0.8849303297782918,-0.12233032977829184
100000,single_alpha,1.21,0.7646,0.8868605535560226,-0.12226055355602261
100000,single_alpha,1.2199999999999998,0.7675,0.8887675625521653,-0.12126756255216531
100000,single_alpha,1.2300000000000004,0.7701,0.8906514475743081,-0.12055144757430813
100000,single_alpha,1.2400000000000002,0.7728,0.8925123029254132,-0.11971230292541313
100000,single_alpha,1.25,0.7749,0.8943502263331446,-0.11945022633314462
100000,single_alpha,1.2599999999999998,0.7776,0.8961653188786995,-0.11856531887869959
100000,single_alpha,1.2700000000000005,0.7799,0.8979576849251809,-0.11805768492518087
100000,single_alpha,1.2800000000000002,0.7829,0.8997274320455579,-0.1168274320455579
100000,single_alpha,1.29,0.7852,0.9014746709502521,-0.11627467095025212
100000,single_alpha,1.2999999999999998,0.7884,0.9031995154143896,-0.1147995154143896
100000,single_alpha,1.3100000000000005,0.792,0.9049020822047611,-0.11290208220476106
100000,single_alpha,1.3200000000000003,0.7946,0.9065824910065282,-0.11198249100652824
100000,single_alpha,1.33,0.7975,0.9082408643497193,-0.1107408643497193
100000,single_alpha,1.3399999999999999,0.7995,0.9098773275355475,-0.11037732753554752
100000,single_alpha,1.3500000000000005,0.8018,0.9114920085625979,-0.10969200856259798
100000,single_alpha,1.3600000000000003,0.8061,0.913085038052915,-0.10698503805291493
100000,single_alpha,1.37,0.8085,0.914656549178033,-0.10615654917803297
100000,single_alpha,1.38,0.8113,0.9162066775849856,-0.10490667758498562
100000,single_alpha,1.3899999999999997,0.814,0.917735561322331,-0.10373556132233108
100000,single_alpha,1.4000000000000004,0.8165,0.919243340766229,-0.10274334076622904
100000,single_alpha,1.4100000000000001,0.8197,0.9207301585466077,-0.10103015854660768
100000,single_alpha,1.42,0.8218,0.9221961594734536,-0.1003961594734536
100000,single_alpha,1.4299999999999997,0.8242,0.9236414904632608,-0.09944149046326078
100000,single_alpha,1.4400000000000004,0.8265,0.9250663004656731,-0.09856630046567305
100000,single_alpha,1.4500000000000002,0.829,0.9264707403903517,-0.09747074039035175
100000,single_alpha,1.46,0.8314,0.9278549630341062,-0.09645496303410617
100000,single_alpha,1.4699999999999998,0.8337,0.9292191230083144,-0.09551912300831444
100000,single_alpha,1.4800000000000004,0.8364,0.9305633766666683,-0.0941633766666683
100000,single_alpha,1.4900000000000002,0.8385,0.9318878820332746,-0.09338788203327453
100000,single_alpha,1.5,0.8413,0.9331927987311419,-0.09189279873114187
100000,single_alpha,1.5099999999999998,0.8439,0.9344782879110834,-0.09057828791108347
100000,single_alpha,1.5200000000000005,0.8462,0.9357445121810642,-0.0895445121810643
100000,single_alpha,1.5300000000000002,0.8485,0.9369916355360216,-0.08849163553602157
100000,single_alpha,1.54,0.8505,0.9382198232881881,-0.08771982328818806
100000,single_alpha,1.5499999999999998,0.853,0.939429241997941,-0.086429241997941
100000,single_alpha,1.5600000000000005,0.8562,0.9406200594052071,-0.08442005940520714
100000,single_alpha,1.5700000000000003,0.8584,0.941792444361447,-0.083392444361447
100000,single_alpha,1.58,0.8599,0.9429465667622459,-0.08304656676224587
100000,single_alpha,1.5899999999999999,0.8621,0.9440825974805306,-0.0819825974805306
100000,single_alpha,1.6000000000000005,0.8641,0.9452007083004421,-0.08110070830044214
100000,single_alpha,1.6100000000000003,0.8661,0.9463010718518803,-0.0802010718518803
100000,single_alpha,1.62,0.8689,0.9473838615457479,-0.07848386154574793
100000,single_alpha,1.63,0.87,0.9484492515099107,-0.07844925150991067
100000,single_alpha,1.6399999999999997,0.872,0.9494974165258963,-0.07749741652589626
100000,single_alpha,1.6500000000000004,0.8733,0.9505285319663519,-0.07722853196635193
100000,single_alpha,1.6600000000000001,0.8759,0.9515427737332772,-0.07564277373327721
100000,single_alpha,1.67,0.8784,0.9525403181970526,-0.07414031819705269
100000,single_alpha,1.6799999999999997,0.8806,0.9535213421362799,-0.07292134213627988
100000,single_alpha,1.6900000000000004,0.8829,0.9544860226784502,-0.07158602267845016
100000,single_alpha,1.7000000000000002,0.8849,0.955434537241457,-0.07053453724145697
100000,single_alpha,1.71,0.8872,0.9563670634759681,-0.06916706347596813
100000,single_alpha,1.7199999999999998,0.8896,0.957283779208671,-0.06768377920867108
100000,single_alpha,1.7300000000000004,0.8908,0.9581848623864051,-0.06738486238640506
100000,single_alpha,1.7400000000000002,0.8925,0.9590704910211927,-0.06657049102119272
100000,single_alpha,1.75,0.8944,0.9599408431361829,-0.06554084313618291
100000,single_alpha,1.7599999999999998,0.8966,0.9607960967125173,-0.06419609671251736
100000,single_alpha,1.7700000000000005,0.898,0.9616364296371288,-0.06363642963712879
100000,single_alpha,1.7800000000000002,0.8995,0.9624620196514833,-0.06296201965148329
100000,single_alpha,1.79,0.9007,0.9632730443012737,-0.06257304430127375
100000,single_alpha,1.7999999999999998,0.9026,0.9640696808870742,-0.061469680887074274
100000,single_alpha,1.8100000000000005,0.9044,0.9648521064159612,-0.060452106415961215
100000,single_alpha,1.8200000000000003,0.9055,0.9656204975541101,-0.060120497554110086
100000,single_alpha,1.83,0.9072,0.9663750305803717,-0.05917503058037166
100000,single_alpha,1.8399999999999999,0.9097,0.9671158813408361,-0.057415881340836195
100000,single_alpha,1.8500000000000005,0.9121,0.9678432252043864,-0.05574322520438635
100000,single_alpha,1.8600000000000003,0.9131,0.9685572370192473,-0.05545723701924732
100000,single_alpha,1.87,0.9141,0.9692580910705341,-0.05515809107053404
100000,single_alpha,1.88,0.9161,0.9699459610388002,-0.05384596103880013
100000,single_alpha,1.8899999999999997,0.9178,0.9706210199595906,-0.052821019959590654
100000,single_alpha,1.9000000000000004,0.9189,0.9712834401839983,-0.05238344018399821
100000,single_alpha,1.9100000000000001,0.9204,0.9719333933402275,-0.05153339334022755
100000,single_alpha,1.92,0.9217,0.9725710502961632,-0.050871050296163234
100000,single_alpha,1.9299999999999997,0.9231,0.973196581122945,-0.050096581122945016
100000,single_alpha,1.9400000000000004,0.9245,0.9738101550595474,-0.04931015505954739
100000,single_alpha,1.9500000000000002,0.9254,0.9744119404783614,-0.04901194047836144
100000,single_alpha,1.96,0.9266,0.9750021048517795,-0.04840210485177954
100000,single_alpha,1.9699999999999998,0.9278,0.9755808147197774,-0.047780814719777465
100000,single_alpha,1.9800000000000004,0.9299,0.9761482356584915,-0.046248235658491565
100000,single_alpha,1.9900000000000002,0.931,0.9767045322497881,-0.0457045322497881
100000,single_alpha,2.0,0.9324,0.9772498680518208,-0.044849868051820785
100000,single_alpha,2.01,0.9336,0.9777844055705686,-0.044184405570568575
100000,single_alpha,2.0200000000000005,0.9346,0.9783083062323532,-0.04370830623235322
100000,single_alpha,2.0300000000000002,0.9357,0.9788217303573278,-0.0431217303573278
100000,single_alpha,2.04,0.9374,0.9793248371339299,-0.041924837133929915
100000,single_alpha,2.05,0.9384,0.9798177845942956,-0.04141778459429557
100000,single_alpha,2.0600000000000005,0.9392,0.9803007295906231,-0.04110072959062305
100000,single_alpha,2.0700000000000003,0.94,0.9807738277724828,-0.04077382777248284
100000,single_alpha,2.08,0.941,0.9812372335650622,-0.04023723356506226
100000,single_alpha,2.09,0.9418,0.981691100148341,-0.039891100148341074
100000,single_alpha,2.1000000000000005,0.943,0.9821355794371834,-0.03913557943718349
100000,single_alpha,2.1100000000000003,0.944,0.9825708220623429,-0.03857082206234297
100000,single_alpha,2.12,0.945,0.9829969773523672,-0.03799697735236729
100000,single_alpha,2.13,0.9457,0.983414193316395,-0.03771419331639503
100000,single_alpha,2.1399999999999997,0.9464,0.9838226166278339,-0.03742261662783386
100000,single_alpha,2.1500000000000004,0.947,0.9842223926089095,-0.03722239260890958
100000,single_alpha,2.16,0.948,0.9846136652160745,-0.036613665216074565
100000,single_alpha,2.17,0.9485,0.9849965770262678,-0.03649657702626774
100000,single_alpha,2.1799999999999997,0.9496,0.9853712692240107,-0.03577126922401075
100000,single_alpha,2.1900000000000004,0.9505,0.9857378815893312,-0.035237881589331166
100000,single_alpha,2.2,0.9515,0.9860965524865014,-0.0345965524865014
100000,single_alpha,2.21,0.952,0.98644741885358,-0.03444741885358005
100000,single_alpha,2.2199999999999998,0.9527,0.9867906161927437,-0.03409061619274367
100000,single_alpha,2.2300000000000004,0.9536,0.987126278561398,-0.033526278561398004
100000,single_alpha,2.24,0.9542,0.9874545385640534,-0.03325453856405336
100000,single_alpha,2.25,0.9547,0.9877755273449553,-0.033075527344955336
100000,single_alpha,2.26,0.9559,0.988089374581453,-0.03218937458145299
100000,single_alpha,2.2700000000000005,0.958,0.9883962084780965,-0.030396208478096542
100000,single_alpha,2.2800000000000002,0.9588,0.9886961557614472,-0.02989615576144722
100000,single_alpha,2.29,0.9598,0.9889893416755886,-0.02918934167558862
100000,single_alpha,2.3,0.9605,0.9892758899783242,-0.028775889978324143
100000,single_alpha,2.3100000000000005,0.9612,0.989555922938049,-0.028355922938048894
100000,single_alpha,2.3200000000000003,0.962,0.9898295613312803,-0.02782956133128034
100000,single_alpha,2.33,0.9629,0.9900969244408357,-0.027196924440835768
100000,single_alpha,2.34,0.9639,0.9903581300546417,-0.026458130054641704
100000,single_alpha,2.3500000000000005,0.9644,0.9906132944651614,-0.026213294465161407
100000,single_alpha,2.3600000000000003,0.9652,0.9908625324694273,-0.0256625324694274
100000,single_alpha,2.37,0.9656,0.9911059573696632,-0.025505957369663212
100000,single_alpha,2.38,0.9661,0.9913436809744834,-0.025243680974483484
100000,single_alpha,2.3899999999999997,0.9666,0.9915758136006543,-0.024975813600654262
100000,single_alpha,2.4000000000000004,0.9677,0.9918024640754038,-0.02410246407540384
100000,single_alpha,2.41,0.9689,0.9920237397392663,-0.02312373973926629
100000,single_alpha,2.42,0.9699,0.9922397464494463,-0.022339746449446363
100000,single_alpha,2.4299999999999997,0.9704,0.9924505885836908,-0.0220505885836908
100000,single_alpha,2.4400000000000004,0.9711,0.9926563690446517,-0.021556369044651746
100000,single_alpha,2.45,0.9717,0.9928571892647285,-0.021157189264728538
100000,single_alpha,2.46,0.9722,0.9930531492113757,-0.02085314921137571
100000,single_alpha,2.4699999999999998,0.9727,0.9932443473928594,-0.020544347392859375
100000,single_alpha,2.4800000000000004,0.9733,0.9934308808644533,-0.02013088086445325
100000,single_alpha,2.49,0.9739,0.9936128452350568,-0.019712845235056786
100000,single_alpha,2.5,0.974,0.9937903346742238,-0.019790334674223864
100000,single_alpha,2.51,0.9748,0.9939634419195873,-0.0191634419195873
100000,single_alpha,2.5200000000000005,0.9756,0.9941322582846674,-0.018532258284667424
100000,single_alpha,2.5300000000000002,0.9758,0.9942968736670493,-0.01849687366704933
100000,single_alpha,2.54,0.9765,0.9944573765569173,-0.017957376556917315
100000,single_alpha,2.55,0.9772,0.9946138540459333,-0.01741385404593332
100000,single_alpha,2.5600000000000005,0.9777,0.9947663918364442,-0.017066391836444206
100000,single_alpha,2.5700000000000003,0.9783,0.994915074251009,-0.016615074251009054
100000,single_alpha,2.58,0.9785,0.9950599842422293,-0.016559984242229264
100000,single_alpha,2.59,0.9793,0.9952012034028738,-0.01590120340287382
100000,single_alpha,2.6000000000000005,0.9801,0.9953388119762813,-0.015238811976281297
100000,single_alpha,2.6100000000000003,0.9807,0.9954728888670327,-0.014772888867032652
100000,single_alpha,2.62,0.9811,0.9956035116518787,-0.014503511651878687
100000,single_alpha,2.63,0.9816,0.9957307565909107,-0.014130756590910676
100000,single_alpha,2.6399999999999997,0.9818,0.9958546986389639,-0.014054698638963914
100000,single_alpha,2.6500000000000004,0.9825,0.9959754114572417,-0.013475411457241626
100000,single_alpha,2.66,0.9829,0.9960929674251472,-0.013192967425147195
100000,single_alpha,2.67,0.983,0.9962074376523146,-0.01320743765231458
100000,single_alpha,2.6799999999999997,0.9838,0.996318891990825,-0.01251889199082501
100000,single_alpha,2.6900000000000004,0.9847,0.9964273990476002,-0.011727399047600229
100000,single_alpha,2.7,0.9849,0.9965330261969594,-0.011633026196959384
100000,single_alpha,2.71,0.9854,0.9966358395933308,-0.011235839593330743
100000,single_alpha,2.7199999999999998,0.9856,0.9967359041841087,-0.011135904184108703
100000,single_alpha,2.7300000000000004,0.9859,0.9968332837226422,-0.01093328372264224
100000,single_alpha,2.74,0.9862,0.9969280407813496,-0.01072804078134959
100000,single_alpha,2.75,0.9865,0.9970202367649454,-0.010520236764945401
100000,single_alpha,2.76,0.9869,0.9971099319237738,-0.01020993192377384
100000,single_alpha,2.7700000000000005,0.9872,0.997197185367235,-0.00999718536723504
100000,single_alpha,2.7800000000000002,0.9875,0.9972820550772987,-0.00978205507729868
100000,single_alpha,2.79,0.9876,0.9973645979220951,-0.009764597922095053
100000,single_alpha,2.8,0.9877,0.997444869669572,-0.009744869669571998
100000,single_alpha,2.8100000000000005,0.9879,0.9975229250012141,-0.009622925001214089
100000,single_alpha,2.8200000000000003,0.9881,0.9975988175258107,-0.009498817525810721
100000,single_alpha,2.83,0.9885,0.9976725997932685,-0.009172599793268454
100000,single_alpha,2.84,0.9887,0.9977443233084576,-0.009044323308457614
100000,single_alpha,2.8500000000000005,0.9888,0.9978140385450868,-0.009014038545086756
100000,single_alpha,2.8600000000000003,0.9889,0.9978817949595954,-0.00898179495959539
100000,single_alpha,2.87,0.9889,0.9979476410050603,-0.00904764100506028
100000,single_alpha,2.88,0.9893,0.9980116241451057,-0.008711624145105734
100000,single_alpha,2.8899999999999997,0.9894,0.9980737908678121,-0.00867379086781217
100000,single_alpha,2.9000000000000004,0.9897,0.998134186699616,-0.008434186699615931
100000,single_alpha,2.91,0.9902,0.9981928562191936,-0.007992856219193656
100000,single_alpha,2.92,0.9909,0.9982498430713239,-0.007349843071323914
100000,single_alpha,2.9299999999999997,0.991,0.9983051899807227,-0.007305189980722715
100000,single_alpha,2.9400000000000004,0.9912,0.998358938765843,-0.007158938765843059
100000,single_alpha,2.95,0.9916,0.9984111303526352,-0.006811130352635142
100000,single_alpha,2.96,0.9917,0.998461804788262,-0.006761804788261938
100000,single_alpha,2.9699999999999998,0.9923,0.9985110012547626,-0.006211001254762594
100000,single_alpha,2.9800000000000004,0.9925,0.99855875808266,-0.006058758082659987
100000,single_alpha,2.99,0.9927,0.9986051127645078,-0.0059051127645077806
100000,single_alpha,3.0,0.993,0.9986501019683699,-0.005650101968369903
100000,single_2alpha,-3.0,0.0,0.0013498980316300933,-0.0013498980316300933
100000,single_2alpha,-2.99,0.0,0.0013948872354922468,-0.0013948872354922468
100000,single_2alpha,-2.98,0.0,0.0014412419173400134,-0.0014412419173400134
100000,single_2alpha,-2.97,0.0,0.0014889987452374632,-0.0014889987452374632
100000,single_2alpha,-2.96,0.0,0.0015381952117380577,-0.0015381952117380577
100000,single_2alpha,-2.95,0.0,0.0015888696473648667,-0.0015888696473648667
100000,single_2alpha,-2.94,0.0,0.0016410612341569964,-0.0016410612341569964
100000,single_2alpha,-2.93,0.0,0.0016948100192772598,-0.0016948100192772598
100000,single_2alpha,-2.92,0.0,0.0017501569286760992,-0.0017501569286760992
100000,single_2alpha,-2.91,0.0,0.0018071437808064273,-0.0018071437808064273
100000,single_2alpha,-2.9,0.0,0.0018658133003840375,-0.0018658133003840375
100000,single_2alpha,-2.89,0.0,0.0019262091321878587,-0.0019262091321878587
100000,single_2alpha,-2.88,0.0,0.0019883758548943256,-0.0019883758548943256
100000,single_2alpha,-2.87,0.0,0.0020523589949397536,-0.0020523589949397536
100000,single_2alpha,-2.86,0.0,0.0021182050404046217,-0.0021182050404046217
100000,single_2alpha,-2.85,0.0,0.0021859614549132405,-0.0021859614549132405
100000,single_2alpha,-2.84,0.0,0.0022556766915423202,-0.0022556766915423202
100000,single_2alpha,-2.83,0.0,0.0023274002067315515,-0.0023274002067315515
100000,single_2alpha,-2.82,0.0,0.0024011824741892525,-0.0024011824741892525
100000,single_2alpha,-2.81,0.0,0.002477074998785861,-0.002477074998785861
100000,single_2alpha,-2.8,0.0,0.002555130330427932,-0.002555130330427932
100000,single_2alpha,-2.79,0.0,0.0026354020779049527,-0.0026354020779049527
100000,single_2alpha,-2.78,0.0,0.0027179449227012578,-0.0027179449227012578
100000,single_2alpha,-2.77,0.0,0.002802814632765025,-0.002802814632765025
100000,single_2alpha,-2.76,0.0,0.0028900680762261478,-0.0028900680762261478
100000,single_2alpha,-2.75,0.0001,0.002979763235054555,-0.0028797632350545553
100000,single_2alpha,-2.74,0.0001,0.003071959218650488,-0.002971959218650488
100000,single_2alpha,-2.73,0.0001,0.0031667162773577934,-0.0030667162773577936
100000,single_2alpha,-2.7199999999999998,0.0001,0.0032640958158913144,-0.0031640958158913146
100000,single_2alpha,-2.71,0.0001,0.0033641604066691933,-0.0032641604066691934
100000,single_2alpha,-2.7,0.0001,0.0034669738030406647,-0.003366973803040665
100000,single_2alpha,-2.69,0.0001,0.0035726009523997368,-0.003472600952399737
100000,single_2alpha,-2.68,0.0001,0.00368110800917498,-0.00358110800917498
100000,single_2alpha,-2.67,0.0002,0.0037925623476854887,-0.0035925623476854886
100000,single_2alpha,-2.66,0.0002,0.003907032574852774,-0.003707032574852774
100000,single_2alpha,-2.65,0.0002,0.004024588542758306,-0.003824588542758306
100000,single_2alpha,-2.64,0.0002,0.004145301361036037,-0.003945301361036037
100000,single_2alpha,-2.63,0.0002,0.004269243409089351,-0.004069243409089351
100000,single_2alpha,-2.62,0.0002,0.004396488348121309,-0.0041964883481213095
100000,single_2alpha,-2.61,0.0002,0.004527111132967324,-0.0043271111329673245
100000,single_2alpha,-2.6,0.0002,0.004661188023718747,-0.004461188023718747
100000,single_2alpha,-2.59,0.0003,0.004798796597126178,-0.004498796597126178
100000,single_2alpha,-2.58,0.0003,0.004940015757770645,-0.004640015757770645
100000,single_2alpha,-2.57,0.0003,0.0050849257489910355,-0.004784925748991036
100000,single_2alpha,-2.56,0.0003,0.005233608163555782,-0.004933608163555782
100000,single_2alpha,-2.55,0.0004,0.005386145954066687,-0.004986145954066687
100000,single_2alpha,-2.54,0.0004,0.005542623443082601,-0.005142623443082601
100000,single_2alpha,-2.53,0.0004,0.005703126332950699,-0.005303126332950699
100000,single_2alpha,-2.52,0.0004,0.005867741715332562,-0.005467741715332562
100000,single_2alpha,-2.51,0.0004,0.006036558080412666,-0.005636558080412666
100000,single_2alpha,-2.5,0.0004,0.006209665325776132,-0.005809665325776132
100000,single_2alpha,-2.49,0.0004,0.006387154764943171,-0.005987154764943171
100000,single_2alpha,-2.48,0.0004,0.006569119135546763,-0.006169119135546763
100000,single_2alpha,-2.4699999999999998,0.0005,0.006755652607140651,-0.006255652607140651
100000,single_2alpha,-2.46,0.0005,0.006946850788624312,-0.006446850788624312
100000,single_2alpha,-2.45,0.0005,0.007142810735271415,-0.006642810735271416
100000,single_2alpha,-2.44,0.0005,0.007343630955348342,-0.006843630955348342
100000,single_2alpha,-2.4299999999999997,0.0006,0.007549411416309213,-0.006949411416309213
100000,single_2alpha,-2.42,0.0006,0.0077602535505536425,-0.007160253550553643
100000,single_2alpha,-2.41,0.0006,0.007976260260733725,-0.007376260260733725
100000,single_2alpha,-2.4,0.0006,0.008197535924596131,-0.007597535924596131
100000,single_2alpha,-2.39,0.0006,0.008424186399345685,-0.007824186399345685
100000,single_2alpha,-2.38,0.0006,0.008656319025516543,-0.008056319025516543
100000,single_2alpha,-2.37,0.0006,0.008894042630336772,-0.008294042630336772
100000,single_2alpha,-2.36,0.0007,0.009137467530572669,-0.00843746753057267
100000,single_2alpha,-2.35,0.0007,0.009386705534838566,-0.008686705534838567
100000,single_2alpha,-2.34,0.0007,0.00964186994535833,-0.008941869945358331
100000,single_2alpha,-2.33,0.0008,0.009903075559164245,-0.009103075559164245
100000,single_2alpha,-2.32,0.0009,0.01017043866871968,-0.009270438668719681
100000,single_2alpha,-2.31,0.0009,0.010444077061951083,-0.009544077061951083
100000,single_2alpha,-2.3,0.001,0.010724110021675809,-0.009724110021675808
100000,single_2alpha,-2.29,0.001,0.011010658324411388,-0.010010658324411389
100000,single_2alpha,-2.2800000000000002,0.001,0.01130384423855278,-0.010303844238552781
100000,single_2alpha,-2.27,0.001,0.011603791521903535,-0.010603791521903536
100000,single_2alpha,-2.26,0.001,0.011910625418547066,-0.010910625418547065
100000,single_2alpha,-2.25,0.001,0.012224472655044696,-0.011224472655044695
100000,single_2alpha,-2.24,0.001,0.012545461435946563,-0.011545461435946563
100000,single_2alpha,-2.23,0.001,0.012873721438602014,-0.011873721438602013
100000,single_2alpha,-2.2199999999999998,0.0011,0.013209383807256284,-0.012109383807256284
100000,single_2alpha,-2.21,0.0011,0.013552581146419983,-0.012452581146419983
100000,single_2alpha,-2.2,0.0011,0.013903447513498595,-0.012803447513498595
100000,single_2alpha,-2.19,0.0012,0.014262118410668878,-0.013062118410668878
100000,single_2alpha,-2.1799999999999997,0.0013,0.014628730775989262,-0.013328730775989263
100000,single_2alpha,-2.17,0.0013,0.015003422973732207,-0.013703422973732206
100000,single_2alpha,-2.16,0.0014,0.015386334783925445,-0.013986334783925445
100000,single_2alpha,-2.15,0.0014,0.0157776073910905,-0.014377607391090499
100000,single_2alpha,-2.14,0.0015,0.01617738337216608,-0.01467738337216608
100000,single_2alpha,-2.13,0.0015,0.01658580668360501,-0.015085806683605011
100000,single_2alpha,-2.12,0.0015,0.017003022647632787,-0.015503022647632788
100000,single_2alpha,-2.11,0.0017,0.017429177937657088,-0.015729177937657088
100000,single_2alpha,-2.1,0.0017,0.017864420562816542,-0.016164420562816542
100000,single_2alpha,-2.09,0.0018,0.01830889985165897,-0.01650889985165897
100000,single_2alpha,-2.08,0.0018,0.01876276643493775,-0.01696276643493775
100000,single_2alpha,-2.07,0.0018,0.019226172227517282,-0.017426172227517283
100000,single_2alpha,-2.06,0.0018,0.019699270409376895,-0.017899270409376895
100000,single_2alpha,-2.05,0.0019,0.020182215405704394,-0.018282215405704395
100000,single_2alpha,-2.04,0.002,0.020675162866070042,-0.018675162866070044
100000,single_2alpha,-2.0300000000000002,0.002,0.02117826964267226,-0.01917826964267226
100000,single_2alpha,-2.02,0.002,0.02169169376764678,-0.019691693767646783
100000,single_2alpha,-2.01,0.0021,0.022215594429431475,-0.020115594429431474
100000,single_2alpha,-2.0,0.0021,0.022750131948179195,-0.020650131948179194
100000,single_2alpha,-1.99,0.0021,0.02329546775021182,-0.02119546775021182
100000,single_2alpha,-1.98,0.0022,0.023851764341508513,-0.021651764341508513
100000,single_2alpha,-1.97,0.0023,0.024419185280222543,-0.022119185280222543
100000,single_2alpha,-1.96,0.0023,0.024997895148220435,-0.022697895148220435
100000,single_2alpha,-1.95,0.0026,0.02558805952163861,-0.022988059521638612
100000,single_2alpha,-1.94,0.0026,0.026189844940452685,-0.023589844940452687
100000,single_2alpha,-1.93,0.0026,0.02680341887705495,-0.024203418877054947
100000,single_2alpha,-1.92,0.0026,0.027428949703836802,-0.024828949703836804
100000,single_2alpha,-1.91,0.0027,0.0280666066597725,-0.0253666066597725
100000,single_2alpha,-1.9,0.0028,0.028716559816001803,-0.025916559816001803
100000,single_2alpha,-1.89,0.003,0.02937898004040943,-0.026378980040409433
100000,single_2alpha,-1.88,0.003,0.03005403896119979,-0.027054038961199792
100000,single_2alpha,-1.8699999999999999,0.003,0.030741908929465968,-0.02774190892946597
100000,single_2alpha,-1.8599999999999999,0.0032,0.031442762980752714,-0.028242762980752713
100000,single_2alpha,-1.8499999999999999,0.0035,0.03215677479561371,-0.028656774795613713
100000,single_2alpha,-1.84,0.0036,0.03288411865916389,-0.029284118659163888
100000,single_2alpha,-1.83,0.0037,0.0336249694196283,-0.0299249694196283
100000,single_2alpha,-1.82,0.004,0.03437950244588998,-0.030379502445889977
100000,single_2alpha,-1.81,0.0042,0.03514789358403879,-0.03094789358403879
100000,single_2alpha,-1.8,0.0043,0.03593031911292579,-0.03163031911292579
100000,single_2alpha,-1.79,0.0047,0.03672695569872628,-0.032026955698726274
100000,single_2alpha,-1.78,0.0049,0.03753798034851679,-0.03263798034851679
100000,single_2alpha,-1.77,0.0049,0.03836357036287122,-0.03346357036287122
100000,single_2alpha,-1.76,0.005,0.03920390328748265,-0.03420390328748265
100000,single_2alpha,-1.75,0.0051,0.040059156863817086,-0.034959156863817085
100000,single_2alpha,-1.74,0.0051,0.040929508978807365,-0.035829508978807365
100000,single_2alpha,-1.73,0.0054,0.04181513761359493,-0.036415137613594925
100000,single_2alpha,-1.72,0.0059,0.04271622079132892,-0.036816220791328916
100000,single_2alpha,-1.71,0.0059,0.0436329365240319,-0.037732936524031896
100000,single_2alpha,-1.7,0.0061,0.04456546275854304,-0.03846546275854304
100000,single_2alpha,-1.69,0.0064,0.045513977321549805,-0.0391139773215498
100000,single_2alpha,-1.68,0.0066,0.046478657863720046,-0.039878657863720045
100000,single_2alpha,-1.67,0.0068,0.04745968180294733,-0.04065968180294733
100000,single_2alpha,-1.66,0.0071,0.04845722626672282,-0.04135722626672282
100000,single_2alpha,-1.65,0.0073,0.0494714680336481,-0.0421714680336481
100000,single_2alpha,-1.64,0.0077,0.05050258347410371,-0.04280258347410371
100000,single_2alpha,-1.63,0.0078,0.051550748490089365,-0.043750748490089364
100000,single_2alpha,-1.6199999999999999,0.0081,0.05261613845425206,-0.04451613845425206
100000,single_2alpha,-1.6099999999999999,0.0085,0.053698928148119704,-0.0451989281481197
100000,single_2alpha,-1.5999999999999999,0.0085,0.054799291699558,-0.046299291699558
100000,single_2alpha,-1.59,0.0085,0.055917402519469424,-0.04741740251946942
100000,single_2alpha,-1.58,0.0085,0.057053433237754185,-0.048553433237754184
100000,single_2alpha,-1.57,0.0087,0.058207555638553,-0.049507555638553004
100000,single_2alpha,-1.56,0.0088,0.05937994059479304,-0.05057994059479304
100000,single_2alpha,-1.55,0.0092,0.06057075800205901,-0.05137075800205901
100000,single_2alpha,-1.54,0.0095,0.061780176711811886,-0.052280176711811885
100000,single_2alpha,-1.53,0.0097,0.06300836446397844,-0.053308364463978436
100000,single_2alpha,-1.52,0.01,0.06425548781893581,-0.054255487818935806
100000,single_2alpha,-1.51,0.0101,0.0655217120889165,-0.0554217120889165
100000,single_2alpha,-1.5,0.0103,0.06680720126885807,-0.05650720126885807
100000,single_2alpha,-1.49,0.0106,0.06811211796672544,-0.05751211796672544
100000,single_2alpha,-1.48,0.011,0.06943662333333173,-0.05843662333333173
100000,single_2alpha,-1.47,0.0117,0.07078087699168552,-0.059080876991685516
100000,single_2alpha,-1.46,0.0123,0.07214503696589378,-0.05984503696589378
100000,single_2alpha,-1.45,0.0126,0.07352925960964836,-0.06092925960964836
100000,single_2alpha,-1.44,0.0132,0.07493369953432708,-0.06173369953432707
100000,single_2alpha,-1.43,0.0133,0.07635850953673913,-0.06305850953673914
100000,single_2alpha,-1.42,0.0137,0.07780384052654638,-0.06410384052654637
100000,single_2alpha,-1.41,0.0137,0.07926984145339239,-0.06556984145339238
100000,single_2alpha,-1.4,0.0138,0.08075665923377107,-0.06695665923377106
100000,single_2alpha,-1.39,0.014,0.08226443867766892,-0.06826443867766892
100000,single_2alpha,-1.38,0.0144,0.08379332241501436,-0.06939332241501436
100000,single_2alpha,-1.3699999999999999,0.0149,0.08534345082196704,-0.07044345082196704
100000,single_2alpha,-1.3599999999999999,0.0154,0.08691496194708509,-0.07151496194708509
100000,single_2alpha,-1.3499999999999999,0.0157,0.08850799143740207,-0.07280799143740208
100000,single_2alpha,-1.3399999999999999,0.0161,0.09012267246445249,-0.07402267246445249
100000,single_2alpha,-1.33,0.0164,0.09175913565028077,-0.07535913565028077
100000,single_2alpha,-1.32,0.0167,0.09341750899347179,-0.0767175089934718
100000,single_2alpha,-1.31,0.0172,0.09509791779523902,-0.07789791779523902
100000,single_2alpha,-1.3,0.0176,0.09680048458561036,-0.07920048458561035
100000,single_2alpha,-1.29,0.0182,0.09852532904974787,-0.08032532904974787
100000,single_2alpha,-1.28,0.0182,0.10027256795444206,-0.08207256795444207
100000,single_2alpha,-1.27,0.0186,0.10204231507481915,-0.08344231507481914
100000,single_2alpha,-1.26,0.0191,0.1038346811213004,-0.08473468112130039
100000,single_2alpha,-1.25,0.0199,0.10564977366685535,-0.08574977366685535
100000,single_2alpha,-1.24,0.0209,0.10748769707458694,-0.08658769707458694
100000,single_2alpha,-1.23,0.0212,0.10934855242569191,-0.08814855242569192
100000,single_2alpha,-1.22,0.0224,0.11123243744783456,-0.08883243744783456
100000,single_2alpha,-1.21,0.0228,0.11313944644397739,-0.09033944644397739
100000,single_2alpha,-1.2,0.0235,0.11506967022170822,-0.09156967022170823
100000,single_2alpha,-1.19,0.024,0.11702319602310873,-0.09302319602310874
100000,single_2alpha,-1.18,0.0244,0.11900010745520073,-0.09460010745520073
100000,single_2alpha,-1.17,0.025,0.12100048442101824,-0.09600048442101825
100000,single_2alpha,-1.16,0.0252,0.12302440305134343,-0.09782440305134343
100000,single_2alpha,-1.15,0.0258,0.12507193563715036,-0.09927193563715035
100000,single_2alpha,-1.14,0.0266,0.1271431505627983,-0.10054315056279829
100000,single_2alpha,-1.13,0.0276,0.12923811224001786,-0.10163811224001786
100000,single_2alpha,-1.1199999999999999,0.028,0.13135688104273074,-0.10335688104273075
100000,single_2alpha,-1.1099999999999999,0.0281,0.13349951324274728,-0.10539951324274728
100000,single_2alpha,-1.0999999999999999,0.0286,0.13566606094638267,-0.10706606094638267
100000,single_2alpha,-1.0899999999999999,0.0289,0.1378565720320355,-0.1089565720320355
100000,single_2alpha,-1.08,0.0294,0.140071090088769,-0.110671090088769
100000,single_2alpha,-1.07,0.0298,0.14230965435593923,-0.11250965435593924
100000,single_2alpha,-1.06,0.03,0.1445722996639096,-0.11457229966390961
100000,single_2alpha,-1.05,0.0303,0.1468590563758959,-0.11655905637589592
100000,single_2alpha,-1.04,0.0308,0.1491699503309814,-0.11836995033098141
100000,single_2alpha,-1.03,0.0318,0.15150500278834367,-0.11970500278834367
100000,single_2alpha,-1.02,0.0321,0.15386423037273478,-0.12176423037273479
100000,single_2alpha,-1.01,0.0325,0.15624764502125466,-0.12374764502125465
100000,single_2alpha,-1.0,0.0333,0.15865525393145707,-0.12535525393145708
100000,single_2alpha,-0.9899999999999998,0.0337,0.1610870595108309,-0.1273870595108309
100000,single_2alpha,-0.98,0.0343,0.16354305932769236,-0.12924305932769237
100000,single_2alpha,-0.9699999999999998,0.035,0.1660232460635297,-0.1310232460635297
100000,single_2alpha,-0.96,0.0352,0.16852760746683781,-0.1333276074668378
100000,single_2alpha,-0.9500000000000002,0.0363,0.17105612630848183,-0.13475612630848183
100000,single_2alpha,-0.94,0.0372,0.1736087803386246,-0.13640878033862458
100000,single_2alpha,-0.9300000000000002,0.0376,0.17618554224525784,-0.13858554224525785
100000,single_2alpha,-0.9199999999999999,0.0379,0.17878637961437172,-0.14088637961437173
100000,single_2alpha,-0.9100000000000001,0.0383,0.1814112548917972,-0.1431112548917972
100000,single_2alpha,-0.8999999999999999,0.0389,0.18406012534675953,-0.14516012534675954
100000,single_2alpha,-0.8900000000000001,0.0396,0.18673294303717258,-0.1471329430371726
100000,single_2alpha,-0.8799999999999999,0.0406,0.18942965477671214,-0.14882965477671214
100000,single_2alpha,-0.8700000000000001,0.0413,0.19215020210369615,-0.15085020210369615
100000,single_2alpha,-0.8599999999999999,0.0418,0.1948945212518084,-0.1530945212518084
100000,single_2alpha,-0.8500000000000001,0.0431,0.19766254312269238,-0.15456254312269238
100000,single_2alpha,-0.8399999999999999,0.044,0.20045419326044972,-0.15645419326044974
100000,single_2alpha,-0.8300000000000001,0.0443,0.2032693918280684,-0.1589693918280684
100000,single_2alpha,-0.8199999999999998,0.0453,0.20610805358581308,-0.16080805358581307
100000,single_2alpha,-0.81,0.0463,0.2089700878716016,-0.1626700878716016
100000,single_2alpha,-0.7999999999999998,0.0472,0.21185539858339675,-0.16465539858339676
100000,single_2alpha,-0.79,0.0479,0.21476388416363712,-0.16686388416363712
100000,single_2alpha,-0.7799999999999998,0.0488,0.21769543758573318,-0.16889543758573317
100000,single_2alpha,-0.77,0.0495,0.22064994634264962,-0.17114994634264963
100000,single_2alpha,-0.7599999999999998,0.0504,0.2236272924375995,-0.1732272924375995
100000,single_2alpha,-0.75,0.0512,0.2266273523768682,-0.1754273523768682
100000,single_2alpha,-0.7399999999999998,0.0521,0.22964999716479062,-0.1775499971647906
100000,single_2alpha,-0.73,0.0538,0.2326950923008974,-0.1788950923008974
100000,single_2alpha,-0.7199999999999998,0.0551,0.23576249777925123,-0.18066249777925122
100000,single_2alpha,-0.71,0.0563,0.2388520680899867,-0.1825520680899867
100000,single_2alpha,-0.6999999999999997,0.0571,0.2419636522230731,-0.1848636522230731
100000,single_2alpha,-0.69,0.0581,0.24509709367430943,-0.18699709367430944
100000,single_2alpha,-0.6800000000000002,0.0591,0.24825223045357053,-0.18915223045357055
100000,single_2alpha,-0.6699999999999999,0.0604,0.2514288950953102,-0.19102889509531018
100000,single_2alpha,-0.6600000000000001,0.0612,0.2546269146713361,-0.19342691467133608
100000,single_2alpha,-0.6499999999999999,0.0619,0.2578461108058647,-0.19594611080586471
100000,single_2alpha,-0.6400000000000001,0.0632,0.26108629969286157,-0.19788629969286156
100000,single_2alpha,-0.6299999999999999,0.0644,0.2643472921156776,-0.19994729211567758
100000,single_2alpha,-0.6200000000000001,0.0656,0.267628893468983,-0.202028893468983
100000,single_2alpha,-0.6099999999999999,0.0674,0.27093090378300577,-0.20353090378300576
100000,single_2alpha,-0.6000000000000001,0.0685,0.27425311775007355,-0.20575311775007354
100000,single_2alpha,-0.5899999999999999,0.0701,0.27759532475346493,-0.20749532475346494
100000,single_2alpha,-0.5800000000000001,0.0721,0.2809573088985643,-0.2088573088985643
100000,single_2alpha,-0.5699999999999998,0.0732,0.2843388490463242,-0.21113884904632424
100000,single_2alpha,-0.56,0.0748,0.28773971884902705,-0.21293971884902704
100000,single_2alpha,-0.5499999999999998,0.0755,0.2911596867883464,-0.2156596867883464
100000,single_2alpha,-0.54,0.0769,0.294598516215698,-0.217698516215698
100000,single_2alpha,-0.5299999999999998,0.0778,0.29805596539487644,-0.22025596539487646
100000,single_2alpha,-0.52,0.0796,0.3015317875469662,-0.22193178754696619
100000,single_2alpha,-0.5099999999999998,0.0806,0.3050257308975195,-0.2244257308975195
100000,single_2alpha,-0.5,0.0815,0.3085375387259869,-0.22703753872598686
100000,single_2alpha,-0.48999999999999977,0.0834,0.3120669494173906,-0.2286669494173906
100000,single_2alpha,-0.48,0.0851,0.31561369651622256,-0.23051369651622255
100000,single_2alpha,-0.46999999999999975,0.0866,0.3191775087825559,-0.2325775087825559
100000,single_2alpha,-0.45999999999999996,0.088,0.32275811025034773,-0.23475811025034773
100000,single_2alpha,-0.44999999999999973,0.0889,0.32635522028792013,-0.23745522028792013
100000,single_2alpha,-0.43999999999999995,0.0897,0.32996855366059363,-0.24026855366059363
100000,single_2alpha,-0.43000000000000016,0.0904,0.3335978205954576,-0.24319782059545764
100000,single_2alpha,-0.41999999999999993,0.0921,0.3372427268482495,-0.2451427268482495
100000,single_2alpha,-0.41000000000000014,0.0939,0.34090297377232254,-0.24700297377232255
100000,single_2alpha,-0.3999999999999999,0.0952,0.3445782583896759,-0.24937825838967587
100000,single_2alpha,-0.3900000000000001,0.0971,0.34826827346401756,-0.25116827346401754
100000,single_2alpha,-0.3799999999999999,0.0993,0.35197270757583726,-0.25267270757583726
100000,single_2alpha,-0.3700000000000001,0.1014,0.3556912451994532,-0.25429124519945323
100000,single_2alpha,-0.3599999999999999,0.1031,0.3594235667820088,-0.25632356678200885
100000,single_2alpha,-0.3500000000000001,0.1052,0.3631693488243809,-0.2579693488243809
100000,single_2alpha,-0.33999999999999986,0.107,0.366928263963972,-0.259928263963972
100000,single_2alpha,-0.33000000000000007,0.1097,0.37069998105934643,-0.2609999810593464
100000,single_2alpha,-0.31999999999999984,0.1115,0.37448416527668005,-0.26298416527668006
100000,single_2alpha,-0.31000000000000005,0.1135,0.3782804781779807,-0.2647804781779807
100000,single_2alpha,-0.2999999999999998,0.1153,0.38208857781104744,-0.2667885778110474
100000,single_2alpha,-0.29000000000000004,0.1171,0.38590811880112263,-0.26880811880112265
100000,single_2alpha,-0.2799999999999998,0.119,0.38973875244420286,-0.27073875244420287
100000,single_2alpha,-0.27,0.1201,0.3935801268019605,-0.2734801268019605
100000,single_2alpha,-0.2599999999999998,0.1225,0.3974318867982396,-0.2749318867982396
100000,single_2alpha,-0.25,0.1242,0.4012936743170763,-0.2770936743170763
100000,single_2alpha,-0.23999999999999977,0.1265,0.40516512830220425,-0.27866512830220425
100000,single_2alpha,-0.22999999999999998,0.1294,0.40904588485799415,-0.27964588485799413
100000,single_2alpha,-0.21999999999999975,0.1319,0.4129355773517855,-0.2810355773517855
100000,single_2alpha,-0.20999999999999996,0.1333,0.41683383651755773,-0.2835338365175577
100000,single_2alpha,-0.19999999999999973,0.1355,0.42074029056089707,-0.28524029056089706
100000,single_2alpha,-0.18999999999999995,0.138,0.42465456526520456,-0.28665456526520455
100000,single_2alpha,-0.18000000000000016,0.1402,0.4285762840990992,-0.2883762840990992
100000,single_2alpha,-0.16999999999999993,0.1427,0.4325050683249616,-0.2898050683249616
100000,single_2alpha,-0.16000000000000014,0.145,0.4364405371085671,-0.2914405371085671
100000,single_2alpha,-0.1499999999999999,0.1467,0.4403823076297575,-0.2936823076297575
100000,single_2alpha,-0.14000000000000012,0.1487,0.44432999519409355,-0.29562999519409355
100000,single_2alpha,-0.1299999999999999,0.1509,0.4482832133454389,-0.29738321334543893
100000,single_2alpha,-0.1200000000000001,0.1531,0.4522415739794161,-0.2991415739794161
100000,single_2alpha,-0.10999999999999988,0.1549,0.4562046874576833,-0.30130468745768324
100000,single_2alpha,-0.10000000000000009,0.1579,0.46017216272297096,-0.30227216272297097
100000,single_2alpha,-0.08999999999999986,0.1605,0.46414360741482796,-0.303643607414828
100000,single_2alpha,-0.08000000000000007,0.1629,0.4681186279860126,-0.3052186279860126
100000,single_2alpha,-0.06999999999999984,0.1654,0.472096829819479,-0.306696829819479
100000,single_2alpha,-0.06000000000000005,0.1678,0.4760778173458931,-0.3082778173458931
100000,single_2alpha,-0.04999999999999982,0.1704,0.4800611941616276,-0.30966119416162763
100000,single_2alpha,-0.040000000000000036,0.1729,0.4840465631471692,-0.3111465631471692
100000,single_2alpha,-0.029999999999999805,0.175,0.48803352658588744,-0.31303352658588746
100000,single_2alpha,-0.020000000000000018,0.1778,0.492021686283098,-0.314221686283098
100000,single_2alpha,-0.009999999999999787,0.1807,0.49601064368536846,-0.31531064368536843
100000,single_2alpha,0.0,0.1819,0.5,-0.3181
100000,single_2alpha,0.010000000000000231,0.1845,0.5039893563146317,-0.3194893563146317
100000,single_2alpha,0.020000000000000018,0.1868,0.5079783137169019,-0.321178313716902
100000,single_2alpha,0.03000000000000025,0.1889,0.5119664734141127,-0.3230664734141127
100000,single_2alpha,0.040000000000000036,0.1915,0.5159534368528308,-0.3244534368528308
100000,single_2alpha,0.050000000000000266,0.1943,0.5199388058383726,-0.32563880583837257
100000,single_2alpha,0.06000000000000005,0.1962,0.5239221826541068,-0.3277221826541068
100000,single_2alpha,0.07000000000000028,0.1987,0.5279031701805212,-0.32920317018052125
100000,single_2alpha,0.08000000000000007,0.2011,0.5318813720139874,-0.33078137201398744
100000,single_2alpha,0.08999999999999986,0.2041,0.535856392585172,-0.33175639258517203
100000,single_2alpha,0.10000000000000009,0.2064,0.539827837277029,-0.33342783727702896
100000,single_2alpha,0.10999999999999988,0.2098,0.5437953125423167,-0.33399531254231674
100000,single_2alpha,0.1200000000000001,0.2124,0.5477584260205839,-0.33535842602058386
100000,single_2alpha,0.1299999999999999,0.2147,0.5517167866545611,-0.33701678665456114
100000,single_2alpha,0.14000000000000012,0.2179,0.5556700048059064,-0.33777000480590647
100000,single_2alpha,0.1499999999999999,0.2208,0.5596176923702425,-0.3388176923702425
100000,single_2alpha,0.16000000000000014,0.2234,0.5635594628914329,-0.3401594628914329
100000,single_2alpha,0.16999999999999993,0.2258,0.5674949316750384,-0.3416949316750384
100000,single_2alpha,0.18000000000000016,0.2284,0.5714237159009008,-0.3430237159009008
100000,single_2alpha,0.18999999999999995,0.2313,0.5753454347347954,-0.3440454347347954
100000,single_2alpha,0.20000000000000018,0.2348,0.5792597094391031,-0.3444597094391031
100000,single_2alpha,0.20999999999999996,0.2378,0.5831661634824423,-0.3453661634824423
100000,single_2alpha,0.2200000000000002,0.2407,0.5870644226482147,-0.34636442264821465
100000,single_2alpha,0.22999999999999998,0.2432,0.5909541151420059,-0.34775411514200594
100000,single_2alpha,0.2400000000000002,0.2463,0.5948348716977959,-0.34853487169779596
100000,single_2alpha,0.25,0.2492,0.5987063256829237,-0.3495063256829237
100000,single_2alpha,0.26000000000000023,0.2524,0.6025681132017606,-0.3501681132017606
100000,single_2alpha,0.27,0.255,0.6064198731980396,-0.3514198731980396
100000,single_2alpha,0.28000000000000025,0.2587,0.6102612475557974,-0.3515612475557974
100000,single_2alpha,0.29000000000000004,0.2605,0.6140918811988774,-0.35359188119887736
100000,single_2alpha,0.30000000000000027,0.264,0.6179114221889528,-0.3539114221889528
100000,single_2alpha,0.31000000000000005,0.2666,0.6217195218220193,-0.3551195218220193
100000,single_2alpha,0.3200000000000003,0.2697,0.6255158347233202,-0.3558158347233202
100000,single_2alpha,0.33000000000000007,0.2721,0.6293000189406536,-0.35720001894065356
100000,single_2alpha,0.33999999999999986,0.2756,0.6330717360360281,-0.35747173603602805
100000,single_2alpha,0.3500000000000001,0.2784,0.6368306511756191,-0.3584306511756191
100000,single_2alpha,0.3599999999999999,0.2812,0.6405764332179912,-0.3593764332179912
100000,single_2alpha,0.3700000000000001,0.2844,0.6443087548005468,-0.35990875480054685
100000,single_2alpha,0.3799999999999999,0.2876,0.6480272924241628,-0.36042729242416277
100000,single_2alpha,0.3900000000000001,0.2909,0.6517317265359824,-0.36083172653598244
100000,single_2alpha,0.3999999999999999,0.2947,0.6554217416103241,-0.36072174161032405
100000,single_2alpha,0.41000000000000014,0.2984,0.6590970262276774,-0.3606970262276774
100000,single_2alpha,0.41999999999999993,0.3015,0.6627572731517505,-0.3612572731517505
100000,single_2alpha,0.43000000000000016,0.3062,0.6664021794045424,-0.36020217940454236
100000,single_2alpha,0.43999999999999995,0.3093,0.6700314463394064,-0.36073144633940635
100000,single_2alpha,0.4500000000000002,0.3138,0.67364477971208,-0.35984477971208
100000,single_2alpha,0.45999999999999996,0.3169,0.6772418897496523,-0.36034188974965226
100000,single_2alpha,0.4700000000000002,0.3198,0.6808224912174442,-0.36102249121744423
100000,single_2alpha,0.48,0.3225,0.6843863034837774,-0.36188630348377737
100000,single_2alpha,0.4900000000000002,0.3264,0.6879330505826096,-0.36153305058260954
100000,single_2alpha,0.5,0.3295,0.6914624612740131,-0.3619624612740131
100000,single_2alpha,0.5100000000000002,0.3325,0.6949742691024807,-0.3624742691024807
100000,single_2alpha,0.52,0.3351,0.6984682124530338,-0.3633682124530338
100000,single_2alpha,0.5300000000000002,0.3383,0.7019440346051237,-0.3636440346051237
100000,single_2alpha,0.54,0.3416,0.705401483784302,-0.363801483784302
100000,single_2alpha,0.5500000000000003,0.3459,0.7088403132116537,-0.36294031321165376
100000,single_2alpha,0.56,0.3487,0.712260281150973,-0.36356028115097294
100000,single_2alpha,0.5700000000000003,0.3532,0.7156611509536759,-0.36246115095367587
100000,single_2alpha,0.5800000000000001,0.3576,0.7190426911014357,-0.36144269110143573
100000,single_2alpha,0.5899999999999999,0.3609,0.7224046752465351,-0.36150467524653507
100000,single_2alpha,0.6000000000000001,0.3646,0.7257468822499265,-0.36114688224992647
100000,single_2alpha,0.6099999999999999,0.3689,0.7290690962169942,-0.3601690962169942
100000,single_2alpha,0.6200000000000001,0.3722,0.732371106531017,-0.360171106531017
100000,single_2alpha,0.6299999999999999,0.3759,0.7356527078843225,-0.35975270788432245
100000,single_2alpha,0.6400000000000001,0.3787,0.7389137003071384,-0.36021370030713845
100000,single_2alpha,0.6499999999999999,0.3816,0.7421538891941353,-0.3605538891941353
100000,single_2alpha,0.6600000000000001,0.3857,0.745373085328664,-0.359673085328664
100000,single_2alpha,0.6699999999999999,0.3887,0.7485711049046898,-0.3598711049046898
100000,single_2alpha,0.6800000000000002,0.3924,0.7517477695464294,-0.3593477695464294
100000,single_2alpha,0.69,0.3957,0.7549029063256906,-0.3592029063256906
100000,single_2alpha,0.7000000000000002,0.3996,0.758036347776927,-0.35843634777692696
100000,single_2alpha,0.71,0.4021,0.7611479319100133,-0.3590479319100133
100000,single_2alpha,0.7200000000000002,0.4058,0.7642375022207488,-0.3584375022207488
100000,single_2alpha,0.73,0.4106,0.7673049076991025,-0.3567049076991025
100000,single_2alpha,0.7400000000000002,0.4151,0.7703500028352095,-0.35525000283520947
100000,single_2alpha,0.75,0.4185,0.7733726476231317,-0.35487264762313175
100000,single_2alpha,0.7600000000000002,0.4228,0.7763727075624006,-0.3535727075624006
100000,single_2alpha,0.77,0.4273,0.7793500536573503,-0.3520500536573503
100000,single_2alpha,0.7800000000000002,0.4305,0.782304562414267,-0.35180456241426705
100000,single_2alpha,0.79,0.4336,0.7852361158363629,-0.3516361158363629
100000,single_2alpha,0.8000000000000003,0.4374,0.7881446014166034,-0.35074460141660335
100000,single_2alpha,0.81,0.4412,0.7910299121283983,-0.34982991212839837
100000,single_2alpha,0.8200000000000003,0.4444,0.793891946414187,-0.349491946414187
100000,single_2alpha,0.8300000000000001,0.4483,0.7967306081719316,-0.34843060817193167
100000,single_2alpha,0.8399999999999999,0.4525,0.7995458067395502,-0.3470458067395502
100000,single_2alpha,0.8500000000000001,0.4561,0.8023374568773076,-0.3462374568773076
100000,single_2alpha,0.8599999999999999,0.4602,0.8051054787481916,-0.3449054787481916
100000,single_2alpha,0.8700000000000001,0.4628,0.8078497978963038,-0.34504979789630386
100000,single_2alpha,0.8799999999999999,0.4664,0.8105703452232879,-0.3441703452232879
100000,single_2alpha,0.8900000000000001,0.4712,0.8132670569628274,-0.3420670569628274
100000,single_2alpha,0.8999999999999999,0.475,0.8159398746532405,-0.3409398746532405
100000,single_2alpha,0.9100000000000001,0.4788,0.8185887451082028,-0.3397887451082028
100000,single_2alpha,0.9199999999999999,0.4825,0.8212136203856283,-0.3387136203856283
100000,single_2alpha,0.9300000000000002,0.4869,0.8238144577547422,-0.33691445775474216
100000,single_2alpha,0.94,0.4903,0.8263912196613754,-0.3360912196613754
100000,single_2alpha,0.9500000000000002,0.4943,0.8289438736915182,-0.3346438736915182
100000,single_2alpha,0.96,0.4972,0.8314723925331622,-0.3342723925331622
100000,single_2alpha,0.9700000000000002,0.5006,0.8339767539364704,-0.33337675393647037
100000,single_2alpha,0.98,0.5047,0.8364569406723077,-0.33175694067230765
100000,single_2alpha,0.9900000000000002,0.5072,0.8389129404891691,-0.3317129404891691
100000,single_2alpha,1.0,0.51,0.8413447460685429,-0.3313447460685429
100000,single_2alpha,1.0099999999999998,0.5134,0.8437523549787453,-0.3303523549787454
100000,single_2alpha,1.0200000000000005,0.5174,0.8461357696272652,-0.32873576962726525
100000,single_2alpha,1.0300000000000002,0.5212,0.8484949972116563,-0.32729499721165634
100000,single_2alpha,1.04,0.5245,0.8508300496690187,-0.3263300496690187
100000,single_2alpha,1.0499999999999998,0.5285,0.853140943624104,-0.324640943624104
100000,single_2alpha,1.0600000000000005,0.5316,0.8554277003360906,-0.32382770033609065
100000,single_2alpha,1.0700000000000003,0.5366,0.8576903456440608,-0.3210903456440608
100000,single_2alpha,1.08,0.5404,0.859928909911231,-0.31952890991123106
100000,single_2alpha,1.0899999999999999,0.5455,0.8621434279679645,-0.3166434279679645
100000,single_2alpha,1.0999999999999996,0.5505,0.8643339390536173,-0.31383393905361734
100000,single_2alpha,1.1100000000000003,0.5542,0.8665004867572528,-0.31230048675725275
100000,single_2alpha,1.12,0.557,0.8686431189572693,-0.31164311895726926
100000,single_2alpha,1.13,0.5591,0.8707618877599821,-0.31166188775998205
100000,single_2alpha,1.1399999999999997,0.5627,0.8728568494372017,-0.3101568494372017
100000,single_2alpha,1.1500000000000004,0.5667,0.8749280643628499,-0.3082280643628499
100000,single_2alpha,1.1600000000000001,0.5705,0.8769755969486566,-0.30647559694865656
100000,single_2alpha,1.17,0.5747,0.8789995155789818,-0.3042995155789818
100000,single_2alpha,1.1799999999999997,0.5785,0.8809998925447993,-0.30249989254479925
100000,single_2alpha,1.1900000000000004,0.5823,0.8829768039768913,-0.3006768039768912
100000,single_2alpha,1.2000000000000002,0.5862,0.8849303297782918,-0.2987303297782917
100000,single_2alpha,1.21,0.5902,0.8868605535560226,-0.2966605535560226
100000,single_2alpha,1.2199999999999998,0.5939,0.8887675625521653,-0.2948675625521653
100000,single_2alpha,1.2300000000000004,0.599,0.8906514475743081,-0.29165144757430816
100000,single_2alpha,1.2400000000000002,0.6023,0.8925123029254132,-0.2902123029254132
100000,single_2alpha,1.25,0.6063,0.8943502263331446,-0.2880502263331447
100000,single_2alpha,1.2599999999999998,0.6101,0.8961653188786995,-0.28606531887869957
100000,single_2alpha,1.2700000000000005,0.6136,0.8979576849251809,-0.2843576849251809
100000,single_2alpha,1.2800000000000002,0.6171,0.8997274320455579,-0.28262743204555796
100000,single_2alpha,1.29,0.621,0.9014746709502521,-0.28047467095025214
100000,single_2alpha,1.2999999999999998,0.6243,0.9031995154143896,-0.2788995154143896
100000,single_2alpha,1.3100000000000005,0.6295,0.9049020822047611,-0.27540208220476114
100000,single_2alpha,1.3200000000000003,0.6323,0.9065824910065282,-0.27428249100652824
100000,single_2alpha,1.33,0.636,0.9082408643497193,-0.2722408643497193
100000,single_2alpha,1.3399999999999999,0.6396,0.9098773275355475,-0.27027732753554756
100000,single_2alpha,1.3500000000000005,0.6436,0.9114920085625979,-0.267892008562598
100000,single_2alpha,1.3600000000000003,0.6483,0.913085038052915,-0.264785038052915
100000,single_2alpha,1.37,0.6523,0.914656549178033,-0.26235654917803297
100000,single_2alpha,1.38,0.6557,0.9162066775849856,-0.2605066775849857
100000,single_2alpha,1.3899999999999997,0.659,0.917735561322331,-0.258735561322331
100000,single_2alpha,1.4000000000000004,0.6627,0.919243340766229,-0.2565433407662291
100000,single_2alpha,1.4100000000000001,0.6662,0.9207301585466077,-0.25453015854660765
100000,single_2alpha,1.42,0.669,0.9221961594734536,-0.25319615947345353
100000,single_2alpha,1.4299999999999997,0.6726,0.9236414904632608,-0.25104149046326085
100000,single_2alpha,1.4400000000000004,0.6768,0.9250663004656731,-0.2482663004656731
100000,single_2alpha,1.4500000000000002,0.6802,0.9264707403903517,-0.24627074039035168
100000,single_2alpha,1.46,0.6831,0.9278549630341062,-0.24475496303410615
100000,single_2alpha,1.4699999999999998,0.687,0.9292191230083144,-0.24221912300831439
100000,single_2alpha,1.4800000000000004,0.691,0.9305633766666683,-0.23956337666666838
100000,single_2alpha,1.4900000000000002,0.6948,0.9318878820332746,-0.23708788203327458
100000,single_2alpha,1.5,0.6986,0.9331927987311419,-0.23459279873114192
100000,single_2alpha,1.5099999999999998,0.7018,0.9344782879110834,-0.23267828791108347
100000,single_2alpha,1.5200000000000005,0.7048,0.9357445121810642,-0.23094451218106427
100000,single_2alpha,1.5300000000000002,0.708,0.9369916355360216,-0.22899163553602164
100000,single_2alpha,1.54,0.7126,0.9382198232881881,-0.22561982328818808
100000,single_2alpha,1.5499999999999998,0.7167,0.939429241997941,-0.22272924199794097
100000,single_2alpha,1.5600000000000005,0.7205,0.9406200594052071,-0.22012005940520707
100000,single_2alpha,1.5700000000000003,0.7247,0.941792444361447,-0.21709244436144703
100000,single_2alpha,1.58,0.7289,0.9429465667622459,-0.21404656676224587
100000,single_2alpha,1.5899999999999999,0.7324,0.9440825974805306,-0.21168259748053053
100000,single_2alpha,1.6000000000000005,0.7354,0.9452007083004421,-0.20980070830044206
100000,single_2alpha,1.6100000000000003,0.7388,0.9463010718518803,-0.20750107185188027
100000,single_2alpha,1.62,0.7429,0.9473838615457479,-0.20448386154574794
100000,single_2alpha,1.63,0.7456,0.9484492515099107,-0.20284925150991062
100000,single_2alpha,1.6399999999999997,0.7485,0.9494974165258963,-0.2009974165258962
100000,single_2alpha,1.6500000000000004,0.751,0.9505285319663519,-0.1995285319663519
100000,single_2alpha,1.6600000000000001,0.7545,0.9515427737332772,-0.19704277373327728
100000,single_2alpha,1.67,0.7572,0.9525403181970526,-0.19534031819705266
100000,single_2alpha,1.6799999999999997,0.7599,0.9535213421362799,-0.1936213421362799
100000,single_2alpha,1.6900000000000004,0.7622,0.9544860226784502,-0.19228602267845019
100000,single_2alpha,1.7000000000000002,0.7662,0.955434537241457,-0.189234537241457
100000,single_2alpha,1.71,0.7706,0.9563670634759681,-0.18576706347596816
100000,single_2alpha,1.7199999999999998,0.7736,0.957283779208671,-0.18368377920867107
100000,single_2alpha,1.7300000000000004,0.7765,0.9581848623864051,-0.18168486238640513
100000,single_2alpha,1.7400000000000002,0.7788,0.9590704910211927,-0.18027049102119264
100000,single_2alpha,1.75,0.7814,0.9599408431361829,-0.1785408431361829
100000,single_2alpha,1.7599999999999998,0.784,0.9607960967125173,-0.17679609671251728
100000,single_2alpha,1.7700000000000005,0.7866,0.9616364296371288,-0.17503642963712884
100000,single_2alpha,1.7800000000000002,0.7893,0.9624620196514833,-0.17316201965148326
100000,single_2alpha,1.79,0.7913,0.9632730443012737,-0.1719730443012737
100000,single_2alpha,1.7999999999999998,0.7943,0.9640696808870742,-0.16976968088707423
100000,single_2alpha,1.8100000000000005,0.7975,0.9648521064159612,-0.1673521064159612
100000,single_2alpha,1.8200000000000003,0.8005,0.9656204975541101,-0.16512049755411007
100000,single_2alpha,1.83,0.8033,0.9663750305803717,-0.16307503058037165
100000,single_2alpha,1.8399999999999999,0.806,0.9671158813408361,-0.1611158813408361
100000,single_2alpha,1.8500000000000005,0.8095,0.9678432252043864,-0.15834322520438637
100000,single_2alpha,1.8600000000000003,0.8113,0.9685572370192473,-0.15725723701924732
100000,single_2alpha,1.87,0.8136,0.9692580910705341,-0.15565809107053408
100000,single_2alpha,1.88,0.8167,0.9699459610388002,-0.15324596103880017
100000,single_2alpha,1.8899999999999997,0.8191,0.9706210199595906,-0.15152101995959055
100000,single_2alpha,1.9000000000000004,0.822,0.9712834401839983,-0.1492834401839983
100000,single_2alpha,1.9100000000000001,0.824,0.9719333933402275,-0.1479333933402276
100000,single_2alpha,1.92,0.8262,0.9725710502961632,-0.14637105029616315
100000,single_2alpha,1.9299999999999997,0.8293,0.973196581122945,-0.143896581122945
100000,single_2alpha,1.9400000000000004,0.8316,0.9738101550595474,-0.14221015505954737
100000,single_2alpha,1.9500000000000002,0.8336,0.9744119404783614,-0.14081194047836143
100000,single_2alpha,1.96,0.8366,0.9750021048517795,-0.1384021048517795
100000,single_2alpha,1.9699999999999998,0.8388,0.9755808147197774,-0.13678081471977743
100000,single_2alpha,1.9800000000000004,0.8402,0.9761482356584915,-0.13594823565849157
100000,single_2alpha,1.9900000000000002,0.843,0.9767045322497881,-0.13370453224978818
100000,single_2alpha,2.0,0.8456,0.9772498680518208,-0.13164986805182077
100000,single_2alpha,2.01,0.8481,0.9777844055705686,-0.1296844055705686
100000,single_2alpha,2.0200000000000005,0.8511,0.9783083062323532,-0.12720830623235324
100000,single_2alpha,2.0300000000000002,0.8535,0.9788217303573278,-0.12532173035732774
100000,single_2alpha,2.04,0.8555,0.9793248371339299,-0.12382483713392989
100000,single_2alpha,2.05,0.8576,0.9798177845942956,-0.12221778459429555
100000,single_2alpha,2.0600000000000005,0.8601,0.9803007295906231,-0.12020072959062311
100000,single_2alpha,2.0700000000000003,0.8617,0.9807738277724828,-0.11907382777248277
100000,single_2alpha,2.08,0.8638,0.9812372335650622,-0.1174372335650622
100000,single_2alpha,2.09,0.8657,0.981691100148341,-0.11599110014834102
100000,single_2alpha,2.1000000000000005,0.8679,0.9821355794371834,-0.11423557943718343
100000,single_2alpha,2.1100000000000003,0.8703,0.9825708220623429,-0.11227082206234296
100000,single_2alpha,2.12,0.8718,0.9829969773523672,-0.11119697735236722
100000,single_2alpha,2.13,0.8733,0.983414193316395,-0.11011419331639505
100000,single_2alpha,2.1399999999999997,0.8754,0.9838226166278339,-0.10842261662783392
100000,single_2alpha,2.1500000000000004,0.8779,0.9842223926089095,-0.10632239260890952
100000,single_2alpha,2.16,0.8793,0.9846136652160745,-0.10531366521607455
100000,single_2alpha,2.17,0.8817,0.9849965770262678,-0.10329657702626771
100000,single_2alpha,2.1799999999999997,0.884,0.9853712692240107,-0.10137126922401074
100000,single_2alpha,2.1900000000000004,0.8863,0.9857378815893312,-0.0994378815893312
100000,single_2alpha,2.2,0.8886,0.9860965524865014,-0.09749655248650146
100000,single_2alpha,2.21,0.8904,0.98644741885358,-0.09604741885358004
100000,single_2alpha,2.2199999999999998,0.8924,0.9867906161927437,-0.09439061619274369
100000,single_2alpha,2.2300000000000004,0.8942,0.987126278561398,-0.09292627856139801
100000,single_2alpha,2.24,0.8957,0.9874545385640534,-0.09175453856405336
100000,single_2alpha,2.25,0.8972,0.9877755273449553,-0.09057552734495533
100000,single_2alpha,2.26,0.8989,0.988089374581453,-0.08918937458145293
100000,single_2alpha,2.2700000000000005,0.9005,0.9883962084780965,-0.08789620847809654
100000,single_2alpha,2.2800000000000002,0.9017,0.9886961557614472,-0.08699615576144726
100000,single_2alpha,2.29,0.9026,0.9889893416755886,-0.08638934167558865
100000,single_2alpha,2.3,0.904,0.9892758899783242,-0.08527588997832414
100000,single_2alpha,2.3100000000000005,0.9063,0.989555922938049,-0.08325592293804895
100000,single_2alpha,2.3200000000000003,0.9081,0.9898295613312803,-0.08172956133128029
100000,single_2alpha,2.33,0.9103,0.9900969244408357,-0.07979692444083575
100000,single_2alpha,2.34,0.9119,0.9903581300546417,-0.07845813005464164
100000,single_2alpha,2.3500000000000005,0.9135,0.9906132944651614,-0.07711329446516146
100000,single_2alpha,2.3600000000000003,0.9151,0.9908625324694273,-0.07576253246942732
100000,single_2alpha,2.37,0.9165,0.9911059573696632,-0.07460595736966324
100000,single_2alpha,2.38,0.9176,0.9913436809744834,-0.07374368097448347
100000,single_2alpha,2.3899999999999997,0.9189,0.9915758136006543,-0.07267581360065423
100000,single_2alpha,2.4000000000000004,0.9209,0.9918024640754038,-0.07090246407540379
100000,single_2alpha,2.41,0.9221,0.9920237397392663,-0.06992373973926624
100000,single_2alpha,2.42,0.9242,0.9922397464494463,-0.06803974644944633
100000,single_2alpha,2.4299999999999997,0.9257,0.9924505885836908,-0.06675058858369087
100000,single_2alpha,2.4400000000000004,0.9269,0.9926563690446517,-0.06575636904465176
100000,single_2alpha,2.45,0.9283,0.9928571892647285,-0.06455718926472853
100000,single_2alpha,2.46,0.9296,0.9930531492113757,-0.06345314921137568
100000,single_2alpha,2.4699999999999998,0.9306,0.9932443473928594,-0.0626443473928594
100000,single_2alpha,2.4800000000000004,0.9319,0.9934308808644533,-0.06153088086445335
100000,single_2alpha,2.49,0.9327,0.9936128452350568,-0.0609128452350568
100000,single_2alpha,2.5,0.9335,0.9937903346742238,-0.060290334674223844
100000,single_2alpha,2.51,0.9348,0.9939634419195873,-0.059163441919587334
100000,single_2alpha,2.5200000000000005,0.9369,0.9941322582846674,-0.05723225828466749
100000,single_2alpha,2.5300000000000002,0.938,0.9942968736670493,-0.056296873667049385
100000,single_2alpha,2.54,0.9386,0.9944573765569173,-0.05585737655691736
100000,single_2alpha,2.55,0.9398,0.9946138540459333,-0.05481385404593331
100000,single_2alpha,2.5600000000000005,0.9411,0.9947663918364442,-0.05366639183644417
100000,single_2alpha,2.5700000000000003,0.9417,0.994915074251009,-0.05321507425100902
100000,single_2alpha,2.58,0.9425,0.9950599842422293,-0.052559984242229296
100000,single_2alpha,2.59,0.9435,0.9952012034028738,-0.05170120340287376
100000,single_2alpha,2.6000000000000005,0.9443,0.9953388119762813,-0.05103881197628124
100000,single_2alpha,2.6100000000000003,0.9446,0.9954728888670327,-0.05087288886703267
100000,single_2alpha,2.62,0.9455,0.9956035116518787,-0.05010351165187865
100000,single_2alpha,2.63,0.9462,0.9957307565909107,-0.04953075659091066
100000,single_2alpha,2.6399999999999997,0.9475,0.9958546986389639,-0.04835469863896391
100000,single_2alpha,2.6500000000000004,0.9482,0.9959754114572417,-0.04777541145724162
100000,single_2alpha,2.66,0.9493,0.9960929674251472,-0.04679296742514716
100000,single_2alpha,2.67,0.9501,0.9962074376523146,-0.04610743765231462
100000,single_2alpha,2.6799999999999997,0.9514,0.996318891990825,-0.044918891990824994
100000,single_2alpha,2.6900000000000004,0.9521,0.9964273990476002,-0.0443273990476003
100000,single_2alpha,2.7,0.9535,0.9965330261969594,-0.04303302619695937
100000,single_2alpha,2.71,0.9544,0.9966358395933308,-0.04223583959333077
100000,single_2alpha,2.7199999999999998,0.9552,0.9967359041841087,-0.041535904184108685
100000,single_2alpha,2.7300000000000004,0.9555,0.9968332837226422,-0.04133328372264222
100000,single_2alpha,2.74,0.956,0.9969280407813496,-0.040928040781349595
100000,single_2alpha,2.75,0.9567,0.9970202367649454,-0.04032023676494545
100000,single_2alpha,2.76,0.9577,0.9971099319237738,-0.039409931923773844
100000,single_2alpha,2.7700000000000005,0.9588,0.997197185367235,-0.03839718536723502
100000,single_2alpha,2.7800000000000002,0.9599,0.9972820550772987,-0.03738205507729875
100000,single_2alpha,2.79,0.9607,0.9973645979220951,-0.03666459792209509
100000,single_2alpha,2.8,0.9614,0.997444869669572,-0.03604486966957199
100000,single_2alpha,2.8100000000000005,0.9618,0.9975229250012141,-0.0357229250012141
100000,single_2alpha,2.8200000000000003,0.9631,0.9975988175258107,-0.03449881752581074
100000,single_2alpha,2.83,0.9638,0.9976725997932685,-0.03387259979326851
100000,single_2alpha,2.84,0.9647,0.9977443233084576,-0.033044323308457635
100000,single_2alpha,2.8500000000000005,0.9651,0.9978140385450868,-0.03271403854508681
100000,single_2alpha,2.8600000000000003,0.9662,0.9978817949595954,-0.031681794959595444
100000,single_2alpha,2.87,0.967,0.9979476410050603,-0.03094764100506031
100000,single_2alpha,2.88,0.9677,0.9980116241451057,-0.030311624145105687
100000,single_2alpha,2.8899999999999997,0.968,0.9980737908678121,-0.030073790867812145
100000,single_2alpha,2.9000000000000004,0.969,0.998134186699616,-0.029134186699615983
100000,single_2alpha,2.91,0.9697,0.9981928562191936,-0.02849285621919362
100000,single_2alpha,2.92,0.9702,0.9982498430713239,-0.028049843071323965
100000,single_2alpha,2.9299999999999997,0.971,0.9983051899807227,-0.027305189980722733
100000,single_2alpha,2.9400000000000004,0.9715,0.998358938765843,-0.026858938765843
100000,single_2alpha,2.95,0.9723,0.9984111303526352,-0.026111130352635126
100000,single_2alpha,2.96,0.9727,0.998461804788262,-0.025761804788261955
100000,single_2alpha,2.9699999999999998,0.9733,0.9985110012547626,-0.0252110012547625
100000,single_2alpha,2.9800000000000004,0.9739,0.99855875808266,-0.02465875808266005
100000,single_2alpha,2.99,0.9745,0.9986051127645078,-0.024105112764507775
100000,single_2alpha,3.0,0.9749,0.9986501019683699,-0.023750101968369908
300000,RR,-3.0,0.0015,0.0013498980316300933,0.00015010196836990676
300000,RR,-2.99,0.0015,0.0013948872354922468,0.0001051127645077532
300000,RR,-2.98,0.0015,0.0014412419173400134,5.875808265998661e-05
300000,RR,-2.97,0.0016,0.0014889987452374632,0.00011100125476253692
300000,RR,-2.96,0.0017,0.0015381952117380577,0.00016180478826194225
300000,RR,-2.95,0.0018,0.0015888696473648667,0.00021113035263513324
300000,RR,-2.94,0.0018,0.0016410612341569964,0.00015893876584300356
300000,RR,-2.93,0.0018,0.0016948100192772598,0.0001051899807227401
300000,RR,-2.92,0.0018,0.0017501569286760992,4.9843071323900714e-05
300000,RR,-2.91,0.0018,0.0018071437808064273,-7.143780806427363e-06
300000,RR,-2.9,0.0018,0.0018658133003840375,-6.581330038403759e-05
300000,RR,-2.89,0.0022,0.0019262091321878587,0.0002737908678121415
300000,RR,-2.88,0.0023,0.0019883758548943256,0.00031162414510567437
300000,RR,-2.87,0.0025,0.0020523589949397536,0.0004476410050602464
300000,RR,-2.86,0.0025,0.0021182050404046217,0.0003817949595953784
300000,RR,-2.85,0.0026,0.0021859614549132405,0.0004140385450867594
300000,RR,-2.84,0.0026,0.0022556766915423202,0.00034432330845767965
300000,RR,-2.83,0.0026,0.0023274002067315515,0.00027259979326844843
300000,RR,-2.82,0.0028,0.0024011824741892525,0.00039881752581074747
300000,RR,-2.81,0.0028,0.002477074998785861,0.000322925001214139
300000,RR,-2.8,0.0031,0.002555130330427932,0.0005448696695720678
300000,RR,-2.79,0.0032,0.0026354020779049527,0.0005645979220950475
300000,RR,-2.78,0.0032,0.0027179449227012578,0.0004820550772987424
300000,RR,-2.77,0.0033,0.002802814632765025,0.0004971853672349749
300000,RR,-2.76,0.0033,0.0028900680762261478,0.0004099319237738522
300000,RR,-2.75,0.0034,0.002979763235054555,0.0004202367649454447
300000,RR,-2.74,0.0034,0.003071959218650488,0.00032804078134951193
300000,RR,-2.73,0.0034,0.0031667162773577934,0.00023328372264220642
300000,RR,-2.7199999999999998,0.0035,0.0032640958158913144,0.00023590418410868565
300000,RR,-2.71,0.004,0.0033641604066691933,0.0006358395933308068
300000,RR,-2.7,0.0043,0.0034669738030406647,0.0008330261969593353
300000,RR,-2.69,0.0044,0.0035726009523997368,0.0008273990476002635
300000,RR,-2.68,0.0046,0.00368110800917498,0.0009188919908250199
300000,RR,-2.67,0.0046,0.0037925623476854887,0.0008074376523145113
300000,RR,-2.66,0.0047,0.003907032574852774,0.0007929674251472259
300000,RR,-2.65,0.0049,0.004024588542758306,0.0008754114572416937
300000,RR,-2.64,0.0049,0.004145301361036037,0.0007546986389639632
300000,RR,-2.63,0.005,0.004269243409089351,0.0007307565909106493
300000,RR,-2.62,0.0052,0.004396488348121309,0.0008035116518786906
300000,RR,-2.61,0.0055,0.004527111132967324,0.0009728888670326756
300000,RR,-2.6,0.0059,0.004661188023718747,0.0012388119762812531
300000,RR,-2.59,0.0062,0.004798796597126178,0.0014012034028738221
300000,RR,-2.58,0.0066,0.004940015757770645,0.0016599842422293553
300000,RR,-2.57,0.0068,0.0050849257489910355,0.001715074251008964
300000,RR,-2.56,0.007,0.005233608163555782,0.0017663918364442185
300000,RR,-2.55,0.0072,0.005386145954066687,0.0018138540459333129
300000,RR,-2.54,0.0075,0.005542623443082601,0.0019573765569173987
300000,RR,-2.53,0.0077,0.005703126332950699,0.001996873667049301
300000,RR,-2.52,0.0079,0.005867741715332562,0.0020322582846674384
300000,RR,-2.51,0.0081,0.006036558080412666,0.0020634419195873334
300000,RR,-2.5,0.0083,0.006209665325776132,0.002090334674223868
300000,RR,-2.49,0.0083,0.006387154764943171,0.0019128452350568289
300000,RR,-2.48,0.0085,0.006569119135546763,0.0019308808644532376
300000,RR,-2.4699999999999998,0.0091,0.006755652607140651,0.0023443473928593493
300000,RR,-2.46,0.0093,0.006946850788624312,0.0023531492113756875
300000,RR,-2.45,0.0096,0.007142810735271415,0.002457189264728584
300000,RR,-2.44,0.0098,0.007343630955348342,0.0024563690446516573
300000,RR,-2.4299999999999997,0.0099,0.007549411416309213,0.0023505885836907882
300000,RR,-2.42,0.0104,0.0077602535505536425,0.002639746449446357
300000,RR,-2.41,0.0106,0.007976260260733725,0.002623739739266275
300000,RR,-2.4,0.0107,0.008197535924596131,0.0025024640754038683
300000,RR,-2.39,0.011,0.008424186399345685,0.002575813600654314
300000,RR,-2.38,0.0111,0.008656319025516543,0.0024436809744834576
300000,RR,-2.37,0.0112,0.008894042630336772,0.002305957369663228
300000,RR,-2.36,0.0114,0.009137467530572669,0.0022625324694273315
300000,RR,-2.35,0.0116,0.009386705534838566,0.002213294465161433
300000,RR,-2.34,0.0118,0.00964186994535833,0.002158130054641669
300000,RR,-2.33,0.0119,0.009903075559164245,0.0019969244408357557
300000,RR,-2.32,0.0123,0.01017043866871968,0.0021295613312803195
300000,RR,-2.31,0.0123,0.010444077061951083,0.0018559229380489175
300000,RR,-2.3,0.0128,0.010724110021675809,0.0020758899783241917
300000,RR,-2.29,0.0131,0.011010658324411388,0.0020893416755886126
300000,RR,-2.2800000000000002,0.0137,0.01130384423855278,0.00239615576144722
300000,RR,-2.27,0.0139,0.011603791521903535,0.0022962084780964644
300000,RR,-2.26,0.0143,0.011910625418547066,0.002389374581452934
300000,RR,-2.25,0.0147,0.012224472655044696,0.002475527344955304
300000,RR,-2.24,0.0147,0.012545461435946563,0.002154538564053437
300000,RR,-2.23,0.0148,0.012873721438602014,0.0019262785613979871
300000,RR,-2.2199999999999998,0.0152,0.013209383807256284,0.0019906161927437157
300000,RR,-2.21,0.0156,0.013552581146419983,0.002047418853580016
300000,RR,-2.2,0.0161,0.013903447513498595,0.0021965524865014043
300000,RR,-2.19,0.0163,0.014262118410668878,0.0020378815893311204
300000,RR,-2.1799999999999997,0.0164,0.014628730775989262,0.0017712692240107394
300000,RR,-2.17,0.0166,0.015003422973732207,0.0015965770262677936
300000,RR,-2.16,0.017,0.015386334783925445,0.001613665216074556
300000,RR,-2.15,0.0174,0.0157776073910905,0.0016223926089094995
300000,RR,-2.14,0.0179,0.01617738337216608,0.00172261662783392
300000,RR,-2.13,0.0183,0.01658580668360501,0.0017141933163949893
300000,RR,-2.12,0.0186,0.017003022647632787,0.0015969773523672112
300000,RR,-2.11,0.0193,0.017429177937657088,0.0018708220623429132
300000,RR,-2.1,0.0202,0.017864420562816542,0.002335579437183457
300000,RR,-2.09,0.021,0.01830889985165897,0.0026911001483410323
300000,RR,-2.08,0.0213,0.01876276643493775,0.0025372335650622503
300000,RR,-2.07,0.0219,0.019226172227517282,0.002673827772482717
300000,RR,-2.06,0.0224,0.019699270409376895,0.002700729590623105
300000,RR,-2.05,0.0229,0.020182215405704394,0.0027177845942956066
300000,RR,-2.04,0.0236,0.020675162866070042,0.002924837133929957
300000,RR,-2.0300000000000002,0.0242,0.02117826964267226,0.0030217303573277406
300000,RR,-2.02,0.0246,0.02169169376764678,0.0029083062323532194
300000,RR,-2.01,0.0255,0.022215594429431475,0.0032844055705685236
300000,RR,-2.0,0.0256,0.022750131948179195,0.0028498680518208065
300000,RR,-1.99,0.0266,0.02329546775021182,0.0033045322497881786
300000,RR,-1.98,0.0269,0.023851764341508513,0.003048235658491487
300000,RR,-1.97,0.0275,0.024419185280222543,0.0030808147197774575
300000,RR,-1.96,0.0285,0.024997895148220435,0.003502104851779566
300000,RR,-1.95,0.0293,0.02558805952163861,0.003711940478361389
300000,RR,-1.94,0.0298,0.026189844940452685,0.0036101550595473153
300000,RR,-1.93,0.0309,0.02680341887705495,0.004096581122945052
300000,RR,-1.92,0.0315,0.027428949703836802,0.004071050296163198
300000,RR,-1.91,0.032,0.0280666066597725,0.003933393340227499
300000,RR,-1.9,0.0328,0.028716559816001803,0.004083440183998199
300000,RR,-1.89,0.0333,0.02937898004040943,0.0039210199595905715
300000,RR,-1.88,0.0335,0.03005403896119979,0.0034459610388002104
300000,RR,-1.8699999999999999,0.0346,0.030741908929465968,0.003858091070534031
300000,RR,-1.8599999999999999,0.0353,0.031442762980752714,0.003857237019247284
300000,RR,-1.8499999999999999,0.0363,0.03215677479561371,0.004143225204386286
300000,RR,-1.84,0.037,0.03288411865916389,0.004115881340836111
300000,RR,-1.83,0.038,0.0336249694196283,0.004375030580371697
300000,RR,-1.82,0.039,0.03437950244588998,0.004620497554110023
300000,RR,-1.81,0.0402,0.03514789358403879,0.005052106415961211
300000,RR,-1.8,0.041,0.03593031911292579,0.005069680887074213
300000,RR,-1.79,0.0415,0.03672695569872628,0.004773044301273725
300000,RR,-1.78,0.0423,0.03753798034851679,0.004762019651483207
300000,RR,-1.77,0.0434,0.03836357036287122,0.005036429637128782
300000,RR,-1.76,0.0441,0.03920390328748265,0.004896096712517353
300000,RR,-1.75,0.045,0.040059156863817086,0.0049408431361829125
300000,RR,-1.74,0.046,0.040929508978807365,0.005070491021192634
300000,RR,-1.73,0.0464,0.04181513761359493,0.00458486238640507
300000,RR,-1.72,0.0476,0.04271622079132892,0.004883779208671085
300000,RR,-1.71,0.0483,0.0436329365240319,0.004667063475968104
300000,RR,-1.7,0.0494,0.04456546275854304,0.0048345372414569585
300000,RR,-1.69,0.0503,0.045513977321549805,0.004786022678450193
300000,RR,-1.68,0.0514,0.046478657863720046,0.004921342136279955
300000,RR,-1.67,0.0525,0.04745968180294733,0.005040318197052668
300000,RR,-1.66,0.0537,0.04845722626672282,0.005242773733277174
300000,RR,-1.65,0.0544,0.0494714680336481,0.004928531966351894
300000,RR,-1.64,0.0553,0.05050258347410371,0.004797416525896291
300000,RR,-1.63,0.0563,0.051550748490089365,0.0047492515099106375
300000,RR,-1.6199999999999999,0.0573,0.05261613845425206,0.004683861545747937
300000,RR,-1.6099999999999999,0.0583,0.053698928148119704,0.004601071851880294
300000,RR,-1.5999999999999999,0.0591,0.054799291699558,0.004300708300441998
300000,RR,-1.59,0.0601,0.055917402519469424,0.004182597480530577
300000,RR,-1.58,0.0616,0.057053433237754185,0.004546566762245817
300000,RR,-1.57,0.0625,0.058207555638553,0.004292444361446997
300000,RR,-1.56,0.0638,0.05937994059479304,0.004420059405206955
300000,RR,-1.55,0.0646,0.06057075800205901,0.004029241997940997
300000,RR,-1.54,0.0661,0.061780176711811886,0.00431982328818812
300000,RR,-1.53,0.0677,0.06300836446397844,0.00469163553602156
300000,RR,-1.52,0.0689,0.06425548781893581,0.004644512181064195
300000,RR,-1.51,0.07,0.0655217120889165,0.004478287911083512
300000,RR,-1.5,0.0712,0.06680720126885807,0.004392798731141928
300000,RR,-1.49,0.073,0.06811211796672544,0.00488788203327456
300000,RR,-1.48,0.0742,0.06943662333333173,0.004763376666668276
300000,RR,-1.47,0.0761,0.07078087699168552,0.005319123008314483
300000,RR,-1.46,0.0771,0.07214503696589378,0.0049549630341062245
300000,RR,-1.45,0.0781,0.07352925960964836,0.004570740390351644
300000,RR,-1.44,0.0798,0.07493369953432708,0.004866300465672921
300000,RR,-1.43,0.0813,0.07635850953673913,0.004941490463260867
300000,RR,-1.42,0.0831,0.07780384052654638,0.005296159473453618
300000,RR,-1.41,0.0845,0.07926984145339239,0.005230158546607619
300000,RR,-1.4,0.0869,0.08075665923377107,0.0061433407662289385
300000,RR,-1.39,0.0891,0.08226443867766892,0.006835561322331082
300000,RR,-1.38,0.0912,0.08379332241501436,0.007406677584985644
300000,RR,-1.3699999999999999,0.0933,0.08534345082196704,0.007956549178032957
300000,RR,-1.3599999999999999,0.0949,0.08691496194708509,0.007985038052914908
300000,RR,-1.3499999999999999,0.0961,0.08850799143740207,0.007592008562597938
300000,RR,-1.3399999999999999,0.0982,0.09012267246445249,0.008077327535547504
300000,RR,-1.33,0.1003,0.09175913565028077,0.008540864349719235
300000,RR,-1.32,0.1017,0.09341750899347179,0.008282491006528211
300000,RR,-1.31,0.1035,0.09509791779523902,0.008402082204760977
300000,RR,-1.3,0.106,0.09680048458561036,0.009199515414389639
300000,RR,-1.29,0.1081,0.09852532904974787,0.009574670950252134
300000,RR,-1.28,0.1095,0.10027256795444206,0.00922743204555794
300000,RR,-1.27,0.1121,0.10204231507481915,0.01005768492518086
300000,RR,-1.26,0.1142,0.1038346811213004,0.010365318878699598
300000,RR,-1.25,0.1156,0.10564977366685535,0.009950226333144643
300000,RR,-1.24,0.1171,0.10748769707458694,0.009612302925413055
300000,RR,-1.23,0.1188,0.10934855242569191,0.009451447574308089
300000,RR,-1.22,0.1211,0.11123243744783456,0.009867562552165435
300000,RR,-1.21,0.1234,0.11313944644397739,0.010260553556022609
300000,RR,-1.2,0.1251,0.11506967022170822,0.010030329778291769
300000,RR,-1.19,0.1275,0.11702319602310873,0.010476803976891269
300000,RR,-1.18,0.1301,0.11900010745520073,0.011099892544799261
300000,RR,-1.17,0.1317,0.12100048442101824,0.010699515578981772
300000,RR,-1.16,0.1335,0.12302440305134343,0.010475596948656574
300000,RR,-1.15,0.1356,0.12507193563715036,0.010528064362849643
300000,RR,-1.14,0.1373,0.1271431505627983,0.010156849437201715
300000,RR,-1.13,0.1395,0.12923811224001786,0.010261887759982158
300000,RR,-1.1199999999999999,0.1417,0.13135688104273074,0.010343118957269248
300000,RR,-1.1099999999999999,0.1432,0.13349951324274728,0.009700486757252713
300000,RR,-1.0999999999999999,0.1449,0.13566606094638267,0.00923393905361733
300000,RR,-1.0899999999999999,0.1481,0.1378565720320355,0.010243427967964513
300000,RR,-1.08,0.1501,0.140071090088769,0.01002890991123101
300000,RR,-1.07,0.1523,0.14230965435593923,0.00999034564406076
300000,RR,-1.06,0.1546,0.1445722996639096,0.010027700336090378
300000,RR,-1.05,0.1561,0.1468590563758959,0.009240943624104075
300000,RR,-1.04,0.1581,0.1491699503309814,0.008930049669018586
300000,RR,-1.03,0.159,0.15150500278834367,0.007494997211656335
300000,RR,-1.02,0.1623,0.15386423037273478,0.008435769627265222
300000,RR,-1.01,0.1645,0.15624764502125466,0.008252354978745352
300000,RR,-1.0,0.1674,0.15865525393145707,0.008744746068542919
300000,RR,-0.9899999999999998,0.1692,0.1610870595108309,0.00811294048916908
300000,RR,-0.98,0.1713,0.16354305932769236,0.007756940672307644
300000,RR,-0.9699999999999998,0.1736,0.1660232460635297,0.00757675393647031
300000,RR,-0.96,0.1755,0.16852760746683781,0.006972392533162175
300000,RR,-0.9500000000000002,0.1786,0.17105612630848183,0.0075438736915181825
300000,RR,-0.94,0.1811,0.1736087803386246,0.00749121966137542
300000,RR,-0.9300000000000002,0.1834,0.17618554224525784,0.007214457754742165
300000,RR,-0.9199999999999999,0.1863,0.17878637961437172,0.007513620385628278
300000,RR,-0.9100000000000001,0.1882,0.1814112548917972,0.006788745108202793
300000,RR,-0.8999999999999999,0.1908,0.18406012534675953,0.0067398746532404685
300000,RR,-0.8900000000000001,0.1927,0.18673294303717258,0.005967056962827427
300000,RR,-0.8799999999999999,0.1955,0.18942965477671214,0.006070345223287865
300000,RR,-0.8700000000000001,0.1985,0.19215020210369615,0.006349797896303855
300000,RR,-0.8599999999999999,0.2008,0.1948945212518084,0.0059054787481916116
300000,RR,-0.8500000000000001,0.2038,0.19766254312269238,0.006137456877307629
300000,RR,-0.8399999999999999,0.2065,0.20045419326044972,0.006045806739550269
300000,RR,-0.8300000000000001,0.2092,0.2032693918280684,0.005930608171931584
300000,RR,-0.8199999999999998,0.2128,0.20610805358581308,0.006691946414186911
300000,RR,-0.81,0.2158,0.2089700878716016,0.0068299121283983966
300000,RR,-0.7999999999999998,0.2189,0.21185539858339675,0.007044601416603263
300000,RR,-0.79,0.2208,0.21476388416363712,0.006036115836362876
300000,RR,-0.7799999999999998,0.2237,0.21769543758573318,0.006004562414266834
300000,RR,-0.77,0.2275,0.22064994634264962,0.006850053657350391
300000,RR,-0.7599999999999998,0.2309,0.2236272924375995,0.007272707562400504
300000,RR,-0.75,0.2341,0.2266273523768682,0.007472647623131795
300000,RR,-0.7399999999999998,0.2372,0.22964999716479062,0.007550002835209374
300000,RR,-0.73,0.2401,0.2326950923008974,0.0074049076991025975
300000,RR,-0.7199999999999998,0.2433,0.23576249777925123,0.007537502220748754
300000,RR,-0.71,0.2453,0.2388520680899867,0.006447931910013277
300000,RR,-0.6999999999999997,0.2499,0.2419636522230731,0.007936347776926922
300000,RR,-0.69,0.2521,0.24509709367430943,0.007002906325690561
300000,RR,-0.6800000000000002,0.2557,0.24825223045357053,0.00744776954642945
300000,RR,-0.6699999999999999,0.2581,0.2514288950953102,0.006671104904689806
300000,RR,-0.6600000000000001,0.2617,0.2546269146713361,0.007073085328663908
300000,RR,-0.6499999999999999,0.2658,0.2578461108058647,0.007953889194135255
300000,RR,-0.6400000000000001,0.269,0.26108629969286157,0.00791370030713845
300000,RR,-0.6299999999999999,0.2726,0.2643472921156776,0.008252707884322419
300000,RR,-0.6200000000000001,0.2756,0.267628893468983,0.007971106531017014
300000,RR,-0.6099999999999999,0.2784,0.27093090378300577,0.007469096216994209
300000,RR,-0.6000000000000001,0.2809,0.27425311775007355,0.0066468822499264335
300000,RR,-0.5899999999999999,0.2836,0.27759532475346493,0.006004675246535085
300000,RR,-0.5800000000000001,0.2871,0.2809573088985643,0.006142691101435727
300000,RR,-0.5699999999999998,0.2899,0.2843388490463242,0.005561150953675764
300000,RR,-0.56,0.2935,0.28773971884902705,0.005760281150972935
300000,RR,-0.5499999999999998,0.2975,0.2911596867883464,0.00634031321165357
300000,RR,-0.54,0.3012,0.294598516215698,0.006601483784302031
300000,RR,-0.5299999999999998,0.3048,0.29805596539487644,0.006744034605123572
300000,RR,-0.52,0.3088,0.3015317875469662,0.007268212453033829
300000,RR,-0.5099999999999998,0.3128,0.3050257308975195,0.007774269102480524
300000,RR,-0.5,0.3161,0.3085375387259869,0.00756246127401311
300000,RR,-0.48999999999999977,0.3197,0.3120669494173906,0.00763305058260938
300000,RR,-0.48,0.3229,0.31561369651622256,0.0072863034837774565
300000,RR,-0.46999999999999975,0.3267,0.3191775087825559,0.007522491217444083
300000,RR,-0.45999999999999996,0.3301,0.32275811025034773,0.007341889749652275
300000,RR,-0.44999999999999973,0.3347,0.32635522028792013,0.008344779712079864
300000,RR,-0.43999999999999995,0.3382,0.32996855366059363,0.008231446339406367
300000,RR,-0.43000000000000016,0.3415,0.3335978205954576,0.007902179404542409
300000,RR,-0.41999999999999993,0.3459,0.3372427268482495,0.008657273151750466
300000,RR,-0.41000000000000014,0.3501,0.34090297377232254,0.009197026227677485
300000,RR,-0.3999999999999999,0.3548,0.3445782583896759,0.010221741610324131
300000,RR,-0.3900000000000001,0.3591,0.34826827346401756,0.010831726535982411
300000,RR,-0.3799999999999999,0.3633,0.35197270757583726,0.01132729242416275
300000,RR,-0.3700000000000001,0.3662,0.3556912451994532,0.010508754800546805
300000,RR,-0.3599999999999999,0.3694,0.3594235667820088,0.009976433217991187
300000,RR,-0.3500000000000001,0.3729,0.3631693488243809,0.00973065117561911
300000,RR,-0.33999999999999986,0.377,0.366928263963972,0.010071736036028012
300000,RR,-0.33000000000000007,0.3807,0.37069998105934643,0.010000018940653554
300000,RR,-0.31999999999999984,0.3836,0.37448416527668005,0.009115834723319949
300000,RR,-0.31000000000000005,0.3875,0.3782804781779807,0.009219521822019294
300000,RR,-0.2999999999999998,0.3902,0.38208857781104744,0.008111422188952555
300000,RR,-0.29000000000000004,0.3934,0.38590811880112263,0.007491881198877393
300000,RR,-0.2799999999999998,0.3964,0.38973875244420286,0.006661247555797112
300000,RR,-0.27,0.3999,0.3935801268019605,0.006319873198039505
300000,RR,-0.2599999999999998,0.4046,0.3974318867982396,0.007168113201760418
300000,RR,-0.25,0.4085,0.4012936743170763,0.0072063256829236755
300000,RR,-0.23999999999999977,0.4121,0.40516512830220425,0.006934871697795775
300000,RR,-0.22999999999999998,0.4155,0.40904588485799415,0.006454115142005834
300000,RR,-0.21999999999999975,0.4185,0.4129355773517855,0.005564422648214495
300000,RR,-0.20999999999999996,0.4219,0.41683383651755773,0.005066163482442265
300000,RR,-0.19999999999999973,0.4252,0.42074029056089707,0.004459709439102955
300000,RR,-0.18999999999999995,0.4282,0.42465456526520456,0.0035454347347954607
300000,RR,-0.18000000000000016,0.4317,0.4285762840990992,0.0031237159009007698
300000,RR,-0.16999999999999993,0.4353,0.4325050683249616,0.0027949316750384146
300000,RR,-0.16000000000000014,0.4388,0.4364405371085671,0.0023594628914329063
300000,RR,-0.1499999999999999,0.4423,0.4403823076297575,0.0019176923702425297
300000,RR,-0.14000000000000012,0.4471,0.44432999519409355,0.0027700048059064453
300000,RR,-0.1299999999999999,0.4503,0.4482832133454389,0.0020167866545610647
300000,RR,-0.1200000000000001,0.4542,0.4522415739794161,0.001958426020583881
300000,RR,-0.10999999999999988,0.4579,0.4562046874576833,0.001695312542316696
300000,RR,-0.10000000000000009,0.4627,0.46017216272297096,0.0025278372770290436
300000,RR,-0.08999999999999986,0.4661,0.46414360741482796,0.001956392585172051
300000,RR,-0.08000000000000007,0.47,0.4681186279860126,0.001881372013987359
300000,RR,-0.06999999999999984,0.4741,0.472096829819479,0.002003170180521041
300000,RR,-0.06000000000000005,0.4776,0.4760778173458931,0.0015221826541069183
300000,RR,-0.04999999999999982,0.4809,0.4800611941616276,0.0008388058383723695
300000,RR,-0.040000000000000036,0.4846,0.4840465631471692,0.0005534368528307687
300000,RR,-0.029999999999999805,0.4888,0.48803352658588744,0.0007664734141125673
300000,RR,-0.020000000000000018,0.4932,0.492021686283098,0.0011783137169020241
300000,RR,-0.009999999999999787,0.4971,0.49601064368536846,0.0010893563146315288
300000,RR,0.0,0.5009,0.5,0.0009000000000000119
300000,RR,0.010000000000000231,0.5045,0.5039893563146317,0.0005106436853682395
300000,RR,0.020000000000000018,0.5076,0.5079783137169019,-0.0003783137169018902
300000,RR,0.03000000000000025,0.5121,0.5119664734141127,0.00013352658588727806
300000,RR,0.040000000000000036,0.5159,0.5159534368528308,-5.343685283076827e-05
300000,RR,0.050000000000000266,0.519,0.5199388058383726,-0.0009388058383725806
300000,RR,0.06000000000000005,0.5229,0.5239221826541068,-0.0010221826541068069
300000,RR,0.07000000000000028,0.527,0.5279031701805212,-0.0009031701805212178
300000,RR,0.08000000000000007,0.5304,0.5318813720139874,-0.0014813720139874587
300000,RR,0.08999999999999986,0.5343,0.535856392585172,-0.0015563925851720395
300000,RR,0.10000000000000009,0.5386,0.539827837277029,-0.0012278372770290202
300000,RR,0.10999999999999988,0.5425,0.5437953125423167,-0.00129531254231674
300000,RR,0.1200000000000001,0.5456,0.5477584260205839,-0.0021584260205839145
300000,RR,0.1299999999999999,0.5507,0.5517167866545611,-0.0010167866545611748
300000,RR,0.14000000000000012,0.5543,0.5556700048059064,-0.001370004805906433
300000,RR,0.1499999999999999,0.5575,0.5596176923702425,-0.0021176923702425077
300000,RR,0.16000000000000014,0.5611,0.5635594628914329,-0.00245946289143284
300000,RR,0.16999999999999993,0.5647,0.5674949316750384,-0.0027949316750384146
300000,RR,0.18000000000000016,0.5692,0.5714237159009008,-0.002223715900900758
300000,RR,0.18999999999999995,0.5728,0.5753454347347954,-0.0025454347347954043
300000,RR,0.20000000000000018,0.5776,0.5792597094391031,-0.0016597094391030964
300000,RR,0.20999999999999996,0.5808,0.5831661634824423,-0.0023661634824423405
300000,RR,0.2200000000000002,0.5847,0.5870644226482147,-0.0023644226482146813
300000,RR,0.22999999999999998,0.5892,0.5909541151420059,-0.001754115142005963
300000,RR,0.2400000000000002,0.5937,0.5948348716977959,-0.001134871697795914
300000,RR,0.25,0.5975,0.5987063256829237,-0.0012063256829236702
300000,RR,0.26000000000000023,0.6013,0.6025681132017606,-0.0012681132017606789
300000,RR,0.27,0.6053,0.6064198731980396,-0.0011198731980396337
300000,RR,0.28000000000000025,0.6089,0.6102612475557974,-0.0013612475557973625
300000,RR,0.29000000000000004,0.6125,0.6140918811988774,-0.0015918811988773207
300000,RR,0.30000000000000027,0.6157,0.6179114221889528,-0.0022114221889527608
300000,RR,0.31000000000000005,0.6204,0.6217195218220193,-0.0013195218220193317
300000,RR,0.3200000000000003,0.6243,0.6255158347233202,-0.0012158347233202083
300000,RR,0.33000000000000007,0.6279,0.6293000189406536,-0.001400018940653558
300000,RR,0.33999999999999986,0.6305,0.6330717360360281,-0.002571736036028116
300000,RR,0.3500000000000001,0.6338,0.6368306511756191,-0.00303065117561907
300000,RR,0.3599999999999999,0.6361,0.6405764332179912,-0.0044764332179911825
300000,RR,0.3700000000000001,0.6404,0.6443087548005468,-0.003908754800546865
300000,RR,0.3799999999999999,0.644,0.6480272924241628,-0.004027292424162776
300000,RR,0.3900000000000001,0.6479,0.6517317265359824,-0.003831726535982405
300000,RR,0.3999999999999999,0.6518,0.6554217416103241,-0.003621741610324025
300000,RR,0.41000000000000014,0.6552,0.6590970262276774,-0.0038970262276774026
300000,RR,0.41999999999999993,0.6588,0.6627572731517505,-0.003957273151750429
300000,RR,0.43000000000000016,0.6621,0.6664021794045424,-0.004302179404542361
300000,RR,0.43999999999999995,0.6661,0.6700314463394064,-0.0039314463394063415
300000,RR,0.4500000000000002,0.669,0.67364477971208,-0.004644779712079994
300000,RR,0.45999999999999996,0.6727,0.6772418897496523,-0.004541889749652306
300000,RR,0.4700000000000002,0.6766,0.6808224912174442,-0.004222491217444224
300000,RR,0.48,0.6809,0.6843863034837774,-0.003486303483777431
300000,RR,0.4900000000000002,0.6843,0.6879330505826096,-0.0036330505826095427
300000,RR,0.5,0.6891,0.6914624612740131,-0.0023624612740130724
300000,RR,0.5100000000000002,0.6928,0.6949742691024807,-0.0021742691024807526
300000,RR,0.52,0.6963,0.6984682124530338,-0.00216821245303378
300000,RR,0.5300000000000002,0.6995,0.7019440346051237,-0.0024440346051236572
300000,RR,0.54,0.7036,0.705401483784302,-0.0018014837843020048
300000,RR,0.5500000000000003,0.7069,0.7088403132116537,-0.001940313211653777
300000,RR,0.56,0.71,0.712260281150973,-0.002260281150972987
300000,RR,0.5700000000000003,0.7139,0.7156611509536759,-0.0017611509536759051
300000,RR,0.5800000000000001,0.7169,0.7190426911014357,-0.002142691101435723
300000,RR,0.5899999999999999,0.7197,0.7224046752465351,-0.00270467524653506
300000,RR,0.6000000000000001,0.7239,0.7257468822499265,-0.0018468822499264625
300000,RR,0.6099999999999999,0.7265,0.7290690962169942,-0.0025690962169941933
300000,RR,0.6200000000000001,0.7302,0.732371106531017,-0.002171106531017042
300000,RR,0.6299999999999999,0.7342,0.7356527078843225,-0.0014527078843225016
300000,RR,0.6400000000000001,0.7368,0.7389137003071384,-0.002113700307138422
300000,RR,0.6499999999999999,0.7392,0.7421538891941353,-0.0029538891941353063
300000,RR,0.6600000000000001,0.7421,0.745373085328664,-0.003273085328663994
300000,RR,0.6699999999999999,0.7453,0.7485711049046898,-0.0032711049046898477
300000,RR,0.6800000000000002,0.7482,0.7517477695464294,-0.0035477695464294356
300000,RR,0.69,0.7504,0.7549029063256906,-0.004502906325690614
300000,RR,0.7000000000000002,0.7536,0.758036347776927,-0.004436347776926919
300000,RR,0.71,0.757,0.7611479319100133,-0.0041479319100132805
300000,RR,0.7200000000000002,0.7602,0.7642375022207488,-0.004037502220748834
300000,RR,0.73,0.7627,0.7673049076991025,-0.0046049076991024895
300000,RR,0.7400000000000002,0.7662,0.7703500028352095,-0.004150002835209499
300000,RR,0.75,0.7696,0.7733726476231317,-0.0037726476231317863
300000,RR,0.7600000000000002,0.7716,0.7763727075624006,-0.004772707562400669
300000,RR,0.77,0.7744,0.7793500536573503,-0.004950053657350351
300000,RR,0.7800000000000002,0.7766,0.782304562414267,-0.005704562414267089
300000,RR,0.79,0.7792,0.7852361158363629,-0.006036115836362876
300000,RR,0.8000000000000003,0.7811,0.7881446014166034,-0.007044601416603347
300000,RR,0.81,0.7836,0.7910299121283983,-0.007429912128398386
300000,RR,0.8200000000000003,0.7857,0.793891946414187,-0.008191946414187079
300000,RR,0.8300000000000001,0.7884,0.7967306081719316,-0.008330608171931653
300000,RR,0.8399999999999999,0.7911,0.7995458067395502,-0.008445806739550199
300000,RR,0.8500000000000001,0.7935,0.8023374568773076,-0.008837456877307637
300000,RR,0.8599999999999999,0.7961,0.8051054787481916,-0.009005478748191575
300000,RR,0.8700000000000001,0.7981,0.8078497978963038,-0.009749797896303813
300000,RR,0.8799999999999999,0.8017,0.8105703452232879,-0.00887034522328789
300000,RR,0.8900000000000001,0.804,0.8132670569628274,-0.009267056962827369
300000,RR,0.8999999999999999,0.8065,0.8159398746532405,-0.009439874653240476
300000,RR,0.9100000000000001,0.809,0.8185887451082028,-0.009588745108202734
300000,RR,0.9199999999999999,0.8121,0.8212136203856283,-0.00911362038562824
300000,RR,0.9300000000000002,0.8152,0.8238144577547422,-0.008614457754742122
300000,RR,0.94,0.8177,0.8263912196613754,-0.008691219661375427
300000,RR,0.9500000000000002,0.8206,0.8289438736915182,-0.008343873691518233
300000,RR,0.96,0.823,0.8314723925331622,-0.008472392533162232
300000,RR,0.9700000000000002,0.826,0.8339767539364704,-0.00797675393647046
300000,RR,0.98,0.8281,0.8364569406723077,-0.008356940672307744
300000,RR,0.9900000000000002,0.8309,0.8389129404891691,-0.008012940489169118
300000,RR,1.0,0.8342,0.8413447460685429,-0.007144746068542873
300000,RR,1.0099999999999998,0.8368,0.8437523549787453,-0.0069523549787453565
300000,RR,1.0200000000000005,0.8391,0.8461357696272652,-0.007035769627265265
300000,RR,1.0300000000000002,0.8415,0.8484949972116563,-0.006994997211656306
300000,RR,1.04,0.8446,0.8508300496690187,-0.0062300496690186336
300000,RR,1.0499999999999998,0.8478,0.853140943624104,-0.005340943624103978
300000,RR,1.0600000000000005,0.8502,0.8554277003360906,-0.005227700336090657
300000,RR,1.0700000000000003,0.8516,0.8576903456440608,-0.006090345644060746
300000,RR,1.08,0.8549,0.859928909911231,-0.005028909911231061
300000,RR,1.0899999999999999,0.8575,0.8621434279679645,-0.004643427967964464
300000,RR,1.0999999999999996,0.8597,0.8643339390536173,-0.004633939053617309
300000,RR,1.1100000000000003,0.8625,0.8665004867572528,-0.00400048675725273
300000,RR,1.12,0.8637,0.8686431189572693,-0.004943118957269288
300000,RR,1.13,0.8657,0.8707618877599821,-0.005061887759982064
300000,RR,1.1399999999999997,0.8677,0.8728568494372017,-0.005156849437201627
300000,RR,1.1500000000000004,0.8703,0.8749280643628499,-0.004628064362849904
300000,RR,1.1600000000000001,0.8728,0.8769755969486566,-0.004175596948656546
300000,RR,1.17,0.8745,0.8789995155789818,-0.004499515578981761
300000,RR,1.1799999999999997,0.8762,0.8809998925447993,-0.004799892544799289
300000,RR,1.1900000000000004,0.8788,0.8829768039768913,-0.004176803976891241
300000,RR,1.2000000000000002,0.8809,0.8849303297782918,-0.0040303297782917635
300000,RR,1.21,0.8821,0.8868605535560226,-0.004760553556022562
300000,RR,1.2199999999999998,0.8834,0.8887675625521653,-0.005367562552165306
300000,RR,1.2300000000000004,0.8853,0.8906514475743081,-0.005351447574308166
300000,RR,1.2400000000000002,0.8875,0.8925123029254132,-0.0050123029254132145
300000,RR,1.25,0.8895,0.8943502263331446,-0.0048502263331446915
300000,RR,1.2599999999999998,0.8914,0.8961653188786995,-0.004765318878699576
300000,RR,1.2700000000000005,0.8928,0.8979576849251809,-0.005157684925180872
300000,RR,1.2800000000000002,0.8948,0.8997274320455579,-0.0049274320455579
300000,RR,1.29,0.8975,0.9014746709502521,-0.003974670950252168
300000,RR,1.2999999999999998,0.8994,0.9031995154143896,-0.0037995154143896093
300000,RR,1.3100000000000005,0.901,0.9049020822047611,-0.0039020822047610704
300000,RR,1.3200000000000003,0.9036,0.9065824910065282,-0.002982491006528254
300000,RR,1.33,0.9056,0.9082408643497193,-0.0026408643497193296
300000,RR,1.3399999999999999,0.9075,0.9098773275355475,-0.0023773275355475354
300000,RR,1.3500000000000005,0.9096,0.9114920085625979,-0.0018920085625979688
300000,RR,1.3600000000000003,0.9115,0.913085038052915,-0.0015850380529149888
300000,RR,1.37,0.9136,0.914656549178033,-0.001056549178032995
300000,RR,1.38,0.9155,0.9162066775849856,-0.0007066775849856599
300000,RR,1.3899999999999997,0.917,0.917735561322331,-0.0007355613223309909
300000,RR,1.4000000000000004,0.9184,0.919243340766229,-0.0008433407662290504
300000,RR,1.4100000000000001,0.9191,0.9207301585466077,-0.0016301585466076407
300000,RR,1.42,0.9203,0.9221961594734536,-0.0018961594734535625
300000,RR,1.4299999999999997,0.9222,0.9236414904632608,-0.0014414904632608083
300000,RR,1.4400000000000004,0.9241,0.9250663004656731,-0.0009663004656730312
300000,RR,1.4500000000000002,0.9259,0.9264707403903517,-0.0005707403903517649
300000,RR,1.46,0.9268,0.9278549630341062,-0.0010549630341062377
300000,RR,1.4699999999999998,0.9285,0.9292191230083144,-0.0007191230083144484
300000,RR,1.4800000000000004,0.9298,0.9305633766666683,-0.0007633766666683695
300000,RR,1.4900000000000002,0.9315,0.9318878820332746,-0.00038788203327455584
300000,RR,1.5,0.9327,0.9331927987311419,-0.0004927987311419413
300000,RR,1.5099999999999998,0.9338,0.9344782879110834,-0.0006782879110834861
300000,RR,1.5200000000000005,0.9348,0.9357445121810642,-0.0009445121810642831
300000,RR,1.5300000000000002,0.9357,0.9369916355360216,-0.0012916355360216292
300000,RR,1.54,0.9372,0.9382198232881881,-0.0010198232881880598
300000,RR,1.5499999999999998,0.9378,0.939429241997941,-0.001629241997941011
300000,RR,1.5600000000000005,0.9389,0.9406200594052071,-0.0017200594052071416
300000,RR,1.5700000000000003,0.9402,0.941792444361447,-0.0015924443614470096
300000,RR,1.58,0.9411,0.9429465667622459,-0.001846566762245816
300000,RR,1.5899999999999999,0.9421,0.9440825974805306,-0.0019825974805305346
300000,RR,1.6000000000000005,0.9427,0.9452007083004421,-0.0025007083004421338
300000,RR,1.6100000000000003,0.9434,0.9463010718518803,-0.002901071851880266
300000,RR,1.62,0.9442,0.9473838615457479,-0.0031838615457479014
300000,RR,1.63,0.945,0.9484492515099107,-0.0034492515099107113
300000,RR,1.6399999999999997,0.9461,0.9494974165258963,-0.003397416525896202
300000,RR,1.6500000000000004,0.9471,0.9505285319663519,-0.0034285319663518443
300000,RR,1.6600000000000001,0.9482,0.9515427737332772,-0.0033427737332771823
300000,RR,1.67,0.949,0.9525403181970526,-0.0035403181970526942
300000,RR,1.6799999999999997,0.9491,0.9535213421362799,-0.004421342136279871
300000,RR,1.6900000000000004,0.9497,0.9544860226784502,-0.004786022678450186
300000,RR,1.7000000000000002,0.9504,0.955434537241457,-0.005034537241456971
300000,RR,1.71,0.9511,0.9563670634759681,-0.00526706347596817
300000,RR,1.7199999999999998,0.9523,0.957283779208671,-0.004983779208670991
300000,RR,1.7300000000000004,0.9536,0.9581848623864051,-0.0045848623864050975
300000,RR,1.7400000000000002,0.9548,0.9590704910211927,-0.004270491021192702
300000,RR,1.75,0.9555,0.9599408431361829,-0.00444084313618287
300000,RR,1.7599999999999998,0.9563,0.9607960967125173,-0.004496096712517272
300000,RR,1.7700000000000005,0.9577,0.9616364296371288,-0.003936429637128813
300000,RR,1.7800000000000002,0.9583,0.9624620196514833,-0.0041620196514832175
300000,RR,1.79,0.9587,0.9632730443012737,-0.004573044301273699
300000,RR,1.7999999999999998,0.9592,0.9640696808870742,-0.004869680887074179
300000,RR,1.8100000000000005,0.9599,0.9648521064159612,-0.004952106415961222
300000,RR,1.8200000000000003,0.9603,0.9656204975541101,-0.005320497554110015
300000,RR,1.83,0.961,0.9663750305803717,-0.005375030580371698
300000,RR,1.8399999999999999,0.9616,0.9671158813408361,-0.005515881340836137
300000,RR,1.8500000000000005,0.9624,0.9678432252043864,-0.005443225204386337
300000,RR,1.8600000000000003,0.9634,0.9685572370192473,-0.005157237019247307
300000,RR,1.87,0.9645,0.9692580910705341,-0.004758091070534043
300000,RR,1.88,0.9654,0.9699459610388002,-0.004545961038800117
300000,RR,1.8899999999999997,0.9659,0.9706210199595906,-0.004721019959590622
300000,RR,1.9000000000000004,0.9665,0.9712834401839983,-0.004783440183998233
300000,RR,1.9100000000000001,0.9675,0.9719333933402275,-0.0044333933402275205
300000,RR,1.92,0.9681,0.9725710502961632,-0.004471050296163237
300000,RR,1.9299999999999997,0.9688,0.973196581122945,-0.0043965811229450535
300000,RR,1.9400000000000004,0.9691,0.9738101550595474,-0.004710155059547416
300000,RR,1.9500000000000002,0.9697,0.9744119404783614,-0.004711940478361432
300000,RR,1.96,0.9703,0.9750021048517795,-0.004702104851779465
300000,RR,1.9699999999999998,0.9709,0.9755808147197774,-0.0046808147197774375
300000,RR,1.9800000000000004,0.9715,0.9761482356584915,-0.004648235658491484
300000,RR,1.9900000000000002,0.9723,0.9767045322497881,-0.004404532249788096
300000,RR,2.0,0.9731,0.9772498680518208,-0.004149868051820826
300000,RR,2.01,0.9738,0.9777844055705686,-0.003984405570568561
300000,RR,2.0200000000000005,0.9742,0.9783083062323532,-0.004108306232353254
300000,RR,2.0300000000000002,0.9747,0.9788217303573278,-0.004121730357327769
300000,RR,2.04,0.9751,0.9793248371339299,-0.0042248371339299595
300000,RR,2.05,0.9757,0.9798177845942956,-0.00411778459429557
300000,RR,2.0600000000000005,0.9763,0.9803007295906231,-0.004000729590623142
300000,RR,2.0700000000000003,0.977,0.9807738277724828,-0.0037738277724828073
300000,RR,2.08,0.9774,0.9812372335650622,-0.003837233565062159
300000,RR,2.09,0.9778,0.981691100148341,-0.0038911001483410423
300000,RR,2.1000000000000005,0.9781,0.9821355794371834,-0.0040355794371834675
300000,RR,2.1100000000000003,0.9783,0.9825708220623429,-0.004270822062342972
300000,RR,2.12,0.9789,0.9829969773523672,-0.004096977352367248
300000,RR,2.13,0.9793,0.983414193316395,-0.004114193316395065
300000,RR,2.1399999999999997,0.9799,0.9838226166278339,-0.003922616627833886
300000,RR,2.1500000000000004,0.9801,0.9842223926089095,-0.004122392608909564
300000,RR,2.16,0.9804,0.9846136652160745,-0.004213665216074469
300000,RR,2.17,0.9809,0.9849965770262678,-0.004096577026267756
300000,RR,2.1799999999999997,0.9814,0.9853712692240107,-0.003971269224010698
300000,RR,2.1900000000000004,0.9819,0.9857378815893312,-0.0038378815893311824
300000,RR,2.2,0.9824,0.9860965524865014,-0.003696552486501359
300000,RR,2.21,0.9829,0.98644741885358,-0.003547418853580009
300000,RR,2.2199999999999998,0.9835,0.9867906161927437,-0.003290616192743623
300000,RR,2.2300000000000004,0.984,0.987126278561398,-0.0031262785613980215
300000,RR,2.24,0.9842,0.9874545385640534,-0.003254538564053444
300000,RR,2.25,0.9842,0.9877755273449553,-0.003575527344955365
300000,RR,2.26,0.9845,0.988089374581453,-0.00358937458145292
300000,RR,2.2700000000000005,0.9848,0.9883962084780965,-0.0035962084780964965
300000,RR,2.2800000000000002,0.9851,0.9886961557614472,-0.0035961557614472284
300000,RR,2.29,0.9855,0.9889893416755886,-0.0034893416755885642
300000,RR,2.3,0.986,0.9892758899783242,-0.0032758899783241757
300000,RR,2.3100000000000005,0.9864,0.989555922938049,-0.003155922938048894
300000,RR,2.3200000000000003,0.9867,0.9898295613312803,-0.003129561331280284
300000,RR,2.33,0.9875,0.9900969244408357,-0.0025969244408357017
300000,RR,2.34,0.9876,0.9903581300546417,-0.00275813005464165
300000,RR,2.3500000000000005,0.988,0.9906132944651614,-0.002613294465161453
300000,RR,2.3600000000000003,0.988,0.9908625324694273,-0.002862532469427359
300000,RR,2.37,0.9884,0.9911059573696632,-0.002705957369663281
300000,RR,2.38,0.9893,0.9913436809744834,-0.002043680974483486
300000,RR,2.3899999999999997,0.9896,0.9915758136006543,-0.0019758136006542415
300000,RR,2.4000000000000004,0.9897,0.9918024640754038,-0.0021024640754038204
300000,RR,2.41,0.9902,0.9920237397392663,-0.0018237397392663057
300000,RR,2.42,0.9903,0.9922397464494463,-0.001939746449446389
300000,RR,2.4299999999999997,0.9904,0.9924505885836908,-0.0020505885836908933
300000,RR,2.4400000000000004,0.9908,0.9926563690446517,-0.0018563690446516956
300000,RR,2.45,0.9911,0.9928571892647285,-0.0017571892647285647
300000,RR,2.46,0.9913,0.9930531492113757,-0.0017531492113757041
300000,RR,2.4699999999999998,0.9915,0.9932443473928594,-0.0017443473928593356
300000,RR,2.4800000000000004,0.9919,0.9934308808644533,-0.001530880864453299
300000,RR,2.49,0.9922,0.9936128452350568,-0.0014128452350568033
300000,RR,2.5,0.9923,0.9937903346742238,-0.001490334674223881
300000,RR,2.51,0.9927,0.9939634419195873,-0.0012634419195872715
300000,RR,2.5200000000000005,0.9931,0.9941322582846674,-0.0010322582846674644
300000,RR,2.5300000000000002,0.9931,0.9942968736670493,-0.0011968736670493474
300000,RR,2.54,0.9932,0.9944573765569173,-0.0012573765569173778
300000,RR,2.55,0.9932,0.9946138540459333,-0.0014138540459333049
300000,RR,2.5600000000000005,0.9933,0.9947663918364442,-0.0014663918364442585
300000,RR,2.5700000000000003,0.9935,0.994915074251009,-0.001415074251008952
300000,RR,2.58,0.9937,0.9950599842422293,-0.001359984242229273
300000,RR,2.59,0.994,0.9952012034028738,-0.001201203402873774
300000,RR,2.6000000000000005,0.9941,0.9953388119762813,-0.0012388119762812844
300000,RR,2.6100000000000003,0.9944,0.9954728888670327,-0.0010728888670327175
300000,RR,2.62,0.9945,0.9956035116518787,-0.0011035116518786081
300000,RR,2.63,0.9947,0.9957307565909107,-0.0010307565909106753
300000,RR,2.6399999999999997,0.9948,0.9958546986389639,-0.0010546986389639024
300000,RR,2.6500000000000004,0.9948,0.9959754114572417,-0.0011754114572416485
300000,RR,2.66,0.9951,0.9960929674251472,-0.0009929674251472065
300000,RR,2.67,0.9951,0.9962074376523146,-0.0011074376523145801
300000,RR,2.6799999999999997,0.9952,0.996318891990825,-0.0011188919908250439
300000,RR,2.6900000000000004,0.9952,0.9964273990476002,-0.001227399047600275
300000,RR,2.7,0.9953,0.9965330261969594,-0.0012330261969594192
300000,RR,2.71,0.9954,0.9966358395933308,-0.0012358395933308453
300000,RR,2.7199999999999998,0.9954,0.9967359041841087,-0.0013359041841087826
300000,RR,2.7300000000000004,0.9955,0.9968332837226422,-0.0013332837226421868
300000,RR,2.74,0.9956,0.9969280407813496,-0.0013280407813495154
300000,RR,2.75,0.9957,0.9970202367649454,-0.001320236764945415
300000,RR,2.76,0.9958,0.9971099319237738,-0.0013099319237738216
300000,RR,2.7700000000000005,0.9958,0.997197185367235,-0.0013971853672349877
300000,RR,2.7800000000000002,0.9958,0.9972820550772987,-0.0014820550772987051
300000,RR,2.79,0.9962,0.9973645979220951,-0.001164597922095112
300000,RR,2.8,0.9965,0.997444869669572,-0.0009448696695719683
300000,RR,2.8100000000000005,0.9965,0.9975229250012141,-0.0010229250012140367
300000,RR,2.8200000000000003,0.9965,0.9975988175258107,-0.001098817525810647
300000,RR,2.83,0.9966,0.9976725997932685,-0.0010725997932684583
300000,RR,2.84,0.9966,0.9977443233084576,-0.0011443233084575954
300000,RR,2.8500000000000005,0.9967,0.9978140385450868,-0.0011140385450867374
300000,RR,2.8600000000000003,0.9967,0.9978817949595954,-0.0011817949595953614
300000,RR,2.87,0.9967,0.9979476410050603,-0.0012476410050602516
300000,RR,2.88,0.9967,0.9980116241451057,-0.001311624145105661
300000,RR,2.8899999999999997,0.997,0.9980737908678121,-0.0010737908678121189
300000,RR,2.9000000000000004,0.9972,0.998134186699616,-0.0009341866996159798
300000,RR,2.91,0.9972,0.9981928562191936,-0.0009928562191936496
300000,RR,2.92,0.9972,0.9982498430713239,-0.0010498430713239415
300000,RR,2.9299999999999997,0.9974,0.9983051899807227,-0.0009051899807227537
300000,RR,2.9400000000000004,0.9976,0.998358938765843,-0.0007589387658429869
300000,RR,2.95,0.9976,0.9984111303526352,-0.0008111303526351366
300000,RR,2.96,0.9976,0.998461804788262,-0.0008618047882619218
300000,RR,2.9699999999999998,0.9977,0.9985110012547626,-0.0008110012547625223
300000,RR,2.9800000000000004,0.9977,0.99855875808266,-0.000858758082660005
300000,RR,2.99,0.9977,0.9986051127645078,-0.0009051127645077761
300000,RR,3.0,0.9978,0.9986501019683699,-0.0008501019683698763
300000,single_alpha,-3.0,0.0004,0.0013498980316300933,-0.0009498980316300933
300000,single_alpha,-2.99,0.0004,0.0013948872354922468,-0.0009948872354922469
300000,single_alpha,-2.98,0.0004,0.0014412419173400134,-0.0010412419173400135
300000,single_alpha,-2.97,0.0004,0.0014889987452374632,-0.0010889987452374632
300000,single_alpha,-2.96,0.0004,0.0015381952117380577,-0.0011381952117380577
300000,single_alpha,-2.95,0.0004,0.0015888696473648667,-0.0011888696473648667
300000,single_alpha,-2.94,0.0005,0.0016410612341569964,-0.0011410612341569964
300000,single_alpha,-2.93,0.0005,0.0016948100192772598,-0.0011948100192772598
300000,single_alpha,-2.92,0.0005,0.0017501569286760992,-0.0012501569286760992
300000,single_alpha,-2.91,0.0006,0.0018071437808064273,-0.0012071437808064273
300000,single_alpha,-2.9,0.0006,0.0018658133003840375,-0.0012658133003840377
300000,single_alpha,-2.89,0.0006,0.0019262091321878587,-0.0013262091321878588
300000,single_alpha,-2.88,0.0006,0.0019883758548943256,-0.0013883758548943258
300000,single_alpha,-2.87,0.0006,0.0020523589949397536,-0.0014523589949397538
300000,single_alpha,-2.86,0.0006,0.0021182050404046217,-0.0015182050404046218
300000,single_alpha,-2.85,0.0006,0.0021859614549132405,-0.0015859614549132406
300000,single_alpha,-2.84,0.0006,0.0022556766915423202,-0.0016556766915423204
300000,single_alpha,-2.83,0.0006,0.0023274002067315515,-0.0017274002067315516
300000,single_alpha,-2.82,0.0006,0.0024011824741892525,-0.0018011824741892527
300000,single_alpha,-2.81,0.0006,0.002477074998785861,-0.0018770749987858612
300000,single_alpha,-2.8,0.0006,0.002555130330427932,-0.001955130330427932
300000,single_alpha,-2.79,0.0006,0.0026354020779049527,-0.002035402077904953
300000,single_alpha,-2.78,0.0006,0.0027179449227012578,-0.002117944922701258
300000,single_alpha,-2.77,0.0006,0.002802814632765025,-0.0022028146327650253
300000,single_alpha,-2.76,0.0006,0.0028900680762261478,-0.002290068076226148
300000,single_alpha,-2.75,0.0007,0.002979763235054555,-0.002279763235054555
300000,single_alpha,-2.74,0.0007,0.003071959218650488,-0.0023719592186504878
300000,single_alpha,-2.73,0.0007,0.0031667162773577934,-0.0024667162773577933
300000,single_alpha,-2.7199999999999998,0.0008,0.0032640958158913144,-0.0024640958158913145
300000,single_alpha,-2.71,0.0008,0.0033641604066691933,-0.0025641604066691933
300000,single_alpha,-2.7,0.0008,0.0034669738030406647,-0.0026669738030406648
300000,single_alpha,-2.69,0.0009,0.0035726009523997368,-0.002672600952399737
300000,single_alpha,-2.68,0.0009,0.00368110800917498,-0.0027811080091749802
300000,single_alpha,-2.67,0.001,0.0037925623476854887,-0.0027925623476854886
300000,single_alpha,-2.66,0.001,0.003907032574852774,-0.0029070325748527743
300000,single_alpha,-2.65,0.001,0.004024588542758306,-0.003024588542758306
300000,single_alpha,-2.64,0.001,0.004145301361036037,-0.0031453013610360367
300000,single_alpha,-2.63,0.001,0.004269243409089351,-0.0032692434090893507
300000,single_alpha,-2.62,0.001,0.004396488348121309,-0.003396488348121309
300000,single_alpha,-2.61,0.0011,0.004527111132967324,-0.003427111132967324
300000,single_alpha,-2.6,0.0012,0.004661188023718747,-0.003461188023718747
300000,single_alpha,-2.59,0.0012,0.004798796597126178,-0.003598796597126178
300000,single_alpha,-2.58,0.0012,0.004940015757770645,-0.003740015757770645
300000,single_alpha,-2.57,0.0012,0.0050849257489910355,-0.003884925748991036
300000,single_alpha,-2.56,0.0012,0.005233608163555782,-0.004033608163555782
300000,single_alpha,-2.55,0.0013,0.005386145954066687,-0.004086145954066687
300000,single_alpha,-2.54,0.0013,0.005542623443082601,-0.004242623443082601
300000,single_alpha,-2.53,0.0015,0.005703126332950699,-0.0042031263329507
300000,single_alpha,-2.52,0.0015,0.005867741715332562,-0.004367741715332562
300000,single_alpha,-2.51,0.0016,0.006036558080412666,-0.004436558080412666
300000,single_alpha,-2.5,0.0016,0.006209665325776132,-0.004609665325776132
300000,single_alpha,-2.49,0.0017,0.006387154764943171,-0.004687154764943171
300000,single_alpha,-2.48,0.0017,0.006569119135546763,-0.004869119135546763
300000,single_alpha,-2.4699999999999998,0.0017,0.006755652607140651,-0.005055652607140651
300000,single_alpha,-2.46,0.0017,0.006946850788624312,-0.005246850788624312
300000,single_alpha,-2.45,0.0017,0.007142810735271415,-0.005442810735271415
300000,single_alpha,-2.44,0.0018,0.007343630955348342,-0.005543630955348343
300000,single_alpha,-2.4299999999999997,0.0019,0.007549411416309213,-0.005649411416309213
300000,single_alpha,-2.42,0.002,0.0077602535505536425,-0.0057602535505536425
300000,single_alpha,-2.41,0.0022,0.007976260260733725,-0.005776260260733725
300000,single_alpha,-2.4,0.0024,0.008197535924596131,-0.005797535924596132
300000,single_alpha,-2.39,0.0024,0.008424186399345685,-0.006024186399345686
300000,single_alpha,-2.38,0.0026,0.008656319025516543,-0.006056319025516543
300000,single_alpha,-2.37,0.0029,0.008894042630336772,-0.005994042630336772
300000,single_alpha,-2.36,0.0031,0.009137467530572669,-0.006037467530572669
300000,single_alpha,-2.35,0.0032,0.009386705534838566,-0.0061867055348385665
300000,single_alpha,-2.34,0.0032,0.00964186994535833,-0.006441869945358331
300000,single_alpha,-2.33,0.0032,0.009903075559164245,-0.0067030755591642455
300000,single_alpha,-2.32,0.0033,0.01017043866871968,-0.006870438668719681
300000,single_alpha,-2.31,0.0033,0.010444077061951083,-0.007144077061951083
300000,single_alpha,-2.3,0.0033,0.010724110021675809,-0.007424110021675809
300000,single_alpha,-2.29,0.0035,0.011010658324411388,-0.007510658324411388
300000,single_alpha,-2.2800000000000002,0.0035,0.01130384423855278,-0.007803844238552781
300000,single_alpha,-2.27,0.0036,0.011603791521903535,-0.008003791521903534
300000,single_alpha,-2.26,0.0036,0.011910625418547066,-0.008310625418547067
300000,single_alpha,-2.25,0.0037,0.012224472655044696,-0.008524472655044696
300000,single_alpha,-2.24,0.0038,0.012545461435946563,-0.008745461435946563
300000,single_alpha,-2.23,0.0039,0.012873721438602014,-0.008973721438602013
300000,single_alpha,-2.2199999999999998,0.0042,0.013209383807256284,-0.009009383807256285
300000,single_alpha,-2.21,0.0044,0.013552581146419983,-0.009152581146419984
300000,single_alpha,-2.2,0.0044,0.013903447513498595,-0.009503447513498596
300000,single_alpha,-2.19,0.0046,0.014262118410668878,-0.009662118410668878
300000,single_alpha,-2.1799999999999997,0.0047,0.014628730775989262,-0.009928730775989263
300000,single_alpha,-2.17,0.0047,0.015003422973732207,-0.010303422973732206
300000,single_alpha,-2.16,0.005,0.015386334783925445,-0.010386334783925446
300000,single_alpha,-2.15,0.0051,0.0157776073910905,-0.010677607391090499
300000,single_alpha,-2.14,0.0053,0.01617738337216608,-0.01087738337216608
300000,single_alpha,-2.13,0.0055,0.01658580668360501,-0.011085806683605011
300000,single_alpha,-2.12,0.006,0.017003022647632787,-0.011003022647632787
300000,single_alpha,-2.11,0.0062,0.017429177937657088,-0.011229177937657087
300000,single_alpha,-2.1,0.0064,0.017864420562816542,-0.011464420562816543
300000,single_alpha,-2.09,0.0068,0.01830889985165897,-0.011508899851658969
300000,single_alpha,-2.08,0.007,0.01876276643493775,-0.01176276643493775
300000,single_alpha,-2.07,0.0072,0.019226172227517282,-0.012026172227517283
300000,single_alpha,-2.06,0.0075,0.019699270409376895,-0.012199270409376895
300000,single_alpha,-2.05,0.0076,0.020182215405704394,-0.012582215405704394
300000,single_alpha,-2.04,0.008,0.020675162866070042,-0.012675162866070042
300000,single_alpha,-2.0300000000000002,0.0082,0.02117826964267226,-0.012978269642672258
300000,single_alpha,-2.02,0.0085,0.02169169376764678,-0.01319169376764678
300000,single_alpha,-2.01,0.0087,0.022215594429431475,-0.013515594429431475
300000,single_alpha,-2.0,0.0088,0.022750131948179195,-0.013950131948179194
300000,single_alpha,-1.99,0.0092,0.02329546775021182,-0.01409546775021182
300000,single_alpha,-1.98,0.0094,0.023851764341508513,-0.014451764341508513
300000,single_alpha,-1.97,0.0097,0.024419185280222543,-0.014719185280222542
300000,single_alpha,-1.96,0.01,0.024997895148220435,-0.014997895148220435
300000,single_alpha,-1.95,0.0101,0.02558805952163861,-0.015488059521638611
300000,single_alpha,-1.94,0.0103,0.026189844940452685,-0.015889844940452685
300000,single_alpha,-1.93,0.0103,0.02680341887705495,-0.01650341887705495
300000,single_alpha,-1.92,0.0104,0.027428949703836802,-0.017028949703836803
300000,single_alpha,-1.91,0.0105,0.0280666066597725,-0.0175666066597725
300000,single_alpha,-1.9,0.0108,0.028716559816001803,-0.017916559816001803
300000,single_alpha,-1.89,0.0111,0.02937898004040943,-0.018278980040409433
300000,single_alpha,-1.88,0.0114,0.03005403896119979,-0.01865403896119979
300000,single_alpha,-1.8699999999999999,0.0116,0.030741908929465968,-0.01914190892946597
300000,single_alpha,-1.8599999999999999,0.0122,0.031442762980752714,-0.019242762980752712
300000,single_alpha,-1.8499999999999999,0.0124,0.03215677479561371,-0.01975677479561371
300000,single_alpha,-1.84,0.0126,0.03288411865916389,-0.020284118659163887
300000,single_alpha,-1.83,0.0129,0.0336249694196283,-0.0207249694196283
300000,single_alpha,-1.82,0.0131,0.03437950244588998,-0.021279502445889976
300000,single_alpha,-1.81,0.0134,0.03514789358403879,-0.021747893584038787
300000,single_alpha,-1.8,0.0138,0.03593031911292579,-0.02213031911292579
300000,single_alpha,-1.79,0.0139,0.03672695569872628,-0.022826955698726278
300000,single_alpha,-1.78,0.0142,0.03753798034851679,-0.02333798034851679
300000,single_alpha,-1.77,0.0145,0.03836357036287122,-0.02386357036287122
300000,single_alpha,-1.76,0.0148,0.03920390328748265,-0.024403903287482646
300000,single_alpha,-1.75,0.0149,0.040059156863817086,-0.025159156863817086
300000,single_alpha,-1.74,0.0152,0.040929508978807365,-0.025729508978807367
300000,single_alpha,-1.73,0.0155,0.04181513761359493,-0.026315137613594927
300000,single_alpha,-1.72,0.0158,0.04271622079132892,-0.026916220791328917
300000,single_alpha,-1.71,0.0161,0.0436329365240319,-0.0275329365240319
300000,single_alpha,-1.7,0.0163,0.04456546275854304,-0.028265462758543042
300000,single_alpha,-1.69,0.0167,0.045513977321549805,-0.028813977321549805
300000,single_alpha,-1.68,0.017,0.046478657863720046,-0.029478657863720045
300000,single_alpha,-1.67,0.0172,0.04745968180294733,-0.03025968180294733
300000,single_alpha,-1.66,0.0174,0.04845722626672282,-0.031057226266722825
300000,single_alpha,-1.65,0.0183,0.0494714680336481,-0.031171468033648102
300000,single_alpha,-1.64,0.0187,0.05050258347410371,-0.03180258347410371
300000,single_alpha,-1.63,0.02,0.051550748490089365,-0.03155074849008936
300000,single_alpha,-1.6199999999999999,0.0207,0.05261613845425206,-0.03191613845425206
300000,single_alpha,-1.6099999999999999,0.0214,0.053698928148119704,-0.0322989281481197
300000,single_alpha,-1.5999999999999999,0.0217,0.054799291699558,-0.033099291699558
300000,single_alpha,-1.59,0.0221,0.055917402519469424,-0.03381740251946942
300000,single_alpha,-1.58,0.0227,0.057053433237754185,-0.03435343323775418
300000,single_alpha,-1.57,0.0229,0.058207555638553,-0.035307555638553006
300000,single_alpha,-1.56,0.0241,0.05937994059479304,-0.035279940594793044
300000,single_alpha,-1.55,0.0247,0.06057075800205901,-0.03587075800205901
300000,single_alpha,-1.54,0.0254,0.061780176711811886,-0.03638017671181189
300000,single_alpha,-1.53,0.026,0.06300836446397844,-0.03700836446397844
300000,single_alpha,-1.52,0.0265,0.06425548781893581,-0.03775548781893581
300000,single_alpha,-1.51,0.0268,0.0655217120889165,-0.03872171208891649
300000,single_alpha,-1.5,0.0274,0.06680720126885807,-0.03940720126885807
300000,single_alpha,-1.49,0.028,0.06811211796672544,-0.04011211796672544
300000,single_alpha,-1.48,0.0288,0.06943662333333173,-0.04063662333333173
300000,single_alpha,-1.47,0.0298,0.07078087699168552,-0.04098087699168552
300000,single_alpha,-1.46,0.0307,0.07214503696589378,-0.04144503696589377
300000,single_alpha,-1.45,0.0312,0.07352925960964836,-0.04232925960964836
300000,single_alpha,-1.44,0.0319,0.07493369953432708,-0.04303369953432708
300000,single_alpha,-1.43,0.0323,0.07635850953673913,-0.04405850953673913
300000,single_alpha,-1.42,0.0329,0.07780384052654638,-0.044903840526546376
300000,single_alpha,-1.41,0.0337,0.07926984145339239,-0.045569841453392386
300000,single_alpha,-1.4,0.0343,0.08075665923377107,-0.04645665923377107
300000,single_alpha,-1.39,0.0352,0.08226443867766892,-0.047064438677668914
300000,single_alpha,-1.38,0.0361,0.08379332241501436,-0.04769332241501436
300000,single_alpha,-1.3699999999999999,0.0368,0.08534345082196704,-0.04854345082196704
300000,single_alpha,-1.3599999999999999,0.0374,0.08691496194708509,-0.04951496194708509
300000,single_alpha,-1.3499999999999999,0.0384,0.08850799143740207,-0.05010799143740207
300000,single_alpha,-1.3399999999999999,0.0395,0.09012267246445249,-0.05062267246445249
300000,single_alpha,-1.33,0.0405,0.09175913565028077,-0.051259135650280764
300000,single_alpha,-1.32,0.0411,0.09341750899347179,-0.05231750899347179
300000,single_alpha,-1.31,0.0422,0.09509791779523902,-0.052897917795239016
300000,single_alpha,-1.3,0.0435,0.09680048458561036,-0.05330048458561036
300000,single_alpha,-1.29,0.0441,0.09852532904974787,-0.05442532904974787
300000,single_alpha,-1.28,0.0445,0.10027256795444206,-0.05577256795444206
300000,single_alpha,-1.27,0.0452,0.10204231507481915,-0.05684231507481915
300000,single_alpha,-1.26,0.0459,0.1038346811213004,-0.057934681121300395
300000,single_alpha,-1.25,0.0469,0.10564977366685535,-0.058749773666855354
300000,single_alpha,-1.24,0.0486,0.10748769707458694,-0.058887697074586944
300000,single_alpha,-1.23,0.0494,0.10934855242569191,-0.059948552425691914
300000,single_alpha,-1.22,0.0503,0.11123243744783456,-0.06093243744783457
300000,single_alpha,-1.21,0.051,0.11313944644397739,-0.06213944644397739
300000,single_alpha,-1.2,0.0522,0.11506967022170822,-0.06286967022170822
300000,single_alpha,-1.19,0.0536,0.11702319602310873,-0.06342319602310872
300000,single_alpha,-1.18,0.0541,0.11900010745520073,-0.06490010745520072
300000,single_alpha,-1.17,0.0552,0.12100048442101824,-0.06580048442101824
300000,single_alpha,-1.16,0.0558,0.12302440305134343,-0.06722440305134343
300000,single_alpha,-1.15,0.057,0.12507193563715036,-0.06807193563715036
300000,single_alpha,-1.14,0.0583,0.1271431505627983,-0.0688431505627983
300000,single_alpha,-1.13,0.0594,0.12923811224001786,-0.06983811224001785
300000,single_alpha,-1.1199999999999999,0.0601,0.13135688104273074,-0.07125688104273074
300000,single_alpha,-1.1099999999999999,0.0621,0.13349951324274728,-0.07139951324274728
300000,single_alpha,-1.0999999999999999,0.0628,0.13566606094638267,-0.07286606094638268
300000,single_alpha,-1.0899999999999999,0.0644,0.1378565720320355,-0.0734565720320355
300000,single_alpha,-1.08,0.0655,0.140071090088769,-0.074571090088769
300000,single_alpha,-1.07,0.0666,0.14230965435593923,-0.07570965435593922
300000,single_alpha,-1.06,0.0673,0.1445722996639096,-0.07727229966390961
300000,single_alpha,-1.05,0.0685,0.1468590563758959,-0.07835905637589591
300000,single_alpha,-1.04,0.0697,0.1491699503309814,-0.0794699503309814
300000,single_alpha,-1.03,0.0707,0.15150500278834367,-0.08080500278834367
300000,single_alpha,-1.02,0.0722,0.15386423037273478,-0.08166423037273478
300000,single_alpha,-1.01,0.0736,0.15624764502125466,-0.08264764502125466
300000,single_alpha,-1.0,0.0753,0.15865525393145707,-0.08335525393145707
300000,single_alpha,-0.9899999999999998,0.0769,0.1610870595108309,-0.08418705951083091
300000,single_alpha,-0.98,0.0784,0.16354305932769236,-0.08514305932769237
300000,single_alpha,-0.9699999999999998,0.08,0.1660232460635297,-0.08602324606352969
300000,single_alpha,-0.96,0.0813,0.16852760746683781,-0.08722760746683782
300000,single_alpha,-0.9500000000000002,0.0828,0.17105612630848183,-0.08825612630848183
300000,single_alpha,-0.94,0.085,0.1736087803386246,-0.08860878033862458
300000,single_alpha,-0.9300000000000002,0.087,0.17618554224525784,-0.08918554224525785
300000,single_alpha,-0.9199999999999999,0.0882,0.17878637961437172,-0.09058637961437171
300000,single_alpha,-0.9100000000000001,0.0901,0.1814112548917972,-0.09131125489179721
300000,single_alpha,-0.8999999999999999,0.0922,0.18406012534675953,-0.09186012534675952
300000,single_alpha,-0.8900000000000001,0.0946,0.18673294303717258,-0.09213294303717258
300000,single_alpha,-0.8799999999999999,0.0962,0.18942965477671214,-0.09322965477671215
300000,single_alpha,-0.8700000000000001,0.0976,0.19215020210369615,-0.09455020210369615
300000,single_alpha,-0.8599999999999999,0.0989,0.1948945212518084,-0.09599452125180839
300000,single_alpha,-0.8500000000000001,0.1007,0.19766254312269238,-0.09696254312269238
300000,single_alpha,-0.8399999999999999,0.103,0.20045419326044972,-0.09745419326044973
300000,single_alpha,-0.8300000000000001,0.1053,0.2032693918280684,-0.09796939182806841
300000,single_alpha,-0.8199999999999998,0.1074,0.20610805358581308,-0.09870805358581308
300000,single_alpha,-0.81,0.1085,0.2089700878716016,-0.1004700878716016
300000,single_alpha,-0.7999999999999998,0.1098,0.21185539858339675,-0.10205539858339675
300000,single_alpha,-0.79,0.1123,0.21476388416363712,-0.10246388416363712
300000,single_alpha,-0.7799999999999998,0.1148,0.21769543758573318,-0.10289543758573318
300000,single_alpha,-0.77,0.1173,0.22064994634264962,-0.10334994634264962
300000,single_alpha,-0.7599999999999998,0.1199,0.2236272924375995,-0.10372729243759948
300000,single_alpha,-0.75,0.1216,0.2266273523768682,-0.10502735237686821
300000,single_alpha,-0.7399999999999998,0.1229,0.22964999716479062,-0.10674999716479062
300000,single_alpha,-0.73,0.125,0.2326950923008974,-0.10769509230089741
300000,single_alpha,-0.7199999999999998,0.1265,0.23576249777925123,-0.10926249777925123
300000,single_alpha,-0.71,0.128,0.2388520680899867,-0.11085206808998671
300000,single_alpha,-0.6999999999999997,0.1296,0.2419636522230731,-0.1123636522230731
300000,single_alpha,-0.69,0.1319,0.24509709367430943,-0.11319709367430944
300000,single_alpha,-0.6800000000000002,0.1348,0.24825223045357053,-0.11345223045357053
300000,single_alpha,-0.6699999999999999,0.1359,0.2514288950953102,-0.1155288950953102
300000,single_alpha,-0.6600000000000001,0.1378,0.2546269146713361,-0.11682691467133607
300000,single_alpha,-0.6499999999999999,0.1394,0.2578461108058647,-0.11844611080586473
300000,single_alpha,-0.6400000000000001,0.1421,0.26108629969286157,-0.11898629969286156
300000,single_alpha,-0.6299999999999999,0.1434,0.2643472921156776,-0.12094729211567759
300000,single_alpha,-0.6200000000000001,0.146,0.267628893468983,-0.12162889346898301
300000,single_alpha,-0.6099999999999999,0.1477,0.27093090378300577,-0.12323090378300577
300000,single_alpha,-0.6000000000000001,0.15,0.27425311775007355,-0.12425311775007356
300000,single_alpha,-0.5899999999999999,0.1524,0.27759532475346493,-0.12519532475346493
300000,single_alpha,-0.5800000000000001,0.1542,0.2809573088985643,-0.1267573088985643
300000,single_alpha,-0.5699999999999998,0.1557,0.2843388490463242,-0.12863884904632422
300000,single_alpha,-0.56,0.1591,0.28773971884902705,-0.12863971884902706
300000,single_alpha,-0.5499999999999998,0.1614,0.2911596867883464,-0.12975968678834643
300000,single_alpha,-0.54,0.1637,0.294598516215698,-0.13089851621569798
300000,single_alpha,-0.5299999999999998,0.1663,0.29805596539487644,-0.13175596539487644
300000,single_alpha,-0.52,0.1682,0.3015317875469662,-0.1333317875469662
300000,single_alpha,-0.5099999999999998,0.1704,0.3050257308975195,-0.1346257308975195
300000,single_alpha,-0.5,0.1723,0.3085375387259869,-0.13623753872598687
300000,single_alpha,-0.48999999999999977,0.1743,0.3120669494173906,-0.1377669494173906
300000,single_alpha,-0.48,0.1771,0.31561369651622256,-0.13851369651622256
300000,single_alpha,-0.46999999999999975,0.1793,0.3191775087825559,-0.13987750878255592
300000,single_alpha,-0.45999999999999996,0.1813,0.32275811025034773,-0.14145811025034774
300000,single_alpha,-0.44999999999999973,0.184,0.32635522028792013,-0.14235522028792014
300000,single_alpha,-0.43999999999999995,0.1865,0.32996855366059363,-0.14346855366059363
300000,single_alpha,-0.43000000000000016,0.1892,0.3335978205954576,-0.1443978205954576
300000,single_alpha,-0.41999999999999993,0.1915,0.3372427268482495,-0.14574272684824952
300000,single_alpha,-0.41000000000000014,0.1943,0.34090297377232254,-0.14660297377232254
300000,single_alpha,-0.3999999999999999,0.1973,0.3445782583896759,-0.14727825838967587
300000,single_alpha,-0.3900000000000001,0.1998,0.34826827346401756,-0.14846827346401756
300000,single_alpha,-0.3799999999999999,0.2019,0.35197270757583726,-0.15007270757583727
300000,single_alpha,-0.3700000000000001,0.2047,0.3556912451994532,-0.15099124519945323
300000,single_alpha,-0.3599999999999999,0.2082,0.3594235667820088,-0.15122356678200882
300000,single_alpha,-0.3500000000000001,0.2114,0.3631693488243809,-0.1517693488243809
300000,single_alpha,-0.33999999999999986,0.2139,0.366928263963972,-0.15302826396397198
300000,single_alpha,-0.33000000000000007,0.2162,0.37069998105934643,-0.15449998105934643
300000,single_alpha,-0.31999999999999984,0.2197,0.37448416527668005,-0.15478416527668004
300000,single_alpha,-0.31000000000000005,0.2231,0.3782804781779807,-0.15518047817798072
300000,single_alpha,-0.2999999999999998,0.2257,0.38208857781104744,-0.15638857781104742
300000,single_alpha,-0.29000000000000004,0.2289,0.38590811880112263,-0.15700811880112264
300000,single_alpha,-0.2799999999999998,0.2322,0.38973875244420286,-0.15753875244420287
300000,single_alpha,-0.27,0.2355,0.3935801268019605,-0.15808012680196049
300000,single_alpha,-0.2599999999999998,0.2388,0.3974318867982396,-0.15863188679823959
300000,single_alpha,-0.25,0.2424,0.4012936743170763,-0.1588936743170763
300000,single_alpha,-0.23999999999999977,0.2449,0.40516512830220425,-0.16026512830220424
300000,single_alpha,-0.22999999999999998,0.2481,0.40904588485799415,-0.16094588485799416
300000,single_alpha,-0.21999999999999975,0.2509,0.4129355773517855,-0.16203557735178548
300000,single_alpha,-0.20999999999999996,0.254,0.41683383651755773,-0.16283383651755773
300000,single_alpha,-0.19999999999999973,0.256,0.42074029056089707,-0.16474029056089706
300000,single_alpha,-0.18999999999999995,0.2592,0.42465456526520456,-0.16545456526520458
300000,single_alpha,-0.18000000000000016,0.2629,0.4285762840990992,-0.16567628409909918
300000,single_alpha,-0.16999999999999993,0.2666,0.4325050683249616,-0.1659050683249616
300000,single_alpha,-0.16000000000000014,0.27,0.4364405371085671,-0.1664405371085671
300000,single_alpha,-0.1499999999999999,0.2728,0.4403823076297575,-0.1675823076297575
300000,single_alpha,-0.14000000000000012,0.2764,0.44432999519409355,-0.16792999519409357
300000,single_alpha,-0.1299999999999999,0.2793,0.4482832133454389,-0.16898321334543892
300000,single_alpha,-0.1200000000000001,0.2834,0.4522415739794161,-0.16884157397941613
300000,single_alpha,-0.10999999999999988,0.2859,0.4562046874576833,-0.1703046874576833
300000,single_alpha,-0.10000000000000009,0.2888,0.46017216272297096,-0.17137216272297096
300000,single_alpha,-0.08999999999999986,0.2917,0.46414360741482796,-0.17244360741482795
300000,single_alpha,-0.08000000000000007,0.2964,0.4681186279860126,-0.17171862798601262
300000,single_alpha,-0.06999999999999984,0.3004,0.472096829819479,-0.17169682981947898
300000,single_alpha,-0.06000000000000005,0.3035,0.4760778173458931,-0.17257781734589311
300000,single_alpha,-0.04999999999999982,0.3074,0.4800611941616276,-0.17266119416162762
300000,single_alpha,-0.040000000000000036,0.3108,0.4840465631471692,-0.17324656314716919
300000,single_alpha,-0.029999999999999805,0.3142,0.48803352658588744,-0.17383352658588747
300000,single_alpha,-0.020000000000000018,0.3186,0.492021686283098,-0.173421686283098
300000,single_alpha,-0.009999999999999787,0.3226,0.49601064368536846,-0.17341064368536846
300000,single_alpha,0.0,0.3275,0.5,-0.1725
300000,single_alpha,0.010000000000000231,0.3299,0.5039893563146317,-0.17408935631463168
300000,single_alpha,0.020000000000000018,0.3344,0.5079783137169019,-0.17357831371690197
300000,single_alpha,0.03000000000000025,0.3375,0.5119664734141127,-0.1744664734141127
300000,single_alpha,0.040000000000000036,0.3403,0.5159534368528308,-0.1756534368528308
300000,single_alpha,0.050000000000000266,0.344,0.5199388058383726,-0.17593880583837262
300000,single_alpha,0.06000000000000005,0.348,0.5239221826541068,-0.17592218265410686
300000,single_alpha,0.07000000000000028,0.3521,0.5279031701805212,-0.17580317018052122
300000,single_alpha,0.08000000000000007,0.3565,0.5318813720139874,-0.17538137201398746
300000,single_alpha,0.08999999999999986,0.3603,0.535856392585172,-0.17555639258517203
300000,single_alpha,0.10000000000000009,0.3641,0.539827837277029,-0.175727837277029
300000,single_alpha,0.10999999999999988,0.3679,0.5437953125423167,-0.17589531254231672
300000,single_alpha,0.1200000000000001,0.3715,0.5477584260205839,-0.1762584260205839
300000,single_alpha,0.1299999999999999,0.3749,0.5517167866545611,-0.17681678665456113
300000,single_alpha,0.14000000000000012,0.3787,0.5556700048059064,-0.17697000480590647
300000,single_alpha,0.1499999999999999,0.3821,0.5596176923702425,-0.1775176923702425
300000,single_alpha,0.16000000000000014,0.385,0.5635594628914329,-0.17855946289143287
300000,single_alpha,0.16999999999999993,0.3885,0.5674949316750384,-0.17899493167503838
300000,single_alpha,0.18000000000000016,0.3921,0.5714237159009008,-0.1793237159009008
300000,single_alpha,0.18999999999999995,0.3951,0.5753454347347954,-0.18024543473479537
300000,single_alpha,0.20000000000000018,0.399,0.5792597094391031,-0.18025970943910308
300000,single_alpha,0.20999999999999996,0.4025,0.5831661634824423,-0.1806661634824423
300000,single_alpha,0.2200000000000002,0.406,0.5870644226482147,-0.18106442264821465
300000,single_alpha,0.22999999999999998,0.4105,0.5909541151420059,-0.18045411514200593
300000,single_alpha,0.2400000000000002,0.4136,0.5948348716977959,-0.1812348716977959
300000,single_alpha,0.25,0.4165,0.5987063256829237,-0.18220632568292372
300000,single_alpha,0.26000000000000023,0.4201,0.6025681132017606,-0.18246811320176065
300000,single_alpha,0.27,0.4229,0.6064198731980396,-0.18351987319803958
300000,single_alpha,0.28000000000000025,0.4263,0.6102612475557974,-0.18396124755579735
300000,single_alpha,0.29000000000000004,0.4308,0.6140918811988774,-0.18329188119887735
300000,single_alpha,0.30000000000000027,0.4339,0.6179114221889528,-0.18401142218895278
300000,single_alpha,0.31000000000000005,0.4377,0.6217195218220193,-0.1840195218220193
300000,single_alpha,0.3200000000000003,0.442,0.6255158347233202,-0.18351583472332017
300000,single_alpha,0.33000000000000007,0.4454,0.6293000189406536,-0.18390001894065355
300000,single_alpha,0.33999999999999986,0.4492,0.6330717360360281,-0.18387173603602808
300000,single_alpha,0.3500000000000001,0.4524,0.6368306511756191,-0.18443065117561908
300000,single_alpha,0.3599999999999999,0.4565,0.6405764332179912,-0.18407643321799116
300000,single_alpha,0.3700000000000001,0.46,0.6443087548005468,-0.18430875480054681
300000,single_alpha,0.3799999999999999,0.4633,0.6480272924241628,-0.1847272924241628
300000,single_alpha,0.3900000000000001,0.4671,0.6517317265359824,-0.18463172653598242
300000,single_alpha,0.3999999999999999,0.4707,0.6554217416103241,-0.18472174161032406
300000,single_alpha,0.41000000000000014,0.474,0.6590970262276774,-0.18509702622767743
300000,single_alpha,0.41999999999999993,0.4785,0.6627572731517505,-0.1842572731517505
300000,single_alpha,0.43000000000000016,0.4822,0.6664021794045424,-0.18420217940454237
300000,single_alpha,0.43999999999999995,0.4863,0.6700314463394064,-0.18373144633940636
300000,single_alpha,0.4500000000000002,0.4904,0.67364477971208,-0.18324477971208003
300000,single_alpha,0.45999999999999996,0.4948,0.6772418897496523,-0.18244188974965225
300000,single_alpha,0.4700000000000002,0.4981,0.6808224912174442,-0.18272249121744422
300000,single_alpha,0.48,0.5021,0.6843863034837774,-0.1822863034837774
300000,single_alpha,0.4900000000000002,0.5061,0.6879330505826096,-0.18183305058260957
300000,single_alpha,0.5,0.5084,0.6914624612740131,-0.18306246127401316
300000,single_alpha,0.5100000000000002,0.5124,0.6949742691024807,-0.18257426910248076
300000,single_alpha,0.52,0.5162,0.6984682124530338,-0.18226821245303382
300000,single_alpha,0.5300000000000002,0.5188,0.7019440346051237,-0.18314403460512363
300000,single_alpha,0.54,0.5222,0.705401483784302,-0.183201483784302
300000,single_alpha,0.5500000000000003,0.527,0.7088403132116537,-0.18184031321165373
300000,single_alpha,0.56,0.5326,0.712260281150973,-0.179660281150973
300000,single_alpha,0.5700000000000003,0.5358,0.7156611509536759,-0.17986115095367583
300000,single_alpha,0.5800000000000001,0.5393,0.7190426911014357,-0.1797426911014357
300000,single_alpha,0.5899999999999999,0.543,0.7224046752465351,-0.17940467524653503
300000,single_alpha,0.6000000000000001,0.5475,0.7257468822499265,-0.17824688224992646
300000,single_alpha,0.6099999999999999,0.551,0.7290690962169942,-0.17806909621699418
300000,single_alpha,0.6200000000000001,0.5545,0.732371106531017,-0.177871106531017
300000,single_alpha,0.6299999999999999,0.5577,0.7356527078843225,-0.1779527078843225
300000,single_alpha,0.6400000000000001,0.562,0.7389137003071384,-0.17691370030713838
300000,single_alpha,0.6499999999999999,0.5671,0.7421538891941353,-0.17505388919413523
300000,single_alpha,0.6600000000000001,0.5709,0.745373085328664,-0.174473085328664
300000,single_alpha,0.6699999999999999,0.5746,0.7485711049046898,-0.1739711049046898
300000,single_alpha,0.6800000000000002,0.578,0.7517477695464294,-0.17374776954642945
300000,single_alpha,0.69,0.5815,0.7549029063256906,-0.17340290632569055
300000,single_alpha,0.7000000000000002,0.5853,0.758036347776927,-0.17273634777692692
300000,single_alpha,0.71,0.5896,0.7611479319100133,-0.17154793191001327
300000,single_alpha,0.7200000000000002,0.5924,0.7642375022207488,-0.17183750222074878
300000,single_alpha,0.73,0.5976,0.7673049076991025,-0.16970490769910251
300000,single_alpha,0.7400000000000002,0.602,0.7703500028352095,-0.1683500028352095
300000,single_alpha,0.75,0.6057,0.7733726476231317,-0.16767264762313172
300000,single_alpha,0.7600000000000002,0.6101,0.7763727075624006,-0.16627270756240065
300000,single_alpha,0.77,0.6136,0.7793500536573503,-0.1657500536573503
300000,single_alpha,0.7800000000000002,0.6188,0.782304562414267,-0.16350456241426703
300000,single_alpha,0.79,0.6229,0.7852361158363629,-0.16233611583636287
300000,single_alpha,0.8000000000000003,0.6259,0.7881446014166034,-0.16224460141660335
300000,single_alpha,0.81,0.6299,0.7910299121283983,-0.16112991212839833
300000,single_alpha,0.8200000000000003,0.6327,0.793891946414187,-0.161191946414187
300000,single_alpha,0.8300000000000001,0.6363,0.7967306081719316,-0.16043060817193167
300000,single_alpha,0.8399999999999999,0.639,0.7995458067395502,-0.1605458067395502
300000,single_alpha,0.8500000000000001,0.6428,0.8023374568773076,-0.15953745687730758
300000,single_alpha,0.8599999999999999,0.6461,0.8051054787481916,-0.1590054787481916
300000,single_alpha,0.8700000000000001,0.6491,0.8078497978963038,-0.15874979789630383
300000,single_alpha,0.8799999999999999,0.653,0.8105703452232879,-0.15757034522328783
300000,single_alpha,0.8900000000000001,0.6558,0.8132670569628274,-0.15746705696282737
300000,single_alpha,0.8999999999999999,0.6597,0.8159398746532405,-0.15623987465324052
300000,single_alpha,0.9100000000000001,0.6636,0.8185887451082028,-0.15498874510820282
300000,single_alpha,0.9199999999999999,0.6681,0.8212136203856283,-0.15311362038562826
300000,single_alpha,0.9300000000000002,0.6712,0.8238144577547422,-0.15261445775474214
300000,single_alpha,0.94,0.6744,0.8263912196613754,-0.1519912196613754
300000,single_alpha,0.9500000000000002,0.6787,0.8289438736915182,-0.15024387369151826
300000,single_alpha,0.96,0.6829,0.8314723925331622,-0.14857239253316223
300000,single_alpha,0.9700000000000002,0.6871,0.8339767539364704,-0.14687675393647037
300000,single_alpha,0.98,0.6902,0.8364569406723077,-0.14625694067230766
300000,single_alpha,0.9900000000000002,0.6942,0.8389129404891691,-0.14471294048916905
300000,single_alpha,1.0,0.6966,0.8413447460685429,-0.14474474606854293
300000,single_alpha,1.0099999999999998,0.7008,0.8437523549787453,-0.14295235497874537
300000,single_alpha,1.0200000000000005,0.7054,0.8461357696272652,-0.1407357696272652
300000,single_alpha,1.0300000000000002,0.7082,0.8484949972116563,-0.14029499721165628
300000,single_alpha,1.04,0.7112,0.8508300496690187,-0.1396300496690186
300000,single_alpha,1.0499999999999998,0.714,0.853140943624104,-0.139140943624104
300000,single_alpha,1.0600000000000005,0.7169,0.8554277003360906,-0.13852770033609063
300000,single_alpha,1.0700000000000003,0.7202,0.8576903456440608,-0.13749034564406082
300000,single_alpha,1.08,0.7235,0.859928909911231,-0.13642890991123102
300000,single_alpha,1.0899999999999999,0.7281,0.8621434279679645,-0.13404342796796453
300000,single_alpha,1.0999999999999996,0.7313,0.8643339390536173,-0.13303393905361738
300000,single_alpha,1.1100000000000003,0.7342,0.8665004867572528,-0.1323004867572528
300000,single_alpha,1.12,0.7373,0.8686431189572693,-0.13134311895726936
300000,single_alpha,1.13,0.7411,0.8707618877599821,-0.1296618877599821
300000,single_alpha,1.1399999999999997,0.7438,0.8728568494372017,-0.12905684943720164
300000,single_alpha,1.1500000000000004,0.7465,0.8749280643628499,-0.12842806436284981
300000,single_alpha,1.1600000000000001,0.7496,0.8769755969486566,-0.12737559694865652
300000,single_alpha,1.17,0.7515,0.8789995155789818,-0.12749951557898187
300000,single_alpha,1.1799999999999997,0.7551,0.8809998925447993,-0.12589989254479927
300000,single_alpha,1.1900000000000004,0.7584,0.8829768039768913,-0.1245768039768913
300000,single_alpha,1.2000000000000002,0.7619,0.8849303297782918,-0.12303032977829176
300000,single_alpha,1.21,0.7643,0.8868605535560226,-0.12256055355602258
300000,single_alpha,1.2199999999999998,0.7669,0.8887675625521653,-0.12186756255216524
300000,single_alpha,1.2300000000000004,0.7691,0.8906514475743081,-0.12155144757430814
300000,single_alpha,1.2400000000000002,0.7715,0.8925123029254132,-0.1210123029254132
300000,single_alpha,1.25,0.7749,0.8943502263331446,-0.11945022633314462
300000,single_alpha,1.2599999999999998,0.7777,0.8961653188786995,-0.1184653188786996
300000,single_alpha,1.2700000000000005,0.7804,0.8979576849251809,-0.11755768492518093
300000,single_alpha,1.2800000000000002,0.7829,0.8997274320455579,-0.1168274320455579
300000,single_alpha,1.29,0.7849,0.9014746709502521,-0.11657467095025209
300000,single_alpha,1.2999999999999998,0.7869,0.9031995154143896,-0.11629951541438954
300000,single_alpha,1.3100000000000005,0.7896,0.9049020822047611,-0.11530208220476112
300000,single_alpha,1.3200000000000003,0.7922,0.9065824910065282,-0.1143824910065282
300000,single_alpha,1.33,0.7956,0.9082408643497193,-0.11264086434971932
300000,single_alpha,1.3399999999999999,0.7987,0.9098773275355475,-0.11117732753554754
300000,single_alpha,1.3500000000000005,0.8013,0.9114920085625979,-0.11019200856259792
300000,single_alpha,1.3600000000000003,0.8041,0.913085038052915,-0.10898503805291493
300000,single_alpha,1.37,0.8063,0.914656549178033,-0.10835654917803295
300000,single_alpha,1.38,0.8086,0.9162066775849856,-0.10760667758498565
300000,single_alpha,1.3899999999999997,0.8106,0.917735561322331,-0.10713556132233104
300000,single_alpha,1.4000000000000004,0.813,0.919243340766229,-0.1062433407662291
300000,single_alpha,1.4100000000000001,0.8155,0.9207301585466077,-0.10523015854660767
300000,single_alpha,1.42,0.8191,0.9221961594734536,-0.10309615947345352
300000,single_alpha,1.4299999999999997,0.8217,0.9236414904632608,-0.10194149046326084
300000,single_alpha,1.4400000000000004,0.8243,0.9250663004656731,-0.10076630046567303
300000,single_alpha,1.4500000000000002,0.8265,0.9264707403903517,-0.0999707403903517
300000,single_alpha,1.46,0.8285,0.9278549630341062,-0.09935496303410618
300000,single_alpha,1.4699999999999998,0.8313,0.9292191230083144,-0.0979191230083144
300000,single_alpha,1.4800000000000004,0.8338,0.9305633766666683,-0.09676337666666834
300000,single_alpha,1.4900000000000002,0.8365,0.9318878820332746,-0.09538788203327453
300000,single_alpha,1.5,0.8392,0.9331927987311419,-0.09399279873114197
300000,single_alpha,1.5099999999999998,0.8422,0.9344782879110834,-0.0922782879110835
300000,single_alpha,1.5200000000000005,0.8448,0.9357445121810642,-0.09094451218106425
300000,single_alpha,1.5300000000000002,0.8483,0.9369916355360216,-0.08869163553602155
300000,single_alpha,1.54,0.8511,0.9382198232881881,-0.08711982328818813
300000,single_alpha,1.5499999999999998,0.8525,0.939429241997941,-0.08692924199794094
300000,single_alpha,1.5600000000000005,0.8551,0.9406200594052071,-0.08552005940520713
300000,single_alpha,1.5700000000000003,0.857,0.941792444361447,-0.08479244436144706
300000,single_alpha,1.58,0.8592,0.9429465667622459,-0.0837465667622459
300000,single_alpha,1.5899999999999999,0.8614,0.9440825974805306,-0.08268259748053053
300000,single_alpha,1.6000000000000005,0.8638,0.9452007083004421,-0.0814007083004421
300000,single_alpha,1.6100000000000003,0.8657,0.9463010718518803,-0.08060107185188026
300000,single_alpha,1.62,0.8676,0.9473838615457479,-0.0797838615457479
300000,single_alpha,1.63,0.87,0.9484492515099107,-0.07844925150991067
300000,single_alpha,1.6399999999999997,0.872,0.9494974165258963,-0.07749741652589626
300000,single_alpha,1.6500000000000004,0.8746,0.9505285319663519,-0.07592853196635185
300000,single_alpha,1.6600000000000001,0.8772,0.9515427737332772,-0.07434277373327725
300000,single_alpha,1.67,0.8783,0.9525403181970526,-0.07424031819705268
300000,single_alpha,1.6799999999999997,0.8799,0.9535213421362799,-0.07362134213627991
300000,single_alpha,1.6900000000000004,0.8825,0.9544860226784502,-0.07198602267845022
300000,single_alpha,1.7000000000000002,0.884,0.955434537241457,-0.07143453724145699
300000,single_alpha,1.71,0.8861,0.9563670634759681,-0.07026706347596812
300000,single_alpha,1.7199999999999998,0.8875,0.957283779208671,-0.06978377920867107
300000,single_alpha,1.7300000000000004,0.8901,0.9581848623864051,-0.0680848623864051
300000,single_alpha,1.7400000000000002,0.8922,0.9590704910211927,-0.06687049102119269
300000,single_alpha,1.75,0.8945,0.9599408431361829,-0.06544084313618292
300000,single_alpha,1.7599999999999998,0.8966,0.9607960967125173,-0.06419609671251736
300000,single_alpha,1.7700000000000005,0.8985,0.9616364296371288,-0.06313642963712884
300000,single_alpha,1.7800000000000002,0.901,0.9624620196514833,-0.061462019651483235
300000,single_alpha,1.79,0.903,0.9632730443012737,-0.06027304430127367
300000,single_alpha,1.7999999999999998,0.9043,0.9640696808870742,-0.05976968088707424
300000,single_alpha,1.8100000000000005,0.906,0.9648521064159612,-0.05885210641596117
300000,single_alpha,1.8200000000000003,0.9076,0.9656204975541101,-0.058020497554110095
300000,single_alpha,1.83,0.9089,0.9663750305803717,-0.05747503058037162
300000,single_alpha,1.8399999999999999,0.9109,0.9671158813408361,-0.056215881340836105
300000,single_alpha,1.8500000000000005,0.9124,0.9678432252043864,-0.05544322520438638
300000,single_alpha,1.8600000000000003,0.914,0.9685572370192473,-0.05455723701924731
300000,single_alpha,1.87,0.9157,0.9692580910705341,-0.05355809107053411
300000,single_alpha,1.88,0.9175,0.9699459610388002,-0.05244596103880017
300000,single_alpha,1.8899999999999997,0.9194,0.9706210199595906,-0.05122101995959061
300000,single_alpha,1.9000000000000004,0.9215,0.9712834401839983,-0.04978344018399827
300000,single_alpha,1.9100000000000001,0.9229,0.9719333933402275,-0.049033393340227494
300000,single_alpha,1.92,0.9241,0.9725710502961632,-0.048471050296163165
300000,single_alpha,1.9299999999999997,0.926,0.973196581122945,-0.047196581122945
300000,single_alpha,1.9400000000000004,0.9273,0.9738101550595474,-0.046510155059547365
300000,single_alpha,1.9500000000000002,0.9284,0.9744119404783614,-0.046011940478361435
300000,single_alpha,1.96,0.9301,0.9750021048517795,-0.04490210485177948
300000,single_alpha,1.9699999999999998,0.9318,0.9755808147197774,-0.04378081471977746
300000,single_alpha,1.9800000000000004,0.9322,0.9761482356584915,-0.043948235658491486
300000,single_alpha,1.9900000000000002,0.9332,0.9767045322497881,-0.04350453224978812
300000,single_alpha,2.0,0.935,0.9772498680518208,-0.04224986805182074
300000,single_alpha,2.01,0.9358,0.9777844055705686,-0.041984405570568595
300000,single_alpha,2.0200000000000005,0.9368,0.9783083062323532,-0.04150830623235324
300000,single_alpha,2.0300000000000002,0.9383,0.9788217303573278,-0.040521730357327757
300000,single_alpha,2.04,0.9393,0.9793248371339299,-0.0400248371339299
300000,single_alpha,2.05,0.9403,0.9798177845942956,-0.03951778459429556
300000,single_alpha,2.0600000000000005,0.9412,0.9803007295906231,-0.03910072959062305
300000,single_alpha,2.0700000000000003,0.9425,0.9807738277724828,-0.03827382777248278
300000,single_alpha,2.08,0.9435,0.9812372335650622,-0.0377372335650622
300000,single_alpha,2.09,0.9449,0.981691100148341,-0.03679110014834108
300000,single_alpha,2.1000000000000005,0.9459,0.9821355794371834,-0.036235579437183474
300000,single_alpha,2.1100000000000003,0.9466,0.9825708220623429,-0.03597082206234292
300000,single_alpha,2.12,0.9475,0.9829969773523672,-0.03549697735236723
300000,single_alpha,2.13,0.9479,0.983414193316395,-0.03551419331639505
300000,single_alpha,2.1399999999999997,0.9489,0.9838226166278339,-0.03492261662783391
300000,single_alpha,2.1500000000000004,0.9493,0.9842223926089095,-0.0349223926089095
300000,single_alpha,2.16,0.9501,0.9846136652160745,-0.034513665216074574
300000,single_alpha,2.17,0.9508,0.9849965770262678,-0.03419657702626777
300000,single_alpha,2.1799999999999997,0.9511,0.9853712692240107,-0.0342712692240108
300000,single_alpha,2.1900000000000004,0.9517,0.9857378815893312,-0.03403788158933119
300000,single_alpha,2.2,0.9527,0.9860965524865014,-0.03339655248650142
300000,single_alpha,2.21,0.9538,0.98644741885358,-0.032647418853580024
300000,single_alpha,2.2199999999999998,0.9546,0.9867906161927437,-0.03219061619274366
300000,single_alpha,2.2300000000000004,0.9551,0.987126278561398,-0.03202627856139806
300000,single_alpha,2.24,0.9562,0.9874545385640534,-0.03125453856405336
300000,single_alpha,2.25,0.9569,0.9877755273449553,-0.030875527344955356
300000,single_alpha,2.26,0.9577,0.988089374581453,-0.030389374581452966
300000,single_alpha,2.2700000000000005,0.958,0.9883962084780965,-0.030396208478096542
300000,single_alpha,2.2800000000000002,0.9587,0.9886961557614472,-0.029996155761447207
300000,single_alpha,2.29,0.9596,0.9889893416755886,-0.0293893416755886
300000,single_alpha,2.3,0.9606,0.9892758899783242,-0.028675889978324154
300000,single_alpha,2.3100000000000005,0.9611,0.989555922938049,-0.028455922938048994
300000,single_alpha,2.3200000000000003,0.9619,0.9898295613312803,-0.027929561331280328
300000,single_alpha,2.33,0.9629,0.9900969244408357,-0.027196924440835768
300000,single_alpha,2.34,0.9639,0.9903581300546417,-0.026458130054641704
300000,single_alpha,2.3500000000000005,0.965,0.9906132944651614,-0.025613294465161474
300000,single_alpha,2.3600000000000003,0.9657,0.9908625324694273,-0.025162532469427346
300000,single_alpha,2.37,0.9664,0.9911059573696632,-0.02470595736966319
300000,single_alpha,2.38,0.9671,0.9913436809744834,-0.024243680974483484
300000,single_alpha,2.3899999999999997,0.9674,0.9915758136006543,-0.02417581360065424
300000,single_alpha,2.4000000000000004,0.9685,0.9918024640754038,-0.023302464075403817
300000,single_alpha,2.41,0.9691,0.9920237397392663,-0.022923739739266313
300000,single_alpha,2.42,0.9694,0.9922397464494463,-0.022839746449446308
300000,single_alpha,2.4299999999999997,0.9701,0.9924505885836908,-0.022350588583690878
300000,single_alpha,2.4400000000000004,0.9708,0.9926563690446517,-0.021856369044651713
300000,single_alpha,2.45,0.9714,0.9928571892647285,-0.021457189264728505
300000,single_alpha,2.46,0.9722,0.9930531492113757,-0.02085314921137571
300000,single_alpha,2.4699999999999998,0.9725,0.9932443473928594,-0.020744347392859352
300000,single_alpha,2.4800000000000004,0.9732,0.9934308808644533,-0.02023088086445335
300000,single_alpha,2.49,0.9735,0.9936128452350568,-0.020112845235056742
300000,single_alpha,2.5,0.9742,0.9937903346742238,-0.019590334674223886
300000,single_alpha,2.51,0.9748,0.9939634419195873,-0.0191634419195873
300000,single_alpha,2.5200000000000005,0.9754,0.9941322582846674,-0.018732258284667402
300000,single_alpha,2.5300000000000002,0.9761,0.9942968736670493,-0.018196873667049362
300000,single_alpha,2.54,0.9763,0.9944573765569173,-0.018157376556917404
300000,single_alpha,2.55,0.9767,0.9946138540459333,-0.017913854045933264
300000,single_alpha,2.5600000000000005,0.9775,0.9947663918364442,-0.017266391836444184
300000,single_alpha,2.5700000000000003,0.9779,0.994915074251009,-0.01701507425100901
300000,single_alpha,2.58,0.9784,0.9950599842422293,-0.016659984242229253
300000,single_alpha,2.59,0.9788,0.9952012034028738,-0.016401203402873765
300000,single_alpha,2.6000000000000005,0.9795,0.9953388119762813,-0.01583881197628123
300000,single_alpha,2.6100000000000003,0.9799,0.9954728888670327,-0.015572888867032675
300000,single_alpha,2.62,0.9802,0.9956035116518787,-0.015403511651878699
300000,single_alpha,2.63,0.9807,0.9957307565909107,-0.015030756590910688
300000,single_alpha,2.6399999999999997,0.981,0.9958546986389639,-0.014854698638963937
300000,single_alpha,2.6500000000000004,0.9813,0.9959754114572417,-0.014675411457241716
300000,single_alpha,2.66,0.9816,0.9960929674251472,-0.014492967425147163
300000,single_alpha,2.67,0.982,0.9962074376523146,-0.01420743765231458
300000,single_alpha,2.6799999999999997,0.9825,0.996318891990825,-0.013818891990824977
300000,single_alpha,2.6900000000000004,0.9828,0.9964273990476002,-0.013627399047600242
300000,single_alpha,2.7,0.9831,0.9965330261969594,-0.013433026196959408
300000,single_alpha,2.71,0.9835,0.9966358395933308,-0.013135839593330756
300000,single_alpha,2.7199999999999998,0.9839,0.9967359041841087,-0.012835904184108737
300000,single_alpha,2.7300000000000004,0.9842,0.9968332837226422,-0.012633283722642275
300000,single_alpha,2.74,0.9842,0.9969280407813496,-0.012728040781349592
300000,single_alpha,2.75,0.9847,0.9970202367649454,-0.012320236764945425
300000,single_alpha,2.76,0.9849,0.9971099319237738,-0.012209931923773842
300000,single_alpha,2.7700000000000005,0.9851,0.997197185367235,-0.01209718536723503
300000,single_alpha,2.7800000000000002,0.9855,0.9972820550772987,-0.011782055077298681
300000,single_alpha,2.79,0.9862,0.9973645979220951,-0.01116459792209512
300000,single_alpha,2.8,0.9864,0.997444869669572,-0.011044869669571966
300000,single_alpha,2.8100000000000005,0.9867,0.9975229250012141,-0.010822925001214068
300000,single_alpha,2.8200000000000003,0.9871,0.9975988175258107,-0.010498817525810722
300000,single_alpha,2.83,0.9877,0.9976725997932685,-0.009972599793268477
300000,single_alpha,2.84,0.9881,0.9977443233084576,-0.009644323308457659
300000,single_alpha,2.8500000000000005,0.9886,0.9978140385450868,-0.009214038545086733
300000,single_alpha,2.8600000000000003,0.9892,0.9978817949595954,-0.008681794959595424
300000,single_alpha,2.87,0.9896,0.9979476410050603,-0.008347641005060247
300000,single_alpha,2.88,0.9898,0.9980116241451057,-0.008211624145105678
300000,single_alpha,2.8899999999999997,0.9903,0.9980737908678121,-0.007773790867812158
300000,single_alpha,2.9000000000000004,0.9905,0.998134186699616,-0.007634186699615908
300000,single_alpha,2.91,0.9907,0.9981928562191936,-0.0074928562191936
300000,single_alpha,2.92,0.991,0.9982498430713239,-0.007249843071323925
300000,single_alpha,2.9299999999999997,0.9913,0.9983051899807227,-0.007005189980722748
300000,single_alpha,2.9400000000000004,0.9916,0.998358938765843,-0.006758938765842992
300000,single_alpha,2.95,0.9918,0.9984111303526352,-0.006611130352635164
300000,single_alpha,2.96,0.9924,0.998461804788262,-0.006061804788262015
300000,single_alpha,2.9699999999999998,0.9926,0.9985110012547626,-0.005911001254762516
300000,single_alpha,2.9800000000000004,0.9928,0.99855875808266,-0.00575875808266002
300000,single_alpha,2.99,0.9932,0.9986051127645078,-0.005405112764507836
300000,single_alpha,3.0,0.9932,0.9986501019683699,-0.005450101968369925
300000,single_2alpha,-3.0,0.0,0.0013498980316300933,-0.0013498980316300933
300000,single_2alpha,-2.99,0.0,0.0013948872354922468,-0.0013948872354922468
300000,single_2alpha,-2.98,0.0,0.0014412419173400134,-0.0014412419173400134
300000,single_2alpha,-2.97,0.0,0.0014889987452374632,-0.0014889987452374632
300000,single_2alpha,-2.96,0.0,0.0015381952117380577,-0.0015381952117380577
300000,single_2alpha,-2.95,0.0,0.0015888696473648667,-0.0015888696473648667
300000,single_2alpha,-2.94,0.0,0.0016410612341569964,-0.0016410612341569964
300000,single_2alpha,-2.93,0.0,0.0016948100192772598,-0.0016948100192772598
300000,single_2alpha,-2.92,0.0001,0.0017501569286760992,-0.0016501569286760992
300000,single_2alpha,-2.91,0.0001,0.0018071437808064273,-0.0017071437808064273
300000,single_2alpha,-2.9,0.0001,0.0018658133003840375,-0.0017658133003840375
300000,single_2alpha,-2.89,0.0001,0.0019262091321878587,-0.0018262091321878586
300000,single_2alpha,-2.88,0.0001,0.0019883758548943256,-0.0018883758548943255
300000,single_2alpha,-2.87,0.0001,0.0020523589949397536,-0.0019523589949397536
300000,single_2alpha,-2.86,0.0001,0.0021182050404046217,-0.002018205040404622
300000,single_2alpha,-2.85,0.0001,0.0021859614549132405,-0.0020859614549132406
300000,single_2alpha,-2.84,0.0001,0.0022556766915423202,-0.0021556766915423204
300000,single_2alpha,-2.83,0.0001,0.0023274002067315515,-0.0022274002067315516
300000,single_2alpha,-2.82,0.0001,0.0024011824741892525,-0.0023011824741892527
300000,single_2alpha,-2.81,0.0001,0.002477074998785861,-0.002377074998785861
300000,single_2alpha,-2.8,0.0001,0.002555130330427932,-0.0024551303304279322
300000,single_2alpha,-2.79,0.0001,0.0026354020779049527,-0.002535402077904953
300000,single_2alpha,-2.78,0.0001,0.0027179449227012578,-0.002617944922701258
300000,single_2alpha,-2.77,0.0002,0.002802814632765025,-0.002602814632765025
300000,single_2alpha,-2.76,0.0002,0.0028900680762261478,-0.0026900680762261477
300000,single_2alpha,-2.75,0.0002,0.002979763235054555,-0.002779763235054555
300000,single_2alpha,-2.74,0.0002,0.003071959218650488,-0.002871959218650488
300000,single_2alpha,-2.73,0.0002,0.0031667162773577934,-0.0029667162773577933
300000,single_2alpha,-2.7199999999999998,0.0002,0.0032640958158913144,-0.0030640958158913143
300000,single_2alpha,-2.71,0.0002,0.0033641604066691933,-0.003164160406669193
300000,single_2alpha,-2.7,0.0002,0.0034669738030406647,-0.0032669738030406646
300000,single_2alpha,-2.69,0.0003,0.0035726009523997368,-0.003272600952399737
300000,single_2alpha,-2.68,0.0003,0.00368110800917498,-0.00338110800917498
300000,single_2alpha,-2.67,0.0003,0.0037925623476854887,-0.0034925623476854887
300000,single_2alpha,-2.66,0.0003,0.003907032574852774,-0.0036070325748527744
300000,single_2alpha,-2.65,0.0003,0.004024588542758306,-0.003724588542758306
300000,single_2alpha,-2.64,0.0003,0.004145301361036037,-0.0038453013610360368
300000,single_2alpha,-2.63,0.0003,0.004269243409089351,-0.003969243409089351
300000,single_2alpha,-2.62,0.0003,0.004396488348121309,-0.004096488348121309
300000,single_2alpha,-2.61,0.0003,0.004527111132967324,-0.004227111132967324
300000,single_2alpha,-2.6,0.0003,0.004661188023718747,-0.004361188023718747
300000,single_2alpha,-2.59,0.0003,0.004798796597126178,-0.004498796597126178
300000,single_2alpha,-2.58,0.0004,0.004940015757770645,-0.0045400157577706445
300000,single_2alpha,-2.57,0.0004,0.0050849257489910355,-0.004684925748991035
300000,single_2alpha,-2.56,0.0004,0.005233608163555782,-0.004833608163555781
300000,single_2alpha,-2.55,0.0004,0.005386145954066687,-0.004986145954066687
300000,single_2alpha,-2.54,0.0004,0.005542623443082601,-0.005142623443082601
300000,single_2alpha,-2.53,0.0004,0.005703126332950699,-0.005303126332950699
300000,single_2alpha,-2.52,0.0004,0.005867741715332562,-0.005467741715332562
300000,single_2alpha,-2.51,0.0004,0.006036558080412666,-0.005636558080412666
300000,single_2alpha,-2.5,0.0004,0.006209665325776132,-0.005809665325776132
300000,single_2alpha,-2.49,0.0004,0.006387154764943171,-0.005987154764943171
300000,single_2alpha,-2.48,0.0004,0.006569119135546763,-0.006169119135546763
300000,single_2alpha,-2.4699999999999998,0.0004,0.006755652607140651,-0.006355652607140651
300000,single_2alpha,-2.46,0.0005,0.006946850788624312,-0.006446850788624312
300000,single_2alpha,-2.45,0.0005,0.007142810735271415,-0.006642810735271416
300000,single_2alpha,-2.44,0.0005,0.007343630955348342,-0.006843630955348342
300000,single_2alpha,-2.4299999999999997,0.0005,0.007549411416309213,-0.007049411416309213
300000,single_2alpha,-2.42,0.0005,0.0077602535505536425,-0.007260253550553642
300000,single_2alpha,-2.41,0.0006,0.007976260260733725,-0.007376260260733725
300000,single_2alpha,-2.4,0.0006,0.008197535924596131,-0.007597535924596131
300000,single_2alpha,-2.39,0.0006,0.008424186399345685,-0.007824186399345685
300000,single_2alpha,-2.38,0.0006,0.008656319025516543,-0.008056319025516543
300000,single_2alpha,-2.37,0.0006,0.008894042630336772,-0.008294042630336772
300000,single_2alpha,-2.36,0.0007,0.009137467530572669,-0.00843746753057267
300000,single_2alpha,-2.35,0.0007,0.009386705534838566,-0.008686705534838567
300000,single_2alpha,-2.34,0.0007,0.00964186994535833,-0.008941869945358331
300000,single_2alpha,-2.33,0.0007,0.009903075559164245,-0.009203075559164246
300000,single_2alpha,-2.32,0.0007,0.01017043866871968,-0.009470438668719681
300000,single_2alpha,-2.31,0.0008,0.010444077061951083,-0.009644077061951082
300000,single_2alpha,-2.3,0.0008,0.010724110021675809,-0.009924110021675809
300000,single_2alpha,-2.29,0.0008,0.011010658324411388,-0.010210658324411388
300000,single_2alpha,-2.2800000000000002,0.0008,0.01130384423855278,-0.01050384423855278
300000,single_2alpha,-2.27,0.0008,0.011603791521903535,-0.010803791521903534
300000,single_2alpha,-2.26,0.0008,0.011910625418547066,-0.011110625418547066
300000,single_2alpha,-2.25,0.0008,0.012224472655044696,-0.011424472655044695
300000,single_2alpha,-2.24,0.0008,0.012545461435946563,-0.011745461435946562
300000,single_2alpha,-2.23,0.0008,0.012873721438602014,-0.012073721438602013
300000,single_2alpha,-2.2199999999999998,0.0009,0.013209383807256284,-0.012309383807256285
300000,single_2alpha,-2.21,0.001,0.013552581146419983,-0.012552581146419984
300000,single_2alpha,-2.2,0.001,0.013903447513498595,-0.012903447513498596
300000,single_2alpha,-2.19,0.001,0.014262118410668878,-0.013262118410668877
300000,single_2alpha,-2.1799999999999997,0.001,0.014628730775989262,-0.013628730775989261
300000,single_2alpha,-2.17,0.001,0.015003422973732207,-0.014003422973732207
300000,single_2alpha,-2.16,0.001,0.015386334783925445,-0.014386334783925446
300000,single_2alpha,-2.15,0.001,0.0157776073910905,-0.014777607391090498
300000,single_2alpha,-2.14,0.001,0.01617738337216608,-0.015177383372166078
300000,single_2alpha,-2.13,0.0011,0.01658580668360501,-0.01548580668360501
300000,single_2alpha,-2.12,0.0011,0.017003022647632787,-0.015903022647632787
300000,single_2alpha,-2.11,0.0011,0.017429177937657088,-0.016329177937657088
300000,single_2alpha,-2.1,0.0012,0.017864420562816542,-0.016664420562816543
300000,single_2alpha,-2.09,0.0012,0.01830889985165897,-0.01710889985165897
300000,single_2alpha,-2.08,0.0012,0.01876276643493775,-0.01756276643493775
300000,single_2alpha,-2.07,0.0012,0.019226172227517282,-0.018026172227517283
300000,single_2alpha,-2.06,0.0014,0.019699270409376895,-0.018299270409376896
300000,single_2alpha,-2.05,0.0015,0.020182215405704394,-0.018682215405704392
300000,single_2alpha,-2.04,0.0016,0.020675162866070042,-0.019075162866070042
300000,single_2alpha,-2.0300000000000002,0.0017,0.02117826964267226,-0.01947826964267226
300000,single_2alpha,-2.02,0.0017,0.02169169376764678,-0.01999169376764678
300000,single_2alpha,-2.01,0.0017,0.022215594429431475,-0.020515594429431475
300000,single_2alpha,-2.0,0.0017,0.022750131948179195,-0.021050131948179195
300000,single_2alpha,-1.99,0.0018,0.02329546775021182,-0.02149546775021182
300000,single_2alpha,-1.98,0.002,0.023851764341508513,-0.02185176434150851
300000,single_2alpha,-1.97,0.0021,0.024419185280222543,-0.02231918528022254
300000,single_2alpha,-1.96,0.0021,0.024997895148220435,-0.022897895148220434
300000,single_2alpha,-1.95,0.0023,0.02558805952163861,-0.02328805952163861
300000,single_2alpha,-1.94,0.0023,0.026189844940452685,-0.023889844940452685
300000,single_2alpha,-1.93,0.0025,0.02680341887705495,-0.02430341887705495
300000,single_2alpha,-1.92,0.0025,0.027428949703836802,-0.024928949703836804
300000,single_2alpha,-1.91,0.0027,0.0280666066597725,-0.0253666066597725
300000,single_2alpha,-1.9,0.0029,0.028716559816001803,-0.025816559816001804
300000,single_2alpha,-1.89,0.0029,0.02937898004040943,-0.026478980040409432
300000,single_2alpha,-1.88,0.0032,0.03005403896119979,-0.02685403896119979
300000,single_2alpha,-1.8699999999999999,0.0033,0.030741908929465968,-0.027441908929465967
300000,single_2alpha,-1.8599999999999999,0.0033,0.031442762980752714,-0.028142762980752713
300000,single_2alpha,-1.8499999999999999,0.0034,0.03215677479561371,-0.028756774795613713
300000,single_2alpha,-1.84,0.0034,0.03288411865916389,-0.029484118659163887
300000,single_2alpha,-1.83,0.0034,0.0336249694196283,-0.0302249694196283
300000,single_2alpha,-1.82,0.0035,0.03437950244588998,-0.030879502445889977
300000,single_2alpha,-1.81,0.0035,0.03514789358403879,-0.031647893584038786
300000,single_2alpha,-1.8,0.0036,0.03593031911292579,-0.03233031911292579
300000,single_2alpha,-1.79,0.0037,0.03672695569872628,-0.033026955698726275
300000,single_2alpha,-1.78,0.0038,0.03753798034851679,-0.03373798034851679
300000,single_2alpha,-1.77,0.004,0.03836357036287122,-0.034363570362871215
300000,single_2alpha,-1.76,0.0041,0.03920390328748265,-0.03510390328748265
300000,single_2alpha,-1.75,0.0042,0.040059156863817086,-0.035859156863817084
300000,single_2alpha,-1.74,0.0044,0.040929508978807365,-0.036529508978807364
300000,single_2alpha,-1.73,0.0045,0.04181513761359493,-0.03731513761359493
300000,single_2alpha,-1.72,0.0046,0.04271622079132892,-0.03811622079132892
300000,single_2alpha,-1.71,0.0046,0.0436329365240319,-0.0390329365240319
300000,single_2alpha,-1.7,0.0047,0.04456546275854304,-0.03986546275854304
300000,single_2alpha,-1.69,0.0047,0.045513977321549805,-0.0408139773215498
300000,single_2alpha,-1.68,0.0048,0.046478657863720046,-0.04167865786372005
300000,single_2alpha,-1.67,0.005,0.04745968180294733,-0.04245968180294733
300000,single_2alpha,-1.66,0.0052,0.04845722626672282,-0.04325722626672282
300000,single_2alpha,-1.65,0.0057,0.0494714680336481,-0.043771468033648106
300000,single_2alpha,-1.64,0.0062,0.05050258347410371,-0.044302583474103714
300000,single_2alpha,-1.63,0.0063,0.051550748490089365,-0.045250748490089365
300000,single_2alpha,-1.6199999999999999,0.0068,0.05261613845425206,-0.04581613845425206
300000,single_2alpha,-1.6099999999999999,0.0072,0.053698928148119704,-0.046498928148119706
300000,single_2alpha,-1.5999999999999999,0.0072,0.054799291699558,-0.047599291699558004
300000,single_2alpha,-1.59,0.0076,0.055917402519469424,-0.04831740251946942
300000,single_2alpha,-1.58,0.0077,0.057053433237754185,-0.049353433237754187
300000,single_2alpha,-1.57,0.0078,0.058207555638553,-0.050407555638553
300000,single_2alpha,-1.56,0.0078,0.05937994059479304,-0.05157994059479304
300000,single_2alpha,-1.55,0.008,0.06057075800205901,-0.05257075800205901
300000,single_2alpha,-1.54,0.0083,0.061780176711811886,-0.053480176711811885
300000,single_2alpha,-1.53,0.0086,0.06300836446397844,-0.05440836446397844
300000,single_2alpha,-1.52,0.0091,0.06425548781893581,-0.05515548781893581
300000,single_2alpha,-1.51,0.0094,0.0655217120889165,-0.056121712088916496
300000,single_2alpha,-1.5,0.0097,0.06680720126885807,-0.05710720126885807
300000,single_2alpha,-1.49,0.0098,0.06811211796672544,-0.05831211796672543
300000,single_2alpha,-1.48,0.0098,0.06943662333333173,-0.05963662333333172
300000,single_2alpha,-1.47,0.0099,0.07078087699168552,-0.06088087699168552
300000,single_2alpha,-1.46,0.0102,0.07214503696589378,-0.06194503696589378
300000,single_2alpha,-1.45,0.0103,0.07352925960964836,-0.06322925960964836
300000,single_2alpha,-1.44,0.0105,0.07493369953432708,-0.06443369953432708
300000,single_2alpha,-1.43,0.0106,0.07635850953673913,-0.06575850953673913
300000,single_2alpha,-1.42,0.0107,0.07780384052654638,-0.06710384052654637
300000,single_2alpha,-1.41,0.0113,0.07926984145339239,-0.06796984145339238
300000,single_2alpha,-1.4,0.0116,0.08075665923377107,-0.06915665923377107
300000,single_2alpha,-1.39,0.012,0.08226443867766892,-0.07026443867766892
300000,single_2alpha,-1.38,0.0121,0.08379332241501436,-0.07169332241501436
300000,single_2alpha,-1.3699999999999999,0.0123,0.08534345082196704,-0.07304345082196703
300000,single_2alpha,-1.3599999999999999,0.0128,0.08691496194708509,-0.07411496194708508
300000,single_2alpha,-1.3499999999999999,0.013,0.08850799143740207,-0.07550799143740207
300000,single_2alpha,-1.3399999999999999,0.0134,0.09012267246445249,-0.0767226724644525
300000,single_2alpha,-1.33,0.0135,0.09175913565028077,-0.07825913565028077
300000,single_2alpha,-1.32,0.014,0.09341750899347179,-0.07941750899347179
300000,single_2alpha,-1.31,0.0141,0.09509791779523902,-0.08099791779523902
300000,single_2alpha,-1.3,0.0142,0.09680048458561036,-0.08260048458561035
300000,single_2alpha,-1.29,0.0143,0.09852532904974787,-0.08422532904974786
300000,single_2alpha,-1.28,0.0145,0.10027256795444206,-0.08577256795444206
300000,single_2alpha,-1.27,0.0147,0.10204231507481915,-0.08734231507481914
300000,single_2alpha,-1.26,0.015,0.1038346811213004,-0.0888346811213004
300000,single_2alpha,-1.25,0.0153,0.10564977366685535,-0.09034977366685536
300000,single_2alpha,-1.24,0.0157,0.10748769707458694,-0.09178769707458695
300000,single_2alpha,-1.23,0.0159,0.10934855242569191,-0.09344855242569192
300000,single_2alpha,-1.22,0.0164,0.11123243744783456,-0.09483243744783457
300000,single_2alpha,-1.21,0.017,0.11313944644397739,-0.09613944644397739
300000,single_2alpha,-1.2,0.0174,0.11506967022170822,-0.09766967022170822
300000,single_2alpha,-1.19,0.018,0.11702319602310873,-0.09902319602310873
300000,single_2alpha,-1.18,0.0184,0.11900010745520073,-0.10060010745520073
300000,single_2alpha,-1.17,0.0191,0.12100048442101824,-0.10190048442101823
300000,single_2alpha,-1.16,0.0193,0.12302440305134343,-0.10372440305134344
300000,single_2alpha,-1.15,0.02,0.12507193563715036,-0.10507193563715035
300000,single_2alpha,-1.14,0.0211,0.1271431505627983,-0.10604315056279828
300000,single_2alpha,-1.13,0.0218,0.12923811224001786,-0.10743811224001786
300000,single_2alpha,-1.1199999999999999,0.0226,0.13135688104273074,-0.10875688104273075
300000,single_2alpha,-1.1099999999999999,0.0231,0.13349951324274728,-0.11039951324274729
300000,single_2alpha,-1.0999999999999999,0.0238,0.13566606094638267,-0.11186606094638267
300000,single_2alpha,-1.0899999999999999,0.0241,0.1378565720320355,-0.1137565720320355
300000,single_2alpha,-1.08,0.0243,0.140071090088769,-0.115771090088769
300000,single_2alpha,-1.07,0.0249,0.14230965435593923,-0.11740965435593922
300000,single_2alpha,-1.06,0.0261,0.1445722996639096,-0.11847229966390961
300000,single_2alpha,-1.05,0.0269,0.1468590563758959,-0.1199590563758959
300000,single_2alpha,-1.04,0.0274,0.1491699503309814,-0.1217699503309814
300000,single_2alpha,-1.03,0.0279,0.15150500278834367,-0.12360500278834366
300000,single_2alpha,-1.02,0.0282,0.15386423037273478,-0.12566423037273478
300000,single_2alpha,-1.01,0.0289,0.15624764502125466,-0.12734764502125465
300000,single_2alpha,-1.0,0.0294,0.15865525393145707,-0.12925525393145706
300000,single_2alpha,-0.9899999999999998,0.0299,0.1610870595108309,-0.1311870595108309
300000,single_2alpha,-0.98,0.0304,0.16354305932769236,-0.13314305932769235
300000,single_2alpha,-0.9699999999999998,0.0311,0.1660232460635297,-0.1349232460635297
300000,single_2alpha,-0.96,0.0321,0.16852760746683781,-0.13642760746683782
300000,single_2alpha,-0.9500000000000002,0.0329,0.17105612630848183,-0.13815612630848184
300000,single_2alpha,-0.94,0.0338,0.1736087803386246,-0.1398087803386246
300000,single_2alpha,-0.9300000000000002,0.034,0.17618554224525784,-0.14218554224525784
300000,single_2alpha,-0.9199999999999999,0.0352,0.17878637961437172,-0.1435863796143717
300000,single_2alpha,-0.9100000000000001,0.0362,0.1814112548917972,-0.1452112548917972
300000,single_2alpha,-0.8999999999999999,0.037,0.18406012534675953,-0.14706012534675952
300000,single_2alpha,-0.8900000000000001,0.0374,0.18673294303717258,-0.1493329430371726
300000,single_2alpha,-0.8799999999999999,0.0378,0.18942965477671214,-0.15162965477671214
300000,single_2alpha,-0.8700000000000001,0.0395,0.19215020210369615,-0.15265020210369615
300000,single_2alpha,-0.8599999999999999,0.0405,0.1948945212518084,-0.1543945212518084
300000,single_2alpha,-0.8500000000000001,0.0413,0.19766254312269238,-0.15636254312269238
300000,single_2alpha,-0.8399999999999999,0.0422,0.20045419326044972,-0.1582541932604497
300000,single_2alpha,-0.8300000000000001,0.0431,0.2032693918280684,-0.1601693918280684
300000,single_2alpha,-0.8199999999999998,0.0439,0.20610805358581308,-0.16220805358581308
300000,single_2alpha,-0.81,0.0441,0.2089700878716016,-0.1648700878716016
300000,single_2alpha,-0.7999999999999998,0.045,0.21185539858339675,-0.16685539858339676
300000,single_2alpha,-0.79,0.0456,0.21476388416363712,-0.16916388416363712
300000,single_2alpha,-0.7799999999999998,0.0467,0.21769543758573318,-0.17099543758573318
300000,single_2alpha,-0.77,0.0478,0.22064994634264962,-0.1728499463426496
300000,single_2alpha,-0.7599999999999998,0.0491,0.2236272924375995,-0.17452729243759948
300000,single_2alpha,-0.75,0.0502,0.2266273523768682,-0.1764273523768682
300000,single_2alpha,-0.7399999999999998,0.0511,0.22964999716479062,-0.1785499971647906
300000,single_2alpha,-0.73,0.0516,0.2326950923008974,-0.1810950923008974
300000,single_2alpha,-0.7199999999999998,0.053,0.23576249777925123,-0.18276249777925124
300000,single_2alpha,-0.71,0.0541,0.2388520680899867,-0.1847520680899867
300000,single_2alpha,-0.6999999999999997,0.0556,0.2419636522230731,-0.1863636522230731
300000,single_2alpha,-0.69,0.0564,0.24509709367430943,-0.18869709367430942
300000,single_2alpha,-0.6800000000000002,0.0576,0.24825223045357053,-0.19065223045357055
300000,single_2alpha,-0.6699999999999999,0.0587,0.2514288950953102,-0.1927288950953102
300000,single_2alpha,-0.6600000000000001,0.0599,0.2546269146713361,-0.19472691467133607
300000,single_2alpha,-0.6499999999999999,0.061,0.2578461108058647,-0.19684611080586473
300000,single_2alpha,-0.6400000000000001,0.062,0.26108629969286157,-0.19908629969286157
300000,single_2alpha,-0.6299999999999999,0.0629,0.2643472921156776,-0.20144729211567758
300000,single_2alpha,-0.6200000000000001,0.0638,0.267628893468983,-0.203828893468983
300000,single_2alpha,-0.6099999999999999,0.065,0.27093090378300577,-0.20593090378300577
300000,single_2alpha,-0.6000000000000001,0.0664,0.27425311775007355,-0.20785311775007353
300000,single_2alpha,-0.5899999999999999,0.0681,0.27759532475346493,-0.20949532475346494
300000,single_2alpha,-0.5800000000000001,0.0695,0.2809573088985643,-0.2114573088985643
300000,single_2alpha,-0.5699999999999998,0.0708,0.2843388490463242,-0.21353884904632423
300000,single_2alpha,-0.56,0.0723,0.28773971884902705,-0.21543971884902705
300000,single_2alpha,-0.5499999999999998,0.0728,0.2911596867883464,-0.2183596867883464
300000,single_2alpha,-0.54,0.0739,0.294598516215698,-0.220698516215698
300000,single_2alpha,-0.5299999999999998,0.0752,0.29805596539487644,-0.22285596539487645
300000,single_2alpha,-0.52,0.0765,0.3015317875469662,-0.22503178754696618
300000,single_2alpha,-0.5099999999999998,0.0787,0.3050257308975195,-0.2263257308975195
300000,single_2alpha,-0.5,0.0803,0.3085375387259869,-0.2282375387259869
300000,single_2alpha,-0.48999999999999977,0.082,0.3120669494173906,-0.2300669494173906
300000,single_2alpha,-0.48,0.0833,0.31561369651622256,-0.23231369651622258
300000,single_2alpha,-0.46999999999999975,0.0855,0.3191775087825559,-0.2336775087825559
300000,single_2alpha,-0.45999999999999996,0.0868,0.32275811025034773,-0.23595811025034774
300000,single_2alpha,-0.44999999999999973,0.0881,0.32635522028792013,-0.23825522028792012
300000,single_2alpha,-0.43999999999999995,0.0905,0.32996855366059363,-0.23946855366059364
300000,single_2alpha,-0.43000000000000016,0.0923,0.3335978205954576,-0.24129782059545762
300000,single_2alpha,-0.41999999999999993,0.0939,0.3372427268482495,-0.24334272684824954
300000,single_2alpha,-0.41000000000000014,0.0954,0.34090297377232254,-0.24550297377232255
300000,single_2alpha,-0.3999999999999999,0.0973,0.3445782583896759,-0.24727825838967588
300000,single_2alpha,-0.3900000000000001,0.099,0.34826827346401756,-0.24926827346401756
300000,single_2alpha,-0.3799999999999999,0.1005,0.35197270757583726,-0.2514727075758373
300000,single_2alpha,-0.3700000000000001,0.1021,0.3556912451994532,-0.2535912451994532
300000,single_2alpha,-0.3599999999999999,0.1041,0.3594235667820088,-0.25532356678200885
300000,single_2alpha,-0.3500000000000001,0.1056,0.3631693488243809,-0.2575693488243809
300000,single_2alpha,-0.33999999999999986,0.1081,0.366928263963972,-0.25882826396397196
300000,single_2alpha,-0.33000000000000007,0.1101,0.37069998105934643,-0.26059998105934645
300000,single_2alpha,-0.31999999999999984,0.1127,0.37448416527668005,-0.26178416527668
300000,single_2alpha,-0.31000000000000005,0.1145,0.3782804781779807,-0.2637804781779807
300000,single_2alpha,-0.2999999999999998,0.1166,0.38208857781104744,-0.26548857781104745
300000,single_2alpha,-0.29000000000000004,0.1184,0.38590811880112263,-0.26750811880112263
300000,single_2alpha,-0.2799999999999998,0.1204,0.38973875244420286,-0.26933875244420286
300000,single_2alpha,-0.27,0.1221,0.3935801268019605,-0.2714801268019605
300000,single_2alpha,-0.2599999999999998,0.1245,0.3974318867982396,-0.2729318867982396
300000,single_2alpha,-0.25,0.126,0.4012936743170763,-0.2752936743170763
300000,single_2alpha,-0.23999999999999977,0.1275,0.40516512830220425,-0.27766512830220424
300000,single_2alpha,-0.22999999999999998,0.129,0.40904588485799415,-0.28004588485799414
300000,single_2alpha,-0.21999999999999975,0.1311,0.4129355773517855,-0.2818355773517855
300000,single_2alpha,-0.20999999999999996,0.1321,0.41683383651755773,-0.28473383651755774
300000,single_2alpha,-0.19999999999999973,0.1344,0.42074029056089707,-0.28634029056089705
300000,single_2alpha,-0.18999999999999995,0.137,0.42465456526520456,-0.28765456526520455
300000,single_2alpha,-0.18000000000000016,0.1394,0.4285762840990992,-0.28917628409909923
300000,single_2alpha,-0.16999999999999993,0.1408,0.4325050683249616,-0.29170506832496157
300000,single_2alpha,-0.16000000000000014,0.1428,0.4364405371085671,-0.2936405371085671
300000,single_2alpha,-0.1499999999999999,0.1442,0.4403823076297575,-0.2961823076297575
300000,single_2alpha,-0.14000000000000012,0.1462,0.44432999519409355,-0.29812999519409356
300000,single_2alpha,-0.1299999999999999,0.1489,0.4482832133454389,-0.29938321334543894
300000,single_2alpha,-0.1200000000000001,0.1513,0.4522415739794161,-0.3009415739794161
300000,single_2alpha,-0.10999999999999988,0.1532,0.4562046874576833,-0.3030046874576833
300000,single_2alpha,-0.10000000000000009,0.1556,0.46017216272297096,-0.30457216272297094
300000,single_2alpha,-0.08999999999999986,0.1586,0.46414360741482796,-0.305543607414828
300000,single_2alpha,-0.08000000000000007,0.1609,0.4681186279860126,-0.3072186279860126
300000,single_2alpha,-0.06999999999999984,0.162,0.472096829819479,-0.31009682981947895
300000,single_2alpha,-0.06000000000000005,0.1642,0.4760778173458931,-0.3118778173458931
300000,single_2alpha,-0.04999999999999982,0.166,0.4800611941616276,-0.3140611941616276
300000,single_2alpha,-0.040000000000000036,0.1681,0.4840465631471692,-0.3159465631471692
300000,single_2alpha,-0.029999999999999805,0.1706,0.48803352658588744,-0.3174335265858874
300000,single_2alpha,-0.020000000000000018,0.1736,0.492021686283098,-0.31842168628309797
300000,single_2alpha,-0.009999999999999787,0.1752,0.49601064368536846,-0.3208106436853685
300000,single_2alpha,0.0,0.1783,0.5,-0.3217
300000,single_2alpha,0.010000000000000231,0.181,0.5039893563146317,-0.3229893563146317
300000,single_2alpha,0.020000000000000018,0.1834,0.5079783137169019,-0.32457831371690193
300000,single_2alpha,0.03000000000000025,0.1864,0.5119664734141127,-0.3255664734141127
300000,single_2alpha,0.040000000000000036,0.1887,0.5159534368528308,-0.3272534368528308
300000,single_2alpha,0.050000000000000266,0.1904,0.5199388058383726,-0.3295388058383726
300000,single_2alpha,0.06000000000000005,0.1928,0.5239221826541068,-0.33112218265410687
300000,single_2alpha,0.07000000000000028,0.1956,0.5279031701805212,-0.33230317018052125
300000,single_2alpha,0.08000000000000007,0.1986,0.5318813720139874,-0.33328137201398744
300000,single_2alpha,0.08999999999999986,0.2014,0.535856392585172,-0.334456392585172
300000,single_2alpha,0.10000000000000009,0.2048,0.539827837277029,-0.335027837277029
300000,single_2alpha,0.10999999999999988,0.2079,0.5437953125423167,-0.33589531254231675
300000,single_2alpha,0.1200000000000001,0.2101,0.5477584260205839,-0.3376584260205839
300000,single_2alpha,0.1299999999999999,0.2124,0.5517167866545611,-0.3393167866545611
300000,single_2alpha,0.14000000000000012,0.215,0.5556700048059064,-0.3406700048059065
300000,single_2alpha,0.1499999999999999,0.2178,0.5596176923702425,-0.3418176923702425
300000,single_2alpha,0.16000000000000014,0.2223,0.5635594628914329,-0.3412594628914329
300000,single_2alpha,0.16999999999999993,0.2253,0.5674949316750384,-0.3421949316750384
300000,single_2alpha,0.18000000000000016,0.2284,0.5714237159009008,-0.3430237159009008
300000,single_2alpha,0.18999999999999995,0.2308,0.5753454347347954,-0.3445454347347954
300000,single_2alpha,0.20000000000000018,0.2338,0.5792597094391031,-0.3454597094391031
300000,single_2alpha,0.20999999999999996,0.2373,0.5831661634824423,-0.3458661634824423
300000,single_2alpha,0.2200000000000002,0.2404,0.5870644226482147,-0.3466644226482147
300000,single_2alpha,0.22999999999999998,0.2433,0.5909541151420059,-0.34765411514200595
300000,single_2alpha,0.2400000000000002,0.2463,0.5948348716977959,-0.34853487169779596
300000,single_2alpha,0.25,0.2485,0.5987063256829237,-0.3502063256829237
300000,single_2alpha,0.26000000000000023,0.2513,0.6025681132017606,-0.3512681132017606
300000,single_2alpha,0.27,0.2548,0.6064198731980396,-0.35161987319803956
300000,single_2alpha,0.28000000000000025,0.2588,0.6102612475557974,-0.3514612475557974
300000,single_2alpha,0.29000000000000004,0.2619,0.6140918811988774,-0.35219188119887734
300000,single_2alpha,0.30000000000000027,0.2653,0.6179114221889528,-0.3526114221889528
300000,single_2alpha,0.31000000000000005,0.2674,0.6217195218220193,-0.35431952182201926
300000,single_2alpha,0.3200000000000003,0.271,0.6255158347233202,-0.35451583472332016
300000,single_2alpha,0.33000000000000007,0.2738,0.6293000189406536,-0.3555000189406536
300000,single_2alpha,0.33999999999999986,0.2776,0.6330717360360281,-0.35547173603602805
300000,single_2alpha,0.3500000000000001,0.2805,0.6368306511756191,-0.3563306511756191
300000,single_2alpha,0.3599999999999999,0.2843,0.6405764332179912,-0.3562764332179912
300000,single_2alpha,0.3700000000000001,0.2875,0.6443087548005468,-0.35680875480054686
300000,single_2alpha,0.3799999999999999,0.2913,0.6480272924241628,-0.3567272924241628
300000,single_2alpha,0.3900000000000001,0.295,0.6517317265359824,-0.35673172653598245
300000,single_2alpha,0.3999999999999999,0.299,0.6554217416103241,-0.3564217416103241
300000,single_2alpha,0.41000000000000014,0.3032,0.6590970262276774,-0.3558970262276774
300000,single_2alpha,0.41999999999999993,0.3067,0.6627572731517505,-0.3560572731517505
300000,single_2alpha,0.43000000000000016,0.312,0.6664021794045424,-0.3544021794045424
300000,single_2alpha,0.43999999999999995,0.3158,0.6700314463394064,-0.35423144633940634
300000,single_2alpha,0.4500000000000002,0.3185,0.67364477971208,-0.35514477971208
300000,single_2alpha,0.45999999999999996,0.3221,0.6772418897496523,-0.3551418897496523
300000,single_2alpha,0.4700000000000002,0.3251,0.6808224912174442,-0.3557224912174442
300000,single_2alpha,0.48,0.3285,0.6843863034837774,-0.35588630348377737
300000,single_2alpha,0.4900000000000002,0.3319,0.6879330505826096,-0.3560330505826096
300000,single_2alpha,0.5,0.3358,0.6914624612740131,-0.35566246127401313
300000,single_2alpha,0.5100000000000002,0.3389,0.6949742691024807,-0.35607426910248074
300000,single_2alpha,0.52,0.3428,0.6984682124530338,-0.3556682124530338
300000,single_2alpha,0.5300000000000002,0.3471,0.7019440346051237,-0.35484403460512365
300000,single_2alpha,0.54,0.3508,0.705401483784302,-0.354601483784302
300000,single_2alpha,0.5500000000000003,0.3543,0.7088403132116537,-0.35454031321165375
300000,single_2alpha,0.56,0.3575,0.712260281150973,-0.35476028115097297
300000,single_2alpha,0.5700000000000003,0.3619,0.7156611509536759,-0.3537611509536759
300000,single_2alpha,0.5800000000000001,0.3654,0.7190426911014357,-0.3536426911014357
300000,single_2alpha,0.5899999999999999,0.3688,0.7224046752465351,-0.35360467524653505
300000,single_2alpha,0.6000000000000001,0.3726,0.7257468822499265,-0.35314688224992646
300000,single_2alpha,0.6099999999999999,0.3768,0.7290690962169942,-0.3522690962169942
300000,single_2alpha,0.6200000000000001,0.3801,0.732371106531017,-0.352271106531017
300000,single_2alpha,0.6299999999999999,0.3829,0.7356527078843225,-0.35275270788432245
300000,single_2alpha,0.6400000000000001,0.3864,0.7389137003071384,-0.3525137003071384
300000,single_2alpha,0.6499999999999999,0.3895,0.7421538891941353,-0.35265388919413526
300000,single_2alpha,0.6600000000000001,0.3934,0.745373085328664,-0.35197308532866395
300000,single_2alpha,0.6699999999999999,0.3968,0.7485711049046898,-0.3517711049046898
300000,single_2alpha,0.6800000000000002,0.4005,0.7517477695464294,-0.3512477695464294
300000,single_2alpha,0.69,0.4043,0.7549029063256906,-0.3506029063256906
300000,single_2alpha,0.7000000000000002,0.4079,0.758036347776927,-0.350136347776927
300000,single_2alpha,0.71,0.4114,0.7611479319100133,-0.3497479319100133
300000,single_2alpha,0.7200000000000002,0.4145,0.7642375022207488,-0.34973750222074884
300000,single_2alpha,0.73,0.4185,0.7673049076991025,-0.34880490769910255
300000,single_2alpha,0.7400000000000002,0.4218,0.7703500028352095,-0.3485500028352095
300000,single_2alpha,0.75,0.425,0.7733726476231317,-0.34837264762313175
300000,single_2alpha,0.7600000000000002,0.428,0.7763727075624006,-0.34837270756240063
300000,single_2alpha,0.77,0.4317,0.7793500536573503,-0.34765005365735036
300000,single_2alpha,0.7800000000000002,0.4359,0.782304562414267,-0.34640456241426704
300000,single_2alpha,0.79,0.4393,0.7852361158363629,-0.34593611583636286
300000,single_2alpha,0.8000000000000003,0.4438,0.7881446014166034,-0.3443446014166034
300000,single_2alpha,0.81,0.4465,0.7910299121283983,-0.34452991212839834
300000,single_2alpha,0.8200000000000003,0.451,0.793891946414187,-0.342891946414187
300000,single_2alpha,0.8300000000000001,0.4544,0.7967306081719316,-0.3423306081719316
300000,single_2alpha,0.8399999999999999,0.4583,0.7995458067395502,-0.34124580673955024
300000,single_2alpha,0.8500000000000001,0.4628,0.8023374568773076,-0.33953745687730763
300000,single_2alpha,0.8599999999999999,0.466,0.8051054787481916,-0.3391054787481916
300000,single_2alpha,0.8700000000000001,0.4698,0.8078497978963038,-0.33804979789630385
300000,single_2alpha,0.8799999999999999,0.4734,0.8105703452232879,-0.33717034522328787
300000,single_2alpha,0.8900000000000001,0.477,0.8132670569628274,-0.33626705696282744
300000,single_2alpha,0.8999999999999999,0.4801,0.8159398746532405,-0.33583987465324044
300000,single_2alpha,0.9100000000000001,0.4834,0.8185887451082028,-0.3351887451082028
300000,single_2alpha,0.9199999999999999,0.4867,0.8212136203856283,-0.33451362038562826
300000,single_2alpha,0.9300000000000002,0.4912,0.8238144577547422,-0.33261445775474213
300000,single_2alpha,0.94,0.4951,0.8263912196613754,-0.3312912196613754
300000,single_2alpha,0.9500000000000002,0.4985,0.8289438736915182,-0.33044387369151823
300000,single_2alpha,0.96,0.5017,0.8314723925331622,-0.32977239253316215
300000,single_2alpha,0.9700000000000002,0.5055,0.8339767539364704,-0.32847675393647047
300000,single_2alpha,0.98,0.509,0.8364569406723077,-0.3274569406723077
300000,single_2alpha,0.9900000000000002,0.5128,0.8389129404891691,-0.32611294048916906
300000,single_2alpha,1.0,0.5161,0.8413447460685429,-0.3252447460685429
300000,single_2alpha,1.0099999999999998,0.5199,0.8437523549787453,-0.3238523549787453
300000,single_2alpha,1.0200000000000005,0.524,0.8461357696272652,-0.3221357696272652
300000,single_2alpha,1.0300000000000002,0.528,0.8484949972116563,-0.3204949972116563
300000,single_2alpha,1.04,0.5332,0.8508300496690187,-0.31763004966901864
300000,single_2alpha,1.0499999999999998,0.5372,0.853140943624104,-0.31594094362410396
300000,single_2alpha,1.0600000000000005,0.5411,0.8554277003360906,-0.3143277003360906
300000,single_2alpha,1.0700000000000003,0.5447,0.8576903456440608,-0.3129903456440608
300000,single_2alpha,1.08,0.5478,0.859928909911231,-0.3121289099112311
300000,single_2alpha,1.0899999999999999,0.5519,0.8621434279679645,-0.31024342796796456
300000,single_2alpha,1.0999999999999996,0.5549,0.8643339390536173,-0.3094339390536174
300000,single_2alpha,1.1100000000000003,0.5592,0.8665004867572528,-0.30730048675725274
300000,single_2alpha,1.12,0.5636,0.8686431189572693,-0.3050431189572693
300000,single_2alpha,1.13,0.5663,0.8707618877599821,-0.30446188775998206
300000,single_2alpha,1.1399999999999997,0.5713,0.8728568494372017,-0.3015568494372016
300000,single_2alpha,1.1500000000000004,0.5764,0.8749280643628499,-0.29852806436284984
300000,single_2alpha,1.1600000000000001,0.58,0.8769755969486566,-0.2969755969486566
300000,single_2alpha,1.17,0.5835,0.8789995155789818,-0.2954995155789818
300000,single_2alpha,1.1799999999999997,0.5865,0.8809998925447993,-0.29449989254479925
300000,single_2alpha,1.1900000000000004,0.5897,0.8829768039768913,-0.29327680397689126
300000,single_2alpha,1.2000000000000002,0.5944,0.8849303297782918,-0.29053032977829174
300000,single_2alpha,1.21,0.5979,0.8868605535560226,-0.28896055355602257
300000,single_2alpha,1.2199999999999998,0.603,0.8887675625521653,-0.2857675625521653
300000,single_2alpha,1.2300000000000004,0.6075,0.8906514475743081,-0.2831514475743081
300000,single_2alpha,1.2400000000000002,0.6123,0.8925123029254132,-0.2802123029254132
300000,single_2alpha,1.25,0.6159,0.8943502263331446,-0.27845022633314465
300000,single_2alpha,1.2599999999999998,0.6195,0.8961653188786995,-0.2766653188786995
300000,single_2alpha,1.2700000000000005,0.6234,0.8979576849251809,-0.27455768492518096
300000,single_2alpha,1.2800000000000002,0.6276,0.8997274320455579,-0.2721274320455579
300000,single_2alpha,1.29,0.6318,0.9014746709502521,-0.2696746709502521
300000,single_2alpha,1.2999999999999998,0.6345,0.9031995154143896,-0.26869951541438963
300000,single_2alpha,1.3100000000000005,0.6371,0.9049020822047611,-0.2678020822047611
300000,single_2alpha,1.3200000000000003,0.6402,0.9065824910065282,-0.2663824910065282
300000,single_2alpha,1.33,0.6434,0.9082408643497193,-0.2648408643497193
300000,single_2alpha,1.3399999999999999,0.6465,0.9098773275355475,-0.26337732753554755
300000,single_2alpha,1.3500000000000005,0.6509,0.9114920085625979,-0.2605920085625979
300000,single_2alpha,1.3600000000000003,0.654,0.913085038052915,-0.25908503805291494
300000,single_2alpha,1.37,0.6581,0.914656549178033,-0.25655654917803294
300000,single_2alpha,1.38,0.6616,0.9162066775849856,-0.2546066775849857
300000,single_2alpha,1.3899999999999997,0.665,0.917735561322331,-0.252735561322331
300000,single_2alpha,1.4000000000000004,0.6698,0.919243340766229,-0.2494433407662291
300000,single_2alpha,1.4100000000000001,0.6733,0.9207301585466077,-0.24743015854660766
300000,single_2alpha,1.42,0.6774,0.9221961594734536,-0.24479615947345357
300000,single_2alpha,1.4299999999999997,0.6816,0.9236414904632608,-0.24204149046326084
300000,single_2alpha,1.4400000000000004,0.6845,0.9250663004656731,-0.24056630046567307
300000,single_2alpha,1.4500000000000002,0.6876,0.9264707403903517,-0.23887074039035172
300000,single_2alpha,1.46,0.6916,0.9278549630341062,-0.2362549630341062
300000,single_2alpha,1.4699999999999998,0.6947,0.9292191230083144,-0.23451912300831446
300000,single_2alpha,1.4800000000000004,0.6978,0.9305633766666683,-0.23276337666666835
300000,single_2alpha,1.4900000000000002,0.7009,0.9318878820332746,-0.23098788203327458
300000,single_2alpha,1.5,0.7039,0.9331927987311419,-0.22929279873114194
300000,single_2alpha,1.5099999999999998,0.7072,0.9344782879110834,-0.2272782879110834
300000,single_2alpha,1.5200000000000005,0.7113,0.9357445121810642,-0.2244445121810642
300000,single_2alpha,1.5300000000000002,0.7152,0.9369916355360216,-0.22179163553602166
300000,single_2alpha,1.54,0.7182,0.9382198232881881,-0.22001982328818814
300000,single_2alpha,1.5499999999999998,0.7214,0.939429241997941,-0.21802924199794094
300000,single_2alpha,1.5600000000000005,0.7247,0.9406200594052071,-0.2159200594052071
300000,single_2alpha,1.5700000000000003,0.7276,0.941792444361447,-0.21419244436144702
300000,single_2alpha,1.58,0.731,0.9429465667622459,-0.21194656676224588
300000,single_2alpha,1.5899999999999999,0.7347,0.9440825974805306,-0.20938259748053056
300000,single_2alpha,1.6000000000000005,0.7387,0.9452007083004421,-0.2065007083004421
300000,single_2alpha,1.6100000000000003,0.7416,0.9463010718518803,-0.20470107185188025
300000,single_2alpha,1.62,0.7451,0.9473838615457479,-0.20228386154574796
300000,single_2alpha,1.63,0.7487,0.9484492515099107,-0.19974925150991063
300000,single_2alpha,1.6399999999999997,0.7504,0.9494974165258963,-0.1990974165258963
300000,single_2alpha,1.6500000000000004,0.753,0.9505285319663519,-0.1975285319663519
300000,single_2alpha,1.6600000000000001,0.7566,0.9515427737332772,-0.19494277373327717
300000,single_2alpha,1.67,0.7596,0.9525403181970526,-0.1929403181970526
300000,single_2alpha,1.6799999999999997,0.762,0.9535213421362799,-0.19152134213627992
300000,single_2alpha,1.6900000000000004,0.7653,0.9544860226784502,-0.1891860226784502
300000,single_2alpha,1.7000000000000002,0.7668,0.955434537241457,-0.18863453724145696
300000,single_2alpha,1.71,0.769,0.9563670634759681,-0.1873670634759681
300000,single_2alpha,1.7199999999999998,0.7724,0.957283779208671,-0.18488377920867105
300000,single_2alpha,1.7300000000000004,0.7755,0.9581848623864051,-0.18268486238640513
300000,single_2alpha,1.7400000000000002,0.7787,0.9590704910211927,-0.18037049102119274
300000,single_2alpha,1.75,0.7821,0.9599408431361829,-0.17784084313618287
300000,single_2alpha,1.7599999999999998,0.784,0.9607960967125173,-0.17679609671251728
300000,single_2alpha,1.7700000000000005,0.7866,0.9616364296371288,-0.17503642963712884
300000,single_2alpha,1.7800000000000002,0.79,0.9624620196514833,-0.17246201965148322
300000,single_2alpha,1.79,0.7927,0.9632730443012737,-0.17057304430127374
300000,single_2alpha,1.7999999999999998,0.795,0.9640696808870742,-0.1690696808870742
300000,single_2alpha,1.8100000000000005,0.7977,0.9648521064159612,-0.16715210641596123
300000,single_2alpha,1.8200000000000003,0.7997,0.9656204975541101,-0.1659204975541101
300000,single_2alpha,1.83,0.8018,0.9663750305803717,-0.1645750305803717
300000,single_2alpha,1.8399999999999999,0.8044,0.9671158813408361,-0.16271588134083614
300000,single_2alpha,1.8500000000000005,0.8065,0.9678432252043864,-0.16134322520438638
300000,single_2alpha,1.8600000000000003,0.8096,0.9685572370192473,-0.15895723701924735
300000,single_2alpha,1.87,0.812,0.9692580910705341,-0.157258091070534
300000,single_2alpha,1.88,0.8143,0.9699459610388002,-0.15564596103880013
300000,single_2alpha,1.8899999999999997,0.8165,0.9706210199595906,-0.1541210199595906
300000,single_2alpha,1.9000000000000004,0.8184,0.9712834401839983,-0.15288344018399824
300000,single_2alpha,1.9100000000000001,0.8212,0.9719333933402275,-0.1507333933402275
300000,single_2alpha,1.92,0.8245,0.9725710502961632,-0.1480710502961632
300000,single_2alpha,1.9299999999999997,0.8275,0.973196581122945,-0.14569658112294503
300000,single_2alpha,1.9400000000000004,0.8296,0.9738101550595474,-0.14421015505954737
300000,single_2alpha,1.9500000000000002,0.8318,0.9744119404783614,-0.14261194047836145
300000,single_2alpha,1.96,0.8342,0.9750021048517795,-0.14080210485177946
300000,single_2alpha,1.9699999999999998,0.8374,0.9755808147197774,-0.1381808147197774
300000,single_2alpha,1.9800000000000004,0.84,0.9761482356584915,-0.13614823565849155
300000,single_2alpha,1.9900000000000002,0.8423,0.9767045322497881,-0.1344045322497881
300000,single_2alpha,2.0,0.8446,0.9772498680518208,-0.13264986805182077
300000,single_2alpha,2.01,0.8478,0.9777844055705686,-0.12998440557056856
300000,single_2alpha,2.0200000000000005,0.8499,0.9783083062323532,-0.12840830623235322
300000,single_2alpha,2.0300000000000002,0.8526,0.9788217303573278,-0.12622173035732775
300000,single_2alpha,2.04,0.8545,0.9793248371339299,-0.12482483713392989
300000,single_2alpha,2.05,0.8569,0.9798177845942956,-0.12291778459429559
300000,single_2alpha,2.0600000000000005,0.8593,0.9803007295906231,-0.12100072959062314
300000,single_2alpha,2.0700000000000003,0.8606,0.9807738277724828,-0.12017382777248276
300000,single_2alpha,2.08,0.8634,0.9812372335650622,-0.11783723356506226
300000,single_2alpha,2.09,0.8655,0.981691100148341,-0.116191100148341
300000,single_2alpha,2.1000000000000005,0.8672,0.9821355794371834,-0.11493557943718347
300000,single_2alpha,2.1100000000000003,0.8698,0.9825708220623429,-0.1127708220623429
300000,single_2alpha,2.12,0.872,0.9829969773523672,-0.11099697735236724
300000,single_2alpha,2.13,0.874,0.983414193316395,-0.10941419331639501
300000,single_2alpha,2.1399999999999997,0.8761,0.9838226166278339,-0.10772261662783389
300000,single_2alpha,2.1500000000000004,0.8779,0.9842223926089095,-0.10632239260890952
300000,single_2alpha,2.16,0.8798,0.9846136652160745,-0.10481366521607449
300000,single_2alpha,2.17,0.8823,0.9849965770262678,-0.10269657702626778
300000,single_2alpha,2.1799999999999997,0.885,0.9853712692240107,-0.10037126922401074
300000,single_2alpha,2.1900000000000004,0.8875,0.9857378815893312,-0.09823788158933122
300000,single_2alpha,2.2,0.8891,0.9860965524865014,-0.09699655248650141
300000,single_2alpha,2.21,0.8906,0.98644741885358,-0.09584741885358006
300000,single_2alpha,2.2199999999999998,0.8927,0.9867906161927437,-0.09409061619274361
300000,single_2alpha,2.2300000000000004,0.8952,0.987126278561398,-0.09192627856139801
300000,single_2alpha,2.24,0.8963,0.9874545385640534,-0.09115453856405342
300000,single_2alpha,2.25,0.8981,0.9877755273449553,-0.08967552734495532
300000,single_2alpha,2.26,0.8999,0.988089374581453,-0.08818937458145293
300000,single_2alpha,2.2700000000000005,0.9027,0.9883962084780965,-0.08569620847809656
300000,single_2alpha,2.2800000000000002,0.9044,0.9886961557614472,-0.08429615576144722
300000,single_2alpha,2.29,0.9062,0.9889893416755886,-0.0827893416755886
300000,single_2alpha,2.3,0.9078,0.9892758899783242,-0.08147588997832411
300000,single_2alpha,2.3100000000000005,0.9096,0.989555922938049,-0.07995592293804898
300000,single_2alpha,2.3200000000000003,0.9107,0.9898295613312803,-0.07912956133128035
300000,single_2alpha,2.33,0.9125,0.9900969244408357,-0.07759692444083577
300000,single_2alpha,2.34,0.914,0.9903581300546417,-0.07635813005464165
300000,single_2alpha,2.3500000000000005,0.916,0.9906132944651614,-0.0746132944651614
300000,single_2alpha,2.3600000000000003,0.9182,0.9908625324694273,-0.07266253246942733
300000,single_2alpha,2.37,0.9192,0.9911059573696632,-0.07190595736966321
300000,single_2alpha,2.38,0.9201,0.9913436809744834,-0.07124368097448341
300000,single_2alpha,2.3899999999999997,0.922,0.9915758136006543,-0.06957581360065423
300000,single_2alpha,2.4000000000000004,0.9232,0.9918024640754038,-0.06860246407540382
300000,single_2alpha,2.41,0.9246,0.9920237397392663,-0.0674237397392663
300000,single_2alpha,2.42,0.9259,0.9922397464494463,-0.0663397464494464
300000,single_2alpha,2.4299999999999997,0.9281,0.9924505885836908,-0.0643505885836908
300000,single_2alpha,2.4400000000000004,0.9294,0.9926563690446517,-0.0632563690446517
300000,single_2alpha,2.45,0.9304,0.9928571892647285,-0.06245718926472854
300000,single_2alpha,2.46,0.9316,0.9930531492113757,-0.06145314921137568
300000,single_2alpha,2.4699999999999998,0.9324,0.9932443473928594,-0.06084434739285938
300000,single_2alpha,2.4800000000000004,0.9338,0.9934308808644533,-0.05963088086445334
300000,single_2alpha,2.49,0.9349,0.9936128452350568,-0.05871284523505682
300000,single_2alpha,2.5,0.9364,0.9937903346742238,-0.05739033467422383
300000,single_2alpha,2.51,0.9383,0.9939634419195873,-0.055663441919587275
300000,single_2alpha,2.5200000000000005,0.9396,0.9941322582846674,-0.054532258284667456
300000,single_2alpha,2.5300000000000002,0.9409,0.9942968736670493,-0.05339687366704937
300000,single_2alpha,2.54,0.9417,0.9944573765569173,-0.05275737655691737
300000,single_2alpha,2.55,0.9431,0.9946138540459333,-0.05151385404593323
300000,single_2alpha,2.5600000000000005,0.9443,0.9947663918364442,-0.05046639183644419
300000,single_2alpha,2.5700000000000003,0.9452,0.994915074251009,-0.04971507425100896
300000,single_2alpha,2.58,0.946,0.9950599842422293,-0.04905998424222935
300000,single_2alpha,2.59,0.9466,0.9952012034028738,-0.04860120340287377
300000,single_2alpha,2.6000000000000005,0.9477,0.9953388119762813,-0.04763881197628128
300000,single_2alpha,2.6100000000000003,0.9484,0.9954728888670327,-0.04707288886703265
300000,single_2alpha,2.62,0.9492,0.9956035116518787,-0.046403511651878615
300000,single_2alpha,2.63,0.9501,0.9957307565909107,-0.04563075659091076
300000,single_2alpha,2.6399999999999997,0.9508,0.9958546986389639,-0.04505469863896394
300000,single_2alpha,2.6500000000000004,0.9512,0.9959754114572417,-0.04477541145724162
300000,single_2alpha,2.66,0.9518,0.9960929674251472,-0.04429296742514721
300000,single_2alpha,2.67,0.9525,0.9962074376523146,-0.04370743765231455
300000,single_2alpha,2.6799999999999997,0.9533,0.996318891990825,-0.04301889199082498
300000,single_2alpha,2.6900000000000004,0.954,0.9964273990476002,-0.04242739904760029
300000,single_2alpha,2.7,0.9546,0.9965330261969594,-0.04193302619695938
300000,single_2alpha,2.71,0.9549,0.9966358395933308,-0.041735839593330826
300000,single_2alpha,2.7199999999999998,0.9555,0.9967359041841087,-0.04123590418410872
300000,single_2alpha,2.7300000000000004,0.9567,0.9968332837226422,-0.04013328372264224
300000,single_2alpha,2.74,0.9571,0.9969280407813496,-0.039828040781349605
300000,single_2alpha,2.75,0.9578,0.9970202367649454,-0.03922023676494546
300000,single_2alpha,2.76,0.9586,0.9971099319237738,-0.03850993192377383
300000,single_2alpha,2.7700000000000005,0.9599,0.997197185367235,-0.03729718536723503
300000,single_2alpha,2.7800000000000002,0.9606,0.9972820550772987,-0.036682055077298714
300000,single_2alpha,2.79,0.9617,0.9973645979220951,-0.03566459792209509
300000,single_2alpha,2.8,0.9625,0.997444869669572,-0.034944869669572
300000,single_2alpha,2.8100000000000005,0.9633,0.9975229250012141,-0.034222925001214044
300000,single_2alpha,2.8200000000000003,0.9644,0.9975988175258107,-0.033198817525810664
300000,single_2alpha,2.83,0.9648,0.9976725997932685,-0.03287259979326851
300000,single_2alpha,2.84,0.9657,0.9977443233084576,-0.032044323308457634
300000,single_2alpha,2.8500000000000005,0.9667,0.9978140385450868,-0.031114038545086764
300000,single_2alpha,2.8600000000000003,0.9672,0.9978817949595954,-0.030681794959595443
300000,single_2alpha,2.87,0.9684,0.9979476410050603,-0.029547641005060243
300000,single_2alpha,2.88,0.9691,0.9980116241451057,-0.02891162414510573
300000,single_2alpha,2.8899999999999997,0.9696,0.9980737908678121,-0.0284737908678121
300000,single_2alpha,2.9000000000000004,0.9704,0.998134186699616,-0.027734186699615915
300000,single_2alpha,2.91,0.9705,0.9981928562191936,-0.027692856219193596
300000,single_2alpha,2.92,0.9709,0.9982498430713239,-0.02734984307132393
300000,single_2alpha,2.9299999999999997,0.9714,0.9983051899807227,-0.026905189980722666
300000,single_2alpha,2.9400000000000004,0.9723,0.998358938765843,-0.026058938765842976
300000,single_2alpha,2.95,0.9729,0.9984111303526352,-0.025511130352635192
300000,single_2alpha,2.96,0.9733,0.998461804788262,-0.02516180478826191
300000,single_2alpha,2.9699999999999998,0.9738,0.9985110012547626,-0.024711001254762555
300000,single_2alpha,2.9800000000000004,0.9743,0.99855875808266,-0.02425875808265998
300000,single_2alpha,2.99,0.9745,0.9986051127645078,-0.024105112764507775
300000,single_2alpha,3.0,0.975,0.9986501019683699,-0.02365010196836992
1000000,RR,-3.0,0.0026,0.0013498980316300933,0.0012501019683699066
1000000,RR,-2.99,0.0026,0.0013948872354922468,0.001205112764507753
1000000,RR,-2.98,0.0028,0.0014412419173400134,0.0013587580826599866
1000000,RR,-2.97,0.0028,0.0014889987452374632,0.0013110012547625368
1000000,RR,-2.96,0.0029,0.0015381952117380577,0.0013618047882619421
1000000,RR,-2.95,0.0029,0.0015888696473648667,0.001311130352635133
1000000,RR,-2.94,0.0029,0.0016410612341569964,0.0012589387658430034
1000000,RR,-2.93,0.0029,0.0016948100192772598,0.00120518998072274
1000000,RR,-2.92,0.0029,0.0017501569286760992,0.0011498430713239006
1000000,RR,-2.91,0.003,0.0018071437808064273,0.0011928562191935727
1000000,RR,-2.9,0.003,0.0018658133003840375,0.0011341866996159625
1000000,RR,-2.89,0.003,0.0019262091321878587,0.0010737908678121414
1000000,RR,-2.88,0.003,0.0019883758548943256,0.0010116241451056745
1000000,RR,-2.87,0.003,0.0020523589949397536,0.0009476410050602464
1000000,RR,-2.86,0.003,0.0021182050404046217,0.0008817949595953784
1000000,RR,-2.85,0.0031,0.0021859614549132405,0.0009140385450867594
1000000,RR,-2.84,0.0032,0.0022556766915423202,0.0009443233084576799
1000000,RR,-2.83,0.0032,0.0023274002067315515,0.0008725997932684487
1000000,RR,-2.82,0.0033,0.0024011824741892525,0.0008988175258107475
1000000,RR,-2.81,0.0033,0.002477074998785861,0.000822925001214139
1000000,RR,-2.8,0.0033,0.002555130330427932,0.0007448696695720679
1000000,RR,-2.79,0.0034,0.0026354020779049527,0.0007645979220950471
1000000,RR,-2.78,0.0035,0.0027179449227012578,0.0007820550772987423
1000000,RR,-2.77,0.0036,0.002802814632765025,0.0007971853672349748
1000000,RR,-2.76,0.0037,0.0028900680762261478,0.0008099319237738524
1000000,RR,-2.75,0.0037,0.002979763235054555,0.0007202367649454451
1000000,RR,-2.74,0.0037,0.003071959218650488,0.0006280407813495123
1000000,RR,-2.73,0.0039,0.0031667162773577934,0.0007332837226422064
1000000,RR,-2.7199999999999998,0.0042,0.0032640958158913144,0.0009359041841086853
1000000,RR,-2.71,0.0042,0.0033641604066691933,0.0008358395933308065
1000000,RR,-2.7,0.0044,0.0034669738030406647,0.0009330261969593356
1000000,RR,-2.69,0.0044,0.0035726009523997368,0.0008273990476002635
1000000,RR,-2.68,0.0044,0.00368110800917498,0.0007188919908250203
1000000,RR,-2.67,0.0047,0.0037925623476854887,0.0009074376523145115
1000000,RR,-2.66,0.0047,0.003907032574852774,0.0007929674251472259
1000000,RR,-2.65,0.0048,0.004024588542758306,0.0007754114572416934
1000000,RR,-2.64,0.0049,0.004145301361036037,0.0007546986389639632
1000000,RR,-2.63,0.0051,0.004269243409089351,0.0008307565909106496
1000000,RR,-2.62,0.0053,0.004396488348121309,0.0009035116518786909
1000000,RR,-2.61,0.0058,0.004527111132967324,0.0012728888670326755
1000000,RR,-2.6,0.0059,0.004661188023718747,0.0012388119762812531
1000000,RR,-2.59,0.006,0.004798796597126178,0.0012012034028738225
1000000,RR,-2.58,0.0061,0.004940015757770645,0.0011599842422293557
1000000,RR,-2.57,0.0063,0.0050849257489910355,0.0012150742510089645
1000000,RR,-2.56,0.0063,0.005233608163555782,0.0010663918364442184
1000000,RR,-2.55,0.0063,0.005386145954066687,0.0009138540459333131
1000000,RR,-2.54,0.0067,0.005542623443082601,0.0011573765569173992
1000000,RR,-2.53,0.0068,0.005703126332950699,0.0010968736670493003
1000000,RR,-2.52,0.0069,0.005867741715332562,0.0010322582846674375
1000000,RR,-2.51,0.0072,0.006036558080412666,0.0011634419195873337
1000000,RR,-2.5,0.0075,0.006209665325776132,0.0012903346742238675
1000000,RR,-2.49,0.0077,0.006387154764943171,0.001312845235056829
1000000,RR,-2.48,0.0082,0.006569119135546763,0.0016308808644532376
1000000,RR,-2.4699999999999998,0.0083,0.006755652607140651,0.001544347392859349
1000000,RR,-2.46,0.0087,0.006946850788624312,0.0017531492113756876
1000000,RR,-2.45,0.0088,0.007142810735271415,0.0016571892647285853
1000000,RR,-2.44,0.0093,0.007343630955348342,0.001956369044651657
1000000,RR,-2.4299999999999997,0.0094,0.007549411416309213,0.0018505885836907878
1000000,RR,-2.42,0.0096,0.0077602535505536425,0.0018397464494463566
1000000,RR,-2.41,0.0102,0.007976260260733725,0.0022237397392662756
1000000,RR,-2.4,0.0102,0.008197535924596131,0.0020024640754038696
1000000,RR,-2.39,0.0104,0.008424186399345685,0.0019758136006543144
1000000,RR,-2.38,0.0107,0.008656319025516543,0.0020436809744834566
1000000,RR,-2.37,0.011,0.008894042630336772,0.0021059573696632274
1000000,RR,-2.36,0.0111,0.009137467530572669,0.0019625324694273315
1000000,RR,-2.35,0.0112,0.009386705534838566,0.0018132944651614337
1000000,RR,-2.34,0.0117,0.00964186994535833,0.0020581300546416697
1000000,RR,-2.33,0.0122,0.009903075559164245,0.0022969244408357556
1000000,RR,-2.32,0.0123,0.01017043866871968,0.0021295613312803195
1000000,RR,-2.31,0.0128,0.010444077061951083,0.002355922938048918
1000000,RR,-2.3,0.013,0.010724110021675809,0.0022758899783241904
1000000,RR,-2.29,0.0132,0.011010658324411388,0.002189341675588612
1000000,RR,-2.2800000000000002,0.0133,0.01130384423855278,0.001996155761447219
1000000,RR,-2.27,0.0137,0.011603791521903535,0.0020962084780964656
1000000,RR,-2.26,0.0138,0.011910625418547066,0.0018893745814529336
1000000,RR,-2.25,0.0139,0.012224472655044696,0.0016755273449553035
1000000,RR,-2.24,0.0141,0.012545461435946563,0.001554538564053437
1000000,RR,-2.23,0.0146,0.012873721438602014,0.0017262785613979866
1000000,RR,-2.2199999999999998,0.015,0.013209383807256284,0.0017906161927437152
1000000,RR,-2.21,0.0154,0.013552581146419983,0.0018474188535800174
1000000,RR,-2.2,0.0158,0.013903447513498595,0.0018965524865014061
1000000,RR,-2.19,0.0162,0.014262118410668878,0.001937881589331121
1000000,RR,-2.1799999999999997,0.0162,0.014628730775989262,0.0015712692240107372
1000000,RR,-2.17,0.0163,0.015003422973732207,0.001296577026267792
1000000,RR,-2.16,0.0169,0.015386334783925445,0.0015136652160745532
1000000,RR,-2.15,0.0173,0.0157776073910905,0.0015223926089095
1000000,RR,-2.14,0.0178,0.01617738337216608,0.0016226166278339206
1000000,RR,-2.13,0.0181,0.01658580668360501,0.0015141933163949906
1000000,RR,-2.12,0.0186,0.017003022647632787,0.0015969773523672112
1000000,RR,-2.11,0.0189,0.017429177937657088,0.0014708220623429122
1000000,RR,-2.1,0.0192,0.017864420562816542,0.001335579437183456
1000000,RR,-2.09,0.0194,0.01830889985165897,0.0010911001483410315
1000000,RR,-2.08,0.0198,0.01876276643493775,0.0010372335650622524
1000000,RR,-2.07,0.02,0.019226172227517282,0.0007738277724827179
1000000,RR,-2.06,0.0202,0.019699270409376895,0.0005007295906231043
1000000,RR,-2.05,0.0204,0.020182215405704394,0.0002177845942956079
1000000,RR,-2.04,0.021,0.020675162866070042,0.00032483713392995883
1000000,RR,-2.0300000000000002,0.0218,0.02117826964267226,0.0006217303573277412
1000000,RR,-2.02,0.0224,0.02169169376764678,0.0007083062323532188
1000000,RR,-2.01,0.0229,0.022215594429431475,0.0006844055705685255
1000000,RR,-2.0,0.0231,0.022750131948179195,0.0003498680518208043
1000000,RR,-1.99,0.0238,0.02329546775021182,0.0005045322497881817
1000000,RR,-1.98,0.0246,0.023851764341508513,0.0007482356584914869
1000000,RR,-1.97,0.0249,0.024419185280222543,0.00048081471977745593
1000000,RR,-1.96,0.0252,0.024997895148220435,0.0002021048517795651
1000000,RR,-1.95,0.026,0.02558805952163861,0.0004119404783613882
1000000,RR,-1.94,0.0262,0.026189844940452685,1.015505954731627e-05
1000000,RR,-1.93,0.0268,0.02680341887705495,-3.418877054947589e-06
1000000,RR,-1.92,0.0272,0.027428949703836802,-0.00022894970383680394
1000000,RR,-1.91,0.0277,0.0280666066597725,-0.0003666066597725025
1000000,RR,-1.9,0.0289,0.028716559816001803,0.00018344018399819514
1000000,RR,-1.89,0.0301,0.02937898004040943,0.0007210199595905666
1000000,RR,-1.88,0.0306,0.03005403896119979,0.0005459610388002072
1000000,RR,-1.8699999999999999,0.0315,0.030741908929465968,0.0007580910705340324
1000000,RR,-1.8599999999999999,0.0323,0.031442762980752714,0.0008572370192472881
1000000,RR,-1.8499999999999999,0.0335,0.03215677479561371,0.0013432252043862891
1000000,RR,-1.84,0.0338,0.03288411865916389,0.0009158813408361097
1000000,RR,-1.83,0.0343,0.0336249694196283,0.0006750305803716952
1000000,RR,-1.82,0.0349,0.03437950244588998,0.0005204975541100235
1000000,RR,-1.81,0.0355,0.03514789358403879,0.0003521064159612078
1000000,RR,-1.8,0.0367,0.03593031911292579,0.0007696808870742144
1000000,RR,-1.79,0.0373,0.03672695569872628,0.000573044301273723
1000000,RR,-1.78,0.0382,0.03753798034851679,0.0006620196514832075
1000000,RR,-1.77,0.0395,0.03836357036287122,0.0011364296371287816
1000000,RR,-1.76,0.04,0.03920390328748265,0.0007960967125173538
1000000,RR,-1.75,0.0405,0.040059156863817086,0.00044084313618291543
1000000,RR,-1.74,0.0421,0.040929508978807365,0.0011704910211926337
1000000,RR,-1.73,0.0427,0.04181513761359493,0.0008848623864050748
1000000,RR,-1.72,0.0436,0.04271622079132892,0.0008837792086710816
1000000,RR,-1.71,0.0443,0.0436329365240319,0.0006670634759681007
1000000,RR,-1.7,0.045,0.04456546275854304,0.0004345372414569573
1000000,RR,-1.69,0.0458,0.045513977321549805,0.0002860226784501957
1000000,RR,-1.68,0.0472,0.046478657863720046,0.0007213421362799524
1000000,RR,-1.67,0.0481,0.04745968180294733,0.0006403181970526667
1000000,RR,-1.66,0.049,0.04845722626672282,0.0005427737332771784
1000000,RR,-1.65,0.05,0.0494714680336481,0.0005285319663519
1000000,RR,-1.64,0.0518,0.05050258347410371,0.0012974165258962875
1000000,RR,-1.63,0.0528,0.051550748490089365,0.0012492515099106344
1000000,RR,-1.6199999999999999,0.0545,0.05261613845425206,0.0018838615457479405
1000000,RR,-1.6099999999999999,0.0551,0.053698928148119704,0.0014010718518802992
1000000,RR,-1.5999999999999999,0.0563,0.054799291699558,0.001500708300442001
1000000,RR,-1.59,0.0571,0.055917402519469424,0.0011825974805305742
1000000,RR,-1.58,0.0581,0.057053433237754185,0.0010465667622458139
1000000,RR,-1.57,0.0592,0.058207555638553,0.0009924443614469994
1000000,RR,-1.56,0.0608,0.05937994059479304,0.0014200594052069596
1000000,RR,-1.55,0.0617,0.06057075800205901,0.0011292419979409898
1000000,RR,-1.54,0.0632,0.061780176711811886,0.0014198232881881198
1000000,RR,-1.53,0.0644,0.06300836446397844,0.0013916355360215626
1000000,RR,-1.52,0.0662,0.06425548781893581,0.0019445121810641869
1000000,RR,-1.51,0.067,0.0655217120889165,0.001478287911083509
1000000,RR,-1.5,0.0683,0.06680720126885807,0.0014927987311419283
1000000,RR,-1.49,0.0691,0.06811211796672544,0.0009878820332745591
1000000,RR,-1.48,0.071,0.06943662333333173,0.0015633766666682675
1000000,RR,-1.47,0.0721,0.07078087699168552,0.0013191230083144795
1000000,RR,-1.46,0.0731,0.07214503696589378,0.000954963034106221
1000000,RR,-1.45,0.0744,0.07352925960964836,0.0008707403903516348
1000000,RR,-1.44,0.0756,0.07493369953432708,0.0006663004656729254
1000000,RR,-1.43,0.0777,0.07635850953673913,0.0013414904632608748
1000000,RR,-1.42,0.079,0.07780384052654638,0.0011961594734536257
1000000,RR,-1.41,0.0804,0.07926984145339239,0.0011301585466076125
1000000,RR,-1.4,0.0818,0.08075665923377107,0.0010433407662289312
1000000,RR,-1.39,0.0835,0.08226443867766892,0.0012355613223310885
1000000,RR,-1.38,0.0852,0.08379332241501436,0.0014066775849856383
1000000,RR,-1.3699999999999999,0.0869,0.08534345082196704,0.0015565491780329677
1000000,RR,-1.3599999999999999,0.088,0.08691496194708509,0.001085038052914905
1000000,RR,-1.3499999999999999,0.0897,0.08850799143740207,0.0011920085625979349
1000000,RR,-1.3399999999999999,0.0927,0.09012267246445249,0.0025773275355475134
1000000,RR,-1.33,0.095,0.09175913565028077,0.0032408643497192358
1000000,RR,-1.32,0.0969,0.09341750899347179,0.0034824910065282128
1000000,RR,-1.31,0.0985,0.09509791779523902,0.0034020822047609867
1000000,RR,-1.3,0.1005,0.09680048458561036,0.003699515414389648
1000000,RR,-1.29,0.1014,0.09852532904974787,0.0028746709502521367
1000000,RR,-1.28,0.1034,0.10027256795444206,0.0031274320455579457
1000000,RR,-1.27,0.105,0.10204231507481915,0.0029576849251808507
1000000,RR,-1.26,0.1061,0.1038346811213004,0.0022653188786996015
1000000,RR,-1.25,0.1084,0.10564977366685535,0.0027502263331446453
1000000,RR,-1.24,0.1103,0.10748769707458694,0.0028123029254130544
1000000,RR,-1.23,0.1117,0.10934855242569191,0.00235144757430808
1000000,RR,-1.22,0.1135,0.11123243744783456,0.002267562552165439
1000000,RR,-1.21,0.1152,0.11313944644397739,0.0020605535560226096
1000000,RR,-1.2,0.1167,0.11506967022170822,0.001630329778291778
1000000,RR,-1.19,0.1185,0.11702319602310873,0.001476803976891261
1000000,RR,-1.18,0.1205,0.11900010745520073,0.001499892544799264
1000000,RR,-1.17,0.1228,0.12100048442101824,0.0017995155789817668
1000000,RR,-1.16,0.125,0.12302440305134343,0.001975596948656566
1000000,RR,-1.15,0.1265,0.12507193563715036,0.0014280643628496459
1000000,RR,-1.14,0.1284,0.1271431505627983,0.0012568494372016958
1000000,RR,-1.13,0.13,0.12923811224001786,0.0007618877599821494
1000000,RR,-1.1199999999999999,0.1323,0.13135688104273074,0.0009431189572692567
1000000,RR,-1.1099999999999999,0.1341,0.13349951324274728,0.0006004867572527162
1000000,RR,-1.0999999999999999,0.1369,0.13566606094638267,0.0012339390536173223
1000000,RR,-1.0899999999999999,0.1396,0.1378565720320355,0.001743427967964506
1000000,RR,-1.08,0.1405,0.140071090088769,0.0004289099112310124
1000000,RR,-1.07,0.1425,0.14230965435593923,0.0001903456440607576
1000000,RR,-1.06,0.1452,0.1445722996639096,0.0006277003360903866
1000000,RR,-1.05,0.1474,0.1468590563758959,0.0005409436241040899
1000000,RR,-1.04,0.1492,0.1491699503309814,3.0049669018594738e-05
1000000,RR,-1.03,0.1512,0.15150500278834367,-0.0003050027883436668
1000000,RR,-1.02,0.1539,0.15386423037273478,3.576962726523081e-05
1000000,RR,-1.01,0.1558,0.15624764502125466,-0.0004476450212546612
1000000,RR,-1.0,0.1581,0.15865525393145707,-0.0005552539314570837
1000000,RR,-0.9899999999999998,0.1609,0.1610870595108309,-0.00018705951083092254
1000000,RR,-0.98,0.1635,0.16354305932769236,-4.305932769235743e-05
1000000,RR,-0.9699999999999998,0.1662,0.1660232460635297,0.00017675393647029192
1000000,RR,-0.96,0.1686,0.16852760746683781,7.239253316218552e-05
1000000,RR,-0.9500000000000002,0.1712,0.17105612630848183,0.00014387369151816487
1000000,RR,-0.94,0.1734,0.1736087803386246,-0.00020878033862459233
1000000,RR,-0.9300000000000002,0.175,0.17618554224525784,-0.0011855422452578535
1000000,RR,-0.9199999999999999,0.1775,0.17878637961437172,-0.0012863796143717243
1000000,RR,-0.9100000000000001,0.1799,0.1814112548917972,-0.001511254891797209
1000000,RR,-0.8999999999999999,0.1821,0.18406012534675953,-0.001960125346759517
1000000,RR,-0.8900000000000001,0.1849,0.18673294303717258,-0.0018329430371725741
1000000,RR,-0.8799999999999999,0.1876,0.18942965477671214,-0.001829654776712153
1000000,RR,-0.8700000000000001,0.1901,0.19215020210369615,-0.0020502021036961637
1000000,RR,-0.8599999999999999,0.1925,0.1948945212518084,-0.0023945212518083903
1000000,RR,-0.8500000000000001,0.1952,0.19766254312269238,-0.0024625431226923677
1000000,RR,-0.8399999999999999,0.1976,0.20045419326044972,-0.002854193260449722
1000000,RR,-0.8300000000000001,0.2009,0.2032693918280684,-0.002369391828068418
1000000,RR,-0.8199999999999998,0.2043,0.20610805358581308,-0.0018080535858130686
1000000,RR,-0.81,0.2072,0.2089700878716016,-0.0017700878716016
1000000,RR,-0.7999999999999998,0.2103,0.21185539858339675,-0.001555398583396761
1000000,RR,-0.79,0.2131,0.21476388416363712,-0.0016638841636371082
1000000,RR,-0.7799999999999998,0.2171,0.21769543758573318,-0.0005954375857331884
1000000,RR,-0.77,0.2209,0.22064994634264962,0.0002500536573503964
1000000,RR,-0.7599999999999998,0.2239,0.2236272924375995,0.0002727075624004982
1000000,RR,-0.75,0.2274,0.2266273523768682,0.0007726476231317836
1000000,RR,-0.7399999999999998,0.2306,0.22964999716479062,0.0009500028352093792
1000000,RR,-0.73,0.2347,0.2326950923008974,0.0020049076991025816
1000000,RR,-0.7199999999999998,0.2374,0.23576249777925123,0.0016375022207487655
1000000,RR,-0.71,0.2398,0.2388520680899867,0.0009479319100132999
1000000,RR,-0.6999999999999997,0.2424,0.2419636522230731,0.0004363477769269153
1000000,RR,-0.69,0.2457,0.24509709367430943,0.000602906325690572
1000000,RR,-0.6800000000000002,0.2492,0.24825223045357053,0.0009477695464294722
1000000,RR,-0.6699999999999999,0.2522,0.2514288950953102,0.00077110490468979
1000000,RR,-0.6600000000000001,0.2557,0.2546269146713361,0.001073085328663903
1000000,RR,-0.6499999999999999,0.2577,0.2578461108058647,-0.0001461108058647409
1000000,RR,-0.6400000000000001,0.261,0.26108629969286157,-8.629969286155781e-05
1000000,RR,-0.6299999999999999,0.264,0.2643472921156776,-0.0003472921156775777
1000000,RR,-0.6200000000000001,0.2674,0.267628893468983,-0.00022889346898297136
1000000,RR,-0.6099999999999999,0.2701,0.27093090378300577,-0.0008309037830057653
1000000,RR,-0.6000000000000001,0.2731,0.27425311775007355,-0.0011531177500735401
1000000,RR,-0.5899999999999999,0.2773,0.27759532475346493,-0.0002953247534649428
1000000,RR,-0.5800000000000001,0.28,0.2809573088985643,-0.0009573088985642686
1000000,RR,-0.5699999999999998,0.2838,0.2843388490463242,-0.0005388490463242301
1000000,RR,-0.56,0.2873,0.28773971884902705,-0.0004397188490270487
1000000,RR,-0.5499999999999998,0.2906,0.2911596867883464,-0.0005596867883463919
1000000,RR,-0.54,0.2927,0.294598516215698,-0.0018985162156979762
1000000,RR,-0.5299999999999998,0.2964,0.29805596539487644,-0.0016559653948764463
1000000,RR,-0.52,0.2988,0.3015317875469662,-0.00273178754696618
1000000,RR,-0.5099999999999998,0.302,0.3050257308975195,-0.0030257308975195074
1000000,RR,-0.5,0.306,0.3085375387259869,-0.0025375387259868876
1000000,RR,-0.48999999999999977,0.3091,0.3120669494173906,-0.0029669494173906186
1000000,RR,-0.48,0.3128,0.31561369651622256,-0.0028136965162225414
1000000,RR,-0.46999999999999975,0.3158,0.3191775087825559,-0.0033775087825558825
1000000,RR,-0.45999999999999996,0.3195,0.32275811025034773,-0.0032581102503477233
1000000,RR,-0.44999999999999973,0.3233,0.32635522028792013,-0.0030552202879201573
1000000,RR,-0.43999999999999995,0.3275,0.32996855366059363,-0.00246855366059362
1000000,RR,-0.43000000000000016,0.3303,0.3335978205954576,-0.0032978205954576345
1000000,RR,-0.41999999999999993,0.3346,0.3372427268482495,-0.0026427268482495103
1000000,RR,-0.41000000000000014,0.3376,0.34090297377232254,-0.003302973772322526
1000000,RR,-0.3999999999999999,0.3416,0.3445782583896759,-0.0029782583896758585
1000000,RR,-0.3900000000000001,0.3455,0.34826827346401756,-0.00276827346401759
1000000,RR,-0.3799999999999999,0.3487,0.35197270757583726,-0.0032727075758372526
1000000,RR,-0.3700000000000001,0.3526,0.3556912451994532,-0.0030912451994531964
1000000,RR,-0.3599999999999999,0.3563,0.3594235667820088,-0.003123566782008813
1000000,RR,-0.3500000000000001,0.3599,0.3631693488243809,-0.003269348824380902
1000000,RR,-0.33999999999999986,0.3635,0.366928263963972,-0.0034282639639720003
1000000,RR,-0.33000000000000007,0.3671,0.37069998105934643,-0.0035999810593464465
1000000,RR,-0.31999999999999984,0.3701,0.37448416527668005,-0.004384165276680063
1000000,RR,-0.31000000000000005,0.3747,0.3782804781779807,-0.0035804781779807393
1000000,RR,-0.2999999999999998,0.3786,0.38208857781104744,-0.003488577811047444
1000000,RR,-0.29000000000000004,0.383,0.38590811880112263,-0.0029081188011226278
1000000,RR,-0.2799999999999998,0.3861,0.38973875244420286,-0.003638752444202864
1000000,RR,-0.27,0.389,0.3935801268019605,-0.00458012680196046
1000000,RR,-0.2599999999999998,0.3933,0.3974318867982396,-0.004131886798239615
1000000,RR,-0.25,0.3981,0.4012936743170763,-0.0031936743170762893
1000000,RR,-0.23999999999999977,0.4021,0.40516512830220425,-0.003065128302204234
1000000,RR,-0.22999999999999998,0.4058,0.40904588485799415,-0.0032458848579941524
1000000,RR,-0.21999999999999975,0.4093,0.4129355773517855,-0.0036355773517854906
1000000,RR,-0.20999999999999996,0.4134,0.41683383651755773,-0.0034338365175577423
1000000,RR,-0.19999999999999973,0.4176,0.42074029056089707,-0.003140290560897041
1000000,RR,-0.18999999999999995,0.4212,0.42465456526520456,-0.0034545652652045455
1000000,RR,-0.18000000000000016,0.4249,0.4285762840990992,-0.003676284099099203
1000000,RR,-0.16999999999999993,0.4289,0.4325050683249616,-0.0036050683249616022
1000000,RR,-0.16000000000000014,0.4319,0.4364405371085671,-0.004540537108567111
1000000,RR,-0.1499999999999999,0.436,0.4403823076297575,-0.004382307629757498
1000000,RR,-0.14000000000000012,0.4394,0.44432999519409355,-0.004929995194093539
1000000,RR,-0.1299999999999999,0.4429,0.4482832133454389,-0.0053832133454388975
1000000,RR,-0.1200000000000001,0.4468,0.4522415739794161,-0.005441573979416137
1000000,RR,-0.10999999999999988,0.4513,0.4562046874576833,-0.004904687457683299
1000000,RR,-0.10000000000000009,0.4547,0.46017216272297096,-0.0054721627229709635
1000000,RR,-0.08999999999999986,0.4599,0.46414360741482796,-0.004243607414827988
1000000,RR,-0.08000000000000007,0.4627,0.4681186279860126,-0.005418627986012614
1000000,RR,-0.06999999999999984,0.4664,0.472096829819479,-0.005696829819478999
1000000,RR,-0.06000000000000005,0.4711,0.4760778173458931,-0.0049778173458930874
1000000,RR,-0.04999999999999982,0.4753,0.4800611941616276,-0.004761194161627624
1000000,RR,-0.040000000000000036,0.4794,0.4840465631471692,-0.004646563147169214
1000000,RR,-0.029999999999999805,0.4827,0.48803352658588744,-0.005333526585887427
1000000,RR,-0.020000000000000018,0.4869,0.492021686283098,-0.005121686283098004
1000000,RR,-0.009999999999999787,0.4909,0.49601064368536846,-0.0051106436853684545
1000000,RR,0.0,0.495,0.5,-0.0050000000000000044
1000000,RR,0.010000000000000231,0.4989,0.5039893563146317,-0.005089356314631699
1000000,RR,0.020000000000000018,0.5049,0.5079783137169019,-0.003078313716901926
1000000,RR,0.03000000000000025,0.5076,0.5119664734141127,-0.00436647341411267
1000000,RR,0.040000000000000036,0.512,0.5159534368528308,-0.003953436852830783
1000000,RR,0.050000000000000266,0.5162,0.5199388058383726,-0.0037388058383726053
1000000,RR,0.06000000000000005,0.5196,0.5239221826541068,-0.0043221826541068875
1000000,RR,0.07000000000000028,0.5242,0.5279031701805212,-0.0037031701805212425
1000000,RR,0.08000000000000007,0.5283,0.5318813720139874,-0.0035813720139874494
1000000,RR,0.08999999999999986,0.5324,0.535856392585172,-0.0034563925851720523
1000000,RR,0.10000000000000009,0.5361,0.539827837277029,-0.003727837277028967
1000000,RR,0.10999999999999988,0.5396,0.5437953125423167,-0.004195312542316754
1000000,RR,0.1200000000000001,0.5437,0.5477584260205839,-0.004058426020583927
1000000,RR,0.1299999999999999,0.547,0.5517167866545611,-0.0047167866545611
1000000,RR,0.14000000000000012,0.5514,0.5556700048059064,-0.004270004805906447
1000000,RR,0.1499999999999999,0.5556,0.5596176923702425,-0.0040176923702425205
1000000,RR,0.16000000000000014,0.5589,0.5635594628914329,-0.004659462891432931
1000000,RR,0.16999999999999993,0.5627,0.5674949316750384,-0.004794931675038416
1000000,RR,0.18000000000000016,0.5659,0.5714237159009008,-0.0055237159009008385
1000000,RR,0.18999999999999995,0.5702,0.5753454347347954,-0.00514543473479534
1000000,RR,0.20000000000000018,0.574,0.5792597094391031,-0.005259709439103144
1000000,RR,0.20999999999999996,0.5777,0.5831661634824423,-0.005466163482442332
1000000,RR,0.2200000000000002,0.5825,0.5870644226482147,-0.004564422648214661
1000000,RR,0.22999999999999998,0.5857,0.5909541151420059,-0.005254115142005911
1000000,RR,0.2400000000000002,0.5898,0.5948348716977959,-0.0050348716977959285
1000000,RR,0.25,0.5944,0.5987063256829237,-0.004306325682923662
1000000,RR,0.26000000000000023,0.5983,0.6025681132017606,-0.0042681132017605705
1000000,RR,0.27,0.6022,0.6064198731980396,-0.004219873198039625
1000000,RR,0.28000000000000025,0.6068,0.6102612475557974,-0.003461247555797353
1000000,RR,0.29000000000000004,0.6109,0.6140918811988774,-0.0031918811988773665
1000000,RR,0.30000000000000027,0.615,0.6179114221889528,-0.0029114221889527947
1000000,RR,0.31000000000000005,0.6189,0.6217195218220193,-0.0028195218220192775
1000000,RR,0.3200000000000003,0.6232,0.6255158347233202,-0.002315834723320198
1000000,RR,0.33000000000000007,0.6271,0.6293000189406536,-0.002200018940653581
1000000,RR,0.33999999999999986,0.6308,0.6330717360360281,-0.002271736036028038
1000000,RR,0.3500000000000001,0.6347,0.6368306511756191,-0.0021306511756190583
1000000,RR,0.3599999999999999,0.6382,0.6405764332179912,-0.0023764332179911918
1000000,RR,0.3700000000000001,0.6424,0.6443087548005468,-0.0019087548005468635
1000000,RR,0.3799999999999999,0.6467,0.6480272924241628,-0.0013272924241627404
1000000,RR,0.3900000000000001,0.6499,0.6517317265359824,-0.001831726535982403
1000000,RR,0.3999999999999999,0.6533,0.6554217416103241,-0.0021217416103240794
1000000,RR,0.41000000000000014,0.6579,0.6590970262276774,-0.0011970262276773669
1000000,RR,0.41999999999999993,0.6603,0.6627572731517505,-0.002457273151750483
1000000,RR,0.43000000000000016,0.6635,0.6664021794045424,-0.0029021794045424043
1000000,RR,0.43999999999999995,0.6666,0.6700314463394064,-0.0034314463394063965
1000000,RR,0.4500000000000002,0.6695,0.67364477971208,-0.004144779712080049
1000000,RR,0.45999999999999996,0.6738,0.6772418897496523,-0.003441889749652316
1000000,RR,0.4700000000000002,0.6778,0.6808224912174442,-0.0030224912174442453
1000000,RR,0.48,0.6827,0.6843863034837774,-0.0016863034837774071
1000000,RR,0.4900000000000002,0.6852,0.6879330505826096,-0.002733050582609531
1000000,RR,0.5,0.6893,0.6914624612740131,-0.0021624612740130944
1000000,RR,0.5100000000000002,0.6927,0.6949742691024807,-0.0022742691024807415
1000000,RR,0.52,0.6974,0.6984682124530338,-0.00106821245303379
1000000,RR,0.5300000000000002,0.701,0.7019440346051237,-0.0009440346051237114
1000000,RR,0.54,0.7054,0.705401483784302,-1.4837843019810393e-06
1000000,RR,0.5500000000000003,0.7092,0.7088403132116537,0.00035968678834630285
1000000,RR,0.56,0.7118,0.712260281150973,-0.0004602811509729632
1000000,RR,0.5700000000000003,0.7155,0.7156611509536759,-0.0001611509536758593
1000000,RR,0.5800000000000001,0.7187,0.7190426911014357,-0.00034269110143569925
1000000,RR,0.5899999999999999,0.7223,0.7224046752465351,-0.00010467524653501314
1000000,RR,0.6000000000000001,0.7265,0.7257468822499265,0.0007531177500735842
1000000,RR,0.6099999999999999,0.7294,0.7290690962169942,0.00033090378300582035
1000000,RR,0.6200000000000001,0.733,0.732371106531017,0.0006288934689829828
1000000,RR,0.6299999999999999,0.7364,0.7356527078843225,0.0007472921156775891
1000000,RR,0.6400000000000001,0.7403,0.7389137003071384,0.0013862996928615257
1000000,RR,0.6499999999999999,0.7432,0.7421538891941353,0.0010461108058646973
1000000,RR,0.6600000000000001,0.7476,0.745373085328664,0.0022269146713360666
1000000,RR,0.6699999999999999,0.7511,0.7485711049046898,0.0025288950953101796
1000000,RR,0.6800000000000002,0.7541,0.7517477695464294,0.0023522304535705807
1000000,RR,0.69,0.7577,0.7549029063256906,0.00279709367430947
1000000,RR,0.7000000000000002,0.7601,0.758036347776927,0.0020636522230730314
1000000,RR,0.71,0.7628,0.7611479319100133,0.0016520680899867468
1000000,RR,0.7200000000000002,0.7656,0.7642375022207488,0.0013624977792511261
1000000,RR,0.73,0.7686,0.7673049076991025,0.0012950923008974158
1000000,RR,0.7400000000000002,0.7718,0.7703500028352095,0.0014499971647905507
1000000,RR,0.75,0.7751,0.7733726476231317,0.0017273523768682741
1000000,RR,0.7600000000000002,0.7784,0.7763727075624006,0.0020272924375993595
1000000,RR,0.77,0.782,0.7793500536573503,0.0026499463426497005
1000000,RR,0.7800000000000002,0.7839,0.782304562414267,0.001595437585732995
1000000,RR,0.79,0.7866,0.7852361158363629,0.0013638841636370858
1000000,RR,0.8000000000000003,0.7905,0.7881446014166034,0.0023553985833966173
1000000,RR,0.81,0.7925,0.7910299121283983,0.001470087871601633
1000000,RR,0.8200000000000003,0.7951,0.793891946414187,0.001208053585812996
1000000,RR,0.8300000000000001,0.7981,0.7967306081719316,0.0013693918280683892
1000000,RR,0.8399999999999999,0.8015,0.7995458067395502,0.001954193260449766
1000000,RR,0.8500000000000001,0.8035,0.8023374568773076,0.0011625431226923721
1000000,RR,0.8599999999999999,0.8056,0.8051054787481916,0.0004945212518083775
1000000,RR,0.8700000000000001,0.8088,0.8078497978963038,0.0009502021036961183
1000000,RR,0.8799999999999999,0.8115,0.8105703452232879,0.000929654776712141
1000000,RR,0.8900000000000001,0.8139,0.8132670569628274,0.0006329430371725397
1000000,RR,0.8999999999999999,0.8166,0.8159398746532405,0.0006601253467595214
1000000,RR,0.9100000000000001,0.8194,0.8185887451082028,0.0008112548917972306
1000000,RR,0.9199999999999999,0.8222,0.8212136203856283,0.0009863796143717574
1000000,RR,0.9300000000000002,0.8247,0.8238144577547422,0.000885542245257831
1000000,RR,0.94,0.8272,0.8263912196613754,0.0008087803386246373
1000000,RR,0.9500000000000002,0.8292,0.8289438736915182,0.00025612630848181883
1000000,RR,0.96,0.8316,0.8314723925331622,0.0001276074668378202
1000000,RR,0.9700000000000002,0.8334,0.8339767539364704,-0.0005767539364703866
1000000,RR,0.98,0.836,0.8364569406723077,-0.0004569406723077263
1000000,RR,0.9900000000000002,0.8375,0.8389129404891691,-0.0014129404891690678
1000000,RR,1.0,0.8395,0.8413447460685429,-0.0018447460685429018
1000000,RR,1.0099999999999998,0.8413,0.8437523549787453,-0.002452354978745297
1000000,RR,1.0200000000000005,0.8437,0.8461357696272652,-0.0024357696272652163
1000000,RR,1.0300000000000002,0.8464,0.8484949972116563,-0.002094997211656291
1000000,RR,1.04,0.8481,0.8508300496690187,-0.002730049669018686
1000000,RR,1.0499999999999998,0.8497,0.853140943624104,-0.003440943624103965
1000000,RR,1.0600000000000005,0.8518,0.8554277003360906,-0.0036277003360906113
1000000,RR,1.0700000000000003,0.8533,0.8576903456440608,-0.004390345644060822
1000000,RR,1.08,0.8563,0.859928909911231,-0.003628909911231104
1000000,RR,1.0899999999999999,0.8585,0.8621434279679645,-0.0036434279679644632
1000000,RR,1.0999999999999996,0.8602,0.8643339390536173,-0.004133939053617364
1000000,RR,1.1100000000000003,0.8624,0.8665004867572528,-0.004100486757252719
1000000,RR,1.12,0.8651,0.8686431189572693,-0.003543118957269331
1000000,RR,1.13,0.8668,0.8707618877599821,-0.0039618877599820745
1000000,RR,1.1399999999999997,0.8695,0.8728568494372017,-0.0033568494372016033
1000000,RR,1.1500000000000004,0.871,0.8749280643628499,-0.00392806436284987
1000000,RR,1.1600000000000001,0.8735,0.8769755969486566,-0.003475596948656512
1000000,RR,1.17,0.8758,0.8789995155789818,-0.003199515578981793
1000000,RR,1.1799999999999997,0.8777,0.8809998925447993,-0.0032998925447992322
1000000,RR,1.1900000000000004,0.8795,0.8829768039768913,-0.0034768039768913184
1000000,RR,1.2000000000000002,0.8817,0.8849303297782918,-0.0032303297782917406
1000000,RR,1.21,0.8832,0.8868605535560226,-0.003660553556022572
1000000,RR,1.2199999999999998,0.8844,0.8887675625521653,-0.004367562552165305
1000000,RR,1.2300000000000004,0.8863,0.8906514475743081,-0.004351447574308165
1000000,RR,1.2400000000000002,0.8885,0.8925123029254132,-0.004012302925413214
1000000,RR,1.25,0.8901,0.8943502263331446,-0.004250226333144647
1000000,RR,1.2599999999999998,0.8917,0.8961653188786995,-0.004465318878699498
1000000,RR,1.2700000000000005,0.8939,0.8979576849251809,-0.004057684925180882
1000000,RR,1.2800000000000002,0.8957,0.8997274320455579,-0.004027432045557888
1000000,RR,1.29,0.8974,0.9014746709502521,-0.004074670950252157
1000000,RR,1.2999999999999998,0.8992,0.9031995154143896,-0.003999515414389587
1000000,RR,1.3100000000000005,0.9016,0.9049020822047611,-0.0033020822047611365
1000000,RR,1.3200000000000003,0.903,0.9065824910065282,-0.003582491006528188
1000000,RR,1.33,0.9049,0.9082408643497193,-0.0033408643497192525
1000000,RR,1.3399999999999999,0.9062,0.9098773275355475,-0.0036773275355475032
1000000,RR,1.3500000000000005,0.9078,0.9114920085625979,-0.0036920085625978816
1000000,RR,1.3600000000000003,0.9094,0.913085038052915,-0.0036850380529149795
1000000,RR,1.37,0.9113,0.914656549178033,-0.0033565491780329637
1000000,RR,1.38,0.9132,0.9162066775849856,-0.0030066775849856286
1000000,RR,1.3899999999999997,0.915,0.917735561322331,-0.0027355613223309927
1000000,RR,1.4000000000000004,0.9164,0.919243340766229,-0.002843340766229052
1000000,RR,1.4100000000000001,0.9181,0.9207301585466077,-0.0026301585466076416
1000000,RR,1.42,0.9195,0.9221961594734536,-0.0026961594734535854
1000000,RR,1.4299999999999997,0.9209,0.9236414904632608,-0.002741490463260776
1000000,RR,1.4400000000000004,0.922,0.9250663004656731,-0.003066300465673022
1000000,RR,1.4500000000000002,0.9234,0.9264707403903517,-0.0030707403903517116
1000000,RR,1.46,0.9244,0.9278549630341062,-0.0034549630341061954
1000000,RR,1.4699999999999998,0.926,0.9292191230083144,-0.003219123008314395
1000000,RR,1.4800000000000004,0.9273,0.9305633766666683,-0.003263376666668316
1000000,RR,1.4900000000000002,0.9285,0.9318878820332746,-0.0033878820332745585
1000000,RR,1.5,0.9298,0.9331927987311419,-0.003392798731141955
1000000,RR,1.5099999999999998,0.9307,0.9344782879110834,-0.0037782879110834777
1000000,RR,1.5200000000000005,0.9319,0.9357445121810642,-0.003844512181064297
1000000,RR,1.5300000000000002,0.9326,0.9369916355360216,-0.004391635536021621
1000000,RR,1.54,0.9339,0.9382198232881881,-0.00431982328818814
1000000,RR,1.5499999999999998,0.9346,0.939429241997941,-0.004829241997940992
1000000,RR,1.5600000000000005,0.936,0.9406200594052071,-0.004620059405207044
1000000,RR,1.5700000000000003,0.9376,0.941792444361447,-0.004192444361447056
1000000,RR,1.58,0.9389,0.9429465667622459,-0.004046566762245907
1000000,RR,1.5899999999999999,0.9408,0.9440825974805306,-0.0032825974805306135
1000000,RR,1.6000000000000005,0.9419,0.9452007083004421,-0.0033007083004421567
1000000,RR,1.6100000000000003,0.9428,0.9463010718518803,-0.0035010718518803108
1000000,RR,1.62,0.9442,0.9473838615457479,-0.0031838615457479014
1000000,RR,1.63,0.9456,0.9484492515099107,-0.0028492515099106663
1000000,RR,1.6399999999999997,0.9473,0.9494974165258963,-0.002197416525896223
1000000,RR,1.6500000000000004,0.9487,0.9505285319663519,-0.0018285319663519095
1000000,RR,1.6600000000000001,0.9495,0.9515427737332772,-0.0020427737332772145
1000000,RR,1.67,0.9504,0.9525403181970526,-0.0021403181970526264
1000000,RR,1.6799999999999997,0.9512,0.9535213421362799,-0.0023213421362798803
1000000,RR,1.6900000000000004,0.9522,0.9544860226784502,-0.002286022678450128
1000000,RR,1.7000000000000002,0.953,0.955434537241457,-0.0024345372414570354
1000000,RR,1.71,0.9537,0.9563670634759681,-0.0026670634759681233
1000000,RR,1.7199999999999998,0.9544,0.957283779208671,-0.002883779208671
1000000,RR,1.7300000000000004,0.9555,0.9581848623864051,-0.0026848623864050847
1000000,RR,1.7400000000000002,0.9566,0.9590704910211927,-0.002470491021192678
1000000,RR,1.75,0.9571,0.9599408431361829,-0.0028408431361829356
1000000,RR,1.7599999999999998,0.9583,0.9607960967125173,-0.0024960967125172706
1000000,RR,1.7700000000000005,0.9591,0.9616364296371288,-0.0025364296371288564
1000000,RR,1.7800000000000002,0.96,0.9624620196514833,-0.0024620196514832937
1000000,RR,1.79,0.9612,0.9632730443012737,-0.002073044301273641
1000000,RR,1.7999999999999998,0.962,0.9640696808870742,-0.0020696808870742656
1000000,RR,1.8100000000000005,0.9626,0.9648521064159612,-0.002252106415961186
1000000,RR,1.8200000000000003,0.9631,0.9656204975541101,-0.0025204975541101016
1000000,RR,1.83,0.964,0.9663750305803717,-0.0023750305803716953
1000000,RR,1.8399999999999999,0.9649,0.9671158813408361,-0.0022158813408361677
1000000,RR,1.8500000000000005,0.9656,0.9678432252043864,-0.0022432252043863565
1000000,RR,1.8600000000000003,0.9667,0.9685572370192473,-0.0018572370192473375
1000000,RR,1.87,0.9672,0.9692580910705341,-0.002058091070534118
1000000,RR,1.88,0.9679,0.9699459610388002,-0.0020459610388001703
1000000,RR,1.8899999999999997,0.9689,0.9706210199595906,-0.0017210199595906195
1000000,RR,1.9000000000000004,0.9696,0.9712834401839983,-0.0016834401839982416
1000000,RR,1.9100000000000001,0.9702,0.9719333933402275,-0.0017333933402275958
1000000,RR,1.92,0.9706,0.9725710502961632,-0.0019710502961631793
1000000,RR,1.9299999999999997,0.9712,0.973196581122945,-0.001996581122945096
1000000,RR,1.9400000000000004,0.9716,0.9738101550595474,-0.0022101550595473585
1000000,RR,1.9500000000000002,0.9724,0.9744119404783614,-0.002011940478361396
1000000,RR,1.96,0.9733,0.9750021048517795,-0.0017021048517794624
1000000,RR,1.9699999999999998,0.974,0.9755808147197774,-0.0015808147197774458
1000000,RR,1.9800000000000004,0.9745,0.9761482356584915,-0.0016482356584914815
1000000,RR,1.9900000000000002,0.9748,0.9767045322497881,-0.001904532249788149
1000000,RR,2.0,0.9752,0.9772498680518208,-0.0020498680518208356
1000000,RR,2.01,0.9756,0.9777844055705686,-0.0021844055705685372
1000000,RR,2.0200000000000005,0.9757,0.9783083062323532,-0.002608306232353197
1000000,RR,2.0300000000000002,0.9762,0.9788217303573278,-0.0026217303573278228
1000000,RR,2.04,0.9774,0.9793248371339299,-0.0019248371339298798
1000000,RR,2.05,0.978,0.9798177845942956,-0.0018177845942956017
1000000,RR,2.0600000000000005,0.9782,0.9803007295906231,-0.0021007295906231294
1000000,RR,2.0700000000000003,0.979,0.9807738277724828,-0.0017738277724828055
1000000,RR,2.08,0.9796,0.9812372335650622,-0.0016372335650621794
1000000,RR,2.09,0.9801,0.981691100148341,-0.0015911001483410736
1000000,RR,2.1000000000000005,0.9805,0.9821355794371834,-0.0016355794371833987
1000000,RR,2.1100000000000003,0.981,0.9825708220623429,-0.0015708220623429359
1000000,RR,2.12,0.9815,0.9829969773523672,-0.0014969773523672014
1000000,RR,2.13,0.9825,0.983414193316395,-0.0009141933163949734
1000000,RR,2.1399999999999997,0.9827,0.9838226166278339,-0.0011226166278338612
1000000,RR,2.1500000000000004,0.9837,0.9842223926089095,-0.0005223926089095166
1000000,RR,2.16,0.9839,0.9846136652160745,-0.0007136652160745216
1000000,RR,2.17,0.9845,0.9849965770262678,-0.0004965770262677083
1000000,RR,2.1799999999999997,0.985,0.9853712692240107,-0.0003712692240107618
1000000,RR,2.1900000000000004,0.9852,0.9857378815893312,-0.0005378815893312128
1000000,RR,2.2,0.9856,0.9860965524865014,-0.0004965524865013782
1000000,RR,2.21,0.9863,0.98644741885358,-0.00014741885358005025
1000000,RR,2.2199999999999998,0.9868,0.9867906161927437,9.383807256346799e-06
1000000,RR,2.2300000000000004,0.9873,0.987126278561398,0.0001737214386019481
1000000,RR,2.24,0.9875,0.9874545385640534,4.546143594663654e-05
1000000,RR,2.25,0.9877,0.9877755273449553,-7.552734495530622e-05
1000000,RR,2.26,0.9883,0.988089374581453,0.00021062541854699468
1000000,RR,2.2700000000000005,0.9888,0.9883962084780965,0.0004037915219035071
1000000,RR,2.2800000000000002,0.9894,0.9886961557614472,0.0007038442385527421
1000000,RR,2.29,0.99,0.9889893416755886,0.0010106583244113843
1000000,RR,2.3,0.9906,0.9892758899783242,0.0013241100216758728
1000000,RR,2.3100000000000005,0.9907,0.989555922938049,0.0011440770619510765
1000000,RR,2.3200000000000003,0.9909,0.9898295613312803,0.0010704386687196976
1000000,RR,2.33,0.9911,0.9900969244408357,0.0010030755591642349
1000000,RR,2.34,0.9913,0.9903581300546417,0.0009418699453582757
1000000,RR,2.3500000000000005,0.9918,0.9906132944651614,0.0011867055348385724
1000000,RR,2.3600000000000003,0.9921,0.9908625324694273,0.0012374675305726335
1000000,RR,2.37,0.9924,0.9911059573696632,0.0012940426303367225
1000000,RR,2.38,0.9927,0.9913436809744834,0.0013563190255165836
1000000,RR,2.3899999999999997,0.9931,0.9915758136006543,0.001524186399345706
1000000,RR,2.4000000000000004,0.9937,0.9918024640754038,0.0018975359245961831
1000000,RR,2.41,0.9937,0.9920237397392663,0.001676260260733753
1000000,RR,2.42,0.9938,0.9922397464494463,0.0015602535505536697
1000000,RR,2.4299999999999997,0.994,0.9924505885836908,0.0015494114163091544
1000000,RR,2.4400000000000004,0.9941,0.9926563690446517,0.001443630955348274
1000000,RR,2.45,0.9943,0.9928571892647285,0.001442810735271416
1000000,RR,2.46,0.9945,0.9930531492113757,0.0014468507886243875
1000000,RR,2.4699999999999998,0.9946,0.9932443473928594,0.001355652607140656
1000000,RR,2.4800000000000004,0.9948,0.9934308808644533,0.0013691191355467147
1000000,RR,2.49,0.995,0.9936128452350568,0.0013871547649432214
1000000,RR,2.5,0.9952,0.9937903346742238,0.0014096653257761327
1000000,RR,2.51,0.9953,0.9939634419195873,0.0013365580804126642
1000000,RR,2.5200000000000005,0.9954,0.9941322582846674,0.0012677417153325043
1000000,RR,2.5300000000000002,0.9955,0.9942968736670493,0.0012031263329507214
1000000,RR,2.54,0.9955,0.9944573765569173,0.001042623443082702
1000000,RR,2.55,0.9957,0.9946138540459333,0.0010861459540667529
1000000,RR,2.5600000000000005,0.9958,0.9947663918364442,0.0010336081635557992
1000000,RR,2.5700000000000003,0.9959,0.994915074251009,0.0009849257489910057
1000000,RR,2.58,0.996,0.9950599842422293,0.0009400157577706958
1000000,RR,2.59,0.996,0.9952012034028738,0.0007987965971262279
1000000,RR,2.6000000000000005,0.9961,0.9953388119762813,0.0007611880237187174
1000000,RR,2.6100000000000003,0.9964,0.9954728888670327,0.0009271111329672843
1000000,RR,2.62,0.9964,0.9956035116518787,0.0007964883481212937
1000000,RR,2.63,0.9965,0.9957307565909107,0.0007692434090893485
1000000,RR,2.6399999999999997,0.9967,0.9958546986389639,0.0008453013610361104
1000000,RR,2.6500000000000004,0.9968,0.9959754114572417,0.0008245885427583532
1000000,RR,2.66,0.9968,0.9960929674251472,0.0007070325748528283
1000000,RR,2.67,0.9968,0.9962074376523146,0.0005925623476854547
1000000,RR,2.6799999999999997,0.9971,0.996318891990825,0.0007811080091749689
1000000,RR,2.6900000000000004,0.9971,0.9964273990476002,0.0006726009523997378
1000000,RR,2.7,0.9971,0.9965330261969594,0.0005669738030406046
1000000,RR,2.71,0.9971,0.9966358395933308,0.00046416040666918956
1000000,RR,2.7199999999999998,0.9971,0.9967359041841087,0.00036409581589125217
1000000,RR,2.7300000000000004,0.9975,0.9968332837226422,0.000666716277357815
1000000,RR,2.74,0.9975,0.9969280407813496,0.0005719592186504974
1000000,RR,2.75,0.9975,0.9970202367649454,0.00047976323505460883
1000000,RR,2.76,0.9977,0.9971099319237738,0.0005900680762261912
1000000,RR,2.7700000000000005,0.9977,0.997197185367235,0.0005028146327650251
1000000,RR,2.7800000000000002,0.9977,0.9972820550772987,0.0004179449227013077
1000000,RR,2.79,0.9977,0.9973645979220951,0.0003354020779049449
1000000,RR,2.8,0.9977,0.997444869669572,0.0002551303304280106
1000000,RR,2.8100000000000005,0.9979,0.9975229250012141,0.0003770749987859201
1000000,RR,2.8200000000000003,0.9979,0.9975988175258107,0.0003011824741893099
1000000,RR,2.83,0.9979,0.9976725997932685,0.0002274002067315095
1000000,RR,2.84,0.998,0.9977443233084576,0.0002556766915423614
1000000,RR,2.8500000000000005,0.998,0.9978140385450868,0.00018596145491323046
1000000,RR,2.8600000000000003,0.9981,0.9978817949595954,0.00021820504040459543
1000000,RR,2.87,0.9981,0.9979476410050603,0.00015235899493970528
1000000,RR,2.88,0.9981,0.9980116241451057,8.837585489429589e-05
1000000,RR,2.8899999999999997,0.9981,0.9980737908678121,2.620913218787102e-05
1000000,RR,2.9000000000000004,0.9982,0.998134186699616,6.581330038402111e-05
1000000,RR,2.91,0.9983,0.9981928562191936,0.00010714378080634024
1000000,RR,2.92,0.9984,0.9982498430713239,0.00015015692867603736
1000000,RR,2.9299999999999997,0.9984,0.9983051899807227,9.481001927724719e-05
1000000,RR,2.9400000000000004,0.9984,0.998358938765843,4.1061234156924975e-05
1000000,RR,2.95,0.9985,0.9984111303526352,8.886964736487535e-05
1000000,RR,2.96,0.9987,0.998461804788262,0.00023819521173806812
1000000,RR,2.9699999999999998,0.9987,0.9985110012547626,0.00018899874523747862
1000000,RR,2.9800000000000004,0.9987,0.99855875808266,0.00014124191733999591
1000000,RR,2.99,0.9987,0.9986051127645078,9.488723549222478e-05
1000000,RR,3.0,0.9988,0.9986501019683699,0.0001498980316301246
1000000,single_alpha,-3.0,0.0004,0.0013498980316300933,-0.0009498980316300933
1000000,single_alpha,-2.99,0.0004,0.0013948872354922468,-0.0009948872354922469
1000000,single_alpha,-2.98,0.0004,0.0014412419173400134,-0.0010412419173400135
1000000,single_alpha,-2.97,0.0005,0.0014889987452374632,-0.0009889987452374632
1000000,single_alpha,-2.96,0.0005,0.0015381952117380577,-0.0010381952117380576
1000000,single_alpha,-2.95,0.0005,0.0015888696473648667,-0.0010888696473648667
1000000,single_alpha,-2.94,0.0006,0.0016410612341569964,-0.0010410612341569966
1000000,single_alpha,-2.93,0.0006,0.0016948100192772598,-0.0010948100192772598
1000000,single_alpha,-2.92,0.0008,0.0017501569286760992,-0.0009501569286760992
1000000,single_alpha,-2.91,0.0008,0.0018071437808064273,-0.0010071437808064272
1000000,single_alpha,-2.9,0.0008,0.0018658133003840375,-0.0010658133003840376
1000000,single_alpha,-2.89,0.0008,0.0019262091321878587,-0.0011262091321878587
1000000,single_alpha,-2.88,0.0008,0.0019883758548943256,-0.0011883758548943257
1000000,single_alpha,-2.87,0.0009,0.0020523589949397536,-0.0011523589949397537
1000000,single_alpha,-2.86,0.0009,0.0021182050404046217,-0.0012182050404046217
1000000,single_alpha,-2.85,0.001,0.0021859614549132405,-0.0011859614549132405
1000000,single_alpha,-2.84,0.0011,0.0022556766915423202,-0.0011556766915423202
1000000,single_alpha,-2.83,0.0011,0.0023274002067315515,-0.0012274002067315514
1000000,single_alpha,-2.82,0.0011,0.0024011824741892525,-0.0013011824741892524
1000000,single_alpha,-2.81,0.0011,0.002477074998785861,-0.001377074998785861
1000000,single_alpha,-2.8,0.0011,0.002555130330427932,-0.001455130330427932
1000000,single_alpha,-2.79,0.0012,0.0026354020779049527,-0.0014354020779049528
1000000,single_alpha,-2.78,0.0013,0.0027179449227012578,-0.0014179449227012578
1000000,single_alpha,-2.77,0.0013,0.002802814632765025,-0.0015028146327650252
1000000,single_alpha,-2.76,0.0015,0.0028900680762261478,-0.0013900680762261477
1000000,single_alpha,-2.75,0.0015,0.002979763235054555,-0.001479763235054555
1000000,single_alpha,-2.74,0.0015,0.003071959218650488,-0.0015719592186504878
1000000,single_alpha,-2.73,0.0016,0.0031667162773577934,-0.0015667162773577933
1000000,single_alpha,-2.7199999999999998,0.0016,0.0032640958158913144,-0.0016640958158913143
1000000,single_alpha,-2.71,0.0017,0.0033641604066691933,-0.0016641604066691934
1000000,single_alpha,-2.7,0.0017,0.0034669738030406647,-0.0017669738030406648
1000000,single_alpha,-2.69,0.0017,0.0035726009523997368,-0.0018726009523997369
1000000,single_alpha,-2.68,0.0017,0.00368110800917498,-0.00198110800917498
1000000,single_alpha,-2.67,0.0018,0.0037925623476854887,-0.0019925623476854887
1000000,single_alpha,-2.66,0.0018,0.003907032574852774,-0.0021070325748527743
1000000,single_alpha,-2.65,0.0018,0.004024588542758306,-0.002224588542758306
1000000,single_alpha,-2.64,0.0018,0.004145301361036037,-0.0023453013610360367
1000000,single_alpha,-2.63,0.0018,0.004269243409089351,-0.002469243409089351
1000000,single_alpha,-2.62,0.0018,0.004396488348121309,-0.0025964883481213092
1000000,single_alpha,-2.61,0.0018,0.004527111132967324,-0.002727111132967324
1000000,single_alpha,-2.6,0.0021,0.004661188023718747,-0.002561188023718747
1000000,single_alpha,-2.59,0.0022,0.004798796597126178,-0.0025987965971261775
1000000,single_alpha,-2.58,0.0022,0.004940015757770645,-0.0027400157577706446
1000000,single_alpha,-2.57,0.0022,0.0050849257489910355,-0.0028849257489910354
1000000,single_alpha,-2.56,0.0023,0.005233608163555782,-0.0029336081635557816
1000000,single_alpha,-2.55,0.0024,0.005386145954066687,-0.002986145954066687
1000000,single_alpha,-2.54,0.0025,0.005542623443082601,-0.003042623443082601
1000000,single_alpha,-2.53,0.0025,0.005703126332950699,-0.0032031263329506993
1000000,single_alpha,-2.52,0.0026,0.005867741715332562,-0.0032677417153325625
1000000,single_alpha,-2.51,0.0027,0.006036558080412666,-0.003336558080412666
1000000,single_alpha,-2.5,0.0027,0.006209665325776132,-0.003509665325776132
1000000,single_alpha,-2.49,0.0028,0.006387154764943171,-0.0035871547649431713
1000000,single_alpha,-2.48,0.0028,0.006569119135546763,-0.003769119135546763
1000000,single_alpha,-2.4699999999999998,0.0029,0.006755652607140651,-0.0038556526071406513
1000000,single_alpha,-2.46,0.0029,0.006946850788624312,-0.004046850788624312
1000000,single_alpha,-2.45,0.0029,0.007142810735271415,-0.0042428107352714154
1000000,single_alpha,-2.44,0.003,0.007343630955348342,-0.004343630955348342
1000000,single_alpha,-2.4299999999999997,0.003,0.007549411416309213,-0.0045494114163092125
1000000,single_alpha,-2.42,0.003,0.0077602535505536425,-0.0047602535505536425
1000000,single_alpha,-2.41,0.0031,0.007976260260733725,-0.004876260260733725
1000000,single_alpha,-2.4,0.0031,0.008197535924596131,-0.005097535924596131
1000000,single_alpha,-2.39,0.0031,0.008424186399345685,-0.005324186399345685
1000000,single_alpha,-2.38,0.0031,0.008656319025516543,-0.0055563190255165425
1000000,single_alpha,-2.37,0.0032,0.008894042630336772,-0.005694042630336772
1000000,single_alpha,-2.36,0.0032,0.009137467530572669,-0.005937467530572669
1000000,single_alpha,-2.35,0.0032,0.009386705534838566,-0.0061867055348385665
1000000,single_alpha,-2.34,0.0032,0.00964186994535833,-0.006441869945358331
1000000,single_alpha,-2.33,0.0033,0.009903075559164245,-0.006603075559164245
1000000,single_alpha,-2.32,0.0033,0.01017043866871968,-0.006870438668719681
1000000,single_alpha,-2.31,0.0033,0.010444077061951083,-0.007144077061951083
1000000,single_alpha,-2.3,0.0033,0.010724110021675809,-0.007424110021675809
1000000,single_alpha,-2.29,0.0033,0.011010658324411388,-0.007710658324411388
1000000,single_alpha,-2.2800000000000002,0.0034,0.01130384423855278,-0.00790384423855278
1000000,single_alpha,-2.27,0.0034,0.011603791521903535,-0.008203791521903534
1000000,single_alpha,-2.26,0.0034,0.011910625418547066,-0.008510625418547066
1000000,single_alpha,-2.25,0.0037,0.012224472655044696,-0.008524472655044696
1000000,single_alpha,-2.24,0.0038,0.012545461435946563,-0.008745461435946563
1000000,single_alpha,-2.23,0.0041,0.012873721438602014,-0.008773721438602014
1000000,single_alpha,-2.2199999999999998,0.0043,0.013209383807256284,-0.008909383807256284
1000000,single_alpha,-2.21,0.0045,0.013552581146419983,-0.009052581146419984
1000000,single_alpha,-2.2,0.0046,0.013903447513498595,-0.009303447513498595
1000000,single_alpha,-2.19,0.0047,0.014262118410668878,-0.009562118410668879
1000000,single_alpha,-2.1799999999999997,0.0047,0.014628730775989262,-0.009928730775989263
1000000,single_alpha,-2.17,0.005,0.015003422973732207,-0.010003422973732207
1000000,single_alpha,-2.16,0.0051,0.015386334783925445,-0.010286334783925445
1000000,single_alpha,-2.15,0.0052,0.0157776073910905,-0.0105776073910905
1000000,single_alpha,-2.14,0.0056,0.01617738337216608,-0.010577383372166078
1000000,single_alpha,-2.13,0.0058,0.01658580668360501,-0.010785806683605011
1000000,single_alpha,-2.12,0.0061,0.017003022647632787,-0.010903022647632786
1000000,single_alpha,-2.11,0.0061,0.017429177937657088,-0.011329177937657087
1000000,single_alpha,-2.1,0.0063,0.017864420562816542,-0.011564420562816542
1000000,single_alpha,-2.09,0.0063,0.01830889985165897,-0.012008899851658969
1000000,single_alpha,-2.08,0.0064,0.01876276643493775,-0.01236276643493775
1000000,single_alpha,-2.07,0.0065,0.019226172227517282,-0.012726172227517284
1000000,single_alpha,-2.06,0.0068,0.019699270409376895,-0.012899270409376894
1000000,single_alpha,-2.05,0.0071,0.020182215405704394,-0.013082215405704393
1000000,single_alpha,-2.04,0.0074,0.020675162866070042,-0.013275162866070042
1000000,single_alpha,-2.0300000000000002,0.0076,0.02117826964267226,-0.01357826964267226
1000000,single_alpha,-2.02,0.0076,0.02169169376764678,-0.014091693767646782
1000000,single_alpha,-2.01,0.0078,0.022215594429431475,-0.014415594429431475
1000000,single_alpha,-2.0,0.0081,0.022750131948179195,-0.014650131948179195
1000000,single_alpha,-1.99,0.0085,0.02329546775021182,-0.01479546775021182
1000000,single_alpha,-1.98,0.0089,0.023851764341508513,-0.014951764341508514
1000000,single_alpha,-1.97,0.0091,0.024419185280222543,-0.015319185280222542
1000000,single_alpha,-1.96,0.0093,0.024997895148220435,-0.015697895148220436
1000000,single_alpha,-1.95,0.0096,0.02558805952163861,-0.015988059521638613
1000000,single_alpha,-1.94,0.0098,0.026189844940452685,-0.016389844940452685
1000000,single_alpha,-1.93,0.0103,0.02680341887705495,-0.01650341887705495
1000000,single_alpha,-1.92,0.0104,0.027428949703836802,-0.017028949703836803
1000000,single_alpha,-1.91,0.0107,0.0280666066597725,-0.0173666066597725
1000000,single_alpha,-1.9,0.0111,0.028716559816001803,-0.017616559816001805
1000000,single_alpha,-1.89,0.0112,0.02937898004040943,-0.01817898004040943
1000000,single_alpha,-1.88,0.0114,0.03005403896119979,-0.01865403896119979
1000000,single_alpha,-1.8699999999999999,0.0116,0.030741908929465968,-0.01914190892946597
1000000,single_alpha,-1.8599999999999999,0.0122,0.031442762980752714,-0.019242762980752712
1000000,single_alpha,-1.8499999999999999,0.0124,0.03215677479561371,-0.01975677479561371
1000000,single_alpha,-1.84,0.0124,0.03288411865916389,-0.020484118659163886
1000000,single_alpha,-1.83,0.0124,0.0336249694196283,-0.0212249694196283
1000000,single_alpha,-1.82,0.0126,0.03437950244588998,-0.021779502445889977
1000000,single_alpha,-1.81,0.0131,0.03514789358403879,-0.02204789358403879
1000000,single_alpha,-1.8,0.0134,0.03593031911292579,-0.022530319112925787
1000000,single_alpha,-1.79,0.0139,0.03672695569872628,-0.022826955698726278
1000000,single_alpha,-1.78,0.014,0.03753798034851679,-0.023537980348516792
1000000,single_alpha,-1.77,0.0143,0.03836357036287122,-0.02406357036287122
1000000,single_alpha,-1.76,0.0145,0.03920390328748265,-0.024703903287482648
1000000,single_alpha,-1.75,0.0145,0.040059156863817086,-0.025559156863817087
1000000,single_alpha,-1.74,0.0148,0.040929508978807365,-0.026129508978807364
1000000,single_alpha,-1.73,0.015,0.04181513761359493,-0.026815137613594928
1000000,single_alpha,-1.72,0.0157,0.04271622079132892,-0.02701622079132892
1000000,single_alpha,-1.71,0.0161,0.0436329365240319,-0.0275329365240319
1000000,single_alpha,-1.7,0.0164,0.04456546275854304,-0.02816546275854304
1000000,single_alpha,-1.69,0.0166,0.045513977321549805,-0.028913977321549805
1000000,single_alpha,-1.68,0.017,0.046478657863720046,-0.029478657863720045
1000000,single_alpha,-1.67,0.0174,0.04745968180294733,-0.03005968180294733
1000000,single_alpha,-1.66,0.018,0.04845722626672282,-0.030457226266722825
1000000,single_alpha,-1.65,0.0182,0.0494714680336481,-0.0312714680336481
1000000,single_alpha,-1.64,0.0185,0.05050258347410371,-0.032002583474103716
1000000,single_alpha,-1.63,0.0189,0.051550748490089365,-0.032650748490089365
1000000,single_alpha,-1.6199999999999999,0.0191,0.05261613845425206,-0.03351613845425206
1000000,single_alpha,-1.6099999999999999,0.0192,0.053698928148119704,-0.03449892814811971
1000000,single_alpha,-1.5999999999999999,0.0197,0.054799291699558,-0.035099291699558
1000000,single_alpha,-1.59,0.0202,0.055917402519469424,-0.03571740251946942
1000000,single_alpha,-1.58,0.0205,0.057053433237754185,-0.03655343323775419
1000000,single_alpha,-1.57,0.0208,0.058207555638553,-0.037407555638553004
1000000,single_alpha,-1.56,0.0212,0.05937994059479304,-0.038179940594793044
1000000,single_alpha,-1.55,0.0216,0.06057075800205901,-0.03897075800205901
1000000,single_alpha,-1.54,0.0223,0.061780176711811886,-0.039480176711811886
1000000,single_alpha,-1.53,0.0229,0.06300836446397844,-0.04010836446397843
1000000,single_alpha,-1.52,0.0235,0.06425548781893581,-0.04075548781893581
1000000,single_alpha,-1.51,0.0243,0.0655217120889165,-0.04122171208891649
1000000,single_alpha,-1.5,0.0248,0.06680720126885807,-0.04200720126885807
1000000,single_alpha,-1.49,0.0253,0.06811211796672544,-0.04281211796672543
1000000,single_alpha,-1.48,0.0256,0.06943662333333173,-0.04383662333333173
1000000,single_alpha,-1.47,0.0264,0.07078087699168552,-0.04438087699168552
1000000,single_alpha,-1.46,0.027,0.07214503696589378,-0.04514503696589378
1000000,single_alpha,-1.45,0.0274,0.07352925960964836,-0.04612925960964836
1000000,single_alpha,-1.44,0.0278,0.07493369953432708,-0.04713369953432708
1000000,single_alpha,-1.43,0.0283,0.07635850953673913,-0.04805850953673913
1000000,single_alpha,-1.42,0.029,0.07780384052654638,-0.04880384052654638
1000000,single_alpha,-1.41,0.0302,0.07926984145339239,-0.04906984145339238
1000000,single_alpha,-1.4,0.0311,0.08075665923377107,-0.049656659233771064
1000000,single_alpha,-1.39,0.0321,0.08226443867766892,-0.05016443867766892
1000000,single_alpha,-1.38,0.0329,0.08379332241501436,-0.05089332241501436
1000000,single_alpha,-1.3699999999999999,0.0338,0.08534345082196704,-0.05154345082196704
1000000,single_alpha,-1.3599999999999999,0.0341,0.08691496194708509,-0.05281496194708509
1000000,single_alpha,-1.3499999999999999,0.0345,0.08850799143740207,-0.054007991437402064
1000000,single_alpha,-1.3399999999999999,0.0351,0.09012267246445249,-0.05502267246445249
1000000,single_alpha,-1.33,0.0361,0.09175913565028077,-0.055659135650280765
1000000,single_alpha,-1.32,0.0373,0.09341750899347179,-0.05611750899347179
1000000,single_alpha,-1.31,0.0381,0.09509791779523902,-0.056997917795239016
1000000,single_alpha,-1.3,0.0383,0.09680048458561036,-0.05850048458561036
1000000,single_alpha,-1.29,0.0393,0.09852532904974787,-0.059225329049747866
1000000,single_alpha,-1.28,0.0399,0.10027256795444206,-0.06037256795444206
1000000,single_alpha,-1.27,0.0411,0.10204231507481915,-0.06094231507481915
1000000,single_alpha,-1.26,0.0425,0.1038346811213004,-0.061334681121300395
1000000,single_alpha,-1.25,0.0428,0.10564977366685535,-0.06284977366685535
1000000,single_alpha,-1.24,0.0435,0.10748769707458694,-0.06398769707458694
1000000,single_alpha,-1.23,0.0443,0.10934855242569191,-0.06504855242569191
1000000,single_alpha,-1.22,0.0455,0.11123243744783456,-0.06573243744783457
1000000,single_alpha,-1.21,0.0464,0.11313944644397739,-0.06673944644397739
1000000,single_alpha,-1.2,0.0475,0.11506967022170822,-0.06756967022170822
1000000,single_alpha,-1.19,0.0488,0.11702319602310873,-0.06822319602310872
1000000,single_alpha,-1.18,0.0493,0.11900010745520073,-0.06970010745520074
1000000,single_alpha,-1.17,0.0509,0.12100048442101824,-0.07010048442101824
1000000,single_alpha,-1.16,0.0525,0.12302440305134343,-0.07052440305134344
1000000,single_alpha,-1.15,0.0533,0.12507193563715036,-0.07177193563715036
1000000,single_alpha,-1.14,0.0544,0.1271431505627983,-0.07274315056279829
1000000,single_alpha,-1.13,0.0558,0.12923811224001786,-0.07343811224001785
1000000,single_alpha,-1.1199999999999999,0.0568,0.13135688104273074,-0.07455688104273074
1000000,single_alpha,-1.1099999999999999,0.0581,0.13349951324274728,-0.07539951324274728
1000000,single_alpha,-1.0999999999999999,0.0589,0.13566606094638267,-0.07676606094638266
1000000,single_alpha,-1.0899999999999999,0.0603,0.1378565720320355,-0.0775565720320355
1000000,single_alpha,-1.08,0.0617,0.140071090088769,-0.078371090088769
1000000,single_alpha,-1.07,0.0632,0.14230965435593923,-0.07910965435593922
1000000,single_alpha,-1.06,0.0647,0.1445722996639096,-0.07987229966390962
1000000,single_alpha,-1.05,0.0658,0.1468590563758959,-0.08105905637589592
1000000,single_alpha,-1.04,0.0668,0.1491699503309814,-0.0823699503309814
1000000,single_alpha,-1.03,0.0678,0.15150500278834367,-0.08370500278834367
1000000,single_alpha,-1.02,0.069,0.15386423037273478,-0.08486423037273477
1000000,single_alpha,-1.01,0.0704,0.15624764502125466,-0.08584764502125465
1000000,single_alpha,-1.0,0.0716,0.15865525393145707,-0.08705525393145708
1000000,single_alpha,-0.9899999999999998,0.073,0.1610870595108309,-0.08808705951083091
1000000,single_alpha,-0.98,0.0745,0.16354305932769236,-0.08904305932769237
1000000,single_alpha,-0.9699999999999998,0.0761,0.1660232460635297,-0.0899232460635297
1000000,single_alpha,-0.96,0.0775,0.16852760746683781,-0.09102760746683781
1000000,single_alpha,-0.9500000000000002,0.0789,0.17105612630848183,-0.09215612630848183
1000000,single_alpha,-0.94,0.0803,0.1736087803386246,-0.0933087803386246
1000000,single_alpha,-0.9300000000000002,0.0817,0.17618554224525784,-0.09448554224525785
1000000,single_alpha,-0.9199999999999999,0.0835,0.17878637961437172,-0.09528637961437171
1000000,single_alpha,-0.9100000000000001,0.085,0.1814112548917972,-0.09641125489179721
1000000,single_alpha,-0.8999999999999999,0.0865,0.18406012534675953,-0.09756012534675954
1000000,single_alpha,-0.8900000000000001,0.0878,0.18673294303717258,-0.09893294303717258
1000000,single_alpha,-0.8799999999999999,0.09,0.18942965477671214,-0.09942965477671215
1000000,single_alpha,-0.8700000000000001,0.0916,0.19215020210369615,-0.10055020210369615
1000000,single_alpha,-0.8599999999999999,0.094,0.1948945212518084,-0.1008945212518084
1000000,single_alpha,-0.8500000000000001,0.0958,0.19766254312269238,-0.10186254312269238
1000000,single_alpha,-0.8399999999999999,0.0969,0.20045419326044972,-0.10355419326044972
1000000,single_alpha,-0.8300000000000001,0.0984,0.2032693918280684,-0.10486939182806841
1000000,single_alpha,-0.8199999999999998,0.1008,0.20610805358581308,-0.10530805358581308
1000000,single_alpha,-0.81,0.1028,0.2089700878716016,-0.10617008787160159
1000000,single_alpha,-0.7999999999999998,0.104,0.21185539858339675,-0.10785539858339675
1000000,single_alpha,-0.79,0.1059,0.21476388416363712,-0.10886388416363713
1000000,single_alpha,-0.7799999999999998,0.107,0.21769543758573318,-0.11069543758573318
1000000,single_alpha,-0.77,0.1087,0.22064994634264962,-0.11194994634264961
1000000,single_alpha,-0.7599999999999998,0.111,0.2236272924375995,-0.11262729243759949
1000000,single_alpha,-0.75,0.1134,0.2266273523768682,-0.1132273523768682
1000000,single_alpha,-0.7399999999999998,0.1146,0.22964999716479062,-0.11504999716479063
1000000,single_alpha,-0.73,0.1166,0.2326950923008974,-0.11609509230089742
1000000,single_alpha,-0.7199999999999998,0.118,0.23576249777925123,-0.11776249777925124
1000000,single_alpha,-0.71,0.12,0.2388520680899867,-0.11885206808998672
1000000,single_alpha,-0.6999999999999997,0.1219,0.2419636522230731,-0.1200636522230731
1000000,single_alpha,-0.69,0.1237,0.24509709367430943,-0.12139709367430943
1000000,single_alpha,-0.6800000000000002,0.1248,0.24825223045357053,-0.12345223045357054
1000000,single_alpha,-0.6699999999999999,0.1275,0.2514288950953102,-0.12392889509531019
1000000,single_alpha,-0.6600000000000001,0.1291,0.2546269146713361,-0.1255269146713361
1000000,single_alpha,-0.6499999999999999,0.1315,0.2578461108058647,-0.12634611080586472
1000000,single_alpha,-0.6400000000000001,0.1331,0.26108629969286157,-0.12798629969286157
1000000,single_alpha,-0.6299999999999999,0.1354,0.2643472921156776,-0.1289472921156776
1000000,single_alpha,-0.6200000000000001,0.1384,0.267628893468983,-0.129228893468983
1000000,single_alpha,-0.6099999999999999,0.1397,0.27093090378300577,-0.13123090378300578
1000000,single_alpha,-0.6000000000000001,0.142,0.27425311775007355,-0.13225311775007356
1000000,single_alpha,-0.5899999999999999,0.1439,0.27759532475346493,-0.13369532475346493
1000000,single_alpha,-0.5800000000000001,0.1463,0.2809573088985643,-0.13465730889856428
1000000,single_alpha,-0.5699999999999998,0.1483,0.2843388490463242,-0.13603884904632424
1000000,single_alpha,-0.56,0.1504,0.28773971884902705,-0.13733971884902704
1000000,single_alpha,-0.5499999999999998,0.1519,0.2911596867883464,-0.1392596867883464
1000000,single_alpha,-0.54,0.1547,0.294598516215698,-0.139898516215698
1000000,single_alpha,-0.5299999999999998,0.1582,0.29805596539487644,-0.13985596539487644
1000000,single_alpha,-0.52,0.1605,0.3015317875469662,-0.1410317875469662
1000000,single_alpha,-0.5099999999999998,0.1626,0.3050257308975195,-0.1424257308975195
1000000,single_alpha,-0.5,0.1644,0.3085375387259869,-0.1441375387259869
1000000,single_alpha,-0.48999999999999977,0.1664,0.3120669494173906,-0.1456669494173906
1000000,single_alpha,-0.48,0.1691,0.31561369651622256,-0.14651369651622256
1000000,single_alpha,-0.46999999999999975,0.172,0.3191775087825559,-0.14717750878255592
1000000,single_alpha,-0.45999999999999996,0.1739,0.32275811025034773,-0.14885811025034773
1000000,single_alpha,-0.44999999999999973,0.1759,0.32635522028792013,-0.15045522028792013
1000000,single_alpha,-0.43999999999999995,0.1782,0.32996855366059363,-0.15176855366059364
1000000,single_alpha,-0.43000000000000016,0.1822,0.3335978205954576,-0.15139782059545762
1000000,single_alpha,-0.41999999999999993,0.1845,0.3372427268482495,-0.15274272684824952
1000000,single_alpha,-0.41000000000000014,0.1869,0.34090297377232254,-0.15400297377232253
1000000,single_alpha,-0.3999999999999999,0.189,0.3445782583896759,-0.15557825838967587
1000000,single_alpha,-0.3900000000000001,0.191,0.34826827346401756,-0.15726827346401756
1000000,single_alpha,-0.3799999999999999,0.1931,0.35197270757583726,-0.15887270757583727
1000000,single_alpha,-0.3700000000000001,0.196,0.3556912451994532,-0.1596912451994532
1000000,single_alpha,-0.3599999999999999,0.1985,0.3594235667820088,-0.1609235667820088
1000000,single_alpha,-0.3500000000000001,0.2007,0.3631693488243809,-0.1624693488243809
1000000,single_alpha,-0.33999999999999986,0.2048,0.366928263963972,-0.16212826396397198
1000000,single_alpha,-0.33000000000000007,0.2084,0.37069998105934643,-0.16229998105934643
1000000,single_alpha,-0.31999999999999984,0.2122,0.37448416527668005,-0.16228416527668005
1000000,single_alpha,-0.31000000000000005,0.2149,0.3782804781779807,-0.1633804781779807
1000000,single_alpha,-0.2999999999999998,0.2178,0.38208857781104744,-0.16428857781104744
1000000,single_alpha,-0.29000000000000004,0.2224,0.38590811880112263,-0.16350811880112265
1000000,single_alpha,-0.2799999999999998,0.2264,0.38973875244420286,-0.16333875244420287
1000000,single_alpha,-0.27,0.229,0.3935801268019605,-0.16458012680196046
1000000,single_alpha,-0.2599999999999998,0.2327,0.3974318867982396,-0.1647318867982396
1000000,single_alpha,-0.25,0.2358,0.4012936743170763,-0.1654936743170763
1000000,single_alpha,-0.23999999999999977,0.2388,0.40516512830220425,-0.16636512830220423
1000000,single_alpha,-0.22999999999999998,0.2419,0.40904588485799415,-0.16714588485799414
1000000,single_alpha,-0.21999999999999975,0.2443,0.4129355773517855,-0.1686355773517855
1000000,single_alpha,-0.20999999999999996,0.2479,0.41683383651755773,-0.16893383651755772
1000000,single_alpha,-0.19999999999999973,0.2499,0.42074029056089707,-0.17084029056089706
1000000,single_alpha,-0.18999999999999995,0.2532,0.42465456526520456,-0.17145456526520458
1000000,single_alpha,-0.18000000000000016,0.2559,0.4285762840990992,-0.1726762840990992
1000000,single_alpha,-0.16999999999999993,0.2593,0.4325050683249616,-0.17320506832496163
1000000,single_alpha,-0.16000000000000014,0.2632,0.4364405371085671,-0.17324053710856713
1000000,single_alpha,-0.1499999999999999,0.2663,0.4403823076297575,-0.17408230762975752
1000000,single_alpha,-0.14000000000000012,0.2684,0.44432999519409355,-0.17592999519409352
1000000,single_alpha,-0.1299999999999999,0.2716,0.4482832133454389,-0.1766832133454389
1000000,single_alpha,-0.1200000000000001,0.2743,0.4522415739794161,-0.17794157397941612
1000000,single_alpha,-0.10999999999999988,0.2781,0.4562046874576833,-0.17810468745768326
1000000,single_alpha,-0.10000000000000009,0.2817,0.46017216272297096,-0.17847216272297095
1000000,single_alpha,-0.08999999999999986,0.2852,0.46414360741482796,-0.17894360741482795
1000000,single_alpha,-0.08000000000000007,0.2883,0.4681186279860126,-0.1798186279860126
1000000,single_alpha,-0.06999999999999984,0.2921,0.472096829819479,-0.17999682981947895
1000000,single_alpha,-0.06000000000000005,0.2948,0.4760778173458931,-0.1812778173458931
1000000,single_alpha,-0.04999999999999982,0.2975,0.4800611941616276,-0.18256119416162764
1000000,single_alpha,-0.040000000000000036,0.3012,0.4840465631471692,-0.18284656314716918
1000000,single_alpha,-0.029999999999999805,0.3046,0.48803352658588744,-0.18343352658588746
1000000,single_alpha,-0.020000000000000018,0.3077,0.492021686283098,-0.18432168628309803
1000000,single_alpha,-0.009999999999999787,0.3112,0.49601064368536846,-0.18481064368536848
1000000,single_alpha,0.0,0.314,0.5,-0.186
1000000,single_alpha,0.010000000000000231,0.317,0.5039893563146317,-0.1869893563146317
1000000,single_alpha,0.020000000000000018,0.3215,0.5079783137169019,-0.18647831371690193
1000000,single_alpha,0.03000000000000025,0.3249,0.5119664734141127,-0.1870664734141127
1000000,single_alpha,0.040000000000000036,0.329,0.5159534368528308,-0.18695343685283078
1000000,single_alpha,0.050000000000000266,0.3324,0.5199388058383726,-0.18753880583837262
1000000,single_alpha,0.06000000000000005,0.3364,0.5239221826541068,-0.18752218265410686
1000000,single_alpha,0.07000000000000028,0.3394,0.5279031701805212,-0.18850317018052126
1000000,single_alpha,0.08000000000000007,0.3424,0.5318813720139874,-0.18948137201398746
1000000,single_alpha,0.08999999999999986,0.3464,0.535856392585172,-0.18945639258517205
1000000,single_alpha,0.10000000000000009,0.3495,0.539827837277029,-0.190327837277029
1000000,single_alpha,0.10999999999999988,0.354,0.5437953125423167,-0.18979531254231674
1000000,single_alpha,0.1200000000000001,0.3577,0.5477584260205839,-0.19005842602058387
1000000,single_alpha,0.1299999999999999,0.362,0.5517167866545611,-0.18971678665456115
1000000,single_alpha,0.14000000000000012,0.3646,0.5556700048059064,-0.19107000480590647
1000000,single_alpha,0.1499999999999999,0.3686,0.5596176923702425,-0.19101769237024252
1000000,single_alpha,0.16000000000000014,0.372,0.5635594628914329,-0.19155946289143289
1000000,single_alpha,0.16999999999999993,0.3764,0.5674949316750384,-0.19109493167503838
1000000,single_alpha,0.18000000000000016,0.3808,0.5714237159009008,-0.19062371590090077
1000000,single_alpha,0.18999999999999995,0.3845,0.5753454347347954,-0.19084543473479537
1000000,single_alpha,0.20000000000000018,0.3885,0.5792597094391031,-0.1907597094391031
1000000,single_alpha,0.20999999999999996,0.3935,0.5831661634824423,-0.1896661634824423
1000000,single_alpha,0.2200000000000002,0.3975,0.5870644226482147,-0.18956442264821466
1000000,single_alpha,0.22999999999999998,0.4007,0.5909541151420059,-0.1902541151420059
1000000,single_alpha,0.2400000000000002,0.4034,0.5948348716977959,-0.19143487169779594
1000000,single_alpha,0.25,0.4076,0.5987063256829237,-0.19110632568292368
1000000,single_alpha,0.26000000000000023,0.4113,0.6025681132017606,-0.19126811320176063
1000000,single_alpha,0.27,0.4145,0.6064198731980396,-0.1919198731980396
1000000,single_alpha,0.28000000000000025,0.4179,0.6102612475557974,-0.19236124755579737
1000000,single_alpha,0.29000000000000004,0.4217,0.6140918811988774,-0.19239188119887735
1000000,single_alpha,0.30000000000000027,0.4256,0.6179114221889528,-0.1923114221889528
1000000,single_alpha,0.31000000000000005,0.4292,0.6217195218220193,-0.19251952182201926
1000000,single_alpha,0.3200000000000003,0.4338,0.6255158347233202,-0.19171583472332016
1000000,single_alpha,0.33000000000000007,0.4384,0.6293000189406536,-0.19090001894065356
1000000,single_alpha,0.33999999999999986,0.4422,0.6330717360360281,-0.19087173603602808
1000000,single_alpha,0.3500000000000001,0.4462,0.6368306511756191,-0.19063065117561911
1000000,single_alpha,0.3599999999999999,0.4492,0.6405764332179912,-0.1913764332179912
1000000,single_alpha,0.3700000000000001,0.4535,0.6443087548005468,-0.19080875480054682
1000000,single_alpha,0.3799999999999999,0.4575,0.6480272924241628,-0.19052729242416278
1000000,single_alpha,0.3900000000000001,0.4607,0.6517317265359824,-0.19103172653598244
1000000,single_alpha,0.3999999999999999,0.4658,0.6554217416103241,-0.18962174161032408
1000000,single_alpha,0.41000000000000014,0.4697,0.6590970262276774,-0.1893970262276774
1000000,single_alpha,0.41999999999999993,0.4738,0.6627572731517505,-0.18895727315175048
1000000,single_alpha,0.43000000000000016,0.477,0.6664021794045424,-0.1894021794045424
1000000,single_alpha,0.43999999999999995,0.4807,0.6700314463394064,-0.18933144633940635
1000000,single_alpha,0.4500000000000002,0.4848,0.67364477971208,-0.18884477971208002
1000000,single_alpha,0.45999999999999996,0.489,0.6772418897496523,-0.18824188974965228
1000000,single_alpha,0.4700000000000002,0.4931,0.6808224912174442,-0.18772249121744422
1000000,single_alpha,0.48,0.4977,0.6843863034837774,-0.1866863034837774
1000000,single_alpha,0.4900000000000002,0.5024,0.6879330505826096,-0.1855330505826096
1000000,single_alpha,0.5,0.5068,0.6914624612740131,-0.1846624612740131
1000000,single_alpha,0.5100000000000002,0.5113,0.6949742691024807,-0.18367426910248075
1000000,single_alpha,0.52,0.5143,0.6984682124530338,-0.18416821245303383
1000000,single_alpha,0.5300000000000002,0.5183,0.7019440346051237,-0.18364403460512368
1000000,single_alpha,0.54,0.5225,0.705401483784302,-0.18290148378430204
1000000,single_alpha,0.5500000000000003,0.5259,0.7088403132116537,-0.18294031321165372
1000000,single_alpha,0.56,0.5296,0.712260281150973,-0.182660281150973
1000000,single_alpha,0.5700000000000003,0.5341,0.7156611509536759,-0.18156115095367586
1000000,single_alpha,0.5800000000000001,0.539,0.7190426911014357,-0.18004269110143567
1000000,single_alpha,0.5899999999999999,0.5424,0.7224046752465351,-0.18000467524653507
1000000,single_alpha,0.6000000000000001,0.5456,0.7257468822499265,-0.18014688224992648
1000000,single_alpha,0.6099999999999999,0.5497,0.7290690962169942,-0.17936909621699426
1000000,single_alpha,0.6200000000000001,0.5529,0.732371106531017,-0.17947110653101706
1000000,single_alpha,0.6299999999999999,0.5558,0.7356527078843225,-0.1798527078843225
1000000,single_alpha,0.6400000000000001,0.5607,0.7389137003071384,-0.17821370030713846
1000000,single_alpha,0.6499999999999999,0.5643,0.7421538891941353,-0.17785388919413525
1000000,single_alpha,0.6600000000000001,0.5675,0.745373085328664,-0.17787308532866397
1000000,single_alpha,0.6699999999999999,0.5713,0.7485711049046898,-0.17727110490468978
1000000,single_alpha,0.6800000000000002,0.5741,0.7517477695464294,-0.17764776954642936
1000000,single_alpha,0.69,0.579,0.7549029063256906,-0.1759029063256906
1000000,single_alpha,0.7000000000000002,0.5836,0.758036347776927,-0.17443634777692696
1000000,single_alpha,0.71,0.5871,0.7611479319100133,-0.17404793191001333
1000000,single_alpha,0.7200000000000002,0.5921,0.7642375022207488,-0.17213750222074886
1000000,single_alpha,0.73,0.596,0.7673049076991025,-0.17130490769910256
1000000,single_alpha,0.7400000000000002,0.6013,0.7703500028352095,-0.16905000283520955
1000000,single_alpha,0.75,0.6054,0.7733726476231317,-0.1679726476231317
1000000,single_alpha,0.7600000000000002,0.6087,0.7763727075624006,-0.1676727075624006
1000000,single_alpha,0.77,0.6127,0.7793500536573503,-0.1666500536573503
1000000,single_alpha,0.7800000000000002,0.6166,0.782304562414267,-0.165704562414267
1000000,single_alpha,0.79,0.6205,0.7852361158363629,-0.16473611583636283
1000000,single_alpha,0.8000000000000003,0.6245,0.7881446014166034,-0.1636446014166033
1000000,single_alpha,0.81,0.6278,0.7910299121283983,-0.16322991212839832
1000000,single_alpha,0.8200000000000003,0.6323,0.793891946414187,-0.16159194641418706
1000000,single_alpha,0.8300000000000001,0.6361,0.7967306081719316,-0.16063060817193164
1000000,single_alpha,0.8399999999999999,0.641,0.7995458067395502,-0.1585458067395502
1000000,single_alpha,0.8500000000000001,0.6439,0.8023374568773076,-0.1584374568773076
1000000,single_alpha,0.8599999999999999,0.647,0.8051054787481916,-0.15810547874819159
1000000,single_alpha,0.8700000000000001,0.6513,0.8078497978963038,-0.15654979789630386
1000000,single_alpha,0.8799999999999999,0.655,0.8105703452232879,-0.15557034522328783
1000000,single_alpha,0.8900000000000001,0.6577,0.8132670569628274,-0.15556705696282747
1000000,single_alpha,0.8999999999999999,0.6611,0.8159398746532405,-0.15483987465324045
1000000,single_alpha,0.9100000000000001,0.6641,0.8185887451082028,-0.15448874510820276
1000000,single_alpha,0.9199999999999999,0.6673,0.8212136203856283,-0.15391362038562828
1000000,single_alpha,0.9300000000000002,0.6716,0.8238144577547422,-0.15221445775474218
1000000,single_alpha,0.94,0.6755,0.8263912196613754,-0.15089121966137542
1000000,single_alpha,0.9500000000000002,0.6788,0.8289438736915182,-0.15014387369151827
1000000,single_alpha,0.96,0.683,0.8314723925331622,-0.14847239253316213
1000000,single_alpha,0.9700000000000002,0.6868,0.8339767539364704,-0.14717675393647045
1000000,single_alpha,0.98,0.6903,0.8364569406723077,-0.14615694067230767
1000000,single_alpha,0.9900000000000002,0.6941,0.8389129404891691,-0.14481294048916904
1000000,single_alpha,1.0,0.6983,0.8413447460685429,-0.1430447460685429
1000000,single_alpha,1.0099999999999998,0.7029,0.8437523549787453,-0.14085235497874538
1000000,single_alpha,1.0200000000000005,0.7071,0.8461357696272652,-0.13903576962726527
1000000,single_alpha,1.0300000000000002,0.7102,0.8484949972116563,-0.13829499721165628
1000000,single_alpha,1.04,0.7136,0.8508300496690187,-0.13723004966901864
1000000,single_alpha,1.0499999999999998,0.7171,0.853140943624104,-0.13604094362410402
1000000,single_alpha,1.0600000000000005,0.7206,0.8554277003360906,-0.1348277003360906
1000000,single_alpha,1.0700000000000003,0.7236,0.8576903456440608,-0.13409034564406075
1000000,single_alpha,1.08,0.7272,0.859928909911231,-0.1327289099112311
1000000,single_alpha,1.0899999999999999,0.7306,0.8621434279679645,-0.13154342796796448
1000000,single_alpha,1.0999999999999996,0.734,0.8643339390536173,-0.13033393905361734
1000000,single_alpha,1.1100000000000003,0.7378,0.8665004867572528,-0.12870048675725276
1000000,single_alpha,1.12,0.7415,0.8686431189572693,-0.12714311895726926
1000000,single_alpha,1.13,0.7453,0.8707618877599821,-0.12546188775998213
1000000,single_alpha,1.1399999999999997,0.7485,0.8728568494372017,-0.1243568494372016
1000000,single_alpha,1.1500000000000004,0.7521,0.8749280643628499,-0.12282806436284988
1000000,single_alpha,1.1600000000000001,0.7554,0.8769755969486566,-0.1215755969486566
1000000,single_alpha,1.17,0.7584,0.8789995155789818,-0.12059951557898185
1000000,single_alpha,1.1799999999999997,0.7611,0.8809998925447993,-0.11989989254479927
1000000,single_alpha,1.1900000000000004,0.7639,0.8829768039768913,-0.11907680397689124
1000000,single_alpha,1.2000000000000002,0.7669,0.8849303297782918,-0.11803032977829175
1000000,single_alpha,1.21,0.7697,0.8868605535560226,-0.1171605535560225
1000000,single_alpha,1.2199999999999998,0.773,0.8887675625521653,-0.11576756255216525
1000000,single_alpha,1.2300000000000004,0.7753,0.8906514475743081,-0.11535144757430815
1000000,single_alpha,1.2400000000000002,0.7784,0.8925123029254132,-0.11411230292541319
1000000,single_alpha,1.25,0.7823,0.8943502263331446,-0.11205022633314465
1000000,single_alpha,1.2599999999999998,0.7853,0.8961653188786995,-0.11086531887869955
1000000,single_alpha,1.2700000000000005,0.7888,0.8979576849251809,-0.10915768492518096
1000000,single_alpha,1.2800000000000002,0.7919,0.8997274320455579,-0.10782743204555789
1000000,single_alpha,1.29,0.7947,0.9014746709502521,-0.10677467095025217
1000000,single_alpha,1.2999999999999998,0.7972,0.9031995154143896,-0.10599951541438957
1000000,single_alpha,1.3100000000000005,0.8001,0.9049020822047611,-0.10480208220476106
1000000,single_alpha,1.3200000000000003,0.8027,0.9065824910065282,-0.10388249100652824
1000000,single_alpha,1.33,0.8048,0.9082408643497193,-0.10344086434971933
1000000,single_alpha,1.3399999999999999,0.807,0.9098773275355475,-0.10287732753554746
1000000,single_alpha,1.3500000000000005,0.8099,0.9114920085625979,-0.10159200856259798
1000000,single_alpha,1.3600000000000003,0.8122,0.913085038052915,-0.10088503805291493
1000000,single_alpha,1.37,0.8149,0.914656549178033,-0.099756549178033
1000000,single_alpha,1.38,0.818,0.9162066775849856,-0.09820667758498569
1000000,single_alpha,1.3899999999999997,0.8205,0.917735561322331,-0.09723556132233102
1000000,single_alpha,1.4000000000000004,0.8229,0.919243340766229,-0.09634334076622908
1000000,single_alpha,1.4100000000000001,0.8254,0.9207301585466077,-0.09533015854660765
1000000,single_alpha,1.42,0.8274,0.9221961594734536,-0.09479615947345355
1000000,single_alpha,1.4299999999999997,0.8305,0.9236414904632608,-0.09314149046326081
1000000,single_alpha,1.4400000000000004,0.8333,0.9250663004656731,-0.09176630046567302
1000000,single_alpha,1.4500000000000002,0.8351,0.9264707403903517,-0.09137074039035176
1000000,single_alpha,1.46,0.8379,0.9278549630341062,-0.08995496303410622
1000000,single_alpha,1.4699999999999998,0.8403,0.9292191230083144,-0.0889191230083144
1000000,single_alpha,1.4800000000000004,0.8422,0.9305633766666683,-0.08836337666666838
1000000,single_alpha,1.4900000000000002,0.8439,0.9318878820332746,-0.08798788203327457
1000000,single_alpha,1.5,0.8454,0.9331927987311419,-0.08779279873114187
1000000,single_alpha,1.5099999999999998,0.847,0.9344782879110834,-0.08747828791108347
1000000,single_alpha,1.5200000000000005,0.8486,0.9357445121810642,-0.08714451218106423
1000000,single_alpha,1.5300000000000002,0.8506,0.9369916355360216,-0.08639163553602158
1000000,single_alpha,1.54,0.8524,0.9382198232881881,-0.08581982328818805
1000000,single_alpha,1.5499999999999998,0.8549,0.939429241997941,-0.08452924199794098
1000000,single_alpha,1.5600000000000005,0.8571,0.9406200594052071,-0.08352005940520713
1000000,single_alpha,1.5700000000000003,0.8591,0.941792444361447,-0.08269244436144707
1000000,single_alpha,1.58,0.8618,0.9429465667622459,-0.08114656676224585
1000000,single_alpha,1.5899999999999999,0.8632,0.9440825974805306,-0.08088259748053062
1000000,single_alpha,1.6000000000000005,0.8657,0.9452007083004421,-0.07950070830044209
1000000,single_alpha,1.6100000000000003,0.868,0.9463010718518803,-0.07830107185188029
1000000,single_alpha,1.62,0.8703,0.9473838615457479,-0.07708386154574798
1000000,single_alpha,1.63,0.872,0.9484492515099107,-0.07644925150991067
1000000,single_alpha,1.6399999999999997,0.8745,0.9494974165258963,-0.0749974165258962
1000000,single_alpha,1.6500000000000004,0.8765,0.9505285319663519,-0.07402853196635195
1000000,single_alpha,1.6600000000000001,0.8779,0.9515427737332772,-0.07364277373327721
1000000,single_alpha,1.67,0.8801,0.9525403181970526,-0.07244031819705266
1000000,single_alpha,1.6799999999999997,0.8821,0.9535213421362799,-0.07142134213627993
1000000,single_alpha,1.6900000000000004,0.8838,0.9544860226784502,-0.07068602267845014
1000000,single_alpha,1.7000000000000002,0.8851,0.955434537241457,-0.070334537241457
1000000,single_alpha,1.71,0.8866,0.9563670634759681,-0.06976706347596806
1000000,single_alpha,1.7199999999999998,0.8885,0.957283779208671,-0.06878377920867107
1000000,single_alpha,1.7300000000000004,0.8904,0.9581848623864051,-0.06778486238640513
1000000,single_alpha,1.7400000000000002,0.8926,0.9590704910211927,-0.06647049102119273
1000000,single_alpha,1.75,0.8946,0.9599408431361829,-0.06534084313618294
1000000,single_alpha,1.7599999999999998,0.8966,0.9607960967125173,-0.06419609671251736
1000000,single_alpha,1.7700000000000005,0.8981,0.9616364296371288,-0.0635364296371288
1000000,single_alpha,1.7800000000000002,0.8995,0.9624620196514833,-0.06296201965148329
1000000,single_alpha,1.79,0.902,0.9632730443012737,-0.06127304430127367
1000000,single_alpha,1.7999999999999998,0.9042,0.9640696808870742,-0.05986968088707423
1000000,single_alpha,1.8100000000000005,0.9055,0.9648521064159612,-0.059352106415961225
1000000,single_alpha,1.8200000000000003,0.9068,0.9656204975541101,-0.05882049755411001
1000000,single_alpha,1.83,0.9083,0.9663750305803717,-0.05807503058037167
1000000,single_alpha,1.8399999999999999,0.9104,0.9671158813408361,-0.05671588134083616
1000000,single_alpha,1.8500000000000005,0.9124,0.9678432252043864,-0.05544322520438638
1000000,single_alpha,1.8600000000000003,0.914,0.9685572370192473,-0.05455723701924731
1000000,single_alpha,1.87,0.9161,0.9692580910705341,-0.05315809107053404
1000000,single_alpha,1.88,0.9175,0.9699459610388002,-0.05244596103880017
1000000,single_alpha,1.8899999999999997,0.9183,0.9706210199595906,-0.0523210199595906
1000000,single_alpha,1.9000000000000004,0.9199,0.9712834401839983,-0.05138344018399821
1000000,single_alpha,1.9100000000000001,0.9212,0.9719333933402275,-0.05073339334022753
1000000,single_alpha,1.92,0.922,0.9725710502961632,-0.050571050296163156
1000000,single_alpha,1.9299999999999997,0.9237,0.973196581122945,-0.04949658112294508
1000000,single_alpha,1.9400000000000004,0.9251,0.9738101550595474,-0.048710155059547344
1000000,single_alpha,1.9500000000000002,0.9267,0.9744119404783614,-0.04771194047836147
1000000,single_alpha,1.96,0.9282,0.9750021048517795,-0.04680210485177949
1000000,single_alpha,1.9699999999999998,0.9298,0.9755808147197774,-0.04578081471977746
1000000,single_alpha,1.9800000000000004,0.9302,0.9761482356584915,-0.04594823565849149
1000000,single_alpha,1.9900000000000002,0.9308,0.9767045322497881,-0.04590453224978819
1000000,single_alpha,2.0,0.9317,0.9772498680518208,-0.04554986805182082
1000000,single_alpha,2.01,0.9327,0.9777844055705686,-0.045084405570568586
1000000,single_alpha,2.0200000000000005,0.934,0.9783083062323532,-0.044308306232353156
1000000,single_alpha,2.0300000000000002,0.9355,0.9788217303573278,-0.04332173035732778
1000000,single_alpha,2.04,0.9366,0.9793248371339299,-0.04272483713392994
1000000,single_alpha,2.05,0.938,0.9798177845942956,-0.04181778459429564
1000000,single_alpha,2.0600000000000005,0.9392,0.9803007295906231,-0.04110072959062305
1000000,single_alpha,2.0700000000000003,0.9411,0.9807738277724828,-0.03967382777248274
1000000,single_alpha,2.08,0.9426,0.9812372335650622,-0.03863723356506221
1000000,single_alpha,2.09,0.9441,0.981691100148341,-0.037591100148340995
1000000,single_alpha,2.1000000000000005,0.9453,0.9821355794371834,-0.03683557943718341
1000000,single_alpha,2.1100000000000003,0.9462,0.9825708220623429,-0.03637082206234288
1000000,single_alpha,2.12,0.947,0.9829969773523672,-0.03599697735236729
1000000,single_alpha,2.13,0.9488,0.983414193316395,-0.03461419331639504
1000000,single_alpha,2.1399999999999997,0.9498,0.9838226166278339,-0.0340226166278339
1000000,single_alpha,2.1500000000000004,0.9505,0.9842223926089095,-0.033722392608909524
1000000,single_alpha,2.16,0.9511,0.9846136652160745,-0.03351366521607457
1000000,single_alpha,2.17,0.9518,0.9849965770262678,-0.03319657702626777
1000000,single_alpha,2.1799999999999997,0.9529,0.9853712692240107,-0.03247126922401078
1000000,single_alpha,2.1900000000000004,0.954,0.9857378815893312,-0.03173788158933122
1000000,single_alpha,2.2,0.9553,0.9860965524865014,-0.030796552486501372
1000000,single_alpha,2.21,0.9563,0.98644741885358,-0.030147418853579966
1000000,single_alpha,2.2199999999999998,0.9572,0.9867906161927437,-0.029590616192743613
1000000,single_alpha,2.2300000000000004,0.9581,0.987126278561398,-0.029026278561398056
1000000,single_alpha,2.24,0.9588,0.9874545385640534,-0.028654538564053422
1000000,single_alpha,2.25,0.9593,0.9877755273449553,-0.028475527344955287
1000000,single_alpha,2.26,0.9606,0.988089374581453,-0.027489374581452952
1000000,single_alpha,2.2700000000000005,0.961,0.9883962084780965,-0.02739620847809654
1000000,single_alpha,2.2800000000000002,0.9619,0.9886961557614472,-0.026796155761447227
1000000,single_alpha,2.29,0.9626,0.9889893416755886,-0.026389341675588596
1000000,single_alpha,2.3,0.9634,0.9892758899783242,-0.02587588997832413
1000000,single_alpha,2.3100000000000005,0.9643,0.989555922938049,-0.025255922938048903
1000000,single_alpha,2.3200000000000003,0.9649,0.9898295613312803,-0.024929561331280325
1000000,single_alpha,2.33,0.9658,0.9900969244408357,-0.024296924440835754
1000000,single_alpha,2.34,0.9667,0.9903581300546417,-0.02365813005464168
1000000,single_alpha,2.3500000000000005,0.9674,0.9906132944651614,-0.023213294465161405
1000000,single_alpha,2.3600000000000003,0.968,0.9908625324694273,-0.022862532469427377
1000000,single_alpha,2.37,0.9686,0.9911059573696632,-0.02250595736966321
1000000,single_alpha,2.38,0.9697,0.9913436809744834,-0.021643680974483437
1000000,single_alpha,2.3899999999999997,0.9702,0.9915758136006543,-0.021375813600654325
1000000,single_alpha,2.4000000000000004,0.9708,0.9918024640754038,-0.02100246407540385
1000000,single_alpha,2.41,0.9717,0.9920237397392663,-0.020323739739266267
1000000,single_alpha,2.42,0.9725,0.9922397464494463,-0.019739746449446316
1000000,single_alpha,2.4299999999999997,0.9729,0.9924505885836908,-0.019550588583690853
1000000,single_alpha,2.4400000000000004,0.9737,0.9926563690446517,-0.0189563690446517
1000000,single_alpha,2.45,0.9741,0.9928571892647285,-0.01875718926472858
1000000,single_alpha,2.46,0.9743,0.9930531492113757,-0.018753149211375608
1000000,single_alpha,2.4699999999999998,0.9749,0.9932443473928594,-0.018344347392859395
1000000,single_alpha,2.4800000000000004,0.9752,0.9934308808644533,-0.018230880864453347
1000000,single_alpha,2.49,0.9758,0.9936128452350568,-0.017812845235056773
1000000,single_alpha,2.5,0.9767,0.9937903346742238,-0.017090334674223828
1000000,single_alpha,2.51,0.9773,0.9939634419195873,-0.016663441919587352
1000000,single_alpha,2.5200000000000005,0.9779,0.9941322582846674,-0.016232258284667456
1000000,single_alpha,2.5300000000000002,0.9782,0.9942968736670493,-0.01609687366704937
1000000,single_alpha,2.54,0.9788,0.9944573765569173,-0.015657376556917346
1000000,single_alpha,2.55,0.9792,0.9946138540459333,-0.015413854045933317
1000000,single_alpha,2.5600000000000005,0.9799,0.9947663918364442,-0.014866391836444226
1000000,single_alpha,2.5700000000000003,0.98,0.994915074251009,-0.01491507425100902
1000000,single_alpha,2.58,0.9803,0.9950599842422293,-0.014759984242229351
1000000,single_alpha,2.59,0.981,0.9952012034028738,-0.014201203402873785
1000000,single_alpha,2.6000000000000005,0.9822,0.9953388119762813,-0.013138811976281306
1000000,single_alpha,2.6100000000000003,0.9826,0.9954728888670327,-0.012872888867032639
1000000,single_alpha,2.62,0.9834,0.9956035116518787,-0.012203511651878607
1000000,single_alpha,2.63,0.9843,0.9957307565909107,-0.011430756590910751
1000000,single_alpha,2.6399999999999997,0.9844,0.9958546986389639,-0.011454698638963867
1000000,single_alpha,2.6500000000000004,0.9848,0.9959754114572417,-0.011175411457241657
1000000,single_alpha,2.66,0.9852,0.9960929674251472,-0.010892967425147226
1000000,single_alpha,2.67,0.9855,0.9962074376523146,-0.010707437652314522
1000000,single_alpha,2.6799999999999997,0.9859,0.996318891990825,-0.010418891990825019
1000000,single_alpha,2.6900000000000004,0.9862,0.9964273990476002,-0.010227399047600283
1000000,single_alpha,2.7,0.9866,0.9965330261969594,-0.00993302619695935
1000000,single_alpha,2.71,0.9874,0.9966358395933308,-0.009235839593330741
1000000,single_alpha,2.7199999999999998,0.9877,0.9967359041841087,-0.009035904184108712
1000000,single_alpha,2.7300000000000004,0.9882,0.9968332837226422,-0.008633283722642271
1000000,single_alpha,2.74,0.9888,0.9969280407813496,-0.008128040781349544
1000000,single_alpha,2.75,0.9891,0.9970202367649454,-0.007920236764945465
1000000,single_alpha,2.76,0.9897,0.9971099319237738,-0.007409931923773816
1000000,single_alpha,2.7700000000000005,0.9899,0.997197185367235,-0.007297185367235004
1000000,single_alpha,2.7800000000000002,0.9904,0.9972820550772987,-0.0068820550772987765
1000000,single_alpha,2.79,0.991,0.9973645979220951,-0.006364597922095094
1000000,single_alpha,2.8,0.9911,0.997444869669572,-0.00634486966957204
1000000,single_alpha,2.8100000000000005,0.9914,0.9975229250012141,-0.006122925001214141
1000000,single_alpha,2.8200000000000003,0.9917,0.9975988175258107,-0.005898817525810673
1000000,single_alpha,2.83,0.9919,0.9976725997932685,-0.005772599793268496
1000000,single_alpha,2.84,0.9924,0.9977443233084576,-0.005344323308457688
1000000,single_alpha,2.8500000000000005,0.9928,0.9978140385450868,-0.005014038545086752
1000000,single_alpha,2.8600000000000003,0.9931,0.9978817949595954,-0.004781794959595409
1000000,single_alpha,2.87,0.9934,0.9979476410050603,-0.004547641005060332
1000000,single_alpha,2.88,0.9934,0.9980116241451057,-0.004611624145105742
1000000,single_alpha,2.8899999999999997,0.9934,0.9980737908678121,-0.0046737908678121665
1000000,single_alpha,2.9000000000000004,0.9936,0.998134186699616,-0.004534186699615916
1000000,single_alpha,2.91,0.9939,0.9981928562191936,-0.004292856219193619
1000000,single_alpha,2.92,0.9945,0.9982498430713239,-0.003749843071323866
1000000,single_alpha,2.9299999999999997,0.9946,0.9983051899807227,-0.0037051899807226674
1000000,single_alpha,2.9400000000000004,0.9947,0.998358938765843,-0.0036589387658430006
1000000,single_alpha,2.95,0.9949,0.9984111303526352,-0.0035111303526351723
1000000,single_alpha,2.96,0.995,0.998461804788262,-0.0034618047882619685
1000000,single_alpha,2.9699999999999998,0.9953,0.9985110012547626,-0.003211001254762591
1000000,single_alpha,2.9800000000000004,0.9953,0.99855875808266,-0.0032587580826600737
1000000,single_alpha,2.99,0.9954,0.9986051127645078,-0.003205112764507856
1000000,single_alpha,3.0,0.9954,0.9986501019683699,-0.003250101968369945
1000000,single_2alpha,-3.0,0.0001,0.0013498980316300933,-0.0012498980316300932
1000000,single_2alpha,-2.99,0.0001,0.0013948872354922468,-0.0012948872354922468
1000000,single_2alpha,-2.98,0.0001,0.0014412419173400134,-0.0013412419173400134
1000000,single_2alpha,-2.97,0.0001,0.0014889987452374632,-0.0013889987452374631
1000000,single_2alpha,-2.96,0.0002,0.0015381952117380577,-0.0013381952117380576
1000000,single_2alpha,-2.95,0.0002,0.0015888696473648667,-0.0013888696473648666
1000000,single_2alpha,-2.94,0.0002,0.0016410612341569964,-0.0014410612341569963
1000000,single_2alpha,-2.93,0.0002,0.0016948100192772598,-0.0014948100192772598
1000000,single_2alpha,-2.92,0.0002,0.0017501569286760992,-0.0015501569286760991
1000000,single_2alpha,-2.91,0.0002,0.0018071437808064273,-0.0016071437808064272
1000000,single_2alpha,-2.9,0.0002,0.0018658133003840375,-0.0016658133003840375
1000000,single_2alpha,-2.89,0.0002,0.0019262091321878587,-0.0017262091321878586
1000000,single_2alpha,-2.88,0.0002,0.0019883758548943256,-0.0017883758548943255
1000000,single_2alpha,-2.87,0.0002,0.0020523589949397536,-0.0018523589949397535
1000000,single_2alpha,-2.86,0.0002,0.0021182050404046217,-0.0019182050404046216
1000000,single_2alpha,-2.85,0.0002,0.0021859614549132405,-0.0019859614549132404
1000000,single_2alpha,-2.84,0.0002,0.0022556766915423202,-0.00205567669154232
1000000,single_2alpha,-2.83,0.0002,0.0023274002067315515,-0.0021274002067315514
1000000,single_2alpha,-2.82,0.0002,0.0024011824741892525,-0.0022011824741892524
1000000,single_2alpha,-2.81,0.0002,0.002477074998785861,-0.002277074998785861
1000000,single_2alpha,-2.8,0.0002,0.002555130330427932,-0.002355130330427932
1000000,single_2alpha,-2.79,0.0002,0.0026354020779049527,-0.0024354020779049526
1000000,single_2alpha,-2.78,0.0002,0.0027179449227012578,-0.0025179449227012577
1000000,single_2alpha,-2.77,0.0002,0.002802814632765025,-0.002602814632765025
1000000,single_2alpha,-2.76,0.0002,0.0028900680762261478,-0.0026900680762261477
1000000,single_2alpha,-2.75,0.0002,0.002979763235054555,-0.002779763235054555
1000000,single_2alpha,-2.74,0.0002,0.003071959218650488,-0.002871959218650488
1000000,single_2alpha,-2.73,0.0003,0.0031667162773577934,-0.0028667162773577935
1000000,single_2alpha,-2.7199999999999998,0.0003,0.0032640958158913144,-0.0029640958158913145
1000000,single_2alpha,-2.71,0.0003,0.0033641604066691933,-0.0030641604066691933
1000000,single_2alpha,-2.7,0.0003,0.0034669738030406647,-0.003166973803040665
1000000,single_2alpha,-2.69,0.0003,0.0035726009523997368,-0.003272600952399737
1000000,single_2alpha,-2.68,0.0003,0.00368110800917498,-0.00338110800917498
1000000,single_2alpha,-2.67,0.0003,0.0037925623476854887,-0.0034925623476854887
1000000,single_2alpha,-2.66,0.0003,0.003907032574852774,-0.0036070325748527744
1000000,single_2alpha,-2.65,0.0003,0.004024588542758306,-0.003724588542758306
1000000,single_2alpha,-2.64,0.0003,0.004145301361036037,-0.0038453013610360368
1000000,single_2alpha,-2.63,0.0003,0.004269243409089351,-0.003969243409089351
1000000,single_2alpha,-2.62,0.0003,0.004396488348121309,-0.004096488348121309
1000000,single_2alpha,-2.61,0.0003,0.004527111132967324,-0.004227111132967324
1000000,single_2alpha,-2.6,0.0003,0.004661188023718747,-0.004361188023718747
1000000,single_2alpha,-2.59,0.0003,0.004798796597126178,-0.004498796597126178
1000000,single_2alpha,-2.58,0.0003,0.004940015757770645,-0.004640015757770645
1000000,single_2alpha,-2.57,0.0003,0.0050849257489910355,-0.004784925748991036
1000000,single_2alpha,-2.56,0.0003,0.005233608163555782,-0.004933608163555782
1000000,single_2alpha,-2.55,0.0003,0.005386145954066687,-0.005086145954066687
1000000,single_2alpha,-2.54,0.0003,0.005542623443082601,-0.005242623443082601
1000000,single_2alpha,-2.53,0.0003,0.005703126332950699,-0.005403126332950699
1000000,single_2alpha,-2.52,0.0003,0.005867741715332562,-0.0055677417153325625
1000000,single_2alpha,-2.51,0.0004,0.006036558080412666,-0.005636558080412666
1000000,single_2alpha,-2.5,0.0004,0.006209665325776132,-0.005809665325776132
1000000,single_2alpha,-2.49,0.0004,0.006387154764943171,-0.005987154764943171
1000000,single_2alpha,-2.48,0.0004,0.006569119135546763,-0.006169119135546763
1000000,single_2alpha,-2.4699999999999998,0.0005,0.006755652607140651,-0.006255652607140651
1000000,single_2alpha,-2.46,0.0005,0.006946850788624312,-0.006446850788624312
1000000,single_2alpha,-2.45,0.0005,0.007142810735271415,-0.006642810735271416
1000000,single_2alpha,-2.44,0.0005,0.007343630955348342,-0.006843630955348342
1000000,single_2alpha,-2.4299999999999997,0.0005,0.007549411416309213,-0.007049411416309213
1000000,single_2alpha,-2.42,0.0006,0.0077602535505536425,-0.007160253550553643
1000000,single_2alpha,-2.41,0.0007,0.007976260260733725,-0.007276260260733725
1000000,single_2alpha,-2.4,0.0008,0.008197535924596131,-0.007397535924596131
1000000,single_2alpha,-2.39,0.0009,0.008424186399345685,-0.007524186399345685
1000000,single_2alpha,-2.38,0.001,0.008656319025516543,-0.007656319025516543
1000000,single_2alpha,-2.37,0.001,0.008894042630336772,-0.007894042630336773
1000000,single_2alpha,-2.36,0.0011,0.009137467530572669,-0.008037467530572669
1000000,single_2alpha,-2.35,0.0011,0.009386705534838566,-0.008286705534838566
1000000,single_2alpha,-2.34,0.0011,0.00964186994535833,-0.00854186994535833
1000000,single_2alpha,-2.33,0.0011,0.009903075559164245,-0.008803075559164245
1000000,single_2alpha,-2.32,0.0013,0.01017043866871968,-0.008870438668719682
1000000,single_2alpha,-2.31,0.0013,0.010444077061951083,-0.009144077061951084
1000000,single_2alpha,-2.3,0.0013,0.010724110021675809,-0.00942411002167581
1000000,single_2alpha,-2.29,0.0013,0.011010658324411388,-0.009710658324411387
1000000,single_2alpha,-2.2800000000000002,0.0013,0.01130384423855278,-0.01000384423855278
1000000,single_2alpha,-2.27,0.0015,0.011603791521903535,-0.010103791521903535
1000000,single_2alpha,-2.26,0.0015,0.011910625418547066,-0.010410625418547067
1000000,single_2alpha,-2.25,0.0016,0.012224472655044696,-0.010624472655044695
1000000,single_2alpha,-2.24,0.0016,0.012545461435946563,-0.010945461435946562
1000000,single_2alpha,-2.23,0.0016,0.012873721438602014,-0.011273721438602013
1000000,single_2alpha,-2.2199999999999998,0.0016,0.013209383807256284,-0.011609383807256284
1000000,single_2alpha,-2.21,0.0016,0.013552581146419983,-0.011952581146419982
1000000,single_2alpha,-2.2,0.0016,0.013903447513498595,-0.012303447513498595
1000000,single_2alpha,-2.19,0.0018,0.014262118410668878,-0.012462118410668879
1000000,single_2alpha,-2.1799999999999997,0.0018,0.014628730775989262,-0.012828730775989262
1000000,single_2alpha,-2.17,0.002,0.015003422973732207,-0.013003422973732207
1000000,single_2alpha,-2.16,0.002,0.015386334783925445,-0.013386334783925445
1000000,single_2alpha,-2.15,0.002,0.0157776073910905,-0.0137776073910905
1000000,single_2alpha,-2.14,0.0021,0.01617738337216608,-0.01407738337216608
1000000,single_2alpha,-2.13,0.0021,0.01658580668360501,-0.014485806683605012
1000000,single_2alpha,-2.12,0.0021,0.017003022647632787,-0.014903022647632788
1000000,single_2alpha,-2.11,0.0022,0.017429177937657088,-0.015229177937657087
1000000,single_2alpha,-2.1,0.0022,0.017864420562816542,-0.01566442056281654
1000000,single_2alpha,-2.09,0.0022,0.01830889985165897,-0.01610889985165897
1000000,single_2alpha,-2.08,0.0022,0.01876276643493775,-0.01656276643493775
1000000,single_2alpha,-2.07,0.0025,0.019226172227517282,-0.016726172227517284
1000000,single_2alpha,-2.06,0.0025,0.019699270409376895,-0.017199270409376896
1000000,single_2alpha,-2.05,0.0026,0.020182215405704394,-0.017582215405704392
1000000,single_2alpha,-2.04,0.0027,0.020675162866070042,-0.01797516286607004
1000000,single_2alpha,-2.0300000000000002,0.0027,0.02117826964267226,-0.018478269642672258
1000000,single_2alpha,-2.02,0.0027,0.02169169376764678,-0.01899169376764678
1000000,single_2alpha,-2.01,0.0027,0.022215594429431475,-0.019515594429431474
1000000,single_2alpha,-2.0,0.0027,0.022750131948179195,-0.020050131948179194
1000000,single_2alpha,-1.99,0.0028,0.02329546775021182,-0.02049546775021182
1000000,single_2alpha,-1.98,0.003,0.023851764341508513,-0.020851764341508514
1000000,single_2alpha,-1.97,0.0031,0.024419185280222543,-0.021319185280222544
1000000,single_2alpha,-1.96,0.0031,0.024997895148220435,-0.021897895148220436
1000000,single_2alpha,-1.95,0.0031,0.02558805952163861,-0.022488059521638612
1000000,single_2alpha,-1.94,0.0031,0.026189844940452685,-0.023089844940452686
1000000,single_2alpha,-1.93,0.0031,0.02680341887705495,-0.02370341887705495
1000000,single_2alpha,-1.92,0.0031,0.027428949703836802,-0.024328949703836804
1000000,single_2alpha,-1.91,0.0031,0.0280666066597725,-0.024966606659772503
1000000,single_2alpha,-1.9,0.0032,0.028716559816001803,-0.025516559816001802
1000000,single_2alpha,-1.89,0.0032,0.02937898004040943,-0.02617898004040943
1000000,single_2alpha,-1.88,0.0032,0.03005403896119979,-0.02685403896119979
1000000,single_2alpha,-1.8699999999999999,0.0032,0.030741908929465968,-0.027541908929465966
1000000,single_2alpha,-1.8599999999999999,0.0032,0.031442762980752714,-0.028242762980752713
1000000,single_2alpha,-1.8499999999999999,0.0033,0.03215677479561371,-0.028856774795613712
1000000,single_2alpha,-1.84,0.0033,0.03288411865916389,-0.029584118659163886
1000000,single_2alpha,-1.83,0.0033,0.0336249694196283,-0.0303249694196283
1000000,single_2alpha,-1.82,0.0033,0.03437950244588998,-0.031079502445889976
1000000,single_2alpha,-1.81,0.0033,0.03514789358403879,-0.03184789358403879
1000000,single_2alpha,-1.8,0.0034,0.03593031911292579,-0.03253031911292579
1000000,single_2alpha,-1.79,0.0034,0.03672695569872628,-0.03332695569872628
1000000,single_2alpha,-1.78,0.0036,0.03753798034851679,-0.03393798034851679
1000000,single_2alpha,-1.77,0.0036,0.03836357036287122,-0.03476357036287122
1000000,single_2alpha,-1.76,0.0037,0.03920390328748265,-0.035503903287482645
1000000,single_2alpha,-1.75,0.0038,0.040059156863817086,-0.03625915686381709
1000000,single_2alpha,-1.74,0.0039,0.040929508978807365,-0.037029508978807364
1000000,single_2alpha,-1.73,0.0043,0.04181513761359493,-0.03751513761359493
1000000,single_2alpha,-1.72,0.0046,0.04271622079132892,-0.03811622079132892
1000000,single_2alpha,-1.71,0.0047,0.0436329365240319,-0.038932936524031896
1000000,single_2alpha,-1.7,0.0049,0.04456546275854304,-0.03966546275854304
1000000,single_2alpha,-1.69,0.005,0.045513977321549805,-0.04051397732154981
1000000,single_2alpha,-1.68,0.0051,0.046478657863720046,-0.041378657863720046
1000000,single_2alpha,-1.67,0.0054,0.04745968180294733,-0.04205968180294733
1000000,single_2alpha,-1.66,0.0058,0.04845722626672282,-0.042657226266722824
1000000,single_2alpha,-1.65,0.0059,0.0494714680336481,-0.0435714680336481
1000000,single_2alpha,-1.64,0.0062,0.05050258347410371,-0.044302583474103714
1000000,single_2alpha,-1.63,0.0063,0.051550748490089365,-0.045250748490089365
1000000,single_2alpha,-1.6199999999999999,0.0064,0.05261613845425206,-0.046216138454252056
1000000,single_2alpha,-1.6099999999999999,0.0065,0.053698928148119704,-0.047198928148119705
1000000,single_2alpha,-1.5999999999999999,0.0067,0.054799291699558,-0.048099291699558004
1000000,single_2alpha,-1.59,0.0067,0.055917402519469424,-0.049217402519469426
1000000,single_2alpha,-1.58,0.007,0.057053433237754185,-0.050053433237754186
1000000,single_2alpha,-1.57,0.0073,0.058207555638553,-0.050907555638553
1000000,single_2alpha,-1.56,0.0075,0.05937994059479304,-0.05187994059479304
1000000,single_2alpha,-1.55,0.0077,0.06057075800205901,-0.05287075800205901
1000000,single_2alpha,-1.54,0.008,0.061780176711811886,-0.053780176711811886
1000000,single_2alpha,-1.53,0.0084,0.06300836446397844,-0.05460836446397844
1000000,single_2alpha,-1.52,0.0085,0.06425548781893581,-0.05575548781893581
1000000,single_2alpha,-1.51,0.0087,0.0655217120889165,-0.056821712088916496
1000000,single_2alpha,-1.5,0.0089,0.06680720126885807,-0.05790720126885807
1000000,single_2alpha,-1.49,0.0091,0.06811211796672544,-0.05901211796672544
1000000,single_2alpha,-1.48,0.0096,0.06943662333333173,-0.05983662333333173
1000000,single_2alpha,-1.47,0.0098,0.07078087699168552,-0.060980876991685515
1000000,single_2alpha,-1.46,0.0101,0.07214503696589378,-0.06204503696589378
1000000,single_2alpha,-1.45,0.0105,0.07352925960964836,-0.06302925960964836
1000000,single_2alpha,-1.44,0.0106,0.07493369953432708,-0.06433369953432708
1000000,single_2alpha,-1.43,0.0109,0.07635850953673913,-0.06545850953673912
1000000,single_2alpha,-1.42,0.0113,0.07780384052654638,-0.06650384052654637
1000000,single_2alpha,-1.41,0.0114,0.07926984145339239,-0.0678698414533924
1000000,single_2alpha,-1.4,0.0116,0.08075665923377107,-0.06915665923377107
1000000,single_2alpha,-1.39,0.012,0.08226443867766892,-0.07026443867766892
1000000,single_2alpha,-1.38,0.0121,0.08379332241501436,-0.07169332241501436
1000000,single_2alpha,-1.3699999999999999,0.0122,0.08534345082196704,-0.07314345082196703
1000000,single_2alpha,-1.3599999999999999,0.0124,0.08691496194708509,-0.0745149619470851
1000000,single_2alpha,-1.3499999999999999,0.0126,0.08850799143740207,-0.07590799143740207
1000000,single_2alpha,-1.3399999999999999,0.0129,0.09012267246445249,-0.0772226724644525
1000000,single_2alpha,-1.33,0.0133,0.09175913565028077,-0.07845913565028076
1000000,single_2alpha,-1.32,0.0137,0.09341750899347179,-0.07971750899347178
1000000,single_2alpha,-1.31,0.0139,0.09509791779523902,-0.08119791779523902
1000000,single_2alpha,-1.3,0.0144,0.09680048458561036,-0.08240048458561036
1000000,single_2alpha,-1.29,0.0144,0.09852532904974787,-0.08412532904974787
1000000,single_2alpha,-1.28,0.0145,0.10027256795444206,-0.08577256795444206
1000000,single_2alpha,-1.27,0.0149,0.10204231507481915,-0.08714231507481915
1000000,single_2alpha,-1.26,0.0152,0.1038346811213004,-0.0886346811213004
1000000,single_2alpha,-1.25,0.0156,0.10564977366685535,-0.09004977366685535
1000000,single_2alpha,-1.24,0.0156,0.10748769707458694,-0.09188769707458694
1000000,single_2alpha,-1.23,0.0158,0.10934855242569191,-0.0935485524256919
1000000,single_2alpha,-1.22,0.0164,0.11123243744783456,-0.09483243744783457
1000000,single_2alpha,-1.21,0.0167,0.11313944644397739,-0.0964394464439774
1000000,single_2alpha,-1.2,0.0171,0.11506967022170822,-0.09796967022170822
1000000,single_2alpha,-1.19,0.0172,0.11702319602310873,-0.09982319602310874
1000000,single_2alpha,-1.18,0.0178,0.11900010745520073,-0.10120010745520074
1000000,single_2alpha,-1.17,0.0179,0.12100048442101824,-0.10310048442101824
1000000,single_2alpha,-1.16,0.0185,0.12302440305134343,-0.10452440305134343
1000000,single_2alpha,-1.15,0.0188,0.12507193563715036,-0.10627193563715036
1000000,single_2alpha,-1.14,0.0193,0.1271431505627983,-0.10784315056279829
1000000,single_2alpha,-1.13,0.0195,0.12923811224001786,-0.10973811224001785
1000000,single_2alpha,-1.1199999999999999,0.0197,0.13135688104273074,-0.11165688104273075
1000000,single_2alpha,-1.1099999999999999,0.02,0.13349951324274728,-0.11349951324274728
1000000,single_2alpha,-1.0999999999999999,0.0205,0.13566606094638267,-0.11516606094638267
1000000,single_2alpha,-1.0899999999999999,0.0209,0.1378565720320355,-0.1169565720320355
1000000,single_2alpha,-1.08,0.0214,0.140071090088769,-0.118671090088769
1000000,single_2alpha,-1.07,0.0219,0.14230965435593923,-0.12040965435593923
1000000,single_2alpha,-1.06,0.0225,0.1445722996639096,-0.12207229966390962
1000000,single_2alpha,-1.05,0.023,0.1468590563758959,-0.12385905637589592
1000000,single_2alpha,-1.04,0.024,0.1491699503309814,-0.1251699503309814
1000000,single_2alpha,-1.03,0.0247,0.15150500278834367,-0.12680500278834367
1000000,single_2alpha,-1.02,0.0255,0.15386423037273478,-0.12836423037273478
1000000,single_2alpha,-1.01,0.0261,0.15624764502125466,-0.13014764502125464
1000000,single_2alpha,-1.0,0.0264,0.15865525393145707,-0.13225525393145707
1000000,single_2alpha,-0.9899999999999998,0.027,0.1610870595108309,-0.1340870595108309
1000000,single_2alpha,-0.98,0.0274,0.16354305932769236,-0.13614305932769236
1000000,single_2alpha,-0.9699999999999998,0.0282,0.1660232460635297,-0.1378232460635297
1000000,single_2alpha,-0.96,0.0285,0.16852760746683781,-0.14002760746683782
1000000,single_2alpha,-0.9500000000000002,0.0292,0.17105612630848183,-0.14185612630848182
1000000,single_2alpha,-0.94,0.0299,0.1736087803386246,-0.14370878033862458
1000000,single_2alpha,-0.9300000000000002,0.0305,0.17618554224525784,-0.14568554224525784
1000000,single_2alpha,-0.9199999999999999,0.0311,0.17878637961437172,-0.14768637961437173
1000000,single_2alpha,-0.9100000000000001,0.0323,0.1814112548917972,-0.14911125489179722
1000000,single_2alpha,-0.8999999999999999,0.0333,0.18406012534675953,-0.15076012534675953
1000000,single_2alpha,-0.8900000000000001,0.0337,0.18673294303717258,-0.15303294303717258
1000000,single_2alpha,-0.8799999999999999,0.0343,0.18942965477671214,-0.15512965477671214
1000000,single_2alpha,-0.8700000000000001,0.0351,0.19215020210369615,-0.15705020210369616
1000000,single_2alpha,-0.8599999999999999,0.0358,0.1948945212518084,-0.1590945212518084
1000000,single_2alpha,-0.8500000000000001,0.0368,0.19766254312269238,-0.16086254312269238
1000000,single_2alpha,-0.8399999999999999,0.0373,0.20045419326044972,-0.16315419326044972
1000000,single_2alpha,-0.8300000000000001,0.0385,0.2032693918280684,-0.1647693918280684
1000000,single_2alpha,-0.8199999999999998,0.0391,0.20610805358581308,-0.16700805358581308
1000000,single_2alpha,-0.81,0.0402,0.2089700878716016,-0.16877008787160158
1000000,single_2alpha,-0.7999999999999998,0.0407,0.21185539858339675,-0.17115539858339673
1000000,single_2alpha,-0.79,0.042,0.21476388416363712,-0.1727638841636371
1000000,single_2alpha,-0.7799999999999998,0.043,0.21769543758573318,-0.1746954375857332
1000000,single_2alpha,-0.77,0.0437,0.22064994634264962,-0.1769499463426496
1000000,single_2alpha,-0.7599999999999998,0.0442,0.2236272924375995,-0.17942729243759947
1000000,single_2alpha,-0.75,0.0454,0.2266273523768682,-0.1812273523768682
1000000,single_2alpha,-0.7399999999999998,0.0465,0.22964999716479062,-0.18314999716479063
1000000,single_2alpha,-0.73,0.0474,0.2326950923008974,-0.1852950923008974
1000000,single_2alpha,-0.7199999999999998,0.0479,0.23576249777925123,-0.18786249777925124
1000000,single_2alpha,-0.71,0.0492,0.2388520680899867,-0.18965206808998672
1000000,single_2alpha,-0.6999999999999997,0.0502,0.2419636522230731,-0.1917636522230731
1000000,single_2alpha,-0.69,0.0515,0.24509709367430943,-0.19359709367430944
1000000,single_2alpha,-0.6800000000000002,0.0526,0.24825223045357053,-0.19565223045357052
1000000,single_2alpha,-0.6699999999999999,0.0537,0.2514288950953102,-0.1977288950953102
1000000,single_2alpha,-0.6600000000000001,0.0552,0.2546269146713361,-0.19942691467133608
1000000,single_2alpha,-0.6499999999999999,0.0567,0.2578461108058647,-0.20114611080586473
1000000,single_2alpha,-0.6400000000000001,0.0578,0.26108629969286157,-0.20328629969286158
1000000,single_2alpha,-0.6299999999999999,0.0588,0.2643472921156776,-0.2055472921156776
1000000,single_2alpha,-0.6200000000000001,0.0597,0.267628893468983,-0.207928893468983
1000000,single_2alpha,-0.6099999999999999,0.0619,0.27093090378300577,-0.20903090378300576
1000000,single_2alpha,-0.6000000000000001,0.0634,0.27425311775007355,-0.21085311775007354
1000000,single_2alpha,-0.5899999999999999,0.0643,0.27759532475346493,-0.21329532475346494
1000000,single_2alpha,-0.5800000000000001,0.0652,0.2809573088985643,-0.21575730889856432
1000000,single_2alpha,-0.5699999999999998,0.0665,0.2843388490463242,-0.21783884904632422
1000000,single_2alpha,-0.56,0.0679,0.28773971884902705,-0.21983971884902703
1000000,single_2alpha,-0.5499999999999998,0.0689,0.2911596867883464,-0.2222596867883464
1000000,single_2alpha,-0.54,0.0699,0.294598516215698,-0.22469851621569797
1000000,single_2alpha,-0.5299999999999998,0.0712,0.29805596539487644,-0.22685596539487646
1000000,single_2alpha,-0.52,0.0731,0.3015317875469662,-0.2284317875469662
1000000,single_2alpha,-0.5099999999999998,0.0746,0.3050257308975195,-0.2304257308975195
1000000,single_2alpha,-0.5,0.076,0.3085375387259869,-0.23253753872598687
1000000,single_2alpha,-0.48999999999999977,0.0773,0.3120669494173906,-0.23476694941739062
1000000,single_2alpha,-0.48,0.0793,0.31561369651622256,-0.23631369651622258
1000000,single_2alpha,-0.46999999999999975,0.0802,0.3191775087825559,-0.23897750878255591
1000000,single_2alpha,-0.45999999999999996,0.082,0.32275811025034773,-0.2407581102503477
1000000,single_2alpha,-0.44999999999999973,0.0833,0.32635522028792013,-0.24305522028792015
1000000,single_2alpha,-0.43999999999999995,0.0854,0.32996855366059363,-0.24456855366059363
1000000,single_2alpha,-0.43000000000000016,0.0865,0.3335978205954576,-0.24709782059545762
1000000,single_2alpha,-0.41999999999999993,0.0883,0.3372427268482495,-0.24894272684824953
1000000,single_2alpha,-0.41000000000000014,0.0898,0.34090297377232254,-0.25110297377232255
1000000,single_2alpha,-0.3999999999999999,0.0913,0.3445782583896759,-0.2532782583896759
1000000,single_2alpha,-0.3900000000000001,0.0927,0.34826827346401756,-0.25556827346401756
1000000,single_2alpha,-0.3799999999999999,0.0945,0.35197270757583726,-0.2574727075758373
1000000,single_2alpha,-0.3700000000000001,0.096,0.3556912451994532,-0.2596912451994532
1000000,single_2alpha,-0.3599999999999999,0.0974,0.3594235667820088,-0.26202356678200883
1000000,single_2alpha,-0.3500000000000001,0.099,0.3631693488243809,-0.2641693488243809
1000000,single_2alpha,-0.33999999999999986,0.1007,0.366928263963972,-0.266228263963972
1000000,single_2alpha,-0.33000000000000007,0.1031,0.37069998105934643,-0.26759998105934646
1000000,single_2alpha,-0.31999999999999984,0.1051,0.37448416527668005,-0.2693841652766801
1000000,single_2alpha,-0.31000000000000005,0.1075,0.3782804781779807,-0.27078047817798073
1000000,single_2alpha,-0.2999999999999998,0.1093,0.38208857781104744,-0.27278857781104743
1000000,single_2alpha,-0.29000000000000004,0.1102,0.38590811880112263,-0.2757081188011226
1000000,single_2alpha,-0.2799999999999998,0.1123,0.38973875244420286,-0.27743875244420285
1000000,single_2alpha,-0.27,0.114,0.3935801268019605,-0.2795801268019605
1000000,single_2alpha,-0.2599999999999998,0.116,0.3974318867982396,-0.2814318867982396
1000000,single_2alpha,-0.25,0.1175,0.4012936743170763,-0.2837936743170763
1000000,single_2alpha,-0.23999999999999977,0.1186,0.40516512830220425,-0.28656512830220426
1000000,single_2alpha,-0.22999999999999998,0.1213,0.40904588485799415,-0.2877458848579941
1000000,single_2alpha,-0.21999999999999975,0.1235,0.4129355773517855,-0.2894355773517855
1000000,single_2alpha,-0.20999999999999996,0.1254,0.41683383651755773,-0.2914338365175577
1000000,single_2alpha,-0.19999999999999973,0.1265,0.42074029056089707,-0.29424029056089707
1000000,single_2alpha,-0.18999999999999995,0.1281,0.42465456526520456,-0.2965545652652046
1000000,single_2alpha,-0.18000000000000016,0.13,0.4285762840990992,-0.2985762840990992
1000000,single_2alpha,-0.16999999999999993,0.132,0.4325050683249616,-0.3005050683249616
1000000,single_2alpha,-0.16000000000000014,0.134,0.4364405371085671,-0.3024405371085671
1000000,single_2alpha,-0.1499999999999999,0.1369,0.4403823076297575,-0.3034823076297575
1000000,single_2alpha,-0.14000000000000012,0.1393,0.44432999519409355,-0.3050299951940936
1000000,single_2alpha,-0.1299999999999999,0.1412,0.4482832133454389,-0.3070832133454389
1000000,single_2alpha,-0.1200000000000001,0.1436,0.4522415739794161,-0.3086415739794161
1000000,single_2alpha,-0.10999999999999988,0.1452,0.4562046874576833,-0.3110046874576833
1000000,single_2alpha,-0.10000000000000009,0.148,0.46017216272297096,-0.312172162722971
1000000,single_2alpha,-0.08999999999999986,0.1498,0.46414360741482796,-0.314343607414828
1000000,single_2alpha,-0.08000000000000007,0.1521,0.4681186279860126,-0.3160186279860126
1000000,single_2alpha,-0.06999999999999984,0.1549,0.472096829819479,-0.31719682981947894
1000000,single_2alpha,-0.06000000000000005,0.1568,0.4760778173458931,-0.3192778173458931
1000000,single_2alpha,-0.04999999999999982,0.1592,0.4800611941616276,-0.3208611941616276
1000000,single_2alpha,-0.040000000000000036,0.161,0.4840465631471692,-0.3230465631471692
1000000,single_2alpha,-0.029999999999999805,0.1637,0.48803352658588744,-0.32433352658588743
1000000,single_2alpha,-0.020000000000000018,0.1659,0.492021686283098,-0.326121686283098
1000000,single_2alpha,-0.009999999999999787,0.1678,0.49601064368536846,-0.32821064368536845
1000000,single_2alpha,0.0,0.1701,0.5,-0.32989999999999997
1000000,single_2alpha,0.010000000000000231,0.1725,0.5039893563146317,-0.3314893563146317
1000000,single_2alpha,0.020000000000000018,0.1759,0.5079783137169019,-0.33207831371690194
1000000,single_2alpha,0.03000000000000025,0.1781,0.5119664734141127,-0.3338664734141127
1000000,single_2alpha,0.040000000000000036,0.1802,0.5159534368528308,-0.33575343685283077
1000000,single_2alpha,0.050000000000000266,0.1823,0.5199388058383726,-0.3376388058383726
1000000,single_2alpha,0.06000000000000005,0.1847,0.5239221826541068,-0.33922218265410686
1000000,single_2alpha,0.07000000000000028,0.1866,0.5279031701805212,-0.34130317018052125
1000000,single_2alpha,0.08000000000000007,0.1898,0.5318813720139874,-0.3420813720139875
1000000,single_2alpha,0.08999999999999986,0.1924,0.535856392585172,-0.343456392585172
1000000,single_2alpha,0.10000000000000009,0.1949,0.539827837277029,-0.344927837277029
1000000,single_2alpha,0.10999999999999988,0.1978,0.5437953125423167,-0.34599531254231675
1000000,single_2alpha,0.1200000000000001,0.2015,0.5477584260205839,-0.3462584260205839
1000000,single_2alpha,0.1299999999999999,0.204,0.5517167866545611,-0.3477167866545612
1000000,single_2alpha,0.14000000000000012,0.2064,0.5556700048059064,-0.3492700048059064
1000000,single_2alpha,0.1499999999999999,0.2095,0.5596176923702425,-0.3501176923702425
1000000,single_2alpha,0.16000000000000014,0.2131,0.5635594628914329,-0.35045946289143287
1000000,single_2alpha,0.16999999999999993,0.2171,0.5674949316750384,-0.35039493167503843
1000000,single_2alpha,0.18000000000000016,0.2207,0.5714237159009008,-0.3507237159009008
1000000,single_2alpha,0.18999999999999995,0.2238,0.5753454347347954,-0.3515454347347954
1000000,single_2alpha,0.20000000000000018,0.2267,0.5792597094391031,-0.3525597094391031
1000000,single_2alpha,0.20999999999999996,0.2305,0.5831661634824423,-0.3526661634824423
1000000,single_2alpha,0.2200000000000002,0.2342,0.5870644226482147,-0.3528644226482147
1000000,single_2alpha,0.22999999999999998,0.2372,0.5909541151420059,-0.35375411514200594
1000000,single_2alpha,0.2400000000000002,0.2398,0.5948348716977959,-0.3550348716977959
1000000,single_2alpha,0.25,0.2429,0.5987063256829237,-0.3558063256829237
1000000,single_2alpha,0.26000000000000023,0.2461,0.6025681132017606,-0.35646811320176064
1000000,single_2alpha,0.27,0.2484,0.6064198731980396,-0.3580198731980396
1000000,single_2alpha,0.28000000000000025,0.2513,0.6102612475557974,-0.35896124755579734
1000000,single_2alpha,0.29000000000000004,0.254,0.6140918811988774,-0.36009188119887736
1000000,single_2alpha,0.30000000000000027,0.2577,0.6179114221889528,-0.3602114221889528
1000000,single_2alpha,0.31000000000000005,0.2608,0.6217195218220193,-0.3609195218220193
1000000,single_2alpha,0.3200000000000003,0.2643,0.6255158347233202,-0.3612158347233202
1000000,single_2alpha,0.33000000000000007,0.2678,0.6293000189406536,-0.3615000189406536
1000000,single_2alpha,0.33999999999999986,0.2708,0.6330717360360281,-0.3622717360360281
1000000,single_2alpha,0.3500000000000001,0.2738,0.6368306511756191,-0.3630306511756191
1000000,single_2alpha,0.3599999999999999,0.2771,0.6405764332179912,-0.36347643321799117
1000000,single_2alpha,0.3700000000000001,0.2804,0.6443087548005468,-0.36390875480054685
1000000,single_2alpha,0.3799999999999999,0.2844,0.6480272924241628,-0.3636272924241628
1000000,single_2alpha,0.3900000000000001,0.2869,0.6517317265359824,-0.36483172653598245
1000000,single_2alpha,0.3999999999999999,0.2905,0.6554217416103241,-0.3649217416103241
1000000,single_2alpha,0.41000000000000014,0.2939,0.6590970262276774,-0.3651970262276774
1000000,single_2alpha,0.41999999999999993,0.2964,0.6627572731517505,-0.3663572731517505
1000000,single_2alpha,0.43000000000000016,0.2988,0.6664021794045424,-0.3676021794045424
1000000,single_2alpha,0.43999999999999995,0.3018,0.6700314463394064,-0.36823144633940635
1000000,single_2alpha,0.4500000000000002,0.3041,0.67364477971208,-0.36954477971208005
1000000,single_2alpha,0.45999999999999996,0.3078,0.6772418897496523,-0.36944188974965225
1000000,single_2alpha,0.4700000000000002,0.3112,0.6808224912174442,-0.3696224912174442
1000000,single_2alpha,0.48,0.3153,0.6843863034837774,-0.36908630348377736
1000000,single_2alpha,0.4900000000000002,0.3195,0.6879330505826096,-0.36843305058260956
1000000,single_2alpha,0.5,0.3235,0.6914624612740131,-0.3679624612740131
1000000,single_2alpha,0.5100000000000002,0.3269,0.6949742691024807,-0.3680742691024807
1000000,single_2alpha,0.52,0.3312,0.6984682124530338,-0.3672682124530338
1000000,single_2alpha,0.5300000000000002,0.335,0.7019440346051237,-0.36694403460512365
1000000,single_2alpha,0.54,0.3383,0.705401483784302,-0.367101483784302
1000000,single_2alpha,0.5500000000000003,0.3417,0.7088403132116537,-0.36714031321165375
1000000,single_2alpha,0.56,0.3442,0.712260281150973,-0.36806028115097295
1000000,single_2alpha,0.5700000000000003,0.3485,0.7156611509536759,-0.3671611509536759
1000000,single_2alpha,0.5800000000000001,0.3512,0.7190426911014357,-0.3678426911014357
1000000,single_2alpha,0.5899999999999999,0.3546,0.7224046752465351,-0.36780467524653504
1000000,single_2alpha,0.6000000000000001,0.3592,0.7257468822499265,-0.36654688224992643
1000000,single_2alpha,0.6099999999999999,0.3626,0.7290690962169942,-0.36646909621699425
1000000,single_2alpha,0.6200000000000001,0.3659,0.732371106531017,-0.366471106531017
1000000,single_2alpha,0.6299999999999999,0.3712,0.7356527078843225,-0.3644527078843225
1000000,single_2alpha,0.6400000000000001,0.3757,0.7389137003071384,-0.36321370030713845
1000000,single_2alpha,0.6499999999999999,0.3803,0.7421538891941353,-0.36185388919413525
1000000,single_2alpha,0.6600000000000001,0.3836,0.745373085328664,-0.361773085328664
1000000,single_2alpha,0.6699999999999999,0.3874,0.7485711049046898,-0.3611711049046898
1000000,single_2alpha,0.6800000000000002,0.392,0.7517477695464294,-0.3597477695464294
1000000,single_2alpha,0.69,0.3949,0.7549029063256906,-0.3600029063256906
1000000,single_2alpha,0.7000000000000002,0.3987,0.758036347776927,-0.35933634777692697
1000000,single_2alpha,0.71,0.4016,0.7611479319100133,-0.3595479319100133
1000000,single_2alpha,0.7200000000000002,0.4046,0.7642375022207488,-0.3596375022207488
1000000,single_2alpha,0.73,0.4089,0.7673049076991025,-0.35840490769910255
1000000,single_2alpha,0.7400000000000002,0.4117,0.7703500028352095,-0.3586500028352095
1000000,single_2alpha,0.75,0.4162,0.7733726476231317,-0.3571726476231317
1000000,single_2alpha,0.7600000000000002,0.4202,0.7763727075624006,-0.3561727075624006
1000000,single_2alpha,0.77,0.4232,0.7793500536573503,-0.3561500536573503
1000000,single_2alpha,0.7800000000000002,0.4269,0.782304562414267,-0.35540456241426704
1000000,single_2alpha,0.79,0.4317,0.7852361158363629,-0.3535361158363629
1000000,single_2alpha,0.8000000000000003,0.4366,0.7881446014166034,-0.3515446014166034
1000000,single_2alpha,0.81,0.4404,0.7910299121283983,-0.35062991212839834
1000000,single_2alpha,0.8200000000000003,0.4449,0.793891946414187,-0.348991946414187
1000000,single_2alpha,0.8300000000000001,0.4472,0.7967306081719316,-0.34953060817193166
1000000,single_2alpha,0.8399999999999999,0.4517,0.7995458067395502,-0.34784580673955023
1000000,single_2alpha,0.8500000000000001,0.4559,0.8023374568773076,-0.3464374568773076
1000000,single_2alpha,0.8599999999999999,0.4588,0.8051054787481916,-0.3463054787481916
1000000,single_2alpha,0.8700000000000001,0.4639,0.8078497978963038,-0.34394979789630387
1000000,single_2alpha,0.8799999999999999,0.4674,0.8105703452232879,-0.3431703452232879
1000000,single_2alpha,0.8900000000000001,0.4712,0.8132670569628274,-0.3420670569628274
1000000,single_2alpha,0.8999999999999999,0.4756,0.8159398746532405,-0.34033987465324045
1000000,single_2alpha,0.9100000000000001,0.4789,0.8185887451082028,-0.3396887451082028
1000000,single_2alpha,0.9199999999999999,0.4837,0.8212136203856283,-0.33751362038562827
1000000,single_2alpha,0.9300000000000002,0.4878,0.8238144577547422,-0.33601445775474215
1000000,single_2alpha,0.94,0.4914,0.8263912196613754,-0.3349912196613754
1000000,single_2alpha,0.9500000000000002,0.4971,0.8289438736915182,-0.33184387369151824
1000000,single_2alpha,0.96,0.5016,0.8314723925331622,-0.32987239253316214
1000000,single_2alpha,0.9700000000000002,0.505,0.8339767539364704,-0.3289767539364704
1000000,single_2alpha,0.98,0.5081,0.8364569406723077,-0.3283569406723077
1000000,single_2alpha,0.9900000000000002,0.512,0.8389129404891691,-0.3269129404891691
1000000,single_2alpha,1.0,0.5167,0.8413447460685429,-0.3246447460685429
1000000,single_2alpha,1.0099999999999998,0.52,0.8437523549787453,-0.3237523549787453
1000000,single_2alpha,1.0200000000000005,0.5233,0.8461357696272652,-0.32283576962726523
1000000,single_2alpha,1.0300000000000002,0.5282,0.8484949972116563,-0.32029499721165633
1000000,single_2alpha,1.04,0.5324,0.8508300496690187,-0.31843004966901867
1000000,single_2alpha,1.0499999999999998,0.5375,0.853140943624104,-0.315640943624104
1000000,single_2alpha,1.0600000000000005,0.5416,0.8554277003360906,-0.31382770033609064
1000000,single_2alpha,1.0700000000000003,0.5452,0.8576903456440608,-0.31249034564406075
1000000,single_2alpha,1.08,0.5488,0.859928909911231,-0.3111289099112311
1000000,single_2alpha,1.0899999999999999,0.5516,0.8621434279679645,-0.3105434279679645
1000000,single_2alpha,1.0999999999999996,0.5545,0.8643339390536173,-0.30983393905361734
1000000,single_2alpha,1.1100000000000003,0.5579,0.8665004867572528,-0.3086004867572528
1000000,single_2alpha,1.12,0.562,0.8686431189572693,-0.30664311895726926
1000000,single_2alpha,1.13,0.5657,0.8707618877599821,-0.3050618877599821
1000000,single_2alpha,1.1399999999999997,0.5689,0.8728568494372017,-0.3039568494372017
1000000,single_2alpha,1.1500000000000004,0.5729,0.8749280643628499,-0.3020280643628499
1000000,single_2alpha,1.1600000000000001,0.5767,0.8769755969486566,-0.3002755969486566
1000000,single_2alpha,1.17,0.5808,0.8789995155789818,-0.29819951557898183
1000000,single_2alpha,1.1799999999999997,0.5855,0.8809998925447993,-0.29549989254479925
1000000,single_2alpha,1.1900000000000004,0.59,0.8829768039768913,-0.2929768039768913
1000000,single_2alpha,1.2000000000000002,0.5935,0.8849303297782918,-0.29143032977829175
1000000,single_2alpha,1.21,0.5981,0.8868605535560226,-0.2887605535560226
1000000,single_2alpha,1.2199999999999998,0.6022,0.8887675625521653,-0.2865675625521653
1000000,single_2alpha,1.2300000000000004,0.6061,0.8906514475743081,-0.28455144757430817
1000000,single_2alpha,1.2400000000000002,0.61,0.8925123029254132,-0.2825123029254132
1000000,single_2alpha,1.25,0.6135,0.8943502263331446,-0.2808502263331446
1000000,single_2alpha,1.2599999999999998,0.6184,0.8961653188786995,-0.2777653188786996
1000000,single_2alpha,1.2700000000000005,0.6229,0.8979576849251809,-0.2750576849251809
1000000,single_2alpha,1.2800000000000002,0.6259,0.8997274320455579,-0.27382743204555793
1000000,single_2alpha,1.29,0.6293,0.9014746709502521,-0.27217467095025216
1000000,single_2alpha,1.2999999999999998,0.6346,0.9031995154143896,-0.26859951541438953
1000000,single_2alpha,1.3100000000000005,0.6383,0.9049020822047611,-0.2666020822047611
1000000,single_2alpha,1.3200000000000003,0.6416,0.9065824910065282,-0.26498249100652826
1000000,single_2alpha,1.33,0.6447,0.9082408643497193,-0.26354086434971924
1000000,single_2alpha,1.3399999999999999,0.6482,0.9098773275355475,-0.2616773275355475
1000000,single_2alpha,1.3500000000000005,0.6513,0.9114920085625979,-0.26019200856259794
1000000,single_2alpha,1.3600000000000003,0.6551,0.913085038052915,-0.25798503805291495
1000000,single_2alpha,1.37,0.658,0.914656549178033,-0.25665654917803293
1000000,single_2alpha,1.38,0.6614,0.9162066775849856,-0.25480667758498565
1000000,single_2alpha,1.3899999999999997,0.6649,0.917735561322331,-0.252835561322331
1000000,single_2alpha,1.4000000000000004,0.6686,0.919243340766229,-0.2506433407662291
1000000,single_2alpha,1.4100000000000001,0.6723,0.9207301585466077,-0.24843015854660766
1000000,single_2alpha,1.42,0.677,0.9221961594734536,-0.24519615947345352
1000000,single_2alpha,1.4299999999999997,0.6812,0.9236414904632608,-0.2424414904632608
1000000,single_2alpha,1.4400000000000004,0.6852,0.9250663004656731,-0.23986630046567303
1000000,single_2alpha,1.4500000000000002,0.6891,0.9264707403903517,-0.23737074039035166
1000000,single_2alpha,1.46,0.6933,0.9278549630341062,-0.23455496303410617
1000000,single_2alpha,1.4699999999999998,0.697,0.9292191230083144,-0.2322191230083145
1000000,single_2alpha,1.4800000000000004,0.7002,0.9305633766666683,-0.23036337666666828
1000000,single_2alpha,1.4900000000000002,0.7034,0.9318878820332746,-0.22848788203327453
1000000,single_2alpha,1.5,0.7068,0.9331927987311419,-0.22639279873114193
1000000,single_2alpha,1.5099999999999998,0.7102,0.9344782879110834,-0.2242782879110834
1000000,single_2alpha,1.5200000000000005,0.714,0.9357445121810642,-0.22174451218106428
1000000,single_2alpha,1.5300000000000002,0.7174,0.9369916355360216,-0.21959163553602157
1000000,single_2alpha,1.54,0.7208,0.9382198232881881,-0.2174198232881881
1000000,single_2alpha,1.5499999999999998,0.7247,0.939429241997941,-0.21472924199794097
1000000,single_2alpha,1.5600000000000005,0.7279,0.9406200594052071,-0.2127200594052071
1000000,single_2alpha,1.5700000000000003,0.7319,0.941792444361447,-0.20989244436144705
1000000,single_2alpha,1.58,0.7358,0.9429465667622459,-0.20714656676224585
1000000,single_2alpha,1.5899999999999999,0.7391,0.9440825974805306,-0.2049825974805306
1000000,single_2alpha,1.6000000000000005,0.7436,0.9452007083004421,-0.20160070830044208
1000000,single_2alpha,1.6100000000000003,0.7465,0.9463010718518803,-0.19980107185188023
1000000,single_2alpha,1.62,0.7491,0.9473838615457479,-0.19828386154574795
1000000,single_2alpha,1.63,0.7522,0.9484492515099107,-0.19624925150991068
1000000,single_2alpha,1.6399999999999997,0.755,0.9494974165258963,-0.19449741652589625
1000000,single_2alpha,1.6500000000000004,0.7587,0.9505285319663519,-0.19182853196635186
1000000,single_2alpha,1.6600000000000001,0.7616,0.9515427737332772,-0.18994277373327717
1000000,single_2alpha,1.67,0.7648,0.9525403181970526,-0.1877403181970526
1000000,single_2alpha,1.6799999999999997,0.7681,0.9535213421362799,-0.18542134213627992
1000000,single_2alpha,1.6900000000000004,0.7711,0.9544860226784502,-0.18338602267845017
1000000,single_2alpha,1.7000000000000002,0.7738,0.955434537241457,-0.18163453724145695
1000000,single_2alpha,1.71,0.777,0.9563670634759681,-0.1793670634759681
1000000,single_2alpha,1.7199999999999998,0.7799,0.957283779208671,-0.177383779208671
1000000,single_2alpha,1.7300000000000004,0.7832,0.9581848623864051,-0.1749848623864051
1000000,single_2alpha,1.7400000000000002,0.7857,0.9590704910211927,-0.17337049102119273
1000000,single_2alpha,1.75,0.7893,0.9599408431361829,-0.17064084313618288
1000000,single_2alpha,1.7599999999999998,0.7923,0.9607960967125173,-0.1684960967125173
1000000,single_2alpha,1.7700000000000005,0.7955,0.9616364296371288,-0.16613642963712882
1000000,single_2alpha,1.7800000000000002,0.7978,0.9624620196514833,-0.1646620196514833
1000000,single_2alpha,1.79,0.8001,0.9632730443012737,-0.16317304430127366
1000000,single_2alpha,1.7999999999999998,0.8028,0.9640696808870742,-0.16126968088707427
1000000,single_2alpha,1.8100000000000005,0.8054,0.9648521064159612,-0.1594521064159612
1000000,single_2alpha,1.8200000000000003,0.8082,0.9656204975541101,-0.15742049755411003
1000000,single_2alpha,1.83,0.8105,0.9663750305803717,-0.15587503058037167
1000000,single_2alpha,1.8399999999999999,0.8132,0.9671158813408361,-0.1539158813408361
1000000,single_2alpha,1.8500000000000005,0.816,0.9678432252043864,-0.15184322520438642
1000000,single_2alpha,1.8600000000000003,0.8186,0.9685572370192473,-0.14995723701924735
1000000,single_2alpha,1.87,0.8214,0.9692580910705341,-0.14785809107053405
1000000,single_2alpha,1.88,0.8246,0.9699459610388002,-0.14534596103880015
1000000,single_2alpha,1.8899999999999997,0.827,0.9706210199595906,-0.14362101995959065
1000000,single_2alpha,1.9000000000000004,0.8299,0.9712834401839983,-0.1413834401839983
1000000,single_2alpha,1.9100000000000001,0.8321,0.9719333933402275,-0.1398333933402276
1000000,single_2alpha,1.92,0.8338,0.9725710502961632,-0.1387710502961632
1000000,single_2alpha,1.9299999999999997,0.8366,0.973196581122945,-0.13659658112294504
1000000,single_2alpha,1.9400000000000004,0.8388,0.9738101550595474,-0.1350101550595474
1000000,single_2alpha,1.9500000000000002,0.8407,0.9744119404783614,-0.13371194047836144
1000000,single_2alpha,1.96,0.843,0.9750021048517795,-0.13200210485177954
1000000,single_2alpha,1.9699999999999998,0.8447,0.9755808147197774,-0.13088081471977742
1000000,single_2alpha,1.9800000000000004,0.8462,0.9761482356584915,-0.12994823565849156
1000000,single_2alpha,1.9900000000000002,0.8479,0.9767045322497881,-0.12880453224978816
1000000,single_2alpha,2.0,0.8494,0.9772498680518208,-0.12784986805182075
1000000,single_2alpha,2.01,0.8511,0.9777844055705686,-0.1266844055705686
1000000,single_2alpha,2.0200000000000005,0.8537,0.9783083062323532,-0.1246083062323532
1000000,single_2alpha,2.0300000000000002,0.8562,0.9788217303573278,-0.12262173035732782
1000000,single_2alpha,2.04,0.8578,0.9793248371339299,-0.12152483713392992
1000000,single_2alpha,2.05,0.8602,0.9798177845942956,-0.11961778459429562
1000000,single_2alpha,2.0600000000000005,0.8622,0.9803007295906231,-0.11810072959062312
1000000,single_2alpha,2.0700000000000003,0.8646,0.9807738277724828,-0.11617382777248275
1000000,single_2alpha,2.08,0.8664,0.9812372335650622,-0.11483723356506226
1000000,single_2alpha,2.09,0.8688,0.981691100148341,-0.11289110014834103
1000000,single_2alpha,2.1000000000000005,0.8708,0.9821355794371834,-0.11133557943718342
1000000,single_2alpha,2.1100000000000003,0.8729,0.9825708220623429,-0.10967082206234291
1000000,single_2alpha,2.12,0.8747,0.9829969773523672,-0.10829697735236721
1000000,single_2alpha,2.13,0.8766,0.983414193316395,-0.10681419331639497
1000000,single_2alpha,2.1399999999999997,0.8783,0.9838226166278339,-0.10552261662783391
1000000,single_2alpha,2.1500000000000004,0.8803,0.9842223926089095,-0.10392239260890956
1000000,single_2alpha,2.16,0.8818,0.9846136652160745,-0.10281366521607449
1000000,single_2alpha,2.17,0.883,0.9849965770262678,-0.10199657702626774
1000000,single_2alpha,2.1799999999999997,0.8856,0.9853712692240107,-0.0997712692240107
1000000,single_2alpha,2.1900000000000004,0.8869,0.9857378815893312,-0.09883788158933116
1000000,single_2alpha,2.2,0.889,0.9860965524865014,-0.0970965524865014
1000000,single_2alpha,2.21,0.8918,0.98644741885358,-0.09464741885357997
1000000,single_2alpha,2.2199999999999998,0.8936,0.9867906161927437,-0.09319061619274371
1000000,single_2alpha,2.2300000000000004,0.8958,0.987126278561398,-0.09132627856139797
1000000,single_2alpha,2.24,0.8972,0.9874545385640534,-0.09025453856405341
1000000,single_2alpha,2.25,0.8989,0.9877755273449553,-0.0888755273449553
1000000,single_2alpha,2.26,0.9006,0.988089374581453,-0.087489374581453
1000000,single_2alpha,2.2700000000000005,0.9021,0.9883962084780965,-0.08629620847809649
1000000,single_2alpha,2.2800000000000002,0.904,0.9886961557614472,-0.08469615576144718
1000000,single_2alpha,2.29,0.9058,0.9889893416755886,-0.08318934167558856
1000000,single_2alpha,2.3,0.907,0.9892758899783242,-0.08227588997832413
1000000,single_2alpha,2.3100000000000005,0.9092,0.989555922938049,-0.08035592293804894
1000000,single_2alpha,2.3200000000000003,0.9114,0.9898295613312803,-0.07842956133128032
1000000,single_2alpha,2.33,0.913,0.9900969244408357,-0.07709692444083571
1000000,single_2alpha,2.34,0.9145,0.9903581300546417,-0.0758581300546417
1000000,single_2alpha,2.3500000000000005,0.9158,0.9906132944651614,-0.0748132944651615
1000000,single_2alpha,2.3600000000000003,0.9175,0.9908625324694273,-0.07336253246942737
1000000,single_2alpha,2.37,0.9187,0.9911059573696632,-0.07240595736966327
1000000,single_2alpha,2.38,0.9201,0.9913436809744834,-0.07124368097448341
1000000,single_2alpha,2.3899999999999997,0.9214,0.9915758136006543,-0.07017581360065428
1000000,single_2alpha,2.4000000000000004,0.9231,0.9918024640754038,-0.06870246407540381
1000000,single_2alpha,2.41,0.9244,0.9920237397392663,-0.06762373973926628
1000000,single_2alpha,2.42,0.9253,0.9922397464494463,-0.06693974644944634
1000000,single_2alpha,2.4299999999999997,0.9261,0.9924505885836908,-0.0663505885836908
1000000,single_2alpha,2.4400000000000004,0.9279,0.9926563690446517,-0.06475636904465176
1000000,single_2alpha,2.45,0.9288,0.9928571892647285,-0.06405718926472859
1000000,single_2alpha,2.46,0.9302,0.9930531492113757,-0.06285314921137564
1000000,single_2alpha,2.4699999999999998,0.9315,0.9932443473928594,-0.06174434739285939
1000000,single_2alpha,2.4800000000000004,0.9326,0.9934308808644533,-0.06083088086445332
1000000,single_2alpha,2.49,0.9339,0.9936128452350568,-0.05971284523505682
1000000,single_2alpha,2.5,0.9351,0.9937903346742238,-0.0586903346742238
1000000,single_2alpha,2.51,0.9362,0.9939634419195873,-0.057763441919587266
1000000,single_2alpha,2.5200000000000005,0.9374,0.9941322582846674,-0.056732258284667436
1000000,single_2alpha,2.5300000000000002,0.9394,0.9942968736670493,-0.05489687366704932
1000000,single_2alpha,2.54,0.9403,0.9944573765569173,-0.054157376556917325
1000000,single_2alpha,2.55,0.9416,0.9946138540459333,-0.053013854045933284
1000000,single_2alpha,2.5600000000000005,0.9429,0.9947663918364442,-0.05186639183644426
1000000,single_2alpha,2.5700000000000003,0.9441,0.994915074251009,-0.05081507425100895
1000000,single_2alpha,2.58,0.9452,0.9950599842422293,-0.04985998424222926
1000000,single_2alpha,2.59,0.9464,0.9952012034028738,-0.04880120340287375
1000000,single_2alpha,2.6000000000000005,0.9475,0.9953388119762813,-0.04783881197628126
1000000,single_2alpha,2.6100000000000003,0.9486,0.9954728888670327,-0.04687288886703267
1000000,single_2alpha,2.62,0.9497,0.9956035116518787,-0.04590351165187867
1000000,single_2alpha,2.63,0.9507,0.9957307565909107,-0.045030756590910714
1000000,single_2alpha,2.6399999999999997,0.9512,0.9958546986389639,-0.044654698638963874
1000000,single_2alpha,2.6500000000000004,0.9521,0.9959754114572417,-0.04387541145724172
1000000,single_2alpha,2.66,0.9536,0.9960929674251472,-0.04249296742514719
1000000,single_2alpha,2.67,0.9544,0.9962074376523146,-0.04180743765231454
1000000,single_2alpha,2.6799999999999997,0.9553,0.996318891990825,-0.04101889199082498
1000000,single_2alpha,2.6900000000000004,0.956,0.9964273990476002,-0.04042739904760029
1000000,single_2alpha,2.7,0.9571,0.9965330261969594,-0.03943302619695943
1000000,single_2alpha,2.71,0.9585,0.9966358395933308,-0.03813583959333078
1000000,single_2alpha,2.7199999999999998,0.9588,0.9967359041841087,-0.03793590418410875
1000000,single_2alpha,2.7300000000000004,0.9596,0.9968332837226422,-0.03723328372264223
1000000,single_2alpha,2.74,0.9606,0.9969280407813496,-0.036328040781349547
1000000,single_2alpha,2.75,0.9617,0.9970202367649454,-0.035320236764945445
1000000,single_2alpha,2.76,0.9623,0.9971099319237738,-0.034809931923773796
1000000,single_2alpha,2.7700000000000005,0.963,0.997197185367235,-0.03419718536723504
1000000,single_2alpha,2.7800000000000002,0.9638,0.9972820550772987,-0.033482055077298734
1000000,single_2alpha,2.79,0.9639,0.9973645979220951,-0.03346459792209511
1000000,single_2alpha,2.8,0.9648,0.997444869669572,-0.03264486966957203
1000000,single_2alpha,2.8100000000000005,0.9658,0.9975229250012141,-0.0317229250012141
1000000,single_2alpha,2.8200000000000003,0.9664,0.9975988175258107,-0.031198817525810663
1000000,single_2alpha,2.83,0.9676,0.9976725997932685,-0.030072599793268484
1000000,single_2alpha,2.84,0.9683,0.9977443233084576,-0.029444323308457587
1000000,single_2alpha,2.8500000000000005,0.9691,0.9978140385450868,-0.028714038545086806
1000000,single_2alpha,2.8600000000000003,0.9696,0.9978817949595954,-0.028281794959595374
1000000,single_2alpha,2.87,0.9704,0.9979476410050603,-0.02754764100506024
1000000,single_2alpha,2.88,0.9708,0.9980116241451057,-0.027211624145105695
1000000,single_2alpha,2.8899999999999997,0.9713,0.9980737908678121,-0.026773790867812064
1000000,single_2alpha,2.9000000000000004,0.9725,0.998134186699616,-0.025634186699615924
1000000,single_2alpha,2.91,0.9733,0.9981928562191936,-0.02489285621919357
1000000,single_2alpha,2.92,0.974,0.9982498430713239,-0.02424984307132394
1000000,single_2alpha,2.9299999999999997,0.9742,0.9983051899807227,-0.024105189980722752
1000000,single_2alpha,2.9400000000000004,0.9744,0.998358938765843,-0.023958938765842985
1000000,single_2alpha,2.95,0.9751,0.9984111303526352,-0.023311130352635212
1000000,single_2alpha,2.96,0.9759,0.998461804788262,-0.022561804788261974
1000000,single_2alpha,2.9699999999999998,0.9766,0.9985110012547626,-0.02191100125476253
1000000,single_2alpha,2.9800000000000004,0.9769,0.99855875808266,-0.021658758082660046
1000000,single_2alpha,2.99,0.9775,0.9986051127645078,-0.021105112764507772
1000000,single_2alpha,3.0,0.9782,0.9986501019683699,-0.020450101968369938
