T,b,estimator,lam,sigma_true,mean,bias,var,mse,mean_clamped,mse_clamped,n_traj_used
10000,5,OBM,0.0,5.530043287007115,0.701799119865204,-4.828244167141911,0.0021978648206761537,23.31413685502953,,,800
10000,5,OBM_RR,2.0,5.530043287007115,1.8642132240422524,-3.6658300629648624,0.018937216619451934,13.457223595635645,1.8642132240422524,13.457223595635645,800
10000,5,OBM_RR,3.0,5.530043287007115,2.3037236111579817,-3.2263196758491333,0.03231070301786726,10.441408965410352,2.3037236111579817,10.441408965410352,800
10000,5,OBM_RR,4.0,5.530043287007115,2.6724658561704215,-2.8575774308366935,0.04818065241765983,8.213869199829375,2.6724658561704215,8.213869199829375,800
10000,6,OBM,0.0,5.530043287007115,0.8266086549035038,-4.703434632103611,0.003147797341767013,22.125441201066725,,,800
10000,6,OBM_RR,2.0,5.530043287007115,2.1492903240099395,-3.3807529629971755,0.0267410931641311,11.45619826361186,2.1492903240099395,11.45619826361186,800
10000,6,OBM_RR,3.0,5.530043287007115,2.622711257519279,-2.907332029487836,0.045110108433162543,8.497633250483482,2.622711257519279,8.497633250483482,800
10000,6,OBM_RR,4.0,5.530043287007115,3.0073835521129575,-2.5226597348941575,0.0665234314394824,6.430252415206444,3.0073835521129575,6.430252415206444,800
10000,7,OBM,0.0,5.530043287007115,0.9469468762568161,-4.583096410750299,0.00425838969972426,21.009025776944874,,,800
10000,7,OBM_RR,2.0,5.530043287007115,2.4111392045144537,-3.1189040824926613,0.035648271169701054,9.763166386620126,2.4111392045144537,9.763166386620126,800
10000,7,OBM_RR,3.0,5.530043287007115,2.9073767363535636,-2.6226665506535514,0.05946859008080802,6.937774090260202,2.9073767363535636,6.937774090260202,800
10000,7,OBM_RR,4.0,5.530043287007115,3.2982767123077115,-2.2317665746994035,0.0867568508250193,5.067430448706997,3.2982767123077115,5.067430448706997,800
10000,8,OBM,0.0,5.530043287007115,1.0630055561302345,-4.46703773087688,0.005524622771414756,19.95994380607062,,,800
10000,8,OBM_RR,2.0,5.530043287007115,2.651791346222037,-2.878251940785078,0.0455553298001811,8.329832620270995,2.651791346222037,8.329832620270995,800
10000,8,OBM_RR,3.0,5.530043287007115,3.1617819636507742,-2.3682613233563408,0.07518181075792846,5.683749529200007,3.1617819636507742,5.683749529200007,800
10000,8,OBM_RR,4.0,5.530043287007115,3.551610716253987,-1.978432570753128,0.10852107935155764,4.022580865019201,3.551610716253987,4.022580865019201,800
10000,9,OBM,0.0,5.530043287007115,1.1749681802612515,-4.355075106745863,0.00694178560510737,18.973612293770596,,,800
10000,9,OBM_RR,2.0,5.530043287007115,2.8730525997001233,-2.6569906873069917,0.05636946881291888,7.115898519412983,2.8730525997001233,7.115898519412983,800
10000,9,OBM_RR,3.0,5.530043287007115,3.38946300693862,-2.140580280068495,0.09206800509492376,4.674036855506672,3.38946300693862,4.674036855506672,800
10000,9,OBM_RR,4.0,5.530043287007115,3.772796420464577,-1.757246866542538,0.13150026471728601,3.219252439359959,3.772796420464577,3.219252439359959,800
10000,10,OBM,0.0,5.530043287007115,1.283006171953728,-4.247037115053387,0.00850498598017964,18.0458186113887,,,800
10000,10,OBM_RR,2.0,5.530043287007115,3.0765921722345064,-2.4534511147726086,0.06801275973265854,6.087350116361949,3.0765921722345064,6.087350116361949,800
10000,10,OBM_RR,3.0,5.530043287007115,3.593495793506645,-1.9365474935004698,0.10995389190396883,3.8600326441220427,3.593495793506645,3.8600326441220427,800
10000,10,OBM_RR,4.0,5.530043287007115,3.9663472002201456,-1.5636960867869694,0.1554332658689032,2.6003844261194478,3.9663472002201456,2.6003844261194478,800
10000,11,OBM,0.0,5.530043287007115,1.387281807759318,-4.142761479247797,0.010209272968065376,17.17266918531625,,,800
10000,11,OBM_RR,2.0,5.530043287007115,3.2639258674540965,-2.2661174195530185,0.0804030354146052,5.215590690821967,3.2639258674540965,5.215590690821967,800
10000,11,OBM_RR,3.0,5.530043287007115,3.776571263690397,-1.7534720233167178,0.12867297227919594,3.2031762676182725,3.776571263690397,3.2031762676182725,800
10000,11,OBM_RR,4.0,5.530043287007115,4.13607728984346,-1.3939659971636553,0.18011813490456968,2.123034188484402,4.13607728984346,2.123034188484402,800
10000,12,OBM,0.0,5.530043287007115,1.4879494894567216,-4.042093797550393,0.012049301326591348,16.350556507895295,,,800
10000,12,OBM_RR,2.0,5.530043287007115,3.4364301661644667,-2.0936131208426483,0.09346942160576746,4.476568484593253,3.4364301661644667,4.476568484593253,800
10000,12,OBM_RR,3.0,5.530043287007115,3.9410342958922575,-1.5890089911148575,0.1480866372285031,2.672851102775825,3.9410342958922575,2.672851102775825,800
10000,12,OBM_RR,4.0,5.530043287007115,4.285249052018253,-1.2447942349888619,0.20542846285527208,1.7546843647382102,4.285249052018253,1.7546843647382102,800
10000,13,OBM,0.0,5.530043287007115,1.585154711177263,-3.944888575829852,0.01402007368503578,15.576148424305808,,,800
10000,13,OBM_RR,2.0,5.530043287007115,3.5953590800607556,-1.9346842069463595,0.1071445046089971,3.8500135545858996,3.5953590800607556,3.8500135545858996,800
10000,13,OBM_RR,3.0,5.530043287007115,4.088929410044154,-1.4411138769629614,0.16807398119624695,2.2446730950949703,4.088929410044154,2.2446730950949703,800
10000,13,OBM_RR,4.0,5.530043287007115,4.4166824091934815,-1.1133608778136335,0.23131405550249626,1.4705973571790623,4.4166824091934815,1.4705973571790623,800
10000,14,OBM,0.0,5.530043287007115,1.679043040385635,-3.85100024662148,0.016116769684069193,14.846299523200663,,,800
10000,14,OBM_RR,2.0,5.530043287007115,3.7418454662043406,-1.7881978208027745,0.12136435418138972,3.3188640950624544,3.7418454662043406,3.3188640950624544,800
10000,14,OBM_RR,3.0,5.530043287007115,4.2220504577578994,-1.3079928292492156,0.18853585828972477,1.8991454298342307,4.2220504577578994,1.8991454298342307,800
10000,14,OBM_RR,4.0,5.530043287007115,4.532742330816626,-0.9973009561904886,0.2577105656570284,1.2519976246684197,4.532742330816626,1.2519976246684197,800
10000,16,OBM,0.0,5.530043287007115,1.857398451176136,-3.672644835830979,0.020665867425989175,13.508960125247663,,,800
10000,16,OBM_RR,2.0,5.530043287007115,4.001520401269961,-1.5285228857371544,0.15117830670880406,2.4873715460476538,4.001520401269961,2.4873715460476538,800
10000,16,OBM_RR,3.0,5.530043287007115,4.450187016478737,-1.0798562705283778,0.2306172945380695,1.3964185879193542,4.450187016478737,1.3964185879193542,800
10000,16,OBM_RR,4.0,5.530043287007115,4.726516265653841,-0.8035270213532737,0.31167076496222695,0.9569368505508876,4.726516265653841,0.9569368505508876,800
10000,17,OBM,0.0,5.530043287007115,1.942112907360019,-3.587930379647096,0.02310901768157013,12.896324540604024,,,800
10000,17,OBM_RR,2.0,5.530043287007115,4.116512509476187,-1.4135307775309283,0.16666095573969414,2.164521888572209,4.116512509476187,2.164521888572209,800
10000,17,OBM_RR,3.0,5.530043287007115,4.547900963148137,-0.9821423238589784,0.2521818609416359,1.2164701779305722,4.547900963148137,1.2164701779305722,800
10000,17,OBM_RR,4.0,5.530043287007115,4.80740978812023,-0.7226334988868848,0.33901469631095593,0.8607901016540679,4.80740978812023,0.8607901016540679,800
10000,18,OBM,0.0,5.530043287007115,2.024010389980687,-3.506032897026428,0.025658797558013882,12.31789339909259,,,800
10000,18,OBM_RR,2.0,5.530043287007115,4.222668330846804,-1.3073749561603112,0.18245762977292418,1.8914588337308837,4.222668330846804,1.8914588337308837,800
10000,18,OBM_RR,3.0,5.530043287007115,4.636248097105543,-0.8937951899015717,0.274064791948736,1.0725920524499872,4.636248097105543,1.0725920524499872,800
10000,18,OBM_RR,4.0,5.530043287007115,4.879373444270951,-0.6506698427361641,0.3664439790703353,0.7893571683428016,4.879373444270951,0.7893571683428016,800
10000,20,OBM,0.0,5.530043287007115,2.179799172094117,-3.350244114912998,0.031062501970878918,11.255159303352592,,,800
10000,20,OBM_RR,2.0,5.530043287007115,4.411224714212966,-1.118818572794149,0.21483072667368514,1.4663171870944793,4.411224714212966,1.4663171870944793,800
10000,20,OBM_RR,3.0,5.530043287007115,4.788635576336223,-0.7414077106708916,0.3186184320643197,0.8679055524664918,4.788635576336223,0.8679055524664918,800
10000,20,OBM_RR,4.0,5.530043287007115,5.00074486436897,-0.5292984226381447,0.42117806912135314,0.7008084167421798,5.00074486436897,0.7008084167421798,800
10000,21,OBM,0.0,5.530043287007115,2.2539001163213146,-3.2761431706858004,0.03390758805474857,10.766979278400889,,,800
10000,21,OBM_RR,2.0,5.530043287007115,4.494862520946308,-1.0351807660608072,0.23133987420366237,1.3026499177831476,4.494862520946308,1.3026499177831476,800
10000,21,OBM_RR,3.0,5.530043287007115,4.854311985123233,-0.6757313018838822,0.341198681871566,0.7973849758649123,4.854311985123233,0.7973849758649123,800
10000,21,OBM_RR,4.0,5.530043287007115,5.051926364991371,-0.47811692201574374,0.4483690268969566,0.6764043567311446,5.051926364991371,0.6764043567311446,800
10000,23,OBM,0.0,5.530043287007115,2.3950035264529053,-3.1350397605542097,0.03986370729868121,9.868288177920354,,,800
10000,23,OBM_RR,2.0,5.530043287007115,4.643596014460266,-0.8864472725468486,0.2648816980003577,1.0503393628836044,4.643596014460266,1.0503393628836044,800
10000,23,OBM_RR,3.0,5.530043287007115,4.96803174497253,-0.5620115420345853,0.38668393365841697,0.7020575521214367,4.96803174497253,0.7020575521214367,800
10000,23,OBM_RR,4.0,5.530043287007115,5.1387133688850835,-0.39132991812203155,0.5023041132077887,0.6548153378836745,5.1387133688850835,0.6548153378836745,800
10000,25,OBM,0.0,5.530043287007115,2.5272470173365993,-3.0027962696705157,0.046150278559135297,9.062878027858101,,,800
10000,25,OBM_RR,2.0,5.530043287007115,4.770775570224288,-0.7592677167828272,0.29907252125151995,0.8751861463485635,4.770775570224288,0.8751861463485635,800
10000,25,OBM_RR,3.0,5.530043287007115,5.061914109399732,-0.46812917760738326,0.4322364243373157,0.6508410557342588,5.061914109399732,0.6508410557342588,800
10000,25,OBM_RR,4.0,5.530043287007115,5.208329308604236,-0.32171397840287863,0.5555043102913294,0.6583098138032727,5.208329308604236,0.6583098138032727,800
10000,27,OBM,0.0,5.530043287007115,2.6512980647128304,-2.8787452222942846,0.05273772637743645,8.339845859101635,,,800
10000,27,OBM_RR,2.0,5.530043287007115,4.879706324748351,-0.6503369622587636,0.3338878411030022,0.7564086457815794,4.879706324748351,0.7564086457815794,800
10000,27,OBM_RR,3.0,5.530043287007115,5.139648898104861,-0.3903943889022541,0.47750932853317896,0.6293202207588774,5.139648898104861,0.6293202207588774,800
10000,27,OBM_RR,4.0,5.530043287007115,5.264317297644012,-0.2657259893631032,0.6078318774122878,0.6776823889885222,5.264317297644012,0.6776823889885222,800
10000,29,OBM,0.0,5.530043287007115,2.7677661901627193,-2.7622770968443957,0.059598337765328684,7.689698599594226,,,800
10000,29,OBM_RR,2.0,5.530043287007115,4.973102232735028,-0.5569410542720874,0.3692324194637157,0.67895421687309,4.973102232735028,0.67895421687309,800
10000,29,OBM_RR,3.0,5.530043287007115,5.204169553963959,-0.3258737330431556,0.5223673336212872,0.6279080643417433,5.204169553963959,0.6279080643417433,800
10000,29,OBM_RR,4.0,5.530043287007115,5.309398676054584,-0.2206446109525313,0.6592612068690388,0.7071211747028464,5.309398676054584,0.7071211747028464,800
10000,32,OBM,0.0,5.530043287007115,2.929459426223049,-2.600583860784066,0.0703383365172275,6.8332868305671415,,,800
10000,32,OBM_RR,2.0,5.530043287007115,5.089014197845782,-0.4410290891613329,0.4229798746958967,0.6169578073390015,5.089014197845782,0.6169578073390015,800
10000,32,OBM_RR,3.0,5.530043287007115,5.280938141665322,-0.24910514534179296,0.5887825954825372,0.6500999906739396,5.280938141665322,0.6500999906739396,800
10000,32,OBM_RR,4.0,5.530043287007115,5.3610524634808,-0.16899082352631467,0.7349352793179326,0.7625745086548871,5.3610524634808,0.7625745086548871,800
10000,34,OBM,0.0,5.530043287007115,3.0293127084181033,-2.5007305785890117,0.07776323628821852,6.331319458932993,,,800
10000,34,OBM_RR,2.0,5.530043287007115,5.152858427442253,-0.3771848595648617,0.45904979255636663,0.6007443986006359,5.152858427442253,0.6007443986006359,800
10000,34,OBM_RR,3.0,5.530043287007115,5.321396369303616,-0.20864691770349886,0.6323737466408815,0.6751168157247514,5.321396369303616,0.6751168157247514,800
10000,34,OBM_RR,4.0,5.530043287007115,5.387057142807273,-0.1429861441998419,0.7846625997394763,0.8041268089229398,5.387057142807273,0.8041268089229398,800
10000,37,OBM,0.0,5.530043287007115,3.168296988309312,-2.361746298697803,0.08924085586839592,5.666974884211331,,,800
10000,37,OBM_RR,2.0,5.530043287007115,5.232203256687772,-0.29784003031934336,0.5130774847373203,0.6011448215420261,5.232203256687772,0.6011448215420261,800
10000,37,OBM_RR,3.0,5.530043287007115,5.369456156854492,-0.16058713015262338,0.6966409107312258,0.7215583359634671,5.369456156854492,0.7215583359634671,800
10000,37,OBM_RR,4.0,5.530043287007115,5.416262469018961,-0.11378081798815387,0.8591099561214272,0.8709821432183287,5.416262469018961,0.8709821432183287,800
10000,40,OBM,0.0,5.530043287007115,3.295511943153542,-2.234531343853573,0.10107056627245382,5.094074554728669,,,800
10000,40,OBM_RR,2.0,5.530043287007115,5.295504939446972,-0.23453834756014302,0.5666139997290152,0.6209139687055961,5.295504939446972,0.6209139687055961,800
10000,40,OBM_RR,3.0,5.530043287007115,5.405603470459099,-0.12443981654801561,0.7597262556303339,0.7742618657532999,5.405603470459099,0.7742618657532999,800
10000,40,OBM_RR,4.0,5.530043287007115,5.436362646764178,-0.09368064024293687,0.9334828234312876,0.9410920322583253,5.436362646764178,0.9410920322583253,800
10000,44,OBM,0.0,5.530043287007115,3.448878419322425,-2.08116486768469,0.11729949355760362,4.44840007567569,,,800
10000,44,OBM_RR,2.0,5.530043287007115,5.3605109652262275,-0.1695323217808875,0.6369671350486565,0.6649121342582643,5.3605109652262275,0.6649121342582643,800
10000,44,OBM_RR,3.0,5.530043287007115,5.439748828096972,-0.09029445891014287,0.8422824207619422,0.8493826570458651,5.439748828096972,0.8493826570458651,800
10000,44,OBM_RR,4.0,5.530043287007115,5.453292956404421,-0.0767503306026942,1.0317652575798155,1.0363661642554636,5.453292956404421,1.0363661642554636,800
10000,47,OBM,0.0,5.530043287007115,3.5530702250151585,-1.9769730619919565,0.12976632937434135,4.038026609304476,,,800
10000,47,OBM_RR,2.0,5.530043287007115,5.3977192682323745,-0.13232401877474054,0.6889355777491701,0.7055840542216817,5.3977192682323745,0.7055840542216817,800
10000,47,OBM_RR,3.0,5.530043287007115,5.457326939766112,-0.07271634724100284,0.9037529688351317,0.9079109447801619,5.457326939766112,0.9079109447801619,800
10000,47,OBM_RR,4.0,5.530043287007115,5.460814982055424,-0.0692283049516913,1.1051598817440094,1.1085709900983134,5.460814982055424,1.1085709900983134,800
10000,51,OBM,0.0,5.530043287007115,3.679304944552098,-1.850738342455017,0.1467511723740453,3.5718001456417223,,,800
10000,51,OBM_RR,2.0,5.530043287007115,5.435432020131458,-0.09461126687565713,0.7569837810493082,0.7649888431428132,5.435432020131458,0.7649888431428132,800
10000,51,OBM_RR,3.0,5.530043287007115,5.472626916114214,-0.05741637089290119,0.9859335097556231,0.9879977325149397,5.472626916114214,0.9879977325149397,800
10000,51,OBM_RR,4.0,5.530043287007115,5.466317951655535,-0.06372533535158009,1.2032569710285455,1.2058138181804312,5.466317951655535,1.2058138181804312,800
10000,55,OBM,0.0,5.530043287007115,3.792758271054654,-1.737285015952461,0.16411284490620576,3.1820669305030145,,,800
10000,55,OBM_RR,2.0,5.530043287007115,5.462565681546097,-0.06747760546101844,0.823578227571087,0.8271019820253759,5.462565681546097,0.8271019820253759,800
10000,55,OBM_RR,3.0,5.530043287007115,5.481149713709626,-0.04889357329748911,1.0680042021026497,1.0690597783598184,5.481149713709626,1.0690597783598184,800
10000,55,OBM_RR,4.0,5.530043287007115,5.467940964275161,-0.062102322731954374,1.3027678508136233,1.3049960894888102,5.467940964275161,1.3049960894888102,800
10000,60,OBM,0.0,5.530043287007115,3.9190234415888545,-1.6110198454182605,0.18625760776233014,2.7814097280841024,,,800
10000,60,OBM_RR,2.0,5.530043287007115,5.485455814458971,-0.04458747254814366,0.9051826857793952,0.9060392501304024,5.485455814458971,0.9060392501304024,800
10000,60,OBM_RR,3.0,5.530043287007115,5.485423490217945,-0.04461979678916972,1.1698797877692049,1.1704083643000003,5.485423490217945,1.1704083643000003,800
10000,60,OBM_RR,4.0,5.530043287007115,5.466655108994679,-0.06338817801243568,1.4297501006940143,1.4319809741798832,5.466655108994679,1.4319809741798832,800
10000,65,OBM,0.0,5.530043287007115,4.030443849244947,-1.4995994377621678,0.2087766644572302,2.4573141673632675,,,800
10000,65,OBM_RR,2.0,5.530043287007115,5.499219108533897,-0.03082417847321839,0.9855014423083057,0.9852196954839689,5.499219108533897,0.9852196954839689,800
10000,65,OBM_RR,3.0,5.530043287007115,5.48527803186289,-0.0447652551442248,1.2719297857101504,1.2723438015461401,5.48527803186289,1.2723438015461401,800
10000,65,OBM_RR,4.0,5.530043287007115,5.463038560324585,-0.06700472668252999,1.5571893228033553,1.5597324695476515,5.463038560324585,1.5597324695476515,800
10000,70,OBM,0.0,5.530043287007115,4.129178206923998,-1.4008650800831166,0.23152393728648993,2.1936575049611595,,,800
10000,70,OBM_RR,2.0,5.530043287007115,5.5063135622246735,-0.023729724782441508,1.0658215756946012,1.0650523985632332,5.5063135622246735,1.0650523985632332,800
10000,70,OBM_RR,3.0,5.530043287007115,5.482347481710142,-0.04769580529697315,1.3750807898818835,1.3756368287374583,5.482347481710142,1.3756368287374583,800
10000,70,OBM_RR,4.0,5.530043287007115,5.457825484150675,-0.0722178028564402,1.6849238898119732,1.6880331459991198,5.457825484150675,1.6880331459991198,800
10000,76,OBM,0.0,5.530043287007115,4.23342573372504,-1.2966175532820747,0.2589341691571169,1.9398275809248633,,,800
10000,76,OBM_RR,2.0,5.530043287007115,5.508301911371476,-0.021741375635638605,1.1638241182817302,1.162842025548408,5.508301911371476,1.162842025548408,800
10000,76,OBM_RR,3.0,5.530043287007115,5.476472581359773,-0.05357070564734201,1.502004124008583,1.5029964393571265,5.476472581359773,1.5029964393571265,800
10000,76,OBM_RR,4.0,5.530043287007115,5.4503772731659295,-0.07966601384118555,1.8399653906300342,1.8440121076530906,5.4503772731659295,1.8440121076530906,800
10000,82,OBM,0.0,5.530043287007115,4.324574848625247,-1.2054684383818683,0.2862950345287796,1.7390913216704391,,,800
10000,82,OBM_RR,2.0,5.530043287007115,5.505443503012157,-0.024599783994958102,1.2631597455717565,1.2621859452623905,5.505443503012157,1.2621859452623905,800
10000,82,OBM_RR,3.0,5.530043287007115,5.469429127303913,-0.06061415970320194,1.6311942437804265,1.6328293273322265,5.469429127303913,1.6328293273322265,800
10000,82,OBM_RR,4.0,5.530043287007115,5.442235529049089,-0.08780775795802587,1.9948251117953975,2.0000417827632684,5.442235529049089,2.0000417827632684,800
10000,88,OBM,0.0,5.530043287007115,4.404694692274326,-1.125348594732789,0.3135352876099503,1.5795528281675006,,,800
10000,88,OBM_RR,2.0,5.530043287007115,5.499683951993518,-0.03035933501359711,1.362742666952193,1.3619609278409703,5.499683951993518,1.3619609278409703,800
10000,88,OBM_RR,3.0,5.530043287007115,5.461699246051123,-0.06834404095599211,1.7604298237854994,1.7629001944399618,5.461699246051123,1.7629001944399618,800
10000,88,OBM_RR,4.0,5.530043287007115,5.432488462756778,-0.09755482425033701,2.1491894327348833,2.1560198896784786,5.432488462756778,2.1560198896784786,800
10000,95,OBM,0.0,5.530043287007115,4.486361832751721,-1.0436814542553936,0.345110918008592,1.4339505073177352,,,800
10000,95,OBM_RR,2.0,5.530043287007115,5.491079211458913,-0.03896407554820236,1.4798001565383252,1.4794686055259783,5.491079211458913,1.4794686055259783,800
10000,95,OBM_RR,3.0,5.530043287007115,5.452229984640152,-0.07781330236696338,1.9117402650888178,1.9154054997827092,5.452229984640152,1.9154054997827092,800
10000,95,OBM_RR,4.0,5.530043287007115,5.420358687630126,-0.1096845993769886,2.325971986835305,2.335095233192251,5.420358687630126,2.335095233192251,800
10000,103,OBM,0.0,5.530043287007115,4.566747914175198,-0.9632953728319169,0.38081004794373663,1.3082720107031884,,,800
10000,103,OBM_RR,2.0,5.530043287007115,5.48038059366791,-0.049662693339205255,1.6151672593495416,1.6156146833850584,5.48038059366791,1.6156146833850584,800
10000,103,OBM_RR,3.0,5.530043287007115,5.4414948024011185,-0.08854848460599651,2.085809385204396,2.091042957598909,5.4414948024011185,2.091042957598909,800
10000,103,OBM_RR,4.0,5.530043287007115,5.406300871995615,-0.12374241501149985,2.5240268100957937,2.5361839618560515,5.406300871995615,2.5361839618560515,800
10000,112,OBM,0.0,5.530043287007115,4.643665317599794,-0.886377969407321,0.42035709731943754,1.2054975555984349,,,800
10000,112,OBM_RR,2.0,5.530043287007115,5.467862986008103,-0.06218030099901206,1.771192883859966,1.7728452825874685,5.467862986008103,1.7728452825874685,800
10000,112,OBM_RR,3.0,5.530043287007115,5.4294035627774475,-0.1006397242296675,2.280375662661715,2.2876535471764115,5.4294035627774475,2.2876535471764115,800
10000,112,OBM_RR,4.0,5.530043287007115,5.389396014751083,-0.14064727225603235,2.7375047776035357,2.7538645518245937,5.389396014751083,2.7538645518245937,800
10000,121,OBM,0.0,5.530043287007115,4.708997366516887,-0.8210459204902278,0.4592851442366264,1.1328274413599764,,,800
10000,121,OBM_RR,2.0,5.530043287007115,5.4559781353006,-0.07406515170651495,1.9303153739727854,1.9333881264526287,5.4559781353006,1.9333881264526287,800
10000,121,OBM_RR,3.0,5.530043287007115,5.416019767850587,-0.11402351915652797,2.4721523387548303,2.4820635112522256,5.416019767850587,2.4820635112522256,800
10000,121,OBM_RR,4.0,5.530043287007115,5.372058768785888,-0.15798451822122672,2.9441668262572662,2.965445725722038,5.372058768785888,2.965445725722038,800
10000,130,OBM,0.0,5.530043287007115,4.764831478889422,-0.7652118081176926,0.49759332636103665,1.0825204459858337,,,800
10000,130,OBM_RR,2.0,5.530043287007115,5.44494828621993,-0.08509500078718535,2.088645317500611,2.093275670012707,5.44494828621993,2.093275670012707,800
10000,130,OBM_RR,3.0,5.530043287007115,5.402930922847747,-0.12711236415936789,2.659937237782501,2.6727698693574564,5.402930922847747,2.6727698693574564,800
10000,130,OBM_RR,4.0,5.530043287007115,5.351666253941465,-0.17837703306565,3.142167154948204,3.1700578119298224,5.351666253941465,3.1700578119298224,800
10000,141,OBM,0.0,5.530043287007115,4.822574701515794,-0.7074685854913207,0.5439462804560982,1.0437781470626186,,,800
10000,141,OBM_RR,2.0,5.530043287007115,5.432491483873773,-0.09755180313334222,2.280834214663703,2.2874995261899396,5.432491483873773,2.2874995261899396,800
10000,141,OBM_RR,3.0,5.530043287007115,5.386939627749834,-0.14310365925728075,2.8831751517188136,2.900049840071989,5.386939627749834,2.900049840071989,800
10000,141,OBM_RR,4.0,5.530043287007115,5.323435034766505,-0.20660825224060986,3.369990443757783,3.4084649255970056,5.323435034766505,3.4084649255970056,800
10000,152,OBM,0.0,5.530043287007115,4.870863822548258,-0.6591794644588571,0.5901800231487114,1.0239598644840406,,,800
10000,152,OBM_RR,2.0,5.530043287007115,5.421414954063157,-0.10862833294395813,2.4730461284836585,2.481754935541238,5.421414954063157,2.481754935541238,800
10000,152,OBM_RR,3.0,5.530043287007115,5.370695974454452,-0.1593473125526632,3.09664607728748,3.118166835708627,5.370695974454452,3.118166835708627,800
10000,152,OBM_RR,4.0,5.530043287007115,5.292176188768185,-0.23786709823893037,3.587355884260621,3.639452445829903,5.292176188768185,3.639452445829903,800
10000,165,OBM,0.0,5.530043287007115,4.918352566157968,-0.6116907208491469,0.644504383752643,1.0178642912459008,,,800
10000,165,OBM_RR,2.0,5.530043287007115,5.409715241805811,-0.1203280452013038,2.6979326947907434,2.7090391173842225,5.409715241805811,2.7090391173842225,800
10000,165,OBM_RR,3.0,5.530043287007115,5.350355486136404,-0.17968780087071057,3.341736078988199,3.3698466146712156,5.350355486136404,3.3698466146712156,800
10000,165,OBM_RR,4.0,5.530043287007115,5.2554404446509455,-0.2746028423561695,3.8295104258407258,3.9001302588385114,5.2554404446509455,3.9001302588385114,800
10000,178,OBM,0.0,5.530043287007115,4.957812434027159,-0.5722308529799562,0.6982512106065503,1.0248265456954604,,,800
10000,178,OBM_RR,2.0,5.530043287007115,5.396881687909825,-0.1331615990972903,2.9206841686643155,2.9347653249276324,5.396881687909825,2.9347653249276324,800
10000,178,OBM_RR,3.0,5.530043287007115,5.326176251621946,-0.20386703538516926,3.574609195476439,3.6117027020988304,5.326176251621946,3.6117027020988304,800
10000,178,OBM_RR,4.0,5.530043287007115,5.219160749529435,-0.3108825374776796,4.070099542020014,4.16165986970105,5.219160749529435,4.16165986970105,800
10000,192,OBM,0.0,5.530043287007115,4.993448641057298,-0.5365946459498172,0.7558594028144178,1.0428483926229095,,,800
10000,192,OBM_RR,2.0,5.530043287007115,5.383050647561511,-0.14699263944560403,3.1543046619953703,3.1719686172190613,5.383050647561511,3.1719686172190613,800
10000,192,OBM_RR,3.0,5.530043287007115,5.29644925287651,-0.2335940341306051,3.8106427140365864,3.860445583425451,5.29644925287651,3.860445583425451,800
10000,192,OBM_RR,4.0,5.530043287007115,5.1779040177927325,-0.35213926921438254,4.329437684242359,4.4480279520598955,5.1779040177927325,4.4480279520598955,800
10000,208,OBM,0.0,5.530043287007115,5.027471654884875,-0.5025716321222404,0.821777745220612,1.0733287684530988,,,800
10000,208,OBM_RR,2.0,5.530043287007115,5.367211445058988,-0.16283184194812694,3.415076921735446,3.4373222843354965,5.367211445058988,3.4373222843354965,800
10000,208,OBM_RR,3.0,5.530043287007115,5.2595746175109435,-0.27046866949617154,4.0659795231889895,4.134050349964033,5.2595746175109435,4.134050349964033,800
10000,208,OBM_RR,4.0,5.530043287007115,5.127174775075487,-0.4028685119316284,4.609124573400004,4.765666205589259,5.127174775075487,4.765666205589259,800
10000,225,OBM,0.0,5.530043287007115,5.057378005318409,-0.47266528168870625,0.8928215980759877,1.1151180395922566,,,800
10000,225,OBM_RR,2.0,5.530043287007115,5.349133239809948,-0.18091004719716697,3.6774045820675547,3.705536271516852,5.349133239809948,3.705536271516852,800
10000,225,OBM_RR,3.0,5.530043287007115,5.220836840385732,-0.3092064466213831,4.323336301789638,4.413540758044623,5.220836840385732,4.413540758044623,800
10000,225,OBM_RR,4.0,5.530043287007115,5.0712740680964465,-0.45876921891066846,4.9044451103577416,5.108783750189699,5.0712740680964465,5.108783750189699,800
10000,243,OBM,0.0,5.530043287007115,5.0838381279455085,-0.4462051590616065,0.96906548748825,1.1669531996020837,,,800
10000,243,OBM_RR,2.0,5.530043287007115,5.3288345147426455,-0.20120877226446954,3.944186209770912,3.979740947044874,5.3288345147426455,3.979740947044874,800
10000,243,OBM_RR,3.0,5.530043287007115,5.17939811139404,-0.3506451756130753,4.595002952891098,4.712211238380707,5.17939811139404,4.712211238380707,800
10000,243,OBM_RR,4.0,5.530043287007115,5.011944504792913,-0.518098782214202,5.226570196250735,5.48846333163726,5.011944504792913,5.48846333163726,800
10000,263,OBM,0.0,5.530043287007115,5.108261769751093,-0.4217815172560222,1.0537902295800183,1.2303726400918356,,,800
10000,263,OBM_RR,2.0,5.530043287007115,5.300430789467165,-0.22961249753995006,4.220899679513994,4.2683454539411345,5.300430789467165,4.2683454539411345,800
10000,263,OBM_RR,3.0,5.530043287007115,5.129780736207746,-0.40026255079936934,4.894150865572684,5.048243286563136,5.129780736207746,5.048243286563136,800
10000,263,OBM_RR,4.0,5.530043287007115,4.942061942184345,-0.5879813448227704,5.610675414363447,5.949384131955086,4.942061942184345,5.949384131955086,800
10000,284,OBM,0.0,5.530043287007115,5.129368651515917,-0.40067463549119786,1.14298285405503,1.302094289013465,,,800
10000,284,OBM_RR,2.0,5.530043287007115,5.265296949512679,-0.26474633749443566,4.487427860443267,4.55190919883443,5.265296949512679,4.55190919883443,800
10000,284,OBM_RR,3.0,5.530043287007115,5.073750502480618,-0.4562927845264966,5.192435314096153,5.394147875164475,5.073750502480618,5.394147875164475,800
10000,284,OBM_RR,4.0,5.530043287007115,4.86922200428721,-0.6608212827199047,6.018424966943701,6.447586703430602,4.86922200428721,6.447586703430602,800
10000,307,OBM,0.0,5.530043287007115,5.148422346254907,-0.3816209407522084,1.2415453610554108,1.3856279717746924,,,800
10000,307,OBM_RR,2.0,5.530043287007115,5.2218184001508305,-0.30822488685628446,4.765915216763156,4.8549604036197715,5.2218184001508305,4.8549604036197715,800
10000,307,OBM_RR,3.0,5.530043287007115,5.011249078157103,-0.5187942088500117,5.527347907447457,5.7895861536994575,5.011249078157103,5.7895861536994575,800
10000,307,OBM_RR,4.0,5.530043287007115,4.787493372572,-0.7425499144351146,6.476957313946408,7.020241492731571,4.787493372572,7.020241492731571,800
10000,332,OBM,0.0,5.530043287007115,5.165217041453215,-0.36482624555389975,1.3484607887282165,1.4798734021872604,,,800
10000,332,OBM_RR,2.0,5.530043287007115,5.1745767491176435,-0.35546653788947147,5.056423537467444,5.176459467604737,5.1745767491176435,5.176459467604737,800
10000,332,OBM_RR,3.0,5.530043287007115,4.942034085040349,-0.5880092019667664,5.917267830428616,6.2556260672381745,4.942034085040349,6.2556260672381745,800
10000,332,OBM_RR,4.0,5.530043287007115,4.693717923318948,-0.8363253636881671,7.006809982195954,7.697491583666354,4.693717923318948,7.697491583666354,800
10000,358,OBM,0.0,5.530043287007115,5.178224178949495,-0.3518191080576196,1.459000720520542,1.5809536544143505,,,800
10000,358,OBM_RR,2.0,5.530043287007115,5.126550792664518,-0.40349249434259704,5.365471272577913,5.521570626478001,5.126550792664518,5.521570626478001,800
10000,358,OBM_RR,3.0,5.530043287007115,4.866859188891443,-0.6631840981156722,6.348345064855978,6.780222781518404,4.866859188891443,6.780222781518404,800
10000,358,OBM_RR,4.0,5.530043287007115,4.59433608201998,-0.9357072049871347,7.567406958133239,8.433495672900406,4.594460087363701,8.432111861202998,800
10000,387,OBM,0.0,5.530043287007115,5.1892559330658585,-0.3407873539412565,1.5801430784694395,1.6943039202276364,,,800
10000,387,OBM_RR,2.0,5.530043287007115,5.069176441417119,-0.4608668455899956,5.718200396595002,5.923450895463333,5.069601250611865,5.918676440592919,800
10000,387,OBM_RR,3.0,5.530043287007115,4.783989056502383,-0.7460542305047317,6.835310028060213,7.383362805379143,4.783989056502383,7.383362805379143,800
10000,387,OBM_RR,4.0,5.530043287007115,4.488517603951294,-1.0415256830558208,8.103807591337343,9.178453580313064,4.488807306550535,9.175200635794123,800
10000,419,OBM,0.0,5.530043287007115,5.197996736022312,-0.33204655098480274,1.7108554089000576,1.8189717516598367,,,800
10000,419,OBM_RR,2.0,5.530043287007115,5.000567230538225,-0.5294760564688898,6.090347715790751,6.3630796755198595,5.001485278682979,6.352587761886062,800
10000,419,OBM_RR,3.0,5.530043287007115,4.689718990022475,-0.8403242969846403,7.399106989864873,8.096003030230271,4.689796789467988,8.095137719424503,800
10000,419,OBM_RR,4.0,5.530043287007115,4.373731420107312,-1.1563118668998031,8.635579569195157,9.96184222826697,4.374594334185139,9.952168763832566,800
10000,453,OBM,0.0,5.530043287007115,5.203680521053882,-0.3263627659532329,1.8440114182694782,1.9482190589972865,,,800
10000,453,OBM_RR,2.0,5.530043287007115,4.92576089007224,-0.6042823969348747,6.508015720720732,6.865037916315189,4.92691738326501,6.851782553462119,800
10000,453,OBM_RR,3.0,5.530043287007115,4.583560651728739,-0.9464826352783762,8.032486312428228,8.918275083421193,4.584610672667135,8.906368562555176,800
10000,453,OBM_RR,4.0,5.530043287007115,4.255129059393372,-1.2749142276137428,9.17465138857174,10.788589362107974,4.256507576171868,10.773104162055462,800
10000,489,OBM,0.0,5.530043287007115,5.206374724141067,-0.3236685628660476,1.9807453309315575,2.083030737855666,,,800
10000,489,OBM_RR,2.0,5.530043287007115,4.846818186229293,-0.6832251007778218,6.977950566050668,7.43602466617597,4.847545913806999,7.427724353332512,800
10000,489,OBM_RR,3.0,5.530043287007115,4.471866318529013,-1.0581769684781017,8.676158432646472,9.785051731223168,4.474136125828586,9.759108200556387,800
10000,489,OBM_RR,4.0,5.530043287007115,4.131400252936663,-1.398643034070452,9.660257473673685,11.604384488585392,4.133764048852256,11.577628496177422,800
10000,529,OBM,0.0,5.530043287007115,5.2040062722132925,-0.3260370147938225,2.1261343591505693,2.229776826217298,,,800
10000,529,OBM_RR,2.0,5.530043287007115,4.756102846356682,-0.7739404406504331,7.553979984107026,8.143521314801077,4.756828654887344,8.135322554307649,800
10000,529,OBM_RR,3.0,5.530043287007115,4.355207997505353,-1.174835289501762,9.275626998917069,10.644270422627114,4.360354378320427,10.585119103758847,800
10000,529,OBM_RR,4.0,5.530043287007115,4.00054686672536,-1.5294964202817551,10.115359550210245,12.442074650427184,4.004058494328624,12.401900480969209,800
10000,571,OBM,0.0,5.530043287007115,5.19664258755046,-0.3334006994566554,2.27127847923516,2.379595407534303,,,800
10000,571,OBM_RR,2.0,5.530043287007115,4.664660267039233,-0.865383019967882,8.16746109656564,8.906139541443666,4.666907731179396,8.880561004189083,800
10000,571,OBM_RR,3.0,5.530043287007115,4.2353754466368665,-1.2946678403702485,9.857293618189345,11.521136818055572,4.243487662963755,11.4273258253932,800
10000,571,OBM_RR,4.0,5.530043287007115,3.872391989219162,-1.657651297787953,10.511687818581828,13.246356033866686,3.877437456236878,13.188768511152814,800
10000,618,OBM,0.0,5.530043287007115,5.183961178180945,-0.3460821088261703,2.427073686772104,2.5438126707132085,,,800
10000,618,OBM_RR,2.0,5.530043287007115,4.561389058966167,-0.9686542280409478,8.871854109688947,9.79905530555344,4.567087252868664,9.733083327453693,800
10000,618,OBM_RR,3.0,5.530043287007115,4.106673385604945,-1.42336990140217,10.462805385894576,12.47570875537983,4.117012346757909,12.355636394499543,800
10000,618,OBM_RR,4.0,5.530043287007115,3.736343596895848,-1.793699690111267,10.86175819539789,14.065539575958896,3.744793201524437,13.968532495074363,800
10000,667,OBM,0.0,5.530043287007115,5.168937641709215,-0.3611056452978998,2.581547102565613,2.7087174557534195,,,800
10000,667,OBM_RR,2.0,5.530043287007115,4.446057550955561,-1.0839857360515541,9.645560477434328,10.808528602800767,4.458016990239657,10.667567028353794,800
10000,667,OBM_RR,3.0,5.530043287007115,3.9724712646513582,-1.5575720223557568,10.964727844807758,13.377052539827151,3.984485566986699,13.237064744943423,800
10000,667,OBM_RR,4.0,5.530043287007115,3.5965623062011445,-1.9334809808059705,11.112028231813376,14.836486899662027,3.6062751013500303,14.724869827724,800
10000,721,OBM,0.0,5.530043287007115,5.1505545561135,-0.37948873089361523,2.750387477428665,2.890961189957126,,,800
10000,721,OBM_RR,2.0,5.530043287007115,4.316503086663413,-1.2135402003437017,10.488240875026731,11.94781039178318,4.337784313559464,11.69337471391304,800
10000,721,OBM_RR,3.0,5.530043287007115,3.835109489221257,-1.694933797785858,11.438292163425077,14.296794877097586,3.851926439091502,14.100529890760038,800
10000,721,OBM_RR,4.0,5.530043287007115,3.4376377656209276,-2.0924055213861874,11.21936138949851,15.583498053689036,3.448773719498152,15.455211491061133,800
10000,780,OBM,0.0,5.530043287007115,5.12660086577064,-0.4034424212364751,2.93316166303392,3.0922609982082765,,,800
10000,780,OBM_RR,2.0,5.530043287007115,4.185215909508886,-1.3448273774982287,11.233417906483671,13.02793680936933,4.217058324257933,12.642326258673378,800
10000,780,OBM_RR,3.0,5.530043287007115,3.6934524575571377,-1.8365908294499773,11.843667171346333,15.201928462201902,3.718551445811477,14.906136504482424,800
10000,780,OBM_RR,4.0,5.530043287007115,3.2575538944897153,-2.2724893925173997,11.219748414571301,16.369931768157187,3.2728989782314244,16.19318904016731,800
10000,843,OBM,0.0,5.530043287007115,5.0967979732760105,-0.43324531373110453,3.116924363444881,3.300729709860539,,,800
10000,843,OBM_RR,2.0,5.530043287007115,4.049751206815341,-1.4802920801917736,11.940793980872904,14.117132631075298,4.092505324392309,13.594070500516619,800
10000,843,OBM_RR,3.0,5.530043287007115,3.5526752868665854,-1.9773680001405296,12.14733872110851,16.04213875568688,3.5832023701375806,15.678914186352394,800
10000,843,OBM_RR,4.0,5.530043287007115,3.0741746525922786,-2.4558686344148364,11.0142313786573,17.031754338936572,3.0978069037711724,16.756687280598147,800
10000,911,OBM,0.0,5.530043287007115,5.062144518242041,-0.46789876876507375,3.313891525841146,3.528678419245716,,,800
10000,911,OBM_RR,2.0,5.530043287007115,3.9097520048694623,-1.6202912821376527,12.63122450893855,15.240779317273654,3.9607767184602984,14.618451928733283,800
10000,911,OBM_RR,3.0,5.530043287007115,3.3987187175269575,-2.1313245694801575,12.324807586082402,16.851945997069574,3.4324288220010732,16.453220929056254,800
10000,911,OBM_RR,4.0,5.530043287007115,2.879012063953971,-2.651031223053144,10.661537816587538,17.676177439919453,2.911574932170997,17.295274952591406,800
10000,984,OBM,0.0,5.530043287007115,5.023239161835543,-0.5068041251715716,3.532247131923676,3.7846822442996926,,,800
10000,984,OBM_RR,2.0,5.530043287007115,3.7615326702768823,-1.7685106167302327,13.188727646647639,16.299871538576877,3.8236216605044113,15.546821953174476,800
10000,984,OBM_RR,3.0,5.530043287007115,3.226596468873231,-2.303446818133884,12.329801747849334,17.620256739635632,3.266204037792848,17.152169380665995,800
10000,984,OBM_RR,4.0,5.530043287007115,2.683365786032308,-2.846677500974807,10.154384605574181,18.245264419373388,2.723394562618079,17.779598029799295,800
10000,1064,OBM,0.0,5.530043287007115,4.976510985899588,-0.553532301107527,3.783377394605425,4.085046181231562,,,800
10000,1064,OBM_RR,2.0,5.530043287007115,3.612107912272179,-1.917935374734936,13.663994922007314,17.325391030014444,3.6903129019122627,16.368932971272244,800
10000,1064,OBM_RR,3.0,5.530043287007115,3.0362606283231366,-2.4937826586839784,12.220626973428104,18.42430313846425,3.088313892772596,17.80732666651235,800
10000,1064,OBM_RR,4.0,5.530043287007115,2.4723538550285666,-3.0576894319785484,9.31826965763046,18.656086482991718,2.521833549925735,18.07594679145399,800
10000,1149,OBM,0.0,5.530043287007115,4.926411893277461,-0.6036313937296542,4.0492545957074855,4.408563886958856,,,800
10000,1149,OBM_RR,2.0,5.530043287007115,3.4643454623973637,-2.0656978246097513,14.019926033401088,18.269508628456794,3.557756189916877,17.110124716849487,800
10000,1149,OBM_RR,3.0,5.530043287007115,2.8424758691900593,-2.6875674178170557,11.839273701420064,19.047493234605128,2.909137467691388,18.248115098273107,800
10000,1149,OBM_RR,4.0,5.530043287007115,2.2426330745929475,-3.2874102124141675,8.15939145110537,18.956258116476448,2.307548721795958,18.189965561177736,800
10000,1242,OBM,0.0,5.530043287007115,4.868842729061121,-0.6612005579459943,4.34781330399977,4.779564715197863,,,800
10000,1242,OBM_RR,2.0,5.530043287007115,3.3147534924687547,-2.2152897945383603,14.267149541973694,19.15682447883204,3.4198751513377608,17.838029379778085,800
10000,1242,OBM_RR,3.0,5.530043287007115,2.635175801678729,-2.894867485328386,11.36010905100263,19.72616667230037,2.7235898796423537,18.660569743069754,800
10000,1242,OBM_RR,4.0,5.530043287007115,1.9948416578848287,-3.5352016291222865,6.832254940573369,19.321365180446517,2.0740130197365647,18.384026311768825,800
10000,1343,OBM,0.0,5.530043287007115,4.8013187157204325,-0.7287245712866826,4.689605970454428,5.2147834637883195,,,800
10000,1343,OBM_RR,2.0,5.530043287007115,3.157713648596811,-2.372329638410304,14.336674019601482,19.946701090356946,3.2674888602839287,18.568056143549583,800
10000,1343,OBM_RR,3.0,5.530043287007115,2.4271320923027027,-3.1029111947044123,10.613683451502618,20.228474229410207,2.5338320276990642,18.936894929897864,800
10000,1343,OBM_RR,4.0,5.530043287007115,1.7239313384235828,-3.806111948583532,5.6836939840628995,20.16307753173315,1.8162522327348907,19.067608288469174,800
10000,1451,OBM,0.0,5.530043287007115,4.727447789594288,-0.8025954974128267,5.053802746982159,5.691645026015774,,,800
10000,1451,OBM_RR,2.0,5.530043287007115,2.983220855284178,-2.546822431722937,14.233186502530074,20.701699518129047,3.110625788015209,19.100258886772103,800
10000,1451,OBM_RR,3.0,5.530043287007115,2.2057982690046525,-3.3242450180024625,9.54156438548668,20.580242369719016,2.3318488929794534,19.033217820814876,800
10000,1451,OBM_RR,4.0,5.530043287007115,1.4475961143444596,-4.082447172662656,4.792827680522454,21.45321156350311,1.566622710722581,20.036187712571017,800
10000,1568,OBM,0.0,5.530043287007115,4.650664142206722,-0.8793791448003931,5.3898773394633555,6.1564476730988975,,,800
10000,1568,OBM_RR,2.0,5.530043287007115,2.7801896585226817,-2.7498536284844333,14.088687731469813,21.63277184989448,2.9359725158963013,19.647350617236594,800
10000,1568,OBM_RR,3.0,5.530043287007115,1.9602863921180256,-3.5697568948890894,8.114291463655906,20.84731288793453,2.107692136366542,19.036574708009347,800
10000,1568,OBM_RR,4.0,5.530043287007115,1.1549113462950913,-4.3751319407120235,4.008093853224505,23.144863234546538,1.3165903306500244,21.19500190216252,800
10000,1695,OBM,0.0,5.530043287007115,4.567423340059024,-0.9626199469480907,5.724913651974677,6.644394672172054,,,800
10000,1695,OBM_RR,2.0,5.530043287007115,2.5719119008218367,-2.9581313861852783,13.611201299318036,22.344728595628325,2.7713617727935485,19.772447183604818,800
10000,1695,OBM_RR,3.0,5.530043287007115,1.6931472445342488,-3.8368960424728664,6.700563271750555,21.41395880840481,1.8521329744263806,19.462014777247987,800
10000,1695,OBM_RR,4.0,5.530043287007115,0.8226809041918393,-4.707362382815276,3.2763445825107356,25.43150975492691,1.0526344385834105,22.618346179231022,800
10000,1831,OBM,0.0,5.530043287007115,4.480267228176233,-1.049776058830882,6.06954787935148,7.163990718196791,,,800
10000,1831,OBM_RR,2.0,5.530043287007115,2.349174847815971,-3.180868439191144,12.988583751413492,23.090272049166526,2.5968686693944902,19.85706171178144,800
10000,1831,OBM_RR,3.0,5.530043287007115,1.4025458268157758,-4.127497460191339,5.69236266313349,22.721482493690527,1.5975068853961703,20.312848420490933,800
10000,1831,OBM_RR,4.0,5.530043287007115,0.4661661493905928,-5.063877137616522,2.588066957807122,28.227683538985165,0.794770767468091,24.142834521150945,800
10000,1979,OBM,0.0,5.530043287007115,4.385302330052115,-1.1447409569550002,6.387524909920907,7.689972362313756,,,800
10000,1979,OBM_RR,2.0,5.530043287007115,2.12797114873285,-3.402072138274265,12.130020081041302,23.68895238996203,2.414884889928569,19.917429830199094,800
10000,1979,OBM_RR,3.0,5.530043287007115,1.1087034188067675,-4.421339868200348,4.964534679694771,24.50657524148302,1.3644782217165754,21.287279496157534,800
10000,1979,OBM_RR,4.0,5.530043287007115,0.07805683843588365,-5.4519864485712315,1.9547746559902923,31.67648742307465,0.5346764229912953,25.943815899395894,800
10000,2000,OBM,0.0,5.530043287007115,4.371924537624901,-1.158118749382214,6.427887245285705,7.761091423899721,,,800
10000,2000,OBM_RR,2.0,5.530043287007115,2.096165651812345,-3.43387763519477,11.976037485842145,23.752583052475664,2.38717980116685,19.921552513319057,800
10000,2000,OBM_RR,3.0,5.530043287007115,1.0675320441167566,-4.462511242890359,4.876544519792114,24.784455432065226,1.3326935150396144,21.43489020835369,800
10000,2000,OBM_RR,4.0,5.530043287007115,0.02191326858588938,-5.508130018421226,1.8646906577282412,32.20185609423909,0.4999344910690655,26.196048703530813,800
20000,5,OBM,0.0,5.530043287007115,0.6317096696973126,-4.898333617309802,0.0009483210625965898,23.994619362128603,,,800
20000,5,OBM_RR,2.0,5.530043287007115,1.6986865794481918,-3.831356707558923,0.008293308335573596,14.687577162256908,1.6986865794481918,14.687577162256908,800
20000,5,OBM_RR,3.0,5.530043287007115,2.1138622921941983,-3.4161809948129167,0.01431032161026527,11.684585023029223,2.1138622921941983,11.684585023029223,800
20000,5,OBM_RR,4.0,5.530043287007115,2.4681464699384095,-3.0618968170687055,0.021561893089634653,9.396747059098743,2.4681464699384095,9.396747059098743,800
20000,6,OBM,0.0,5.530043287007115,0.745464132718331,-4.784579154288784,0.0013609132814472156,22.89355689579462,,,800
20000,6,OBM_RR,2.0,5.530043287007115,1.965919913888503,-3.564123373118612,0.011778720450596677,12.714739415860427,1.965919913888503,12.714739415860427,800
20000,6,OBM_RR,3.0,5.530043287007115,2.417924866278357,-3.112118420728758,0.020127321732772215,9.705383227219867,2.417924866278357,9.705383227219867,800
20000,6,OBM_RR,4.0,5.530043287007115,2.7925794196120455,-2.7374638673950695,0.03000652380704479,7.5236774409458596,2.7925794196120455,7.5236774409458596,800
20000,7,OBM,0.0,5.530043287007115,0.8555554417536021,-4.674487845253513,0.0018450381993624612,21.852679347324443,,,800
20000,7,OBM_RR,2.0,5.530043287007115,2.2134712150309444,-3.3165720719761707,0.015791980293116827,11.01542254893006,2.2134712150309444,11.01542254893006,800
20000,7,OBM_RR,3.0,5.530043287007115,2.6922878264044403,-2.8377554606026747,0.02670954595190714,8.079532213199766,2.6922878264044403,8.079532213199766,800
20000,7,OBM_RR,4.0,5.530043287007115,3.0780511026406585,-2.4519921843664565,0.03941116032253396,6.051627568566318,3.0780511026406585,6.051627568566318,800
20000,8,OBM,0.0,5.530043287007115,0.9621209510778789,-4.567922335929236,0.002399104314014189,20.86831057251483,,,800
20000,8,OBM_RR,2.0,5.530043287007115,2.442882348349339,-3.087160938657776,0.02029110341266761,9.55082840070776,2.442882348349339,9.55082840070776,800
20000,8,OBM_RR,3.0,5.530043287007115,2.9401404212939855,-2.5899028657131296,0.033967616497228986,6.741522010805687,2.9401404212939855,6.741522010805687,800
20000,8,OBM_RR,4.0,5.530043287007115,3.329814279278886,-2.200229007728229,0.04962894590005401,4.890574596166428,3.329814279278886,4.890574596166428,800
20000,9,OBM,0.0,5.530043287007115,1.0652925120153802,-4.464750774991735,0.003021637385757177,19.93701734312832,,,800
20000,9,OBM_RR,2.0,5.530043287007115,2.6555833981679826,-2.8744598888391324,0.02523738749699836,8.287725493307702,2.6555833981679826,8.287725493307702,800
20000,9,OBM_RR,3.0,5.530043287007115,3.1642810767447473,-2.3657622102623677,0.041823931282858676,5.63860248687424,3.1642810767447473,5.63860248687424,800
20000,9,OBM_RR,4.0,5.530043287007115,3.5523441973190653,-1.9776990896880497,0.06052476685865492,3.971742800253021,3.5523441973190653,3.971742800253021,800
20000,10,OBM,0.0,5.530043287007115,1.1651981245727523,-4.364845162434363,0.0037110137101872137,19.05557966696971,,,800
20000,10,OBM_RR,2.0,5.530043287007115,2.8528764151835184,-2.6771668718235966,0.03059302989454519,7.197777248196917,2.8528764151835184,7.197777248196917,800
20000,10,OBM_RR,3.0,5.530043287007115,3.3672070976563218,-2.1628361893507932,0.05020605929647978,4.728003683687819,3.3672070976563218,4.728003683687819,800
20000,10,OBM_RR,4.0,5.530043287007115,3.7494691186946096,-1.7805741683125054,0.07196284944509738,3.2423172647450604,3.7494691186946096,3.2423172647450604,800
20000,11,OBM,0.0,5.530043287007115,1.2619593943221745,-4.26808389268494,0.004465429863753322,18.22099996307306,,,800
20000,11,OBM_RR,2.0,5.530043287007115,3.0359567836297594,-2.4940865033773556,0.03632214179755511,6.256744225449395,3.0359567836297594,6.256744225449395,800
20000,11,OBM_RR,3.0,5.530043287007115,3.5511373863863707,-1.9789059006207443,0.05904780225402033,3.9750425560128035,3.5511373863863707,3.9750425560128035,800
20000,11,OBM_RR,4.0,5.530043287007115,3.9244785141494014,-1.6055647728577136,0.08382009573863962,2.661553560460608,3.9244785141494014,2.661553560460608,800
20000,12,OBM,0.0,5.530043287007115,1.355692023303417,-4.174351263703698,0.005283157864781852,17.43048502670211,,,800
20000,12,OBM_RR,2.0,5.530043287007115,3.2059091724738162,-2.3241341145332988,0.042392523286692164,5.443938914970064,3.2059091724738162,5.443938914970064,800
20000,12,OBM_RR,3.0,5.530043287007115,3.7180259023380087,-1.8120173846691063,0.06828494904316962,3.351606595199935,3.7180259023380087,3.351606595199935,800
20000,12,OBM_RR,4.0,5.530043287007115,4.080195818689018,-1.4498474683180973,0.09600509262105562,2.197942767643675,4.080195818689018,2.197942767643675,800
20000,13,OBM,0.0,5.530043287007115,1.4465080714003722,-4.083535215606743,0.00616238040362449,16.681414534528525,,,800
20000,13,OBM_RR,2.0,5.530043287007115,3.3637284108822154,-2.1663148761248996,0.04877588594456389,4.741635058607174,3.3637284108822154,4.741635058607174,800
20000,13,OBM_RR,3.0,5.530043287007115,3.869620482060823,-1.660422804946292,0.07785112169944235,2.8347576989830294,3.869620482060823,2.8347576989830294,800
20000,13,OBM_RR,4.0,5.530043287007115,4.219061765826041,-1.3109815211810742,0.10844962984007236,1.8269866166810158,4.219061765826041,1.8269866166810158,800
20000,14,OBM,0.0,5.530043287007115,1.5345133283922732,-3.995529958614842,0.00710105993307229,15.971351833796875,,,800
20000,14,OBM_RR,2.0,5.530043287007115,3.5103410464455154,-2.0197022405615996,0.055443646432908965,4.1345714824044135,3.5103410464455154,4.1345714824044135,800
20000,14,OBM_RR,3.0,5.530043287007115,4.007475808721177,-1.5225674782859384,0.0876846316717782,2.4057867518161906,4.007475808721177,2.4057867518161906,800
20000,14,OBM_RR,4.0,5.530043287007115,4.343187937767075,-1.18685534924004,0.12108395130806292,1.5295582163886245,4.343187937767075,1.5295582163886245,800
20000,15,OBM,0.0,5.530043287007115,1.6198114180285696,-3.9102318689785456,0.008097044418979325,15.298000192288907,,,800
20000,15,OBM_RR,2.0,5.530043287007115,3.6465967952283607,-1.8834464917787543,0.06237211763979328,3.609664839886439,3.6465967952283607,3.609664839886439,800
20000,15,OBM_RR,3.0,5.530043287007115,4.132975449624612,-1.3970678373825027,0.09773636311076093,2.0494127349054967,4.132975449624612,2.0494127349054967,800
20000,15,OBM_RR,4.0,5.530043287007115,4.454409491795781,-1.075633795211334,0.13386220730123463,1.2906829409428473,4.454409491795781,1.2906829409428473,800
20000,16,OBM,0.0,5.530043287007115,1.702501649713609,-3.827541637293506,0.009148447090212567,14.659211996746803,,,800
20000,16,OBM_RR,2.0,5.530043287007115,3.7732802447436593,-1.7567630422634557,0.06953600522089236,3.15566547187712,3.7732802447436593,3.15566547187712,800
20000,16,OBM_RR,3.0,5.530043287007115,4.247353979907122,-1.282689307099993,0.10796895846019684,1.7531258558107812,4.247353979907122,1.7531258558107812,800
20000,16,OBM_RR,4.0,5.530043287007115,4.554272872412213,-0.9757704145949022,0.14675444792427592,1.0986989068630775,4.554272872412213,1.0986989068630775,800
20000,18,OBM,0.0,5.530043287007115,1.8604379550916814,-3.6696053319154336,0.011410162293914578,13.477399191613227,,,800
20000,18,OBM_RR,2.0,5.530043287007115,4.0007245968946075,-1.5293186901125075,0.08447534234898876,2.4231854040984886,4.0007245968946075,2.4231854040984886,800
20000,18,OBM_RR,3.0,5.530043287007115,4.447053463689208,-1.0829898233179067,0.12884994859164361,1.3015558435660546,4.447053463689208,1.3015558435660546,800
20000,18,OBM_RR,4.0,5.530043287007115,4.724993015842266,-0.8050502711648493,0.17272072367101107,0.8206107618690193,4.724993015842266,0.8206107618690193,800
20000,19,OBM,0.0,5.530043287007115,1.935862247454253,-3.594181039552862,0.012616639455867659,12.930738213737836,,,800
20000,19,OBM_RR,2.0,5.530043287007115,4.102758116877165,-1.4272851701299496,0.09220011607304522,2.1292278228008326,4.102758116877165,2.1292278228008326,800
20000,19,OBM_RR,3.0,5.530043287007115,4.534257051283262,-0.9957862357238527,0.13943567789194458,1.1308516105516597,4.534257051283262,1.1308516105516597,800
20000,19,OBM_RR,4.0,5.530043287007115,4.797949345367751,-0.7320939416393637,0.1856985582175787,0.7214279744048666,4.797949345367751,0.7214279744048666,800
20000,21,OBM,0.0,5.530043287007115,2.0800436981874943,-3.4499995888196207,0.015171748035710773,11.91764994620622,,,800
20000,21,OBM_RR,2.0,5.530043287007115,4.286266265702256,-1.243777021304859,0.10803885968880939,1.6548850898401852,4.286266265702256,1.6548850898401852,800
20000,21,OBM_RR,3.0,5.530043287007115,4.687337828752452,-0.8427054582546631,0.1608106641337794,0.8707621401758135,4.687337828752452,0.8707621401758135,800
20000,21,OBM_RR,4.0,5.530043287007115,4.923358331181452,-0.6066849558256626,0.2113962944697876,0.5791986847268857,4.923358331181452,0.5791986847268857,800
20000,23,OBM,0.0,5.530043287007115,2.2158538354481525,-3.3141894515589625,0.017904527192872263,11.001733867358576,,,800
20000,23,OBM_RR,2.0,5.530043287007115,4.445625542292282,-1.084417744714833,0.12427172513967441,1.3000782305356564,4.445625542292282,1.3000782305356564,800
20000,23,OBM_RR,3.0,5.530043287007115,4.8162047687869105,-0.7138385182202045,0.18235579579646974,0.6916932811465418,4.8162047687869105,0.6916932811465418,800
20000,23,OBM_RR,4.0,5.530043287007115,5.026013109687684,-0.5040301773194313,0.23649634634807926,0.4902471455638013,5.026013109687684,0.4902471455638013,800
20000,25,OBM,0.0,5.530043287007115,2.3438668600805066,-3.1861764269266084,0.020802402226111804,10.172496622726136,,,800
20000,25,OBM_RR,2.0,5.530043287007115,4.584257427573857,-0.9457858594332578,0.1407916902469933,1.0351265925380904,4.584257427573857,1.0351265925380904,800
20000,25,OBM_RR,3.0,5.530043287007115,4.9249813228607335,-0.6050619641463815,0.2038833791226667,0.5697285053554402,4.9249813228607335,0.5697285053554402,800
20000,25,OBM_RR,4.0,5.530043287007115,5.110415292886124,-0.41962799412099105,0.26097419068374544,0.4367356263953968,5.110415292886124,0.4367356263953968,800
20000,27,OBM,0.0,5.530043287007115,2.464618221834958,-3.065425065172157,0.023853261661008988,9.420654275269655,,,800
20000,27,OBM_RR,2.0,5.530043287007115,4.705078366478441,-0.8249649205286742,0.15750494323741598,0.8378751821612508,4.705078366478441,0.8378751821612508,800
20000,27,OBM_RR,3.0,5.530043287007115,5.0169916931315415,-0.5130515938755735,0.22521749419093454,0.4881579103014626,5.0169916931315415,0.4881579103014626,800
20000,27,OBM_RR,4.0,5.530043287007115,5.180179298494047,-0.3498639885130679,0.28492804914841646,0.4069766995452534,5.180179298494047,0.4069766995452534,800
20000,30,OBM,0.0,5.530043287007115,2.6332041066284653,-2.8968391803786497,0.02869100393455983,8.42033237715649,,,800
20000,30,OBM_RR,2.0,5.530043287007115,4.858315840079491,-0.6717274469276244,0.18276619024026722,0.6337554954583713,4.858315840079491,0.6337554954583713,800
20000,30,OBM_RR,3.0,5.530043287007115,5.129391833560309,-0.4006514534468062,0.256469452485489,0.4166704528189205,5.129391833560309,0.4166704528189205,800
20000,30,OBM_RR,4.0,5.530043287007115,5.263472225111725,-0.26657106189539004,0.32029035785155424,0.3909501259442753,5.263472225111725,0.3909501259442753,800
20000,32,OBM,0.0,5.530043287007115,2.737890947228634,-2.792152339778481,0.03207451069780618,7.828149106089879,,,800
20000,32,OBM_RR,2.0,5.530043287007115,4.94476918624649,-0.5852741007606248,0.19968540448025465,0.541981570745812,4.94476918624649,0.541981570745812,800
20000,32,OBM_RR,3.0,5.530043287007115,5.1903856448159,-0.33965764219121475,0.27674424108721096,0.39176562468474735,5.1903856448159,0.39176562468474735,800
20000,32,OBM_RR,4.0,5.530043287007115,5.307773859888971,-0.22226942711814424,0.3437182109252972,0.3926922613930687,5.307773859888971,0.3926922613930687,800
20000,35,OBM,0.0,5.530043287007115,2.8843778466649495,-2.6456654403421656,0.037361213410398296,7.036860134114538,,,800
20000,35,OBM_RR,2.0,5.530043287007115,5.054940993053488,-0.47510229395362735,0.2250760822162787,0.45051692683350736,5.054940993053488,0.45051692683350736,800
20000,35,OBM_RR,3.0,5.530043287007115,5.2653507255269165,-0.2646925614801985,0.30643159061456854,0.3761107032292492,5.2653507255269165,0.3761107032292492,800
20000,35,OBM_RR,4.0,5.530043287007115,5.361128520932714,-0.16891476607440126,0.3787028173342368,0.4067616370105385,5.361128520932714,0.4067616370105385,800
20000,38,OBM,0.0,5.530043287007115,3.019310182165709,-2.510733104841406,0.042869143667047,6.346596280984028,,,800
20000,38,OBM_RR,2.0,5.530043287007115,5.145544959613045,-0.38449832739406986,0.25028762311435776,0.39781372735430237,5.145544959613045,0.39781372735430237,800
20000,38,OBM_RR,3.0,5.530043287007115,5.3245905103150495,-0.20545277669206552,0.3355316741350972,0.37732310299290817,5.3245905103150495,0.37732310299290817,800
20000,38,OBM_RR,4.0,5.530043287007115,5.402034577570948,-0.12800870943616705,0.41339976909163706,0.42926924907178543,5.402034577570948,0.42926924907178543,800
20000,42,OBM,0.0,5.530043287007115,3.1831549819448752,-2.3468883050622398,0.050496562610807406,5.558318158345457,,,800
20000,42,OBM_RR,2.0,5.530043287007115,5.241904363921052,-0.2881389230860627,0.28327302823830547,0.3659429759502038,5.241904363921052,0.3659429759502038,800
20000,42,OBM_RR,3.0,5.530043287007115,5.385125398637017,-0.1449178883700979,0.37399988278843876,0.3945335773046013,5.385125398637017,0.3945335773046013,800
20000,42,OBM_RR,4.0,5.530043287007115,5.442260681135118,-0.08778260587199682,0.4591383783089477,0.46627024122973976,5.442260681135118,0.46627024122973976,800
20000,45,OBM,0.0,5.530043287007115,3.295254105759264,-2.234789181247851,0.05639216503602926,5.050604359452173,,,800
20000,45,OBM_RR,2.0,5.530043287007115,5.299404410073457,-0.23063887693365803,0.3073035892278471,0.36011375129453116,5.299404410073457,0.36011375129453116,800
20000,45,OBM_RR,3.0,5.530043287007115,5.419852616010636,-0.11019067099647906,0.4027815305976118,0.4144200376590191,5.419852616010636,0.4144200376590191,800
20000,45,OBM_RR,4.0,5.530043287007115,5.4646859827297805,-0.06535730427733455,0.4931833257356074,0.49683842380083804,5.4646859827297805,0.49683842380083804,800
20000,49,OBM,0.0,5.530043287007115,3.4319698345743017,-2.0980734524328133,0.06444519622613437,4.466276851534195,,,800
20000,49,OBM_RR,2.0,5.530043287007115,5.3605332053409835,-0.16951008166613146,0.3384246192728617,0.36673525628522907,5.3605332053409835,0.36673525628522907,800
20000,49,OBM_RR,3.0,5.530043287007115,5.455263497451451,-0.07477978955566389,0.4410100701690918,0.44605082450736966,5.455263497451451,0.44605082450736966,800
20000,49,OBM_RR,4.0,5.530043287007115,5.487313968904811,-0.04272931810230407,0.5381528161224847,0.5393059197278194,5.487313968904811,0.5393059197278194,800
20000,54,OBM,0.0,5.530043287007115,3.5848482941567,-1.945194992850415,0.07475909560067452,3.858449206941502,,,800
20000,54,OBM_RR,2.0,5.530043287007115,5.41772976450185,-0.11231352250526516,0.3762016318257295,0.3883457071234881,5.41772976450185,0.3883457071234881,800
20000,54,OBM_RR,3.0,5.530043287007115,5.486343014969645,-0.04370027203747018,0.4883830879613732,0.48968232287757046,5.486343014969645,0.48968232287757046,800
20000,54,OBM_RR,4.0,5.530043287007115,5.50715828630388,-0.022885000703235292,0.5936321475936761,0.5934138306663711,5.50715828630388,0.5934138306663711,800
20000,58,OBM,0.0,5.530043287007115,3.6946050728403947,-1.8354382141667203,0.083157664193532,3.45188715513681,,,800
20000,58,OBM_RR,2.0,5.530043287007115,5.451957850718952,-0.07808543628816267,0.4059824058477717,0.4115722632007748,5.451957850718952,0.4115722632007748,800
20000,58,OBM_RR,3.0,5.530043287007115,5.503736573967977,-0.026306713039137897,0.5260465718793872,0.5260810568154617,5.503736573967977,0.5260810568154617,800
20000,58,OBM_RR,4.0,5.530043287007115,5.517979483078794,-0.012063803928320738,0.6370001947050928,0.6363494798269325,5.517979483078794,0.6363494798269325,800
20000,63,OBM,0.0,5.530043287007115,3.8182397852307997,-1.7118035017763154,0.09380115203269498,3.0239551292863096,,,800
20000,63,OBM_RR,2.0,5.530043287007115,5.484030734248474,-0.0460125527586408,0.443142426391301,0.44470565336967866,5.484030734248474,0.44470565336967866,800
20000,63,OBM_RR,3.0,5.530043287007115,5.519142247837151,-0.010901039169963767,0.5728745351573531,0.5722772746433915,5.519142247837151,0.5722772746433915,800
20000,63,OBM_RR,4.0,5.530043287007115,5.526864013144905,-0.0031792738622096195,0.6899349942668339,0.6890826833062914,5.526864013144905,0.6890826833062914,800
20000,69,OBM,0.0,5.530043287007115,3.949421124340658,-1.5806221626664572,0.10672810842924743,2.604961119406099,,,800
20000,69,OBM_RR,2.0,5.530043287007115,5.510759390585138,-0.019283896421977254,0.4878520736813408,0.4876141272504528,5.510759390585138,0.4876141272504528,800
20000,69,OBM_RR,3.0,5.530043287007115,5.531290964999141,0.001247677992026297,0.6285103521932096,0.62772627095334,5.531290964999141,0.62772627095334,800
20000,69,OBM_RR,4.0,5.530043287007115,5.533120691716697,0.0030774047095816215,0.7533558051955809,0.7524235808588331,5.533120691716697,0.7524235808588331,800
20000,75,OBM,0.0,5.530043287007115,4.0646098352673246,-1.4654334517397904,0.11972309850947542,2.2670686461143346,,,800
20000,75,OBM_RR,2.0,5.530043287007115,5.52810295403278,-0.001940332974334602,0.5326880157941069,0.5320259206664155,5.52810295403278,0.5320259206664155,800
20000,75,OBM_RR,3.0,5.530043287007115,5.538577972795731,0.008534685788616159,0.6832769906730286,0.6824957352961978,5.538577972795731,0.6824957352961978,800
20000,75,OBM_RR,4.0,5.530043287007115,5.536107819245167,0.006064532238052145,0.8168760586025414,0.8158917420805548,5.536107819245167,0.8158917420805548,800
20000,81,OBM,0.0,5.530043287007115,4.1662005360326795,-1.3638427509744355,0.13268683610190418,1.992588026942291,,,800
20000,81,OBM_RR,2.0,5.530043287007115,5.5388223466979785,0.008779059690863456,0.577611947608746,0.576967004563291,5.5388223466979785,0.576967004563291,800
20000,81,OBM_RR,3.0,5.530043287007115,5.542338062457909,0.012294775450794049,0.7366087652921222,0.7358391658388923,5.542338062457909,0.7358391658388923,800
20000,81,OBM_RR,4.0,5.530043287007115,5.5370327950711395,0.006989508064024541,0.8810335175114383,0.879981078837526,5.5370327950711395,0.879981078837526,800
20000,89,OBM,0.0,5.530043287007115,4.2838758792809335,-1.2461674077261815,0.1497411442538007,1.7024871759024751,,,800
20000,89,OBM_RR,2.0,5.530043287007115,5.546684957878776,0.01664167087166124,0.6380664630958167,0.6375458252263476,5.546684957878776,0.6375458252263476,800
20000,89,OBM_RR,3.0,5.530043287007115,5.544011416939985,0.01396812993287,0.8073057068900377,0.8064916834102466,5.544011416939985,0.8064916834102466,800
20000,89,OBM_RR,4.0,5.530043287007115,5.535677070841034,0.005633783833919104,0.968040258424844,0.9668619476221002,5.535677070841034,0.9668619476221002,800
20000,96,OBM,0.0,5.530043287007115,4.372887412286811,-1.1571558747203037,0.16438667818232958,1.5031909132343124,,,800
20000,96,OBM_RR,2.0,5.530043287007115,5.550105941566753,0.02006265455963785,0.6913782322207347,0.6909165195384384,5.550105941566753,0.6909165195384384,800
20000,96,OBM_RR,3.0,5.530043287007115,5.543699652426506,0.013656365419390859,0.8696177678266156,0.8687172419333001,5.543699652426506,0.8687172419333001,800
20000,96,OBM_RR,4.0,5.530043287007115,5.532650336421191,0.002607049414075746,1.0432482375581338,1.0419509739678334,5.532650336421191,1.0419509739678334,800
20000,105,OBM,0.0,5.530043287007115,4.471693099239594,-1.0583501877675214,0.18286708005404193,1.3027436161515218,,,800
20000,105,OBM_RR,2.0,5.530043287007115,5.551813863720399,0.021770576713284306,0.7598749517057531,0.7593990660265498,5.551813863720399,0.7593990660265498,800
20000,105,OBM_RR,3.0,5.530043287007115,5.541687906266756,0.011644619259641331,0.9502615672537778,0.9492093374524125,5.541687906266756,0.9492093374524125,800
20000,105,OBM_RR,4.0,5.530043287007115,5.528860360806957,-0.001182926200158363,1.1411204076141908,1.139695406419068,5.528860360806957,1.139695406419068,800
20000,114,OBM,0.0,5.530043287007115,4.55616373426527,-0.9738795527418453,0.20106081215852203,1.1492508693919816,,,800
20000,114,OBM_RR,2.0,5.530043287007115,5.551347201160954,0.021303914153839365,0.8270543590081824,0.8264743978176964,5.551347201160954,0.8264743978176964,800
20000,114,OBM_RR,3.0,5.530043287007115,5.5387000974558465,0.008656810448731456,1.0322843540752207,1.031068938999772,5.5387000974558465,1.031068938999772,800
20000,114,OBM_RR,4.0,5.530043287007115,5.525346453816731,-0.004696833190384275,1.2424143288490326,1.2408833711799896,5.525346453816731,1.2408833711799896,800
20000,124,OBM,0.0,5.530043287007115,4.636525191283551,-0.8935180957235644,0.22112086271739104,1.0192190490244584,,,800
20000,124,OBM_RR,2.0,5.530043287007115,5.548905687092067,0.018862400084952213,0.8989391096641671,0.8981712259140516,5.548905687092067,0.8981712259140516,800
20000,124,OBM_RR,3.0,5.530043287007115,5.533556348550105,0.003513061542990137,1.1230612904005388,1.121669805388943,5.533556348550105,1.121669805388943,800
20000,124,OBM_RR,4.0,5.530043287007115,5.5204615571685585,-0.00958172983855654,1.3555822197156635,1.3539795514877182,5.5204615571685585,1.3539795514877182,800
20000,135,OBM,0.0,5.530043287007115,4.711653112593512,-0.8183901744136026,0.24309824988977838,0.9125568546541436,,,800
20000,135,OBM_RR,2.0,5.530043287007115,5.545309765356601,0.015266478349485801,0.9773825189013108,0.9763938561138794,5.545309765356601,0.9763938561138794,800
20000,135,OBM_RR,3.0,5.530043287007115,5.528045214467605,-0.0019980725395098986,1.221912250889305,1.2203888528695666,5.528045214467605,1.2203888528695666,800
20000,135,OBM_RR,4.0,5.530043287007115,5.5133648199465055,-0.016678467060609492,1.4808732796223945,1.4793003592863585,5.5133648199465055,1.4793003592863585,800
20000,147,OBM,0.0,5.530043287007115,4.780832276492402,-0.7492110105147134,0.2669162538531774,0.8278997468123389,,,800
20000,147,OBM_RR,2.0,5.530043287007115,5.541170236392188,0.011126949385072749,1.063274962636445,1.0620696779357675,5.541170236392188,1.0620696779357675,800
20000,147,OBM_RR,3.0,5.530043287007115,5.523184373952165,-0.006858913054950122,1.3328991968124946,1.3312801175047744,5.523184373952165,1.3312801175047744,800
20000,147,OBM_RR,4.0,5.530043287007115,5.504954928382478,-0.025088358624636875,1.6251003920494154,1.6236984422978316,5.504954928382478,1.6236984422978316,800
20000,159,OBM,0.0,5.530043287007115,4.839295115726446,-0.6907481712806689,0.29047593695879603,0.7672458781651855,,,800
20000,159,OBM_RR,2.0,5.530043287007115,5.537075749633382,0.007032462626266778,1.1497516827030776,1.1483639486302888,5.537075749633382,1.1483639486302888,800
20000,159,OBM_RR,3.0,5.530043287007115,5.518755354941365,-0.011287932065750184,1.446083018748651,1.4444028323855362,5.518755354941365,1.4444028323855362,800
20000,159,OBM_RR,4.0,5.530043287007115,5.496434612122375,-0.033608674884740175,1.7707420762317525,1.7696581916639709,5.496434612122375,1.7696581916639709,800
20000,173,OBM,0.0,5.530043287007115,4.896938774434194,-0.6331045125729213,0.3176680797676552,0.7180923185081417,,,800
20000,173,OBM_RR,2.0,5.530043287007115,5.532292187480198,0.0022489004730825712,1.2520029561735082,1.250443010031629,5.532292187480198,1.250443010031629,800
20000,173,OBM_RR,3.0,5.530043287007115,5.512048891496351,-0.017994395510764427,1.5775074138119658,1.5758593278144986,5.512048891496351,1.5758593278144986,800
20000,173,OBM_RR,4.0,5.530043287007115,5.482413025495283,-0.047630261511831584,1.9381333843273791,1.9379793594086552,5.482413025495283,1.9379793594086552,800
20000,188,OBM,0.0,5.530043287007115,4.949000972496212,-0.5810423145109027,0.3464967737066607,0.6836738239917143,,,800
20000,188,OBM_RR,2.0,5.530043287007115,5.525643717628665,-0.00439956937845043,1.3602677384156392,1.3585867599533352,5.525643717628665,1.3585867599533352,800
20000,188,OBM_RR,3.0,5.530043287007115,5.503685459255665,-0.02635782775144957,1.72451883762477,1.7230579241615143,5.503685459255665,1.7230579241615143,800
20000,188,OBM_RR,4.0,5.530043287007115,5.463132553648088,-0.06691073335902686,2.1114147395545535,2.1132525173687533,5.463132553648088,2.1132525173687533,800
20000,205,OBM,0.0,5.530043287007115,4.998701412875669,-0.5313418741314457,0.3787385123447405,0.6605892764098268,,,800
20000,205,OBM_RR,2.0,5.530043287007115,5.519036488976859,-0.01100679803025617,1.4823700651975977,1.4806382522189796,5.519036488976859,1.4806382522189796,800
20000,205,OBM_RR,3.0,5.530043287007115,5.494236767968056,-0.03580651903905885,1.8983740704362329,1.897283209653882,5.494236767968056,1.897283209653882,800
20000,205,OBM_RR,4.0,5.530043287007115,5.43888475870783,-0.09115852829928528,2.302355435194933,2.307787368182631,5.43888475870783,2.307787368182631,800
20000,223,OBM,0.0,5.530043287007115,5.04281527934949,-0.48722800765762475,0.4122806273018623,0.6491564079637528,,,800
20000,223,OBM_RR,2.0,5.530043287007115,5.513655159351012,-0.016388127656102647,1.6164101868194765,1.6146582448140248,5.513655159351012,1.6146582448140248,800
20000,223,OBM_RR,3.0,5.530043287007115,5.4812269319076,-0.04881635509951465,2.0812540854824295,2.081035554400778,5.4812269319076,2.081035554400778,800
20000,223,OBM_RR,4.0,5.530043287007115,5.413944532357,-0.11609875465011488,2.50431463378818,2.5146631613272525,5.413944532357,2.5146631613272525,800
20000,242,OBM,0.0,5.530043287007115,5.081759296498671,-0.44828399050844414,0.4466790037143086,0.647079191105841,,,800
20000,242,OBM_RR,2.0,5.530043287007115,5.508340151349983,-0.021703135657132222,1.7621154587847379,1.760383840558609,5.508340151349983,1.760383840558609,800
20000,242,OBM_RR,3.0,5.530043287007115,5.462889789337506,-0.06715349766960887,2.269196534074153,2.2708696306558225,5.462889789337506,2.2708696306558225,800
20000,242,OBM_RR,4.0,5.530043287007115,5.387181805355215,-0.1428614816518996,2.7304872690155264,2.747483562869033,5.387181805355215,2.747483562869033,800
20000,263,OBM,0.0,5.530043287007115,5.117776941148916,-0.41226634585819877,0.48414556102829037,0.6535039190042771,,,800
20000,263,OBM_RR,2.0,5.530043287007115,5.500387199448787,-0.029656087558327826,1.9243673846700957,1.922841408968525,5.500387199448787,1.922841408968525,800
20000,263,OBM_RR,3.0,5.530043287007115,5.438680790849252,-0.0913624961578634,2.4707612456260923,2.4760198997732554,5.438680790849252,2.4760198997732554,800
20000,263,OBM_RR,4.0,5.530043287007115,5.356819553304441,-0.17322373370267385,2.9811109674602614,3.0073910406688316,5.356819553304441,3.0073910406688316,800
20000,286,OBM,0.0,5.530043287007115,5.150826762736374,-0.37921652427074104,0.5251407340841863,0.6682894804465633,,,800
20000,286,OBM_RR,2.0,5.530043287007115,5.490292928026704,-0.03975035898041135,2.1123417115969096,2.111281375496485,5.490292928026704,2.111281375496485,800
20000,286,OBM_RR,3.0,5.530043287007115,5.4122623487746,-0.11778093823251456,2.685542526858089,2.696057948110448,5.4122623487746,2.696057948110448,800
20000,286,OBM_RR,4.0,5.530043287007115,5.323730211089681,-0.20631307591743386,3.2651490033666173,3.3036326524069217,5.323730211089681,3.3036326524069217,800
20000,311,OBM,0.0,5.530043287007115,5.180709164937606,-0.349334122069509,0.5697041307269968,0.6910263294056633,,,800
20000,311,OBM_RR,2.0,5.530043287007115,5.479694584870936,-0.050348702136179035,2.3227136163620004,2.3223452161483458,5.479694584870936,2.3223452161483458,800
20000,311,OBM_RR,3.0,5.530043287007115,5.383320819067511,-0.14672246793960397,2.932041373044882,2.9499038039268646,5.383320819067511,2.9499038039268646,800
20000,311,OBM_RR,4.0,5.530043287007115,5.2832274902843555,-0.24681579672275955,3.572917451750042,3.6293693424472457,5.2832274902843555,3.6293693424472457,800
20000,338,OBM,0.0,5.530043287007115,5.207648191018477,-0.3223950959886377,0.6185405628607824,0.7217059850747293,,,800
20000,338,OBM_RR,2.0,5.530043287007115,5.4633249277077915,-0.06671835929932346,2.5472438949390646,2.548511179537984,5.4633249277077915,2.548511179537984,800
20000,338,OBM_RR,3.0,5.530043287007115,5.351514995563686,-0.1785282914434294,3.205092730228761,3.232958715161685,5.351514995563686,3.232958715161685,800
20000,338,OBM_RR,4.0,5.530043287007115,5.238015775410138,-0.29202751159697726,3.895731039198715,3.976141442929239,5.238015775410138,3.976141442929239,800
20000,368,OBM,0.0,5.530043287007115,5.231706343427363,-0.29833694357975205,0.6730221836990594,0.7611858378739433,,,800
20000,368,OBM_RR,2.0,5.530043287007115,5.439213982615599,-0.09082930439151582,2.788476671579361,2.793241038276134,5.439213982615599,2.793241038276134,800
20000,368,OBM_RR,3.0,5.530043287007115,5.316297371970436,-0.21374591503667872,3.5133270490584834,3.554622706442027,5.316297371970436,3.554622706442027,800
20000,368,OBM_RR,4.0,5.530043287007115,5.191551554988057,-0.33849173201905813,4.244824402730104,4.354095024871953,5.191551554988057,4.354095024871953,800
20000,400,OBM,0.0,5.530043287007115,5.252889366025013,-0.27715392098210234,0.7305557076624216,0.8064568089435972,,,800
20000,400,OBM_RR,2.0,5.530043287007115,5.408459176839403,-0.12158411016771176,3.041714405450018,3.05269495828848,5.408459176839403,3.05269495828848,800
20000,400,OBM_RR,3.0,5.530043287007115,5.275713494568274,-0.254329792438841,3.853612332792923,3.913478960698916,5.275713494568274,3.913478960698916,800
20000,400,OBM_RR,4.0,5.530043287007115,5.146298647776871,-0.38374463923024393,4.612744450204765,4.75423846777996,5.146298647776871,4.75423846777996,800
20000,435,OBM,0.0,5.530043287007115,5.272651274058348,-0.2573920129487668,0.7951719960417272,0.860428679376493,,,800
20000,435,OBM_RR,2.0,5.530043287007115,5.374945459253849,-0.15509782775326642,3.3135734260843384,3.3334867954755145,5.374945459253849,3.3334867954755145,800
20000,435,OBM_RR,3.0,5.530043287007115,5.227171338892163,-0.30287194811495244,4.215587774647615,4.302049706884252,5.227171338892163,4.302049706884252,800
20000,435,OBM_RR,4.0,5.530043287007115,5.093544664141909,-0.4364986228652059,4.989658428776817,5.173952403504066,5.093544664141909,5.173952403504066,800
20000,472,OBM,0.0,5.530043287007115,5.290190095804751,-0.23985319120236426,0.8650692599382015,0.9215174766932361,,,800
20000,472,OBM_RR,2.0,5.530043287007115,5.338314590166556,-0.19172869684055893,3.6221103832730313,3.6543426384861197,5.338314590166556,3.6543426384861197,800
20000,472,OBM_RR,3.0,5.530043287007115,5.176536653265393,-0.35350663374172164,4.581137283786649,4.700377802281319,5.176536653265393,4.700377802281319,800
20000,472,OBM_RR,4.0,5.530043287007115,5.033121462893485,-0.4969218241136302,5.378090765586919,5.618299451410353,5.033121462893485,5.618299451410353,800
20000,514,OBM,0.0,5.530043287007115,5.305470228051873,-0.22457305895524193,0.9438841508959867,0.9931373545158811,,,800
20000,514,OBM_RR,2.0,5.530043287007115,5.29685726541074,-0.23318602159637525,3.98241825411836,4.031815951968658,5.29685726541074,4.031815951968658,800
20000,514,OBM_RR,3.0,5.530043287007115,5.126733614263558,-0.403309672743557,4.997034692490621,5.153447091253522,5.127023125194085,5.150178022034661,800
20000,514,OBM_RR,4.0,5.530043287007115,4.958830808984374,-0.5712124780227414,5.780445561371512,6.099503699468678,4.958830808984374,6.099503699468678,800
20000,558,OBM,0.0,5.530043287007115,5.317409730421998,-0.21263355658511696,1.028401856512253,1.0723293835776488,,,800
20000,558,OBM_RR,2.0,5.530043287007115,5.254447757320243,-0.2755955296868722,4.364474722627394,4.434972025207497,5.254447757320243,4.434972025207497,800
20000,558,OBM_RR,3.0,5.530043287007115,5.074010948192503,-0.45603233881461236,5.399212969614595,5.600429447447302,5.074640866012637,5.593145064653998,800
20000,558,OBM_RR,4.0,5.530043287007115,4.877929466969984,-0.6521138200371306,6.173563099081815,6.591098579491382,4.87810012063544,6.589187837038444,800
20000,607,OBM,0.0,5.530043287007115,5.327633354674569,-0.20240993233254567,1.126548784321954,1.1661103790484173,,,800
20000,607,OBM_RR,2.0,5.530043287007115,5.202062165617869,-0.3279811213892456,4.790479428442927,4.892062945145119,5.202062165617869,4.892062945145119,800
20000,607,OBM_RR,3.0,5.530043287007115,5.010268493026478,-0.5197747939806368,5.833781849540874,6.096655458686562,5.011031133596152,6.087755291450298,800
20000,607,OBM_RR,4.0,5.530043287007115,4.789304808064526,-0.740738478942589,6.607692725575941,7.14812660385515,4.789824054582646,7.142167998854218,800
20000,660,OBM,0.0,5.530043287007115,5.334465465662023,-0.1955778213450916,1.2322510101950825,1.2689613806344315,,,800
20000,660,OBM_RR,2.0,5.530043287007115,5.142672546771966,-0.3873707402351494,5.227008615441972,5.370530945062996,5.143375516278431,5.3623607085609715,800
20000,660,OBM_RR,3.0,5.530043287007115,4.937362181817981,-0.5926811051891336,6.265852097996959,6.609290675322674,4.9378025752488455,6.6042733687804684,800
20000,660,OBM_RR,4.0,5.530043287007115,4.697885129162209,-0.8321581578449058,7.064803537790321,7.7484597330359115,4.698505380879734,7.741291925587939,800
20000,717,OBM,0.0,5.530043287007115,5.33605581116865,-0.19398747583846543,1.3432493489875421,1.3792014280834868,,,800
20000,717,OBM_RR,2.0,5.530043287007115,5.084306292686841,-0.44573699432027425,5.671705012298599,5.863296849138899,5.085571871405644,5.848018087347911,800
20000,717,OBM_RR,3.0,5.530043287007115,4.853337291019238,-0.6767059959878772,6.695579890299955,7.145141420443025,4.853819810637276,7.13961845154843,800
20000,717,OBM_RR,4.0,5.530043287007115,4.6072924071666455,-0.9227508798404696,7.615504392324583,8.457454198080539,4.608021628371838,8.448963537566621,800
20000,780,OBM,0.0,5.530043287007115,5.332531993414441,-0.19751129359267416,1.462245574116711,1.4994284782457166,,,800
20000,780,OBM_RR,2.0,5.530043287007115,5.032036807380788,-0.49800647962632727,6.163391978801836,6.403698192578142,5.033899217687026,6.380721776765763,800
20000,780,OBM_RR,3.0,5.530043287007115,4.762703099345752,-0.7673401876613628,7.162355912295274,7.742213931005081,4.763652681885772,7.7309901003030355,800
20000,780,OBM_RR,4.0,5.530043287007115,4.509914973733478,-1.020128313273637,8.201162168585391,9.231572491417175,4.510416517295563,9.225885914239264,800
20000,848,OBM,0.0,5.530043287007115,5.326156808351186,-0.2038864786559289,1.5863853243198716,1.6259720388431862,,,800
20000,848,OBM_RR,2.0,5.530043287007115,4.973454583870818,-0.5565887031362973,6.650094627788254,6.951572993962466,4.975906383606071,6.921687405417017,800
20000,848,OBM_RR,3.0,5.530043287007115,4.666942229797237,-0.8631010572098781,7.652295044949384,8.387673111100007,4.6680211299070296,8.374809162123448,800
20000,848,OBM_RR,4.0,5.530043287007115,4.4030423793160285,-1.1270009076910865,8.813138992215741,10.072253614412004,4.403342035095709,10.068910028374933,800
20000,922,OBM,0.0,5.530043287007115,5.317295536287565,-0.21274775071954988,1.72498732864844,1.7680926999238564,,,800
20000,922,OBM_RR,2.0,5.530043287007115,4.902098243263332,-0.6279450437437832,7.16282712122923,7.548188565290075,4.904513176637686,7.519223411694686,800
20000,922,OBM_RR,3.0,5.530043287007115,4.569082643083747,-0.960960643923368,8.234552337074934,9.147704505823203,4.570293708625829,9.13334811936365,800
20000,922,OBM_RR,4.0,5.530043287007115,4.293475438425776,-1.2365678485813394,9.368636727668827,10.886025975904323,4.293628293261742,10.884324424649607,800
20000,1002,OBM,0.0,5.530043287007115,5.305569378803755,-0.22447390820336022,1.879046831401812,1.9270865583266505,,,800
20000,1002,OBM_RR,2.0,5.530043287007115,4.818734987686639,-0.7113082993204758,7.660572628720527,8.156956409616814,4.82013959907484,8.140631605477212,800
20000,1002,OBM_RR,3.0,5.530043287007115,4.471851293799376,-1.058191993207739,8.851154765053684,9.959861116086334,4.473391524103774,9.942155398062516,800
20000,1002,OBM_RR,4.0,5.530043287007115,4.183330909205673,-1.3467123778014418,9.860758481661046,11.662066762082581,4.184023722781898,11.654262210961825,800
20000,1089,OBM,0.0,5.530043287007115,5.290709836432848,-0.23933345057426703,2.0483398931163777,2.103059968813768,,,800
20000,1089,OBM_RR,2.0,5.530043287007115,4.720104579603064,-0.8099387074040507,8.158020100111033,8.80382328473724,4.721655725606965,8.785736094909277,800
20000,1089,OBM_RR,3.0,5.530043287007115,4.361773538741647,-1.1682697482654678,9.522821358344272,10.875772036358601,4.365018159777818,10.839049376570854,800
20000,1089,OBM_RR,4.0,5.530043287007115,4.070754884206629,-1.4592884028004862,10.39491172891905,12.511440731805896,4.074237429120525,12.471003672497341,800
20000,1184,OBM,0.0,5.530043287007115,5.271782655332983,-0.2582606316741316,2.2392701204570034,2.303169586679153,,,800
20000,1184,OBM_RR,2.0,5.530043287007115,4.615128639474948,-0.914914647532167,8.686447060743108,9.512657814186086,4.618196312446212,9.476226235115366,800
20000,1184,OBM_RR,3.0,5.530043287007115,4.243596127066292,-1.2864471599408231,10.151678278783521,11.793934976254855,4.24770170392593,11.746812216870907,800
20000,1184,OBM_RR,4.0,5.530043287007115,3.952273479927827,-1.5777698070792878,10.909306329054605,13.385027260274299,3.957473979190669,13.324013829505343,800
20000,1287,OBM,0.0,5.530043287007115,5.246834217130052,-0.2832090698770626,2.44185133024821,2.5190063933460305,,,800
20000,1287,OBM_RR,2.0,5.530043287007115,4.507949947581266,-1.0220933394258491,9.244845393055707,10.27796413081307,4.513823109638905,10.20930234108507,800
20000,1287,OBM_RR,3.0,5.530043287007115,4.131617999119544,-1.3984252878875711,10.698145659264755,12.64036626299411,4.137018230000431,12.577804875353463,800
20000,1287,OBM_RR,4.0,5.530043287007115,3.824711569047336,-1.705331717959779,11.400650818276327,14.29455627303313,3.8305709844848876,14.226921256565904,800
20000,1399,OBM,0.0,5.530043287007115,5.218567969907613,-0.31147531709950194,2.655701289831522,2.7493985363814684,,,800
20000,1399,OBM_RR,2.0,5.530043287007115,4.400032217121088,-1.1300110698860273,9.964371238282673,11.228840792299785,4.412209041220511,11.085955571504378,800
20000,1399,OBM_RR,3.0,5.530043287007115,4.012645634319082,-1.5173976526880333,11.247355589676058,13.535792031572118,4.021341684552648,13.433293558505357,800
20000,1399,OBM_RR,4.0,5.530043287007115,3.6797564210731766,-1.8502868659339384,11.851655533809051,15.260402450639429,3.6894279509438035,15.149346861031756,800
20000,1521,OBM,0.0,5.530043287007115,5.190883195073345,-0.3391600919337696,2.8889444877345345,3.0003628750853903,,,800
20000,1521,OBM_RR,2.0,5.530043287007115,4.287009976658411,-1.2430333103487037,10.722900293319675,12.25462847858948,4.305862433751444,12.029868893390836,800
20000,1521,OBM_RR,3.0,5.530043287007115,3.891735680367873,-1.6383076066392421,11.832703355487052,14.501964290264695,3.9050797796774863,14.342872489195589,800
20000,1521,OBM_RR,4.0,5.530043287007115,3.5234935762627675,-2.0065497107443475,12.095328388998684,16.10645097020066,3.539168383520612,15.925743708261741,800
20000,1653,OBM,0.0,5.530043287007115,5.160206264996575,-0.3698370220105396,3.1298974669195316,3.262764517935507,,,800
20000,1653,OBM_RR,2.0,5.530043287007115,4.159367425128819,-1.3706758618782962,11.54890458774205,13.413220775343184,4.182096691080739,13.138813969141186,800
20000,1653,OBM_RR,3.0,5.530043287007115,3.761004099819288,-1.7690391871878268,12.363714636349945,15.477759638860677,3.778767226444595,15.26822093536373,800
20000,1653,OBM_RR,4.0,5.530043287007115,3.35681594149827,-2.173227345508845,11.960089244283672,16.668056227995738,3.377440492356884,16.42944894331488,800
20000,1797,OBM,0.0,5.530043287007115,5.122625001128349,-0.40741828587876583,3.3863935924692563,3.5481502601470614,,,800
20000,1797,OBM_RR,2.0,5.530043287007115,4.0271054438712035,-1.5029378431359115,12.293997040945593,14.537451704974439,4.054128989330483,14.211281493831516,800
20000,1797,OBM_RR,3.0,5.530043287007115,3.6166405850722096,-1.9134027019349054,12.90042153968432,16.545405912531514,3.6416279045887467,16.251132296555262,800
20000,1797,OBM_RR,4.0,5.530043287007115,3.159500671555947,-2.370542615451168,11.46980567679514,17.07494071136921,3.182051198510172,16.813055664118725,800
20000,1954,OBM,0.0,5.530043287007115,5.077772688407196,-0.45227059859991936,3.648797026420401,3.848784724495305,,,800
20000,1954,OBM_RR,2.0,5.530043287007115,3.9038878497748346,-1.6261554372322804,12.946380515335681,15.574579045731621,3.9391939631192954,15.147149447414781,800
20000,1954,OBM_RR,3.0,5.530043287007115,3.455929830576273,-2.074113456430842,13.235853338153031,17.521255151627837,3.495829398488205,17.048336441407574,800
20000,1954,OBM_RR,4.0,5.530043287007115,2.9238840586766224,-2.6061592283304926,10.81006974585388,17.588623082083753,2.952116071523875,17.26158027887711,800
20000,2124,OBM,0.0,5.530043287007115,5.023177565863274,-0.506865721143841,3.9094943634775836,4.161520354793903,,,800
20000,2124,OBM_RR,2.0,5.530043287007115,3.7807939203641663,-1.7492493666429487,13.614653086480175,16.657508116822832,3.830277503238303,16.052278896528936,800
20000,2124,OBM_RR,3.0,5.530043287007115,3.292261466744494,-2.237781820262621,13.25816103979968,18.24925581359782,3.345062819309045,17.618099742831376,800
20000,2124,OBM_RR,4.0,5.530043287007115,2.6715730838196863,-2.8584702031874287,9.845006499398645,18.003552143784773,2.716189665854072,17.481849320881356,800
20000,2309,OBM,0.0,5.530043287007115,4.962741600331154,-0.567301686675961,4.185561306797047,4.50216055886894,,,800
20000,2309,OBM_RR,2.0,5.530043287007115,3.659726326033085,-1.87031696097403,14.260460919987084,17.74072087834423,3.7241714691897894,16.941185156994223,800
20000,2309,OBM_RR,3.0,5.530043287007115,3.1024702009704037,-2.4275730860367113,12.761641751792098,18.638800787652162,3.1598426611389465,17.950690578529958,800
20000,2309,OBM_RR,4.0,5.530043287007115,2.393830577841356,-3.136212709165759,8.534477365562344,18.35963942598822,2.456594408682045,17.617825237331385,800
20000,2510,OBM,0.0,5.530043287007115,4.897434156362646,-0.632609130644469,4.480699104461467,4.87529254275564,,,800
20000,2510,OBM_RR,2.0,5.530043287007115,3.527666169092397,-2.002377117914718,14.846566812807207,18.837522726639655,3.612741602578891,17.78356065372674,800
20000,2510,OBM_RR,3.0,5.530043287007115,2.872291163200705,-2.65775212380641,12.056001317597815,19.104577667548302,2.943360799977418,18.25742134875242,800
20000,2510,OBM_RR,4.0,5.530043287007115,2.0924469393228717,-3.4375963476842433,7.042518136315441,18.850783638257095,2.167700301561739,17.961844956666937,800
20000,2728,OBM,0.0,5.530043287007115,4.829719053830607,-0.7003242331765076,4.810656181087631,5.295096892435534,,,800
20000,2728,OBM_RR,2.0,5.530043287007115,3.373205943616557,-2.156837343390558,15.430887150586125,20.063545867491936,3.4860615037856246,18.647187859469412,800
20000,2728,OBM_RR,3.0,5.530043287007115,2.6127365638254503,-2.9173067231816647,11.03835149942121,19.535232077167876,2.7092433473117477,18.37532447798906,800
20000,2728,OBM_RR,4.0,5.530043287007115,1.777477283705291,-3.752566003301824,5.859419389064351,19.93384672396465,1.8671421748909074,18.870734788073168,800
20000,2966,OBM,0.0,5.530043287007115,4.761650002087896,-0.7683932849192194,5.1803844178751515,5.764337177661755,,,800
20000,2966,OBM_RR,2.0,5.530043287007115,3.195994426823128,-2.334048860183987,15.641434567731043,21.06966685624755,3.3309229202077404,19.344403708951415,800
20000,2966,OBM_RR,3.0,5.530043287007115,2.328989575299868,-3.201053711707247,9.691215919779737,19.925846765114755,2.4542476272793357,18.392281010770347,800
20000,2966,OBM_RR,4.0,5.530043287007115,1.4413200924499088,-4.088723194557206,4.856045946413451,21.56763325069052,1.553964181025714,20.230011104345948,800
20000,3224,OBM,0.0,5.530043287007115,4.6841228308653715,-0.8459204561417435,5.5794638702036385,6.28807095848494,,,800
20000,3224,OBM_RR,2.0,5.530043287007115,3.0149499888394127,-2.5150932981677023,15.308127872310637,21.61468701095834,3.1731841951331443,19.59493274916815,800
20000,3224,OBM_RR,3.0,5.530043287007115,2.0123946098261714,-3.5176486771809437,7.950447883387658,20.314362039606266,2.164605474150767,18.438035846852323,800
20000,3224,OBM_RR,4.0,5.530043287007115,1.0727596410888083,-4.457283645918307,3.8905075869479266,23.753021952635034,1.24318129449108,21.709332111214025,800
20000,3505,OBM,0.0,5.530043287007115,4.599537188273212,-0.9305060987339031,5.973660820938086,6.832035344692901,,,800
20000,3505,OBM_RR,2.0,5.530043287007115,2.800677718587214,-2.729365568419901,14.337679209588304,21.769193516652404,2.979337286879087,19.486499663790298,800
20000,3505,OBM_RR,3.0,5.530043287007115,1.683627696419077,-3.846415590588038,6.500598772321665,21.287385919374984,1.84449819346823,19.299430642993315,800
20000,3505,OBM_RR,4.0,5.530043287007115,0.7148657616073578,-4.815177525399757,2.9923810816845027,26.17457520644733,0.9647316688102984,23.11495490787788,800
20000,3810,OBM,0.0,5.530043287007115,4.5169567660714245,-1.0130865209356905,6.332068053231092,7.350497267066134,,,800
20000,3810,OBM_RR,2.0,5.530043287007115,2.523091936527316,-3.006951350479799,13.253201072790423,22.278390995601722,2.7437444042022183,19.424127647438514,800
20000,3810,OBM_RR,3.0,5.530043287007115,1.3360182960087048,-4.19402499099841,5.52477734749613,23.107717000930975,1.5301074260818246,20.710909341554842,800
20000,3810,OBM_RR,4.0,5.530043287007115,0.33688089830316004,-5.193162388703955,2.3210540691710095,29.287088347033915,0.7004002528627479,24.737109456864165,800
20000,4000,OBM,0.0,5.530043287007115,4.466049798301544,-1.063993488705571,6.5323725385456095,7.656289216880277,,,800
20000,4000,OBM_RR,2.0,5.530043287007115,2.3483422255512734,-3.1817010614558416,12.460572075827494,22.568218005201942,2.5975826347827162,19.298134550948234,800
20000,4000,OBM_RR,3.0,5.530043287007115,1.114631737161605,-4.41541154984551,5.070516162787556,24.5600371720932,1.3577862357836592,21.534549185332036,800
20000,4000,OBM_RR,4.0,5.530043287007115,0.0795217209454158,-5.450521566061699,2.040944486374433,31.74657864787014,0.5460036816045701,25.83175020768223,800
30000,5,OBM,0.0,5.530043287007115,0.580149101876375,-4.94989418513074,0.0005820144739657034,24.502033730946987,,,800
30000,5,OBM_RR,2.0,5.530043287007115,1.5726468242477176,-3.957396462759397,0.0050949474059184706,15.666075342182253,1.5726468242477176,15.666075342182253,800
30000,5,OBM_RR,3.0,5.530043287007115,1.966514959085363,-3.563528327921752,0.008796234731684194,12.707519383339068,1.966514959085363,12.707519383339068,800
30000,5,OBM_RR,4.0,5.530043287007115,2.3067805764541593,-3.2232627105529557,0.013274207250362503,10.402680115732485,2.3067805764541593,10.402680115732485,800
30000,6,OBM,0.0,5.530043287007115,0.6854632921772477,-4.844579994829868,0.0008352768927358357,23.47078955910238,,,800
30000,6,OBM_RR,2.0,5.530043287007115,1.8247817330083325,-3.7052615539987825,0.007238045324513418,13.73619218130933,1.8247817330083325,13.73619218130933,800
30000,6,OBM_RR,3.0,5.530043287007115,2.256897016721615,-3.2731462702855,0.012383276495843015,10.7258543040841,2.256897016721615,10.7258543040841,800
30000,6,OBM_RR,4.0,5.530043287007115,2.620325885824027,-2.909717401183088,0.01850031467748396,8.4849325440318,2.620325885824027,8.4849325440318,800
30000,7,OBM,0.0,5.530043287007115,0.7876370031628513,-4.7424062838442635,0.0011325581641053722,22.491548503511957,,,800
30000,7,OBM_RR,2.0,5.530043287007115,2.0597539706410326,-3.4702893163660824,0.009705990009677775,12.052601796806737,2.0597539706410326,12.052601796806737,800
30000,7,OBM_RR,3.0,5.530043287007115,2.521015426588521,-3.009027860418594,0.016450787824597864,9.070678889115118,2.521015426588521,9.070678889115118,800
30000,7,OBM_RR,4.0,5.530043287007115,2.899004351530556,-2.631038935476559,0.024331890550554076,6.946667355680992,2.899004351530556,6.946667355680992,800
30000,8,OBM,0.0,5.530043287007115,0.8867801562582668,-4.643263130748848,0.0014730349383466218,21.561363695016272,,,800
30000,8,OBM_RR,2.0,5.530043287007115,2.278831814476323,-3.251211472530792,0.012477495965563424,10.582837938211446,2.278831814476323,10.582837938211446,800
30000,8,OBM_RR,3.0,5.530043287007115,2.7615252779893655,-2.7685180090177495,0.020944166514743727,7.685609952562204,2.7615252779893655,7.685609952562204,800
30000,8,OBM_RR,4.0,5.530043287007115,3.147261572057025,-2.38278171495009,0.030688715226941405,5.708299055433399,3.147261572057025,5.708299055433399,800
30000,9,OBM,0.0,5.530043287007115,0.9829991711060956,-4.547044115901019,0.0018556757004739135,20.67746354805593,,,800
30000,9,OBM_RR,2.0,5.530043287007115,2.483172379307556,-3.046870907699559,0.015529124464920791,9.298932041245273,2.483172379307556,9.298932041245273,800
30000,9,OBM_RR,3.0,5.530043287007115,2.9807860810204927,-2.5492572059866223,0.02581396165481209,6.5244939964774655,2.9807860810204927,6.5244939964774655,800
30000,9,OBM_RR,4.0,5.530043287007115,3.3688898082633174,-2.1611534787437976,0.03749703994492365,4.708034527331409,3.3688898082633174,4.708034527331409,800
30000,10,OBM,0.0,5.530043287007115,1.0763979630620464,-4.453645323945069,0.0022793684627358188,19.83723319074993,,,800
30000,10,OBM_RR,2.0,5.530043287007115,2.6738474525573808,-2.8561958344497342,0.018838851386398018,8.17666994755018,2.6738474525573808,8.17666994755018,800
30000,10,OBM_RR,3.0,5.530043287007115,3.1809139236184376,-2.3491293633886774,0.03102245450412735,5.549392442370893,3.1809139236184376,5.549392442370893,800
30000,10,OBM_RR,4.0,5.530043287007115,3.567148801076658,-1.9628944859304571,0.0446903778951096,3.8975892778189336,3.567148801076658,3.8975892778189336,800
30000,11,OBM,0.0,5.530043287007115,1.1670746499130318,-4.362968637094083,0.002743113173184367,19.03823501254832,,,800
30000,11,OBM_RR,2.0,5.530043287007115,2.8518516617829404,-2.6781916252241746,0.022385082838480317,7.1950674829058405,2.8518516617829404,7.1950674829058405,800
30000,11,OBM_RR,3.0,5.530043287007115,3.363784983818777,-2.166258303188338,0.03653277677439305,4.729162146935843,3.363784983818777,4.729162146935843,800
30000,11,OBM_RR,4.0,5.530043287007115,3.7448614553841626,-1.7851818316229524,0.05221038148000437,3.239019290459834,3.7448614553841626,3.239019290459834,800
30000,12,OBM,0.0,5.530043287007115,1.25512251259279,-4.2749207744143245,0.0032457429743587758,18.27818931331481,,,800
30000,12,OBM_RR,2.0,5.530043287007115,3.018097962231875,-2.51194532477524,0.026146882547889348,6.33598351360489,3.018097962231875,6.33598351360489,800
30000,12,OBM_RR,3.0,5.530043287007115,3.531064467164623,-1.9989788198424918,0.04231094466862172,4.038174378166667,3.531064467164623,4.038174378166667,800
30000,12,OBM_RR,4.0,5.530043287007115,3.904473865606314,-1.625569421400801,0.060007499972312826,2.7024084343906822,3.904473865606314,2.7024084343906822,800
30000,13,OBM,0.0,5.530043287007115,1.3406333270193245,-4.18940995998779,0.0037862013784735926,17.554937281471652,,,800
30000,13,OBM_RR,2.0,5.530043287007115,3.173429021429429,-2.356614265577686,0.030105341864773108,5.583698506911702,3.173429021429429,5.583698506911702,800
30000,13,OBM_RR,3.0,5.530043287007115,3.6842390088994805,-1.8458042781076345,0.04832560654686097,3.4552586326191217,3.6842390088994805,3.4552586326191217,800
30000,13,OBM_RR,4.0,5.530043287007115,4.048100401285217,-1.4819428857218977,0.06804024189363693,2.2641099081330154,4.048100401285217,2.2641099081330154,800
30000,14,OBM,0.0,5.530043287007115,1.4236954869019423,-4.106347800105173,0.0043634769670344254,16.86645027804942,,,800
30000,14,OBM_RR,2.0,5.530043287007115,3.3186295419753176,-2.2114137450317974,0.03424693264337938,4.924554875693135,3.3186295419753176,4.924554875693135,800
30000,14,OBM_RR,3.0,5.530043287007115,3.824642432974689,-1.7054008540324261,0.05454875138637764,2.9628726383816724,3.824642432974689,2.9628726383816724,800
30000,14,OBM_RR,4.0,5.530043287007115,4.177567765822553,-1.3524755211845623,0.07626897094268822,1.9053636701324637,4.177567765822553,1.9053636701324637,800
30000,15,OBM,0.0,5.530043287007115,1.5043930066823668,-4.025650280324748,0.004976563718202791,16.21083052249228,,,800
30000,15,OBM_RR,2.0,5.530043287007115,3.45442420018358,-2.075619086823535,0.03855743031274741,4.346703827111022,3.45442420018358,4.346703827111022,800
30000,15,OBM_RR,3.0,5.530043287007115,3.9534721866122684,-1.5765711003948466,0.06095461890386546,2.546454860230452,3.9534721866122684,2.546454860230452,800
30000,15,OBM_RR,4.0,5.530043287007115,4.2944638269304205,-1.2355794600766945,0.08465954340098353,1.611210321135149,4.2944638269304205,1.611210321135149,800
30000,17,OBM,0.0,5.530043287007115,1.6590118084312653,-3.8710314785758495,0.00630548542698632,14.99118231169533,,,800
30000,17,OBM_RR,2.0,5.530043287007115,3.7003967805131004,-1.8296465064940146,0.047633456319844676,3.395180253225198,3.7003967805131004,3.395180253225198,800
30000,17,OBM_RR,3.0,5.530043287007115,4.180589081307201,-1.3494542056999137,0.07423419851389379,1.8951680590469373,4.180589081307201,1.8951680590469373,800
30000,17,OBM_RR,4.0,5.530043287007115,4.495941037297032,-1.0341022497100827,0.10186768327686863,1.1711078115282285,4.495941037297032,1.1711078115282285,800
30000,18,OBM,0.0,5.530043287007115,1.733085775206826,-3.796957511800289,0.007018995726302698,14.423896568398286,,,800
30000,18,OBM_RR,2.0,5.530043287007115,3.811748522741199,-1.718294764265916,0.052374583108198175,3.0048460117829747,3.811748522741199,3.0048460117829747,800
30000,18,OBM_RR,3.0,5.530043287007115,4.280693666645493,-1.2493496203616221,0.08107117353137881,1.641844308462194,4.280693666645493,1.641844308462194,800
30000,18,OBM_RR,4.0,5.530043287007115,4.58280800801006,-0.9472352789970548,0.11068044326530593,1.0077967664878527,4.58280800801006,1.0077967664878527,800
30000,20,OBM,0.0,5.530043287007115,1.8751227078097137,-3.6549205791974013,0.008538686654449491,13.3669724535368,,,800
30000,20,OBM_RR,2.0,5.530043287007115,4.013799475336298,-1.516243811670817,0.062208642718686896,2.36112617834534,4.013799475336298,2.36112617834534,800
30000,20,OBM_RR,3.0,5.530043287007115,4.457857828897755,-1.0721854581093604,0.09505475395007745,1.2445175920888203,4.457857828897755,1.2445175920888203,800
30000,20,OBM_RR,4.0,5.530043287007115,4.733530284077715,-0.7965130029293999,0.12871111505057087,0.7629831899923674,4.733530284077715,0.7629831899923674,800
30000,22,OBM,0.0,5.530043287007115,2.009463155847986,-3.520580131159129,0.010174727008322901,12.404646468511993,,,800
30000,22,OBM_RR,2.0,5.530043287007115,4.191366352184774,-1.3386769348223408,0.07244829005155734,1.8644136655143309,4.191366352184774,1.8644136655143309,800
30000,22,OBM_RR,3.0,5.530043287007115,4.608602015742125,-0.9214412712649898,0.10939522217438423,0.9583124945371074,4.608602015742125,0.9583124945371074,800
30000,22,OBM_RR,4.0,5.530043287007115,4.8585752180373,-0.6714680689698147,0.14722410573650488,0.5979094432503863,4.8585752180373,0.5979094432503863,800
30000,24,OBM,0.0,5.530043287007115,2.1366102374123326,-3.3934330495947824,0.011918510011938293,11.52729147395657,,,800
30000,24,OBM_RR,2.0,5.530043287007115,4.347661817293535,-1.1823814697135804,0.08303018952665796,1.480952341711797,4.347661817293535,1.480952341711797,800
30000,24,OBM_RR,3.0,5.530043287007115,4.7372610560077115,-0.7927822309994035,0.12408594542609916,0.752434503782708,4.7372610560077115,0.752434503782708,800
30000,24,OBM_RR,4.0,5.530043287007115,4.962770787116695,-0.5672724998904197,0.16615682420712305,0.48774721730878995,4.962770787116695,0.48774721730878995,800
30000,26,OBM,0.0,5.530043287007115,2.2570311742243763,-3.2730121127827387,0.013762178029099707,10.72635326572909,,,800
30000,26,OBM_RR,2.0,5.530043287007115,4.485436091213112,-1.0446071957940033,0.09390322452664886,1.1849900390006005,4.485436091213112,1.1849900390006005,800
30000,26,OBM_RR,3.0,5.530043287007115,4.847399404180984,-0.682643882826131,0.1391277267020814,0.6049564878036402,4.847399404180984,0.6049564878036402,800
30000,26,OBM_RR,4.0,5.530043287007115,5.0499197171022505,-0.4801235699048645,0.1854095107976509,0.4156963912873456,5.0499197171022505,0.4156963912873456,800
30000,29,OBM,0.0,5.530043287007115,2.425997133559879,-3.104046153447236,0.016701654523923862,9.651783300186352,,,800
30000,29,OBM_RR,2.0,5.530043287007115,4.662413416962521,-0.8676298700445937,0.11064564639688255,0.8632889307324845,4.662413416962521,0.8632889307324845,800
30000,29,OBM_RR,3.0,5.530043287007115,4.984098773403854,-0.5459445136032608,0.1622821905126688,0.4601347497080295,4.984098773403854,0.4601347497080295,800
30000,29,OBM_RR,4.0,5.530043287007115,5.155329625778638,-0.37471366122847716,0.21462662066800312,0.3547686653034184,5.155329625778638,0.3547686653034184,800
30000,31,OBM,0.0,5.530043287007115,2.5314421244658107,-2.9986011625413043,0.018768291032841465,9.01035376266311,,,800
30000,31,OBM_RR,2.0,5.530043287007115,4.76345818409381,-0.7665851029133046,0.12204263727825256,0.7095428039902556,4.76345818409381,0.7095428039902556,800
30000,31,OBM_RR,3.0,5.530043287007115,5.059547777861817,-0.47049550914529803,0.17806992591455398,0.3992133626330541,5.059547777861817,0.3992133626330541,800
30000,31,OBM_RR,4.0,5.530043287007115,5.212189218423748,-0.31785406858336707,0.234101116715609,0.33483969923471385,5.212189218423748,0.33483969923471385,800
30000,34,OBM,0.0,5.530043287007115,2.6797042944721827,-2.8503389925349323,0.022013988614957916,8.14641884349424,,,800
30000,34,OBM_RR,2.0,5.530043287007115,4.893713165688997,-0.6363301213181183,0.13948175204732885,0.5442234231539997,4.893713165688997,0.5442234231539997,800
30000,34,OBM_RR,3.0,5.530043287007115,5.153715968807992,-0.3763273181991229,0.20216938991056257,0.34353892859611945,5.153715968807992,0.34353892859611945,800
30000,34,OBM_RR,4.0,5.530043287007115,5.28182831899718,-0.24821496800993526,0.2629990996157449,0.324281021085399,5.28182831899718,0.324281021085399,800
30000,37,OBM,0.0,5.530043287007115,2.8170484975365206,-2.7129947894705944,0.025417787831189573,7.385726743290997,,,800
30000,37,OBM_RR,2.0,5.530043287007115,5.002435043199197,-0.5276082438079177,0.15736658959830457,0.4355403402953818,5.002435043199197,0.4355403402953818,800
30000,37,OBM_RR,3.0,5.530043287007115,5.229427368581107,-0.30061591842600777,0.2266021015929474,0.3166887793770682,5.229427368581107,0.3166887793770682,800
30000,37,OBM_RR,4.0,5.530043287007115,5.3365081530891505,-0.1935351339179645,0.2913369215109109,0.32842859841966626,5.3365081530891505,0.32842859841966626,800
30000,41,OBM,0.0,5.530043287007115,2.984880886688647,-2.545162400318468,0.030173104809534012,6.5079870324233875,,,800
30000,41,OBM_RR,2.0,5.530043287007115,5.120307957518669,-0.4097353294884458,0.18190690492934145,0.3495625615291854,5.120307957518669,0.3495625615291854,800
30000,41,OBM_RR,3.0,5.530043287007115,5.308300393770282,-0.22174289323683283,0.2592609297187216,0.30810676425761474,5.308300393770282,0.30810676425761474,800
30000,41,OBM_RR,4.0,5.530043287007115,5.391831335673553,-0.13821195133356223,0.3281639431639901,0.34685628172646576,5.391831335673553,0.34685628172646576,800
30000,44,OBM,0.0,5.530043287007115,3.1004147540163802,-2.429628532990735,0.03388198737296314,5.936934443211459,,,800
30000,44,OBM_RR,2.0,5.530043287007115,5.192179650963563,-0.33786363604355163,0.2007746819456957,0.314675550153833,5.192179650963563,0.314675550153833,800
30000,44,OBM_RR,3.0,5.530043287007115,5.354651624412025,-0.1753916625950902,0.28349577657974917,0.31390364216689476,5.354651624412025,0.31390364216689476,800
30000,44,OBM_RR,4.0,5.530043287007115,5.423288568633052,-0.10675471837406292,0.35526959248247847,0.36622207538700097,5.423288568633052,0.36622207538700097,800
30000,49,OBM,0.0,5.530043287007115,3.2755361161582868,-2.2545071708488282,0.04029557185121663,5.12304778579519,,,800
30000,49,OBM_RR,2.0,5.530043287007115,5.287165119325916,-0.24287816768119885,0.23296317377241424,0.2916617741413752,5.287165119325916,0.2916617741413752,800
30000,49,OBM_RR,3.0,5.530043287007115,5.413469708666514,-0.116573578340601,0.32306706392908374,0.3362526292663045,5.413469708666514,0.3362526292663045,800
30000,49,OBM_RR,4.0,5.530043287007115,5.461445660741421,-0.06859762626569399,0.4001519315384911,0.40435737595335597,5.461445660741421,0.40435737595335597,800
30000,53,OBM,0.0,5.530043287007115,3.4017029353118637,-2.1283403516952513,0.045605190209901655,4.575380836376407,,,800
30000,53,OBM_RR,2.0,5.530043287007115,5.345499629394039,-0.18454365761307567,0.25915758967008634,0.29289000424821104,5.345499629394039,0.29289000424821104,800
30000,53,OBM_RR,3.0,5.530043287007115,5.44789238483686,-0.08215090217025534,0.3538387716522475,0.3601452439150691,5.44789238483686,0.3601452439150691,800
30000,53,OBM_RR,4.0,5.530043287007115,5.482376366657543,-0.047666920349572095,0.4357385420268457,0.43746600414492465,5.482376366657543,0.43746600414492465,800
30000,58,OBM,0.0,5.530043287007115,3.5442052752612003,-1.9858380117459147,0.052422614240106157,3.995909694867274,,,800
30000,58,OBM_RR,2.0,5.530043287007115,5.401787730186695,-0.12825555682042022,0.29209960475932273,0.3081839681086893,5.401787730186695,0.3081839681086893,800
30000,58,OBM_RR,3.0,5.530043287007115,5.479418836120515,-0.05062445088660006,0.39144098740865696,0.39351452120196584,5.479418836120515,0.39351452120196584,800
30000,58,OBM_RR,4.0,5.530043287007115,5.499991731908019,-0.03005155509909585,0.47947928553845,0.479783032395401,5.499991731908019,0.479783032395401,800
30000,63,OBM,0.0,5.530043287007115,3.6719011287931096,-1.8581421582140054,0.05940613172502194,3.5120241541925656,,,800
30000,63,OBM_RR,2.0,5.530043287007115,5.444084114653201,-0.08595917235391415,0.3247573440884725,0.33174037672013185,5.444084114653201,0.33174037672013185,800
30000,63,OBM_RR,3.0,5.530043287007115,5.501316531387986,-0.028726755619128852,0.42867293161318765,0.4289623169370724,5.501316531387986,0.4289623169370724,800
30000,63,OBM_RR,4.0,5.530043287007115,5.5109114191636195,-0.01913186784349552,0.522042720932983,0.5217561958989978,5.5109114191636195,0.5217561958989978,800
30000,69,OBM,0.0,5.530043287007115,3.8082712965035377,-1.7217719905035773,0.06798426207886739,3.0323980690339223,,,800
30000,69,OBM_RR,2.0,5.530043287007115,5.481208644379596,-0.048834642627518576,0.3630503703682264,0.36498137972582356,5.481208644379596,0.36498137972582356,800
30000,69,OBM_RR,3.0,5.530043287007115,5.518342542144476,-0.01170074486263939,0.4729668058468853,0.4725125047699173,5.518342542144476,0.4725125047699173,800
30000,69,OBM_RR,4.0,5.530043287007115,5.517879002435536,-0.012164284571579032,0.57166172219791,0.571095114864301,5.517879002435536,0.571095114864301,800
30000,75,OBM,0.0,5.530043287007115,3.9288435605517593,-1.6011997264553557,0.07677023993318735,2.6405148411339763,,,800
30000,75,OBM_RR,2.0,5.530043287007115,5.507253988297498,-0.022789298709617434,0.40004090972100526,0.40006021071953013,5.507253988297498,0.40006021071953013,800
30000,75,OBM_RR,3.0,5.530043287007115,5.528187760399668,-0.0018555266074473664,0.5165503853639449,0.5159081403612309,5.528187760399668,0.5159081403612309,800
30000,75,OBM_RR,4.0,5.530043287007115,5.519891084230835,-0.010152202776279928,0.6206051191106403,0.6199324299329627,5.519891084230835,0.6199324299329627,800
30000,82,OBM,0.0,5.530043287007115,4.052594422103658,-1.4774488649034572,0.0872652489751,2.270011315818395,,,800
30000,82,OBM_RR,2.0,5.530043287007115,5.527593024750997,-0.0024502622561177745,0.4416579118854401,0.4411118432807071,5.527593024750997,0.4411118432807071,800
30000,82,OBM_RR,3.0,5.530043287007115,5.533567063510677,0.0035237765035622814,0.5660618241358988,0.565366663856576,5.533567063510677,0.565366663856576,800
30000,82,OBM_RR,4.0,5.530043287007115,5.517433685415433,-0.012609601591681674,0.6775800949234908,0.6768921218571374,5.517433685415433,0.6768921218571374,800
30000,90,OBM,0.0,5.530043287007115,4.175287204788863,-1.3547560822182518,0.09953959333945425,1.9347792111551263,,,800
30000,90,OBM_RR,2.0,5.530043287007115,5.5415837701006305,0.011540483093515519,0.4879292886548538,0.487452559794067,5.5415837701006305,0.487452559794067,800
30000,90,OBM_RR,3.0,5.530043287007115,5.5345073037223305,0.0044640167152154575,0.6207356586817389,0.6199796665536204,5.5345073037223305,0.6199796665536204,800
30000,90,OBM_RR,4.0,5.530043287007115,5.510663143955387,-0.01938014305172775,0.7436744273712678,0.7431204242817592,5.510663143955387,0.7431204242817592,800
30000,98,OBM,0.0,5.530043287007115,4.281350617742102,-1.2486926692650133,0.11207008306678935,1.6711633777391401,,,800
30000,98,OBM_RR,2.0,5.530043287007115,5.548585931449172,0.01854264444205711,0.533798044929192,0.5334746270359352,5.548585931449172,0.5334746270359352,800
30000,98,OBM_RR,3.0,5.530043287007115,5.5316096081815385,0.0015663211744234573,0.6746041218855638,0.6737633200952282,5.5316096081815385,0.6737633200952282,800
30000,98,OBM_RR,4.0,5.530043287007115,5.501965979646785,-0.028077307360329762,0.8081446125494945,0.8079227669724142,5.501965979646785,0.8079227669724142,800
30000,107,OBM,0.0,5.530043287007115,4.384283229412497,-1.145760057594618,0.12639136305211882,1.4389994834275257,,,800
30000,107,OBM_RR,2.0,5.530043287007115,5.550835384774237,0.020792097767121653,0.5850481283963754,0.5847491295654375,5.550835384774237,0.5847491295654375,800
30000,107,OBM_RR,3.0,5.530043287007115,5.52479661420025,-0.0052466728068649715,0.7349374948447341,0.7340463505517204,5.52479661420025,0.7340463505517204,800
30000,107,OBM_RR,4.0,5.530043287007115,5.490527282937233,-0.039516004069882094,0.8777539462481998,0.8782182683930404,5.490527282937233,0.8782182683930404,800
30000,116,OBM,0.0,5.530043287007115,4.472996502723948,-1.057046784283167,0.14084459722520265,1.2580164456420553,,,800
30000,116,OBM_RR,2.0,5.530043287007115,5.549093732768681,0.019050445761566337,0.6356151567207352,0.6351835572585486,5.549093732768681,0.6351835572585486,800
30000,116,OBM_RR,3.0,5.530043287007115,5.515471284930076,-0.014572002077039237,0.7963863804282135,0.7956032406972114,5.515471284930076,0.7956032406972114,800
30000,116,OBM_RR,4.0,5.530043287007115,5.477690875319081,-0.05235241168803384,0.9465055877386247,0.9480632307635048,5.477690875319081,0.9480632307635048,800
30000,127,OBM,0.0,5.530043287007115,4.565812155269814,-0.9642311317373009,0.15848541290899784,1.0880289815542574,,,800
30000,127,OBM_RR,2.0,5.530043287007115,5.543732443466059,0.013689156458943863,0.6959881198138251,0.6953055276686154,5.543732443466059,0.6953055276686154,800
30000,127,OBM_RR,3.0,5.530043287007115,5.502817598859927,-0.027225688147187732,0.871104214595431,0.8707565724222748,5.502817598859927,0.8707565724222748,800
30000,127,OBM_RR,4.0,5.530043287007115,5.46212353400763,-0.06791975299948483,1.0315855533667486,1.0349091642725512,5.46212353400763,1.0349091642725512,800
30000,138,OBM,0.0,5.530043287007115,4.644739970441567,-0.8853033165655484,0.1759374743294547,0.9594795148085025,,,800
30000,138,OBM_RR,2.0,5.530043287007115,5.536214181463506,0.006170894456390741,0.754983369463715,0.7540777201902773,5.536214181463506,0.7540777201902773,800
30000,138,OBM_RR,3.0,5.530043287007115,5.489520490314192,-0.04052279669292336,0.9422955697566793,0.9427597973462994,5.489520490314192,0.9427597973462994,800
30000,138,OBM_RR,4.0,5.530043287007115,5.449144439720126,-0.08089884728698937,1.1178368579309985,1.1229841853509483,5.449144439720126,1.1229841853509483,800
30000,151,OBM,0.0,5.530043287007115,4.72363890314051,-0.8064043838666048,0.1961764573161545,0.8462192670637879,,,800
30000,151,OBM_RR,2.0,5.530043287007115,5.525290250690213,-0.0047530363169023815,0.8244004660455608,0.8233925568172336,5.525290250690213,0.8233925568172336,800
30000,151,OBM_RR,3.0,5.530043287007115,5.47280347370021,-0.05723981330690542,1.0247396835594214,1.0267351551823816,5.47280347370021,1.0267351551823816,800
30000,151,OBM_RR,4.0,5.530043287007115,5.436609382153181,-0.0934339048539341,1.2188491922310638,1.2260555253170287,5.436609382153181,1.2260555253170287,800
30000,165,OBM,0.0,5.530043287007115,4.794767502163268,-0.7352757848438474,0.21751211208508775,0.7578707017227169,,,800
30000,165,OBM_RR,2.0,5.530043287007115,5.511301785245908,-0.018741501761207147,0.899392534639315,0.8986195378592815,5.511301785245908,0.8986195378592815,800
30000,165,OBM_RR,3.0,5.530043287007115,5.45491534353813,-0.07512794346898488,1.1140256868538572,1.118277362635169,5.45491534353813,1.118277362635169,800
30000,165,OBM_RR,4.0,5.530043287007115,5.425421742190708,-0.10462154481640695,1.3268517091506933,1.3361388121540259,5.425421742190708,1.3361388121540259,800
30000,180,OBM,0.0,5.530043287007115,4.858435487444747,-0.6716077995623682,0.2400338415921995,0.6907908357232151,,,800
30000,180,OBM_RR,2.0,5.530043287007115,5.495202830882765,-0.03484045612434983,0.9811663892020633,0.9811537885985134,5.495202830882765,0.9811537885985134,800
30000,180,OBM_RR,3.0,5.530043287007115,5.43894481762959,-0.09109846937752497,1.2115989012840336,1.2183833337803565,5.43894481762959,1.2183833337803565,800
30000,180,OBM_RR,4.0,5.530043287007115,5.4124527084326015,-0.1175905785745135,1.4375870591621647,1.4496176195077004,5.4124527084326015,1.4496176195077004,800
30000,196,OBM,0.0,5.530043287007115,4.914968274595638,-0.6150750124114772,0.2639467280613535,0.6419340655442562,,,800
30000,196,OBM_RR,2.0,5.530043287007115,5.478656003745591,-0.05138728326152364,1.06550699713019,1.0668157662647773,5.478656003745591,1.0668157662647773,800
30000,196,OBM_RR,3.0,5.530043287007115,5.425443098142784,-0.10460018886433087,1.3146713802096386,1.32396924049483,5.425443098142784,1.32396924049483,800
30000,196,OBM_RR,4.0,5.530043287007115,5.396700517416092,-0.13334276959102276,1.5508236265668425,1.5666653912358388,5.396700517416092,1.5666653912358388,800
30000,214,OBM,0.0,5.530043287007115,4.967559307093366,-0.5624839799137487,0.2906763365344934,0.6067012187734351,,,800
30000,214,OBM_RR,2.0,5.530043287007115,5.460373232018733,-0.06967005498838219,1.155580454224151,1.158989895218455,5.460373232018733,1.158989895218455,800
30000,214,OBM_RR,3.0,5.530043287007115,5.4138565162230385,-0.11618677078407647,1.4302792748085802,1.4419907914203012,5.4138565162230385,1.4419907914203012,800
30000,214,OBM_RR,4.0,5.530043287007115,5.378873443833182,-0.15116984317393278,1.6750445488533072,1.6958030646524715,5.378873443833182,1.6958030646524715,800
30000,234,OBM,0.0,5.530043287007115,5.015410198885504,-0.5146330881216112,0.3199407459462932,0.5843880354034461,,,800
30000,234,OBM_RR,2.0,5.530043287007115,5.439973628517538,-0.09006965848957726,1.2548309763055887,1.2613749809656358,5.439973628517538,1.2613749809656358,800
30000,234,OBM_RR,3.0,5.530043287007115,5.401050356658543,-0.12899293034857173,1.5543998949512863,1.5690960711625086,5.401050356658543,1.5690960711625086,800
30000,234,OBM_RR,4.0,5.530043287007115,5.359088811361911,-0.17095447564520416,1.8135246098708044,1.8404831368515926,5.359088811361911,1.8404831368515926,800
30000,255,OBM,0.0,5.530043287007115,5.056554273537446,-0.47348901346966876,0.3499055350889486,0.5736599990465676,,,800
30000,255,OBM_RR,2.0,5.530043287007115,5.420496537928725,-0.10954674907839035,1.3623605907486933,1.372658130243901,5.420496537928725,1.372658130243901,800
30000,255,OBM_RR,3.0,5.530043287007115,5.385655354034127,-0.1443879329729878,1.679521291785649,1.6982697653591294,5.385655354034127,1.6982697653591294,800
30000,255,OBM_RR,4.0,5.530043287007115,5.340194374433731,-0.18984891257338443,1.9583813007989128,1.991975933778211,5.340194374433731,1.991975933778211,800
30000,278,OBM,0.0,5.530043287007115,5.093384356935153,-0.4366589300719621,0.3819344942177452,0.5721280973115639,,,800
30000,278,OBM_RR,2.0,5.530043287007115,5.404392330584719,-0.12565095642239577,1.4831335043363008,1.4970677503057428,5.404392330584719,1.4970677503057428,800
30000,278,OBM_RR,3.0,5.530043287007115,5.367851409762495,-0.16219187724462003,1.8120239390639878,1.8360651141842916,5.367851409762495,1.8360651141842916,800
30000,278,OBM_RR,4.0,5.530043287007115,5.3213814483880535,-0.2086618386190615,2.1247744640208603,2.165658258836722,5.3213814483880535,2.165658258836722,800
30000,303,OBM,0.0,5.530043287007115,5.125616038746796,-0.40442724826031906,0.41630568548589814,0.5793467025144545,,,800
30000,303,OBM_RR,2.0,5.530043287007115,5.391879288190803,-0.13816399881631192,1.6135002423148024,1.6305726575808228,5.391879288190803,1.6305726575808228,800
30000,303,OBM_RR,3.0,5.530043287007115,5.3486472340186015,-0.18139605298851347,1.9565221580110612,1.9869810333533586,5.3486472340186015,1.9869810333533586,800
30000,303,OBM_RR,4.0,5.530043287007115,5.299774193497054,-0.23026909351006086,2.3080340026138146,2.358172815536493,5.299774193497054,2.358172815536493,800
30000,331,OBM,0.0,5.530043287007115,5.153927917371124,-0.3761153696359907,0.4548106610552355,0.5957049190053341,,,800
30000,331,OBM_RR,2.0,5.530043287007115,5.382134661721263,-0.1479086252858517,1.7574492207035184,1.7771293706115898,5.382134661721263,1.7771293706115898,800
30000,331,OBM_RR,3.0,5.530043287007115,5.328801536403754,-0.20124175060336125,2.114993913270118,2.1528484130644356,5.328801536403754,2.1528484130644356,800
30000,331,OBM_RR,4.0,5.530043287007115,5.276791034690105,-0.25325225231700976,2.507279629847786,2.5682822336141147,5.276791034690105,2.5682822336141147,800
30000,361,OBM,0.0,5.530043287007115,5.177520810049459,-0.35252247695765604,0.49663552815823786,0.6202868305084006,,,800
30000,361,OBM_RR,2.0,5.530043287007115,5.370653615254409,-0.1593896717527059,1.9021638580736713,1.9251912207125144,5.370653615254409,1.9251912207125144,800
30000,361,OBM_RR,3.0,5.530043287007115,5.31050819107925,-0.21953509592786524,2.2915507586543584,2.3368819785500974,5.31050819107925,2.3368819785500974,800
30000,361,OBM_RR,4.0,5.530043287007115,5.251497780498551,-0.27854550650856424,2.728236250867766,2.802413554750294,5.251497780498551,2.802413554750294,800
30000,394,OBM,0.0,5.530043287007115,5.197907017899983,-0.33213626910713234,0.541536180843299,0.6511737618736505,,,800
30000,394,OBM_RR,2.0,5.530043287007115,5.354705179329649,-0.17533810767746605,2.055193156418903,2.083367616977294,5.354705179329649,2.083367616977294,800
30000,394,OBM_RR,3.0,5.530043287007115,5.28931766503987,-0.24072562196724512,2.491116698182008,2.5459516273807976,5.28931766503987,2.5459516273807976,800
30000,394,OBM_RR,4.0,5.530043287007115,5.220734517784673,-0.3093087692224419,2.981713755708837,3.073658528232103,5.220734517784673,3.073658528232103,800
30000,429,OBM,0.0,5.530043287007115,5.21437007361847,-0.31567321338864485,0.5874746190297119,0.6863898534070372,,,800
30000,429,OBM_RR,2.0,5.530043287007115,5.337633291932145,-0.1924099950749696,2.2162839913451107,2.2505352425606793,5.337633291932145,2.2505352425606793,800
30000,429,OBM_RR,3.0,5.530043287007115,5.267138546329863,-0.2629047406772518,2.699965365207182,2.765709311171246,5.267138546329863,2.765709311171246,800
30000,429,OBM_RR,4.0,5.530043287007115,5.183998409647288,-0.3460448773598266,3.2351676316912528,3.350870729298616,5.183998409647288,3.350870729298616,800
30000,469,OBM,0.0,5.530043287007115,5.227979918750136,-0.3020633682569791,0.6392892936219756,0.7297324604476988,,,800
30000,469,OBM_RR,2.0,5.530043287007115,5.318183493376405,-0.21185979363071006,2.397443792255017,2.4393315596719454,5.318183493376405,2.4393315596719454,800
30000,469,OBM_RR,3.0,5.530043287007115,5.241899737244081,-0.288143549763034,2.941245720305408,3.0205958684250693,5.241899737244081,3.0205958684250693,800
30000,469,OBM_RR,4.0,5.530043287007115,5.144707716768155,-0.3853355702389596,3.5241400825137523,3.668218409101994,5.144707716768155,3.668218409101994,800
30000,511,OBM,0.0,5.530043287007115,5.238764348942978,-0.29127893806413674,0.6941935678344681,0.7781692456344461,,,800
30000,511,OBM_RR,2.0,5.530043287007115,5.299626660090191,-0.23041662691692366,2.581676543994062,2.6315412702738423,5.299626660090191,2.6315412702738423,800
30000,511,OBM_RR,3.0,5.530043287007115,5.213002001774953,-0.317041285232162,3.20759732329261,3.3041030031801553,5.213002001774953,3.3041030031801553,800
30000,511,OBM_RR,4.0,5.530043287007115,5.102484764293535,-0.4275585227135803,3.830907822156633,4.008925477723956,5.102484764293535,4.008925477723956,800
30000,558,OBM,0.0,5.530043287007115,5.249306479025067,-0.2807368079820476,0.7560958191600583,0.833963854742058,,,800
30000,558,OBM_RR,2.0,5.530043287007115,5.278899391281784,-0.25114389572533113,2.800800904297349,2.8603731595270734,5.278899391281784,2.8603731595270734,800
30000,558,OBM_RR,3.0,5.530043287007115,5.173346838722121,-0.35669644828499436,3.4985995779534407,3.621458684700128,5.173346838722121,3.621458684700128,800
30000,558,OBM_RR,4.0,5.530043287007115,5.053996948182611,-0.47604633882450376,4.164676193840832,4.386090465306746,5.053996948182611,4.386090465306746,800
30000,608,OBM,0.0,5.530043287007115,5.259126978735179,-0.2709163082719357,0.8214685370087129,0.8938373474251466,,,800
30000,608,OBM_RR,2.0,5.530043287007115,5.252635420124617,-0.2774078668824984,3.0407486480800014,3.113902836878199,5.252635420124617,3.113902836878199,800
30000,608,OBM_RR,3.0,5.530043287007115,5.131342109662426,-0.39870117734468913,3.7987788953727106,3.952993050569536,5.131342109662426,3.952993050569536,800
30000,608,OBM_RR,4.0,5.530043287007115,5.0019713877549625,-0.5280718992521525,4.511082262113302,4.784303340065436,5.0019713877549625,4.784303340065436,800
30000,663,OBM,0.0,5.530043287007115,5.268165950920747,-0.26187733608636776,0.8929489586755199,0.960412511632868,,,800
30000,663,OBM_RR,2.0,5.530043287007115,5.2235990885454155,-0.30644419846169946,3.298558540163204,3.3883433887588326,5.2235990885454155,3.3883433887588326,800
30000,663,OBM_RR,3.0,5.530043287007115,5.085196377458135,-0.4448469095489802,4.140129590133111,4.332843201080723,5.085196377458135,4.332843201080723,800
30000,663,OBM_RR,4.0,5.530043287007115,4.950356435292301,-0.5796868517148139,4.9023671373621855,5.232276024491514,4.950361580009986,5.232219102294021,800
30000,724,OBM,0.0,5.530043287007115,5.274221142046381,-0.2558221449607343,0.9690533922119124,1.0332870453239582,,,800
30000,724,OBM_RR,2.0,5.530043287007115,5.190841481500951,-0.3392018055061641,3.6075184971132237,3.718066963850474,5.190841481500951,3.718066963850474,800
30000,724,OBM_RR,3.0,5.530043287007115,5.033368096009157,-0.49667519099795765,4.512970728595557,4.754015760537672,5.033368096009157,4.754015760537672,800
30000,724,OBM_RR,4.0,5.530043287007115,4.894882121044309,-0.6351611659628063,5.324196905333062,5.720971365948626,4.894951160067841,5.72020397526196,800
30000,789,OBM,0.0,5.530043287007115,5.2763144364423145,-0.25372885056480055,1.0468082257952607,1.1098780451219514,,,800
30000,789,OBM_RR,2.0,5.530043287007115,5.153107768232051,-0.37693551877506426,3.962694456484506,4.099821473728128,5.153107768232051,4.099821473728128,800
30000,789,OBM_RR,3.0,5.530043287007115,4.978859692224535,-0.5511835947825796,4.897567434603867,5.195248830468058,4.978859692224535,5.195248830468058,800
30000,789,OBM_RR,4.0,5.530043287007115,4.8423655330441,-0.6876777539630154,5.768277416714368,6.233967763239092,4.8423655330441,6.233967763239092,800
30000,861,OBM,0.0,5.530043287007115,5.275932741852769,-0.2541105451543464,1.1308763267690827,1.19403490051926,,,800
30000,861,OBM_RR,2.0,5.530043287007115,5.105243495483361,-0.42479979152375424,4.328512774300069,4.503556996210818,5.105243495483361,4.503556996210818,800
30000,861,OBM_RR,3.0,5.530043287007115,4.923435517216358,-0.6066077697907568,5.326849497179696,5.688163921678738,4.9236493629801865,5.6857621850087465,800
30000,861,OBM_RR,4.0,5.530043287007115,4.782487712255961,-0.7475555747511544,6.248700628191267,6.799729089747558,4.782487712255961,6.799729089747558,800
30000,939,OBM,0.0,5.530043287007115,5.27303785931096,-0.2570054276961553,1.2221097694842793,1.286633922137708,,,800
30000,939,OBM_RR,2.0,5.530043287007115,5.057360670684367,-0.4726826163227482,4.722305708345025,4.939831681983311,5.057360670684367,4.939831681983311,800
30000,939,OBM_RR,3.0,5.530043287007115,4.867507093670721,-0.6625361933363942,5.789720895032397,6.221437951394287,4.867936531721537,6.216540795742483,800
30000,939,OBM_RR,4.0,5.530043287007115,4.712922992172243,-0.8171202948348721,6.769978582355349,7.429201685358432,4.712922992172243,7.429201685358432,800
30000,1025,OBM,0.0,5.530043287007115,5.269061527616591,-0.2609817593905239,1.3226939237635988,1.3891520350934679,,,800
30000,1025,OBM_RR,2.0,5.530043287007115,5.001917743704907,-0.5281255433022078,5.161283125286861,5.433748110868505,5.001917743704907,5.433748110868505,800
30000,1025,OBM_RR,3.0,5.530043287007115,4.809180550752758,-0.7208627362543574,6.2826990891231125,6.794488799781828,4.8093985222365925,6.792040007045735,800
30000,1025,OBM_RR,4.0,5.530043287007115,4.633279957554619,-0.8967633294524964,7.334470512763141,8.129486893672913,4.633749909626332,8.124112499114355,800
30000,1118,OBM,0.0,5.530043287007115,5.2639608272608545,-0.26608245974626055,1.436177068796142,1.5051817228447677,,,800
30000,1118,OBM_RR,2.0,5.530043287007115,4.940251000249914,-0.5897922867572012,5.616492149899374,5.957326476230288,4.940302844525287,5.956750923793187,800
30000,1118,OBM_RR,3.0,5.530043287007115,4.748515582997593,-0.7815277040095223,6.807946277719237,7.410221897006482,4.748515582997593,7.410221897006482,800
30000,1118,OBM_RR,4.0,5.530043287007115,4.537251121590396,-0.9927921654167191,7.858852918856749,8.834665636420999,4.538204791788559,8.823500615470723,800
30000,1219,OBM,0.0,5.530043287007115,5.255616743797379,-0.2744265432097359,1.560855724228103,1.6342145821908625,,,800
30000,1219,OBM_RR,2.0,5.530043287007115,4.874807883316388,-0.6552354036907273,6.101258239442182,6.52296510089263,4.875530050604791,6.514627298958289,800
30000,1219,OBM_RR,3.0,5.530043287007115,4.677151267451114,-0.852892019556001,7.372263662420947,8.090473129865234,4.678025466582114,8.080315868549343,800
30000,1219,OBM_RR,4.0,5.530043287007115,4.43133889765101,-1.0987043893561053,8.35567123665105,9.552377982795608,4.4323652921068275,9.540280236451663,800
30000,1330,OBM,0.0,5.530043287007115,5.24549413839977,-0.28454914860734526,1.6947504419168715,1.7736002218376405,,,800
30000,1330,OBM_RR,2.0,5.530043287007115,4.811582170140479,-0.7184611168666359,6.651846438594358,7.159718006995369,4.812603138482381,7.147592107660471,800
30000,1330,OBM_RR,3.0,5.530043287007115,4.59542015684916,-0.9346231301579548,8.006479643333952,8.86999193920604,4.59753892195313,8.844705030600712,800
30000,1330,OBM_RR,4.0,5.530043287007115,4.3213368127092995,-1.2087064742978155,8.880882842498105,10.33075307995444,4.322563923118593,10.316533332340395,800
30000,1450,OBM,0.0,5.530043287007115,5.232294418343181,-0.297748868663934,1.8444426437192505,1.930791479205254,,,800
30000,1450,OBM_RR,2.0,5.530043287007115,4.745879664867926,-0.7841636221391894,7.216693612376916,7.822585331647898,4.74677655205814,7.812022156371423,800
30000,1450,OBM_RR,3.0,5.530043287007115,4.500432166939513,-1.0296111200676021,8.594529871000354,9.643885767228465,4.503218448649795,9.609677903615971,800
30000,1450,OBM_RR,4.0,5.530043287007115,4.20910392941813,-1.3209393575889852,9.434371091039782,11.167458913603587,4.2108299363850925,11.14769331340638,800
30000,1582,OBM,0.0,5.530043287007115,5.2140757361247925,-0.31596755088232253,2.01478272022438,2.112099735034673,,,800
30000,1582,OBM_RR,2.0,5.530043287007115,4.685287736972465,-0.84475555003465,7.813546591274141,8.517391597349393,4.68769604155424,8.489160888320491,800
30000,1582,OBM_RR,3.0,5.530043287007115,4.3876650480281425,-1.1423782389789725,9.149252475815057,10.44284395111299,4.39136635005888,10.397923552919385,800
30000,1582,OBM_RR,4.0,5.530043287007115,4.0933453707573255,-1.4366979162497895,10.079525583606443,12.131027079183418,4.096148454982689,12.09903382824528,800
30000,1726,OBM,0.0,5.530043287007115,5.189921099476599,-0.3401221875305156,2.189087246038543,2.3020339894315383,,,800
30000,1726,OBM_RR,2.0,5.530043287007115,4.619123962205806,-0.9109193248013092,8.451127129623387,9.270337237007832,4.625241255072678,9.19423804770935,800
30000,1726,OBM_RR,3.0,5.530043287007115,4.27319742729849,-1.2568458597086254,9.718538273346226,11.28605161557126,4.278222914774627,11.225781690459899,800
30000,1726,OBM_RR,4.0,5.530043287007115,3.9671599301852645,-1.5628833568218505,10.71667986097797,13.145888398182484,3.971538101123961,13.09579611985098,800
30000,1882,OBM,0.0,5.530043287007115,5.164543873388088,-0.3654994136190268,2.3786126024646626,2.5092291580674346,,,800
30000,1882,OBM_RR,2.0,5.530043287007115,4.5386019217519955,-0.9914413652551195,9.162549835514325,10.134052628958868,4.54815399154934,10.01140973381719,800
30000,1882,OBM_RR,3.0,5.530043287007115,4.15633218645953,-1.3737111005475846,10.318926517590295,12.193110047210961,4.16367622977193,12.106948204893174,800
30000,1882,OBM_RR,4.0,5.530043287007115,3.8301095383355106,-1.6999337486716044,11.320462010956707,14.196086183315701,3.8389312950724217,14.094941417103046,800
30000,2053,OBM,0.0,5.530043287007115,5.134954398582774,-0.39508888842434065,2.588255332044203,2.741115242635528,,,800
30000,2053,OBM_RR,2.0,5.530043287007115,4.4472889286775485,-1.0827543583295665,9.924578219575352,11.084529497282551,4.461211657428589,10.906854279407394,800
30000,2053,OBM_RR,3.0,5.530043287007115,4.035814264764185,-1.49422902224293,11.025596979527146,13.2445353542158,4.046667242965159,13.116721442031025,800
30000,2053,OBM_RR,4.0,5.530043287007115,3.6756471477461274,-1.8543961392609876,11.876585215281455,15.300524525068408,3.689710300031874,15.138023991522774,800
30000,2240,OBM,0.0,5.530043287007115,5.101387285648485,-0.4286560013586298,2.809601908150206,2.9898358732657875,,,800
30000,2240,OBM_RR,2.0,5.530043287007115,4.3331102755667015,-1.1969330114404135,10.621804406945486,12.041175785312616,4.3529419042405735,11.79306381183132,800
30000,2240,OBM_RR,3.0,5.530043287007115,3.9069738168584873,-1.6230694701486277,11.752064362162024,14.371728786637872,3.9250487731010297,14.158509158763799,800
30000,2240,OBM_RR,4.0,5.530043287007115,3.5142116587942427,-2.0158316282128723,12.272152524076812,16.32038948672508,3.5300039195957775,16.137464405566053,800
30000,2443,OBM,0.0,5.530043287007115,5.064347367182297,-0.4656959198248183,3.0424744551703022,3.2555440518428225,,,800
30000,2443,OBM_RR,2.0,5.530043287007115,4.206597196320708,-1.3234460906864074,11.258911047932859,12.996346964076075,4.23375377462899,12.662263566095461,800
30000,2443,OBM_RR,3.0,5.530043287007115,3.7672564054877813,-1.7627868815193337,12.438156405717201,15.530026299866712,3.7925001985240203,15.22963761194555,800
30000,2443,OBM_RR,4.0,5.530043287007115,3.3350047764476596,-2.1950385105594554,12.45853160643996,17.26115250477098,3.351347893617206,17.073279024574276,800
30000,2665,OBM,0.0,5.530043287007115,5.027746421080011,-0.5022968659271037,3.3024461455315595,3.5506202293698355,,,800
30000,2665,OBM_RR,2.0,5.530043287007115,4.073338161650978,-1.4567051253561374,11.938443086694345,14.045509855074815,4.1080399046248735,13.621226141268956,800
30000,2665,OBM_RR,3.0,5.530043287007115,3.604487407615719,-1.9255558793913958,13.070365865201982,16.761793352529253,3.6381165525413737,16.36024915317765,800
30000,2665,OBM_RR,4.0,5.530043287007115,3.1437811449779893,-2.3862621420291257,12.358081787956616,18.036881196203105,3.167511530228388,17.763555062763363,800
30000,2907,OBM,0.0,5.530043287007115,4.987986920178136,-0.5420563668289793,3.574037074849118,3.8633946333253903,,,800
30000,2907,OBM_RR,2.0,5.530043287007115,3.9368089198373575,-1.5932343671697575,12.714741194175515,15.237243516413617,3.980221784870187,14.70593942238827,800
30000,2907,OBM_RR,3.0,5.530043287007115,3.433987538284856,-2.096055748722259,13.557626331091264,17.93412899992903,3.4718947503561544,17.482547239468094,800
30000,2907,OBM_RR,4.0,5.530043287007115,2.9451594575868465,-2.5848838294202685,11.903202039434966,18.569947448484065,2.9862794313056873,18.08781080856461,800
30000,3171,OBM,0.0,5.530043287007115,4.948651044390312,-0.5813922426168032,3.867833096159866,4.201015244564662,,,800
30000,3171,OBM_RR,2.0,5.530043287007115,3.7936592044155844,-1.7363840825915307,13.6511089431734,16.649074739271665,3.850765872982596,15.946831187775983,800
30000,3171,OBM_RR,3.0,5.530043287007115,3.2480612660992794,-2.2819820209078356,13.824160157289421,19.01432190083942,3.2923371367389302,18.49414097628347,800
30000,3171,OBM_RR,4.0,5.530043287007115,2.7331013023154402,-2.7969419846916748,10.85059481195876,18.659916034174817,2.7905737505367427,17.97757874534632,800
30000,3458,OBM,0.0,5.530043287007115,4.9035243727232025,-0.6265189142839125,4.1814039330524295,4.568703128091606,,,800
30000,3458,OBM_RR,2.0,5.530043287007115,3.6380846530189683,-1.8919586339881467,14.52057327409212,18.081930030221802,3.7129256466986402,17.149463095531004,800
30000,3458,OBM_RR,3.0,5.530043287007115,3.0401626267614903,-2.4898806602456247,13.704560700243583,19.886935701633465,3.1038514107755315,19.136562907116375,800
30000,3458,OBM_RR,4.0,5.530043287007115,2.485400898801127,-3.044642388205988,9.309317174663882,18.56752780025621,2.5532460516405506,17.760699219033768,800
30000,3772,OBM,0.0,5.530043287007115,4.850195532857209,-0.6798477541499057,4.524188625464705,4.980726358505544,,,800
30000,3772,OBM_RR,2.0,5.530043287007115,3.4714686228609968,-2.0585746641461182,15.273231354720723,19.491869463391623,3.566520203758703,18.29714126805678,800
30000,3772,OBM_RR,3.0,5.530043287007115,2.836260146413324,-2.693783140593791,13.205094179231788,20.445055420055095,2.9341178172784828,19.263172710820456,800
30000,3772,OBM_RR,4.0,5.530043287007115,2.1868079145251484,-3.3432353724819666,7.4752284086228515,18.643107128926708,2.2574716647336457,17.80680574970343,800
30000,4115,OBM,0.0,5.530043287007115,4.789461108702266,-0.740582178304849,4.887066395765218,5.429419525593266,,,800
30000,4115,OBM_RR,2.0,5.530043287007115,3.2852277170381274,-2.2448155699689876,15.931464278579538,20.950746891406506,3.406735061627779,19.42979301655399,800
30000,4115,OBM_RR,3.0,5.530043287007115,2.6170153383444044,-2.9130279486627106,12.081849644587548,20.552479162221893,2.738723197525599,19.05347209992597,800
30000,4115,OBM_RR,4.0,5.530043287007115,1.8606534149483724,-3.6693898720587423,5.998101268598311,19.45502567517984,1.9412156500992106,18.504164833704294,800
30000,4488,OBM,0.0,5.530043287007115,4.715569082638904,-0.8144742043682109,5.227523911326378,5.884357736018451,,,800
30000,4488,OBM_RR,2.0,5.530043287007115,3.1010384676738636,-2.4290048193332514,16.273991920651536,22.153713843094884,3.2442304615195723,20.363331221808053,800
30000,4488,OBM_RR,3.0,5.530043287007115,2.3751139561586303,-3.1549293308484847,10.367490274688551,20.308109994493257,2.5053491554684983,18.69570518619269,800
30000,4488,OBM_RR,4.0,5.530043287007115,1.535304723630582,-3.994738563376533,4.9125439783661236,20.864339488120777,1.6454917979265096,19.544125213489906,800
30000,4896,OBM,0.0,5.530043287007115,4.633541971215871,-0.8965013157912436,5.548914146953243,6.3456926134849825,,,800
30000,4896,OBM_RR,2.0,5.530043287007115,2.8938936744747448,-2.6361496125323702,16.20820110191741,23.137225630194585,3.0738418305841777,20.878404814917687,800
30000,4896,OBM_RR,3.0,5.530043287007115,2.079886603960898,-3.450156683046217,8.27558894519445,20.16882559658143,2.2132036003201474,18.52644139291227,800
30000,4896,OBM_RR,4.0,5.530043287007115,1.1827900776634988,-4.3472532093436165,4.25682360405437,23.15011304069767,1.3477114962707444,21.151496118125134,800
30000,5340,OBM,0.0,5.530043287007115,4.548705002905685,-0.9813382841014304,5.8893073859239715,6.8449705795347064,,,800
30000,5340,OBM_RR,2.0,5.530043287007115,2.6745195208672685,-2.8555237661398465,15.693878124505316,23.82827675583918,2.9075758333724706,20.805475978949538,800
30000,5340,OBM_RR,3.0,5.530043287007115,1.7344287642675469,-3.795614522739568,6.5389187328051745,20.937434689620687,1.8827667749143044,19.12725087711216,800
30000,5340,OBM_RR,4.0,5.530043287007115,0.7630187168401257,-4.767024570166989,3.7031917243212455,26.42308598724161,1.0142421121117347,23.341435622257276,800
30000,5825,OBM,0.0,5.530043287007115,4.46043557552046,-1.069607711486655,6.256736301692341,7.392976037786946,,,800
30000,5825,OBM_RR,2.0,5.530043287007115,2.4441291376855476,-3.0859141493215674,14.574092072462399,24.078740594354876,2.719474330554401,20.40667137365023,800
30000,5825,OBM_RR,3.0,5.530043287007115,1.387763567156415,-4.1422797198507,5.431429348238355,22.583121339039455,1.5739728272983846,20.27211153467511,800
30000,5825,OBM_RR,4.0,5.530043287007115,0.27298580063080286,-5.257057486376312,3.078589050418228,30.711394229170438,0.6820537345149598,25.586008110857865,800
30000,6000,OBM,0.0,5.530043287007115,4.430089876925055,-1.09995341008206,6.396792897158141,7.598694410387847,,,800
30000,6000,OBM_RR,2.0,5.530043287007115,2.36195448402475,-3.168088802982365,13.984449981905456,24.003756083010312,2.649591863306889,20.15751751125919,800
30000,6000,OBM_RR,3.0,5.530043287007115,1.2683121851321768,-4.261731101874938,5.201798771849018,23.357648508072383,1.4761151645117747,20.758545869739347,800
30000,6000,OBM_RR,4.0,5.530043287007115,0.10402600731791345,-5.4260172796892014,2.793884164866168,32.232055329145886,0.5791509539053743,26.24084384200777,800
50000,5,OBM,0.0,5.530043287007115,0.5074828414278115,-5.022560445579304,0.0002910208208898788,25.226404086542633,,,800
50000,5,OBM_RR,2.0,5.530043287007115,1.3910434782178225,-4.1389998087892925,0.0025667086261327667,17.13388291739815,1.3910434782178225,17.13388291739815,800
50000,5,OBM_RR,3.0,5.530043287007115,1.751288194691126,-3.778755092315989,0.004467545406795246,14.283452008679056,1.751288194691126,14.283452008679056,800
50000,5,OBM_RR,4.0,5.530043287007115,2.0678137744505745,-3.4622295125565405,0.006794002731522679,11.99381870784561,2.0678137744505745,11.99381870784561,800
50000,6,OBM,0.0,5.530043287007115,0.600620052730822,-4.929423234276293,0.00041804237963379476,24.29963094244961,,,800
50000,6,OBM_RR,2.0,5.530043287007115,1.619933194073875,-3.91011009293324,0.003660668893640469,15.292617031915915,1.619933194073875,15.292617031915915,800
50000,6,OBM_RR,3.0,5.530043287007115,2.01932657463766,-3.510716712369455,0.0063228636986940485,12.331446794629265,2.01932657463766,12.331446794629265,800
50000,6,OBM_RR,4.0,5.530043287007115,2.362057175584048,-3.167986111423067,0.009527977429816925,10.045652069627474,2.362057175584048,10.045652069627474,800
50000,7,OBM,0.0,5.530043287007115,0.6912893540646715,-4.838753932942444,0.0005673914851436578,23.414106305811753,,,800
50000,7,OBM_RR,2.0,5.530043287007115,1.8350051404032264,-3.6950381466038884,0.004929383790018267,13.658230126918184,1.8350051404032264,13.658230126918184,800
50000,7,OBM_RR,3.0,5.530043287007115,2.265828965594298,-3.264214321412817,0.008442438110418638,10.663527021179316,2.265828965594298,10.663527021179316,800
50000,7,OBM_RR,4.0,5.530043287007115,2.6271480080950584,-2.9028952789120566,0.012601425555835788,8.439386674103798,2.6271480080950584,8.439386674103798,800
50000,8,OBM,0.0,5.530043287007115,0.7795694319002373,-4.750473855106877,0.0007387681447025876,22.567739692738524,,,800
50000,8,OBM_RR,2.0,5.530043287007115,2.037179254923584,-3.492864032083531,0.006362462552854179,12.206453656097484,2.037179254923584,12.206453656097484,800
50000,8,OBM_RR,3.0,5.530043287007115,2.4927621263559936,-3.0372811606511214,0.010800071794105127,9.235863420550583,2.4927621263559936,9.235863420550583,800
50000,8,OBM_RR,4.0,5.530043287007115,2.8664379047749047,-2.6636053822322103,0.015966061102443772,7.110739735782462,2.8664379047749047,7.110739735782462,800
50000,9,OBM,0.0,5.530043287007115,0.8655363657354578,-4.6645069212716574,0.0009318309542492828,21.75855548475675,,,800
50000,9,OBM_RR,2.0,5.530043287007115,2.227312435601971,-3.302730851405144,0.007949103656257742,10.915970244100038,2.227312435601971,10.915970244100038,800
50000,9,OBM_RR,3.0,5.530043287007115,2.7018945896216007,-2.8281486973855143,0.013370104725962272,8.011778446618436,2.7018945896216007,8.011778446618436,800
50000,9,OBM_RR,4.0,5.530043287007115,3.082840366918816,-2.447202920088299,0.01958021956651385,6.008357876380756,3.082840366918816,6.008357876380756,800
50000,10,OBM,0.0,5.530043287007115,0.9492631598228171,-4.580780127184298,0.0011462454330643684,20.984691386232868,,,800
50000,10,OBM_RR,2.0,5.530043287007115,2.4061989225669502,-3.123844364440165,0.009678754484810835,9.768070269286282,2.4061989225669502,9.768070269286282,800
50000,10,OBM_RR,3.0,5.530043287007115,2.894819422379797,-2.635223864627318,0.01612843162954187,6.960513087791342,2.894819422379797,6.960513087791342,800
50000,10,OBM_RR,4.0,5.530043287007115,3.2788958732642364,-2.2511474137428786,0.023410535419749818,5.091045950651726,3.2788958732642364,5.091045950651726,800
50000,11,OBM,0.0,5.530043287007115,1.030820558251516,-4.4992227287555995,0.0013815955920850709,20.24438503154857,,,800
50000,11,OBM_RR,2.0,5.530043287007115,2.5745731723245604,-2.9554701146825546,0.011541024184681349,8.746330196686163,2.5745731723245604,8.746330196686163,800
50000,11,OBM_RR,3.0,5.530043287007115,3.072969480487525,-2.45707380651959,0.01905349922344882,6.056241373034089,3.072969480487525,6.056241373034089,800
50000,11,OBM_RR,4.0,5.530043287007115,3.4568330309790642,-2.0732102560280508,0.0274281635318113,4.325594644027292,3.4568330309790642,4.325594644027292,800
50000,12,OBM,0.0,5.530043287007115,1.1102766234023485,-4.419766663604767,0.0016374600706692377,19.53597277395759,,,800
50000,12,OBM_RR,2.0,5.530043287007115,2.7331191663391348,-2.7969241206679802,0.013525239322129436,7.836292869547332,2.7331191663391348,7.836292869547332,800
50000,12,OBM_RR,3.0,5.530043287007115,3.2376332382332897,-2.2924100487738253,0.022126605295176443,5.277242778757768,3.2376332382332897,5.277242778757768,800
50000,12,OBM_RR,4.0,5.530043287007115,3.61859604176089,-1.911447245246225,0.031607500321655865,3.685198562305634,3.61859604176089,3.685198562305634,800
50000,13,OBM,0.0,5.530043287007115,1.1876976909347305,-4.342345596072384,0.0019133905142710876,18.85787627450536,,,800
50000,13,OBM_RR,2.0,5.530043287007115,2.882470944189223,-2.647572342817892,0.015621462093854795,7.0252412457204585,2.882470944189223,7.0252412457204585,800
50000,13,OBM_RR,3.0,5.530043287007115,3.3899731335172225,-2.1400701534898925,0.02533238176821745,4.605200978149262,3.3899731335172225,4.605200978149262,800
50000,13,OBM_RR,4.0,5.530043287007115,3.7658887200028466,-1.7641545670042684,0.035923177878886534,3.148119610188555,3.7658887200028466,3.148119610188555,800
50000,15,OBM,0.0,5.530043287007115,1.3366864102700213,-4.193356876737093,0.0025234724526905575,17.586762213790397,,,800
50000,15,OBM_RR,2.0,5.530043287007115,3.155914926118253,-2.374128360888862,0.02011264152554784,5.6565729747004765,3.155914926118253,5.6565729747004765,800
50000,15,OBM_RR,3.0,5.530043287007115,3.661796168215641,-1.8682471187914742,0.03208752191516516,3.5223947093854173,3.661796168215641,3.5223947093854173,800
50000,15,OBM_RR,4.0,5.530043287007115,4.022847108169806,-1.507196178837309,0.04488824149397519,2.3164724526938945,4.022847108169806,2.3164724526938945,800
50000,16,OBM,0.0,5.530043287007115,1.4083743434119105,-4.121668943595204,0.0028565937012987614,16.99100790355638,,,800
50000,16,OBM_RR,2.0,5.530043287007115,3.281067229700566,-2.248976057306549,0.022490699595128248,5.080355892558743,3.281067229700566,5.080355892558743,800
50000,16,OBM_RR,3.0,5.530043287007115,3.7830871090509275,-1.7469561779561875,0.03561261806560622,3.0874239899923155,3.7830871090509275,3.0874239899923155,800
50000,16,OBM_RR,4.0,5.530043287007115,4.1349914434164905,-1.3950518435906245,0.04951790544388416,1.9956256543676796,4.1349914434164905,1.9956256543676796,800
50000,18,OBM,0.0,5.530043287007115,1.5464244006687142,-3.9836188863384008,0.003576445105137468,15.872791406140756,,,800
50000,18,OBM_RR,2.0,5.530043287007115,3.5106043325772385,-2.0194389544298765,0.027475410994475417,4.105574757399566,3.5106043325772385,4.105574757399566,800
50000,18,OBM_RR,3.0,5.530043287007115,4.000316834803819,-1.5297264522032963,0.04289935033016484,2.3829087447127364,4.000316834803819,2.3829087447127364,800
50000,18,OBM_RR,4.0,5.530043287007115,4.3317840405933286,-1.1982592464137864,0.05901381243649369,1.4947652667870823,4.3317840405933286,1.4947652667870823,800
50000,19,OBM,0.0,5.530043287007115,1.6128948894351844,-3.9171483975719306,0.003962151367093788,15.348008767278229,,,800
50000,19,OBM_RR,2.0,5.530043287007115,3.615840428272763,-1.914202858734352,0.03007085427109547,3.6942058500900234,3.615840428272763,3.6942058500900234,800
50000,19,OBM_RR,3.0,5.530043287007115,4.097590347507439,-1.432452939499676,0.04664349111476678,2.0985066106321333,4.097590347507439,2.0985066106321333,800
50000,19,OBM_RR,4.0,5.530043287007115,4.418150614933393,-1.111892672073722,0.0638546333427005,1.3000801292622635,4.418150614933393,1.3000801292622635,800
50000,21,OBM,0.0,5.530043287007115,1.7409824284177557,-3.7890608585893593,0.004782593308783006,14.361758805161081,,,800
50000,21,OBM_RR,2.0,5.530043287007115,3.809174221686186,-1.720869065320929,0.035442365272836104,2.9967884022947744,3.809174221686186,2.9967884022947744,800
50000,21,OBM_RR,3.0,5.530043287007115,4.272358902434994,-1.257684384572121,0.054312834569185654,1.6360149547225296,4.272358902434994,1.6360149547225296,800
50000,21,OBM_RR,4.0,5.530043287007115,4.570433922196471,-0.9596093648106443,0.07367829455877507,0.9944363297228648,4.570433922196471,0.9944363297228648,800
50000,23,OBM,0.0,5.530043287007115,1.8629205440596808,-3.6671227429474342,0.0056649640856473536,13.45344709472285,,,800
50000,23,OBM_RR,2.0,5.530043287007115,3.9819200847512892,-1.5481232022558258,0.04102637503771696,2.4376605414317516,3.9819200847512892,2.4376605414317516,800
50000,23,OBM_RR,3.0,5.530043287007115,4.424051089027975,-1.1059921979791403,0.06219292153148296,1.2853339223702986,4.424051089027975,1.2853339223702986,800
50000,23,OBM_RR,4.0,5.530043287007115,4.699434606414911,-0.8306086805922037,0.08366038312837196,0.7734665879245827,4.699434606414911,0.7734665879245827,800
50000,26,OBM,0.0,5.530043287007115,2.0350843175619766,-3.4949589694451384,0.007095610297094351,12.221824938889245,,,800
50000,26,OBM_RR,2.0,5.530043287007115,4.207597607909658,-1.3224456790974566,0.04972835131678421,1.7985287650411699,4.207597607909658,1.7985287650411699,800
50000,26,OBM_RR,3.0,5.530043287007115,4.615512897293115,-0.9145303897139998,0.07430293460477427,0.9105758896469596,4.615512897293115,0.9105758896469596,800
50000,26,OBM_RR,4.0,5.530043287007115,4.857834429975074,-0.6722088570320413,0.09886599158656456,0.5506071565694051,4.857834429975074,0.5506071565694051,800
50000,28,OBM,0.0,5.530043287007115,2.1431833445874617,-3.3868599424196533,0.008115161120058945,11.478925286735514,,,800
50000,28,OBM_RR,2.0,5.530043287007115,4.338692134491194,-1.1913511525159208,0.055704696936433824,1.4749526346662751,4.338692134491194,1.4749526346662751,800
50000,28,OBM_RR,3.0,5.530043287007115,4.723014900833957,-0.8070283861731582,0.08252124936111559,0.7337129138886656,4.723014900833957,0.7337129138886656,800
50000,28,OBM_RR,4.0,5.530043287007115,4.944552133952025,-0.5854911530550897,0.10914147963053122,0.4518049430867718,4.944552133952025,0.4518049430867718,800
50000,31,OBM,0.0,5.530043287007115,2.2960808109553987,-3.2339624760517163,0.00973386725425549,10.468234996430736,,,800
50000,31,OBM_RR,2.0,5.530043287007115,4.510545119602301,-1.019498167404814,0.06490281861709081,1.1041982034355922,4.510545119602301,1.1041982034355922,800
50000,31,OBM_RR,3.0,5.530043287007115,4.859512096267345,-0.6705311907397702,0.0950220355553792,0.5445153357658284,4.859512096267345,0.5445153357658284,800
50000,31,OBM_RR,4.0,5.530043287007115,5.052311793558714,-0.4777314934484007,0.12473604435771961,0.3528075041347126,5.052311793558714,0.3528075041347126,800
50000,34,OBM,0.0,5.530043287007115,2.438709373439797,-3.091333913567318,0.011449898222051991,9.567780951020705,,,800
50000,34,OBM_RR,2.0,5.530043287007115,4.656924675182442,-0.8731186118246734,0.07435395890434564,0.8365971267703597,4.656924675182442,0.8365971267703597,800
50000,34,OBM_RR,3.0,5.530043287007115,4.971582473117012,-0.558460813890103,0.10769244732159076,0.4194363124132357,4.971582473117012,0.4194363124132357,800
50000,34,OBM_RR,4.0,5.530043287007115,5.138711575585562,-0.3913317114215529,0.14051582745761057,0.2934806910374107,5.138711575585562,0.2934806910374107,800
50000,37,OBM,0.0,5.530043287007115,2.5719209611231673,-2.9581223258839477,0.013253620798072546,8.763724748665132,,,800
50000,37,OBM_RR,2.0,5.530043287007115,4.7818464163792305,-0.7481968706278845,0.08399874761964139,0.6436923064024758,4.7818464163792305,0.6436923064024758,800
50000,37,OBM_RR,3.0,5.530043287007115,5.063999347909874,-0.46604393909724084,0.12052101852888081,0.33756732042499243,5.063999347909874,0.33756732042499243,800
50000,37,OBM_RR,4.0,5.530043287007115,5.208434264678785,-0.3216090223283299,0.15640335970029642,0.25964021874365534,5.208434264678785,0.25964021874365534,800
50000,41,OBM,0.0,5.530043287007115,2.736211972226029,-2.793831314781086,0.01578055490315878,7.821254244660943,,,800
50000,41,OBM_RR,2.0,5.530043287007115,4.920644513602699,-0.6093987734044157,0.09707704287141761,0.4683225615946344,4.920644513602699,0.4683225615946344,800
50000,41,OBM_RR,3.0,5.530043287007115,5.163047470551796,-0.36699581645531865,0.13785341020724876,0.27236702274019514,5.163047470551796,0.27236702274019514,800
50000,41,OBM_RR,4.0,5.530043287007115,5.281519251829929,-0.24852403517718624,0.17771629494241764,0.23925834563449097,5.281519251829929,0.23925834563449097,800
50000,45,OBM,0.0,5.530043287007115,2.886759582233767,-2.643283704773348,0.01843062333724154,7.005356328978385,,,800
50000,45,OBM_RR,2.0,5.530043287007115,5.033439075437037,-0.4966042115700784,0.11035119457095538,0.35682899852688055,5.033439075437037,0.35682899852688055,800
50000,45,OBM_RR,3.0,5.530043287007115,5.240548899840354,-0.28949438716676124,0.15541673762183952,0.2390294669008706,5.240548899840354,0.2390294669008706,800
50000,45,OBM_RR,4.0,5.530043287007115,5.33745715120312,-0.19258613580399508,0.19904739565103963,0.23588800611039104,5.33745715120312,0.23588800611039104,800
50000,49,OBM,0.0,5.530043287007115,3.0249905628585374,-2.5050527241485776,0.02118736369120359,6.296450030250799,,,800
50000,49,OBM_RR,2.0,5.530043287007115,5.125303296557896,-0.4047399904492188,0.12377766857733231,0.28743740636044424,5.125303296557896,0.28743740636044424,800
50000,49,OBM_RR,3.0,5.530043287007115,5.3015032273085145,-0.22854005969860047,0.17312139656368752,0.22513555370502267,5.3015032273085145,0.22513555370502267,800
50000,49,OBM_RR,4.0,5.530043287007115,5.380766894331105,-0.14927639267601034,0.22034442484561764,0.24235243572492293,5.380766894331105,0.24235243572492293,800
50000,54,OBM,0.0,5.530043287007115,3.182352690092117,-2.347690596914998,0.024758874911310805,5.536379065160771,,,800
50000,54,OBM_RR,2.0,5.530043287007115,5.216825114517934,-0.31321817248918116,0.1407749296710987,0.23870458458647228,5.216825114517934,0.23870458458647228,800
50000,54,OBM_RR,3.0,5.530043287007115,5.360102775203995,-0.1699405118031203,0.1954095468423969,0.22404506246075065,5.360102775203995,0.22404506246075065,800
50000,54,OBM_RR,4.0,5.530043287007115,5.421817885182618,-0.10822540182449725,0.24670622954912166,0.2581105843622592,5.421817885182618,0.2581105843622592,800
50000,59,OBM,0.0,5.530043287007115,3.324529320994236,-2.205513966012879,0.028449061308744684,4.892705354259967,,,800
50000,59,OBM_RR,2.0,5.530043287007115,5.288131766662486,-0.2419115203446287,0.15802000604371638,0.21634366471161098,5.288131766662486,0.21634366471161098,800
50000,59,OBM_RR,3.0,5.530043287007115,5.4041043772995225,-0.12593890970759247,0.21772104092741557,0.2333094986045935,5.4041043772995225,0.2333094986045935,800
50000,59,OBM_RR,4.0,5.530043287007115,5.45226358158888,-0.07777970541823542,0.2727696431865336,0.27847836370749784,5.45226358158888,0.27847836370749784,800
50000,65,OBM,0.0,5.530043287007115,3.4776361290178364,-2.0524071579892786,0.033016061583303905,4.245349933671954,,,800
50000,65,OBM_RR,2.0,5.530043287007115,5.353464456884576,-0.17657883012253883,0.17902854592305956,0.20998484348810048,5.353464456884576,0.20998484348810048,800
50000,65,OBM_RR,3.0,5.530043287007115,5.443101830769837,-0.08694145623727767,0.244439151936406,0.2516924198091439,5.443101830769837,0.2516924198091439,800
50000,65,OBM_RR,4.0,5.530043287007115,5.478793627684391,-0.05124965932272385,0.3033628416989217,0.3056101657274932,5.478793627684391,0.3056101657274932,800
50000,71,OBM,0.0,5.530043287007115,3.6141447791769763,-1.9158985078301387,0.03770890883668519,3.7083288650063913,,,800
50000,71,OBM_RR,2.0,5.530043287007115,5.402193412570673,-0.1278498744364418,0.2003017708639062,0.21639698404374016,5.402193412570673,0.21639698404374016,800
50000,71,OBM_RR,3.0,5.530043287007115,5.471311541740622,-0.05873174526649283,0.27086515951133916,0.27397599596399813,5.471311541740622,0.27397599596399813,800
50000,71,OBM_RR,4.0,5.530043287007115,5.497499833297618,-0.03254345370949707,0.3330187447727653,0.3336615477211415,5.497499833297618,0.3336615477211415,800
50000,78,OBM,0.0,5.530043287007115,3.7553700373827352,-1.7746732496243798,0.04330524074806835,3.1927162521294883,,,800
50000,78,OBM_RR,2.0,5.530043287007115,5.443754231567141,-0.08628905543997423,0.22537454838718418,0.23253863129042301,5.443754231567141,0.23253863129042301,800
50000,78,OBM_RR,3.0,5.530043287007115,5.49472475433419,-0.03531853267292462,0.30133860747303415,0.30220933296386127,5.49472475433419,0.30220933296386127,800
50000,78,OBM_RR,4.0,5.530043287007115,5.512219080038969,-0.017824206968145795,0.36710877503836625,0.36696759142361157,5.512219080038969,0.36696759142361157,800
50000,85,OBM,0.0,5.530043287007115,3.879945157931242,-1.650098129075873,0.04900449842879025,2.771767078385451,,,800
50000,85,OBM_RR,2.0,5.530043287007115,5.473503421127671,-0.056539865879443596,0.250564410911444,0.2534479618314701,5.473503421127671,0.2534479618314701,800
50000,85,OBM_RR,3.0,5.530043287007115,5.510975154798328,-0.019068132208786892,0.33115975857276075,0.33110940254047655,5.510975154798328,0.33110940254047655,800
50000,85,OBM_RR,4.0,5.530043287007115,5.522065363528454,-0.007977923478660998,0.4008983475384158,0.40046087186702406,5.522065363528454,0.40046087186702406,800
50000,93,OBM,0.0,5.530043287007115,4.005035001163363,-1.525008285843752,0.055621411418930414,2.3812021565467556,,,800
50000,93,OBM_RR,2.0,5.530043287007115,5.497427087111593,-0.032616199895522335,0.2792841157486235,0.27999882709956236,5.497427087111593,0.27999882709956236,800
50000,93,OBM_RR,3.0,5.530043287007115,5.523494626637753,-0.0065486603693623024,0.3641133983424,0.3637011415471052,5.523494626637753,0.3637011415471052,800
50000,93,OBM_RR,4.0,5.530043287007115,5.529409348915022,-0.0006339380920934445,0.43879698042261284,0.4382488860745892,5.529409348915022,0.4382488860745892,800
50000,102,OBM,0.0,5.530043287007115,4.127291439891273,-1.4027518471158418,0.06317281429063142,2.030806592859674,,,800
50000,102,OBM_RR,2.0,5.530043287007115,5.515690339187659,-0.014352947819456396,0.3112145467962192,0.3110315357238319,5.515690339187659,0.3110315357238319,800
50000,102,OBM_RR,3.0,5.530043287007115,5.532095607833945,0.0020523208268299342,0.4004070504282254,0.39991075363596634,5.532095607833945,0.39991075363596634,800
50000,102,OBM_RR,4.0,5.530043287007115,5.534088312344527,0.004045025337411801,0.4804376769084193,0.479853492042264,5.534088312344527,0.479853492042264,800
50000,112,OBM,0.0,5.530043287007115,4.2442099366108845,-1.2858333503962305,0.07167880704854991,1.7249566135309344,,,800
50000,112,OBM_RR,2.0,5.530043287007115,5.5288911034450985,-0.0011521835620165177,0.3459912954104479,0.34556013381814543,5.5288911034450985,0.34556013381814543,800
50000,112,OBM_RR,3.0,5.530043287007115,5.537529285313138,0.007485998306022701,0.4402808939278609,0.4397865829810888,5.537529285313138,0.4397865829810888,800
50000,112,OBM_RR,4.0,5.530043287007115,5.536206046654245,0.006162759647129867,0.5269841090249321,0.5263633584951193,5.536206046654245,0.5263633584951193,800
50000,123,OBM,0.0,5.530043287007115,4.354102304443208,-1.1759409825639073,0.08115171909152122,1.4638874739160246,,,800
50000,123,OBM_RR,2.0,5.530043287007115,5.537823933403424,0.007780646396309265,0.3832395708621013,0.3828210598568681,5.537823933403424,0.3828210598568681,800
50000,123,OBM_RR,3.0,5.530043287007115,5.540683643350124,0.010640356343008861,0.48322655038567586,0.4827357343807999,5.540683643350124,0.4827357343807999,800
50000,123,OBM_RR,4.0,5.530043287007115,5.5354681250478555,0.005424838040740454,0.5793365723005519,0.5786418304529445,5.5354681250478555,0.5786418304529445,800
50000,135,OBM,0.0,5.530043287007115,4.455952460638159,-1.0740908263689564,0.09159808441532605,1.2451546900997545,,,800
50000,135,OBM_RR,2.0,5.530043287007115,5.543345072892157,0.013301785885041717,0.422116987050221,0.4217662783241397,5.543345072892157,0.4217662783241397,800
50000,135,OBM_RR,3.0,5.530043287007115,5.541726998866466,0.011683711859350687,0.5288974626455895,0.5283728499400947,5.541726998866466,0.5283728499400947,800
50000,135,OBM_RR,4.0,5.530043287007115,5.532091153008966,0.0020478660018508066,0.637708945702959,0.6369160032759917,5.532091153008966,0.6369160032759917,800
50000,147,OBM,0.0,5.530043287007115,4.5426656724918555,-0.9873776145152595,0.10210935228943747,1.0768962692449198,,,800
50000,147,OBM_RR,2.0,5.530043287007115,5.545909028021058,0.015865741013943335,0.45969169997610176,0.4593688070890532,5.545909028021058,0.4593688070890532,800
50000,147,OBM_RR,3.0,5.530043287007115,5.541086442068905,0.011043155061789989,0.5748040773536616,0.5742075235306884,5.541086442068905,0.5742075235306884,800
50000,147,OBM_RR,4.0,5.530043287007115,5.527465727996878,-0.0025775590102368184,0.6972321043530473,0.6963672080330572,5.527465727996878,0.6963672080330572,800
50000,162,OBM,0.0,5.530043287007115,4.634186080166701,-0.8958572068404136,0.11531589364346793,0.9177318838243207,,,800
50000,162,OBM_RR,2.0,5.530043287007115,5.546477577906757,0.016434290899642434,0.5061694150974895,0.5058067892459917,5.546477577906757,0.5058067892459917,800
50000,162,OBM_RR,3.0,5.530043287007115,5.538167357227869,0.00812407022075412,0.6337316194079392,0.6330054554006312,5.538167357227869,0.6330054554006312,800
50000,162,OBM_RR,4.0,5.530043287007115,5.520715618434632,-0.009327668572482573,0.7730135989317739,0.7721343373341074,5.520715618434632,0.7721343373341074,800
50000,177,OBM,0.0,5.530043287007115,4.710912691864427,-0.8191305951426884,0.12853141623097122,0.799345683859497,,,800
50000,177,OBM_RR,2.0,5.530043287007115,5.546077990326419,0.016034703319303567,0.5520039225164242,0.5515710293238167,5.546077990326419,0.5515710293238167,800
50000,177,OBM_RR,3.0,5.530043287007115,5.533281344596552,0.003238057589436849,0.6942683766432163,0.6934110261893648,5.533281344596552,0.6934110261893648,800
50000,177,OBM_RR,4.0,5.530043287007115,5.5115602509013275,-0.018483036105787498,0.8472854606821653,0.8465679764800004,5.5115602509013275,0.8465679764800004,800
50000,194,OBM,0.0,5.530043287007115,4.784031186488581,-0.7460121005185343,0.14349855838870573,0.6998532393107957,,,800
50000,194,OBM_RR,2.0,5.530043287007115,5.544568197181409,0.014524910174293915,0.6025882732030274,0.602046010877095,5.544568197181409,0.602046010877095,800
50000,194,OBM_RR,3.0,5.530043287007115,5.526779786421,-0.003263500586115242,0.7644330437107161,0.7634881528421533,5.526779786421,0.7634881528421533,800
50000,194,OBM_RR,4.0,5.530043287007115,5.499266065457616,-0.030777221549499245,0.9285134367542417,0.9283000323246058,5.499266065457616,0.9283000323246058,800
50000,212,OBM,0.0,5.530043287007115,4.848964103257208,-0.6810791837499073,0.15922099589748506,0.6228908241900534,,,800
50000,212,OBM_RR,2.0,5.530043287007115,5.542048929879664,0.012005642872549238,0.6558622542338692,0.6551865618768602,5.542048929879664,0.6551865618768602,800
50000,212,OBM_RR,3.0,5.530043287007115,5.5194771571933225,-0.010566129813792458,0.840708042236395,0.8397688002828412,5.5194771571933225,0.8397688002828412,800
50000,212,OBM_RR,4.0,5.530043287007115,5.484403922833676,-0.04563936417343939,1.015646575718548,1.0164599690610556,5.484403922833676,1.0164599690610556,800
50000,233,OBM,0.0,5.530043287007115,4.912210157746375,-0.61783312926074,0.17739429639512574,0.5588903291367499,,,800
50000,233,OBM_RR,2.0,5.530043287007115,5.537900864112275,0.007857577105159663,0.7209808005890331,0.7201413161062604,5.537900864112275,0.7201413161062604,800
50000,233,OBM_RR,3.0,5.530043287007115,5.50867673406369,-0.02136655294342482,0.9288735751278803,0.9281690127436546,5.50867673406369,0.9281690127436546,800
50000,233,OBM_RR,4.0,5.530043287007115,5.4681084333869725,-0.061934853620142505,1.1204277869440897,1.122863178303358,5.4681084333869725,1.122863178303358,800
50000,255,OBM,0.0,5.530043287007115,4.967298489175967,-0.5627447978311482,0.19612382873323672,0.5125603814333404,,,800
50000,255,OBM_RR,2.0,5.530043287007115,5.531459171079002,0.0014158840718874188,0.7926625884224433,0.7916737649146203,5.531459171079002,0.7916737649146203,800
50000,255,OBM_RR,3.0,5.530043287007115,5.495300341207252,-0.03474294579986292,1.017696103905731,1.017631056058701,5.495300341207252,1.017631056058701,800
50000,255,OBM_RR,4.0,5.530043287007115,5.452013346729935,-0.07802994027717958,1.2298184825921838,1.234369881068604,5.452013346729935,1.234369881068604,800
50000,280,OBM,0.0,5.530043287007115,5.019233628608188,-0.5108096583989274,0.21685799743244744,0.4775134320492855,,,800
50000,280,OBM_RR,2.0,5.530043287007115,5.523039049677803,-0.007004237329311991,0.8777195861172412,0.8766714959751599,5.523039049677803,0.8766714959751599,800
50000,280,OBM_RR,3.0,5.530043287007115,5.478092701878268,-0.051950585128847315,1.119861589460652,1.1211606257690558,5.478092701878268,1.1211606257690558,800
50000,280,OBM_RR,4.0,5.530043287007115,5.43237945021986,-0.09766383678725532,1.352015801592568,1.3598640068565855,5.43237945021986,1.3598640068565855,800
50000,306,OBM,0.0,5.530043287007115,5.063827551853055,-0.46621573515406034,0.2380659015553484,0.4551254308836452,,,800
50000,306,OBM_RR,2.0,5.530043287007115,5.51424232493034,-0.01580096207677517,0.9692649988570823,0.9683030880110627,5.51424232493034,0.9683030880110627,800
50000,306,OBM_RR,3.0,5.530043287007115,5.460973116078992,-0.06907017092812318,1.229868240946836,1.2331015941576924,5.460973116078992,1.2331015941576924,800
50000,306,OBM_RR,4.0,5.530043287007115,5.413246973806599,-0.11679631320051609,1.4743213032867082,1.4861197804348325,5.413246973806599,1.4861197804348325,800
50000,336,OBM,0.0,5.530043287007115,5.10642283574572,-0.423620451261395,0.26231590886712797,0.44144230070795215,,,800
50000,336,OBM_RR,2.0,5.530043287007115,5.502780634284843,-0.02726265272227213,1.0760114031686066,1.075409641148101,5.502780634284843,1.075409641148101,800
50000,336,OBM_RR,3.0,5.530043287007115,5.44300182514701,-0.08704146186010497,1.3561876624157259,1.3620686439204501,5.44300182514701,1.3620686439204501,800
50000,336,OBM_RR,4.0,5.530043287007115,5.391511807933166,-0.13853147907394892,1.608141638644654,1.6253224322907642,5.391511807933166,1.6253224322907642,800
50000,368,OBM,0.0,5.530043287007115,5.144091268631305,-0.38595201837580984,0.28779586257138823,0.43639507823153556,,,800
50000,368,OBM_RR,2.0,5.530043287007115,5.4872327089242985,-0.04281057808281652,1.1848418505568794,1.1851935438394683,5.4872327089242985,1.1851935438394683,800
50000,368,OBM_RR,3.0,5.530043287007115,5.422254038451552,-0.10778924855556316,1.4885439077679643,1.4983017499874274,5.422254038451552,1.4983017499874274,800
50000,368,OBM_RR,4.0,5.530043287007115,5.366446650486252,-0.16359663652086276,1.753542473345937,1.7781144047351938,5.366446650486252,1.7781144047351938,800
50000,403,OBM,0.0,5.530043287007115,5.178054085747766,-0.3519892012593493,0.315109502844848,0.4386120137694868,,,800
50000,403,OBM_RR,2.0,5.530043287007115,5.468017810869972,-0.062025476137143265,1.3007321749172167,1.3029534193886096,5.468017810869972,1.3029534193886096,800
50000,403,OBM_RR,3.0,5.530043287007115,5.400559795401702,-0.12948349160541284,1.6270986153387244,1.64183071666788,5.400559795401702,1.64183071666788,800
50000,403,OBM_RR,4.0,5.530043287007115,5.336424832267908,-0.19361845473920702,1.9107201762448756,1.9458198820401673,5.336424832267908,1.9458198820401673,800
50000,441,OBM,0.0,5.530043287007115,5.208279518876555,-0.32176376813055985,0.3447587442792367,0.44785971833046434,,,800
50000,441,OBM_RR,2.0,5.530043287007115,5.445880973119085,-0.0841623138880303,1.4299326202143896,1.4352284995181088,5.445880973119085,1.4352284995181088,800
50000,441,OBM_RR,3.0,5.530043287007115,5.378007203507431,-0.15203608349968434,1.769009194098533,1.7899129032918333,5.378007203507431,1.7899129032918333,800
50000,441,OBM_RR,4.0,5.530043287007115,5.303571498606036,-0.22647178840107873,2.0794229419617785,2.1281131342259094,5.303571498606036,2.1281131342259094,800
50000,483,OBM,0.0,5.530043287007115,5.235156901626627,-0.2948863853804884,0.37815648914319505,0.46464177381453625,,,800
50000,483,OBM_RR,2.0,5.530043287007115,5.425156925932538,-0.10488636107457694,1.5735079847005073,1.5825422484590985,5.425156925932538,1.5825422484590985,800
50000,483,OBM_RR,3.0,5.530043287007115,5.3517647218179505,-0.17827856518916452,1.9273871684265367,1.9567611812719108,5.3517647218179505,1.9567611812719108,800
50000,483,OBM_RR,4.0,5.530043287007115,5.265826952709455,-0.26421633429766,2.2695669377294503,2.336540250366981,5.265826952709455,2.336540250366981,800
50000,530,OBM,0.0,5.530043287007115,5.258715158941662,-0.2713281280654529,0.4162937070803145,0.4893922930259668,,,800
50000,530,OBM_RR,2.0,5.530043287007115,5.402214908558628,-0.12782837844848682,1.7324448043157232,1.746619342647098,5.402214908558628,1.746619342647098,800
50000,530,OBM_RR,3.0,5.530043287007115,5.319240855636091,-0.2108024313710244,2.1040349055494225,2.145842526989421,5.319240855636091,2.145842526989421,800
50000,530,OBM_RR,4.0,5.530043287007115,5.225198369326941,-0.30484491768017374,2.4827535143078383,2.572580496250385,5.225198369326941,2.572580496250385,800
50000,580,OBM,0.0,5.530043287007115,5.278495794838642,-0.2515474921684726,0.45748490078412773,0.5201891854743954,,,800
50000,580,OBM_RR,2.0,5.530043287007115,5.377249265871733,-0.15279402113538243,1.893675959786553,1.9146548777315393,5.377249265871733,1.9146548777315393,800
50000,580,OBM_RR,3.0,5.530043287007115,5.284891719960724,-0.24515156704639107,2.287040912873909,2.344281402558118,5.284891719960724,2.344281402558118,800
50000,580,OBM_RR,4.0,5.530043287007115,5.183061550609657,-0.3469817363974581,2.7063675083547807,2.823380874362732,5.183061550609657,2.823380874362732,800
50000,636,OBM,0.0,5.530043287007115,5.295972805881284,-0.23407048112583073,0.5044378542872223,0.5585962971038412,,,800
50000,636,OBM_RR,2.0,5.530043287007115,5.352012478482593,-0.1780308085245217,2.0613717814437096,2.0904900355008,5.352012478482593,2.0904900355008,800
50000,636,OBM_RR,3.0,5.530043287007115,5.243871107403086,-0.2861721796040291,2.495602889668063,2.574377902435298,5.243871107403086,2.574377902435298,800
50000,636,OBM_RR,4.0,5.530043287007115,5.136316848157712,-0.39372643884940306,2.9467548060800413,3.098091871221474,5.136316848157712,3.098091871221474,800
50000,696,OBM,0.0,5.530043287007115,5.309317894408849,-0.22072539259826573,0.5540662605632245,0.602093376675179,,,800
50000,696,OBM_RR,2.0,5.530043287007115,5.325068205304352,-0.2049750817027629,2.236423999264536,2.275643253384509,5.325068205304352,2.275643253384509,800
50000,696,OBM_RR,3.0,5.530043287007115,5.202138728689033,-0.32790455831808174,2.721178766262076,2.8252986921700254,5.202138728689033,2.8252986921700254,800
50000,696,OBM_RR,4.0,5.530043287007115,5.08803011059211,-0.4420131764150046,3.1917535007929883,3.383139457041479,5.08803011059211,3.383139457041479,800
50000,763,OBM,0.0,5.530043287007115,5.319075380863035,-0.2109679061440799,0.607403467707371,0.6511516707955545,,,800
50000,763,OBM_RR,2.0,5.530043287007115,5.291946441920246,-0.23809684508686857,2.439426670643425,2.4930674949454414,5.291946441920246,2.4930674949454414,800
50000,763,OBM_RR,3.0,5.530043287007115,5.157023948411116,-0.37301933859599856,2.9706116009841947,3.1060417634495603,5.157023948411116,3.1060417634495603,800
50000,763,OBM_RR,4.0,5.530043287007115,5.034257088810105,-0.49578619819700975,3.465063517694288,3.706536142619815,5.034257088810105,3.706536142619815,800
50000,836,OBM,0.0,5.530043287007115,5.324927539066445,-0.20511574794067045,0.6656332126081281,0.7068736411456286,,,800
50000,836,OBM_RR,2.0,5.530043287007115,5.256358163945215,-0.27368512306189974,2.649605585641538,2.721197125244893,5.256358163945215,2.721197125244893,800
50000,836,OBM_RR,3.0,5.530043287007115,5.109400228367908,-0.42064305863920737,3.2327438156288597,3.4056434686406716,5.109400228367908,3.4056434686406716,800
50000,836,OBM_RR,4.0,5.530043287007115,4.980902098164215,-0.5491411888429001,3.7429293646786133,4.039806748256558,4.980902098164215,4.039806748256558,800
50000,916,OBM,0.0,5.530043287007115,5.328509746925068,-0.20153354008204705,0.7311505848695925,0.7708524144165072,,,800
50000,916,OBM_RR,2.0,5.530043287007115,5.213435402711769,-0.3166078842953457,2.8761810494866533,2.972826375572771,5.213435402711769,2.972826375572771,800
50000,916,OBM_RR,3.0,5.530043287007115,5.0583781081308725,-0.4716651788762425,3.500181534232409,3.718274348278976,5.0583781081308725,3.718274348278976,800
50000,916,OBM_RR,4.0,5.530043287007115,4.92209691481266,-0.6079463721944549,4.0382642613791235,4.402815222516798,4.92209691481266,4.402815222516798,800
50000,1003,OBM,0.0,5.530043287007115,5.330774636054284,-0.1992686509528312,0.8020940191314772,0.8407993968601244,,,800
50000,1003,OBM_RR,2.0,5.530043287007115,5.166247916917785,-0.3637953700893304,3.127230651417439,3.2556686844016007,5.166247916917785,3.2556686844016007,800
50000,1003,OBM_RR,3.0,5.530043287007115,5.001558411749171,-0.5284848752579441,3.7925240439528367,4.0670796522743,5.001558411749171,4.0670796522743,800
50000,1003,OBM_RR,4.0,5.530043287007115,4.858298809198236,-0.671744477808879,4.3595291394735565,4.805320371515937,4.858298809198236,4.805320371515937,800
50000,1099,OBM,0.0,5.530043287007115,5.329657508803432,-0.20038577820368264,0.8796322105870785,0.9186871304301403,,,800
50000,1099,OBM_RR,2.0,5.530043287007115,5.1163635726882015,-0.4136797143189135,3.408994414720971,3.5758640777415476,5.1163635726882015,3.5758640777415476,800
50000,1099,OBM_RR,3.0,5.530043287007115,4.944864848058066,-0.5851784389490486,4.098194025215123,4.43550508809445,4.944864848058066,4.43550508809445,800
50000,1099,OBM_RR,4.0,5.530043287007115,4.793623894432178,-0.7364193925749367,4.714866605310183,5.251286543813985,4.793623894432178,5.251286543813985,800
50000,1204,OBM,0.0,5.530043287007115,5.326548683050442,-0.20349460395667318,0.9617444817004657,1.0019523549378233,,,800
50000,1204,OBM_RR,2.0,5.530043287007115,5.063563769694573,-0.4664795173125418,3.724398103840805,3.937345746283146,5.063563769694573,3.937345746283146,800
50000,1204,OBM_RR,3.0,5.530043287007115,4.882625344800907,-0.6474179422062081,4.423731811906066,4.8373521390317045,4.882625344800907,4.8373521390317045,800
50000,1204,OBM_RR,4.0,5.530043287007115,4.728056351778677,-0.8019869352284381,5.093050060509621,5.729866792211087,4.728056351778677,5.729866792211087,800
50000,1319,OBM,0.0,5.530043287007115,5.321649690729423,-0.20839359627769216,1.0471170372572405,1.0892360319302186,,,800
50000,1319,OBM_RR,2.0,5.530043287007115,5.005321152580129,-0.5247221344269857,4.049193492606291,4.3194653190981445,5.005321152580129,4.3194653190981445,800
50000,1319,OBM_RR,3.0,5.530043287007115,4.815375535627059,-0.7146677513800563,4.784088273152625,5.28885815767381,4.815375535627059,5.28885815767381,800
50000,1319,OBM_RR,4.0,5.530043287007115,4.65282435328102,-0.8772189337260947,5.470125359802651,6.232800760790444,4.65282435328102,6.232800760790444,800
50000,1445,OBM,0.0,5.530043287007115,5.313229281119431,-0.2168140058876844,1.1411685126235724,1.1867503651318578,,,800
50000,1445,OBM_RR,2.0,5.530043287007115,4.9432344375558595,-0.5868088494512556,4.394211905088423,4.7330637660013695,4.9432344375558595,4.7330637660013695,800
50000,1445,OBM_RR,3.0,5.530043287007115,4.745549763594082,-0.7844935234130332,5.171673903306174,5.780639399204038,4.745730630767841,5.778612822256232,800
50000,1445,OBM_RR,4.0,5.530043287007115,4.569973990556194,-0.9600692964509214,5.88658720735021,6.80096202732879,4.569973990556194,6.80096202732879,800
50000,1583,OBM,0.0,5.530043287007115,5.299772989653995,-0.23027029735311988,1.2440092492876742,1.2954786475691589,,,800
50000,1583,OBM_RR,2.0,5.530043287007115,4.880786474295692,-0.6492568127114229,4.748356717110727,5.163955680066533,4.88086878185694,5.16303993168573,800
50000,1583,OBM_RR,3.0,5.530043287007115,4.678851178608857,-0.8511921083982577,5.576557981235015,6.294115289157944,4.679263746429961,6.289416083573277,800
50000,1583,OBM_RR,4.0,5.530043287007115,4.487041954024354,-1.0430013329827608,6.3666351803702845,7.446528666998636,4.487101465728986,7.445867629078849,800
50000,1734,OBM,0.0,5.530043287007115,5.28349254082774,-0.24655074617937522,1.3540950470946438,1.4131896987273824,,,800
50000,1734,OBM_RR,2.0,5.530043287007115,4.816588672493084,-0.7134546145140312,5.109734541253795,5.612364860048592,4.817013846377611,5.6075177818110475,800
50000,1734,OBM_RR,3.0,5.530043287007115,4.6021850107457976,-0.9278582762613174,5.9899724499812015,6.843405965245347,4.602568506600584,6.8390468126341215,800
50000,1734,OBM_RR,4.0,5.530043287007115,4.40470603591669,-1.125337251090425,6.884634580947796,8.142412716413366,4.405073178250124,8.138297881692292,800
50000,1899,OBM,0.0,5.530043287007115,5.262394548064164,-0.2676487389429507,1.4779659422671565,1.5477543322970746,,,800
50000,1899,OBM_RR,2.0,5.530043287007115,4.749739661160005,-0.7803036258471101,5.507468337511531,6.1094577505997885,4.750594578968991,6.099662612504062,800
50000,1899,OBM_RR,3.0,5.530043287007115,4.518184107408286,-1.0118591795988294,6.439049264221173,7.454859451979314,4.5185843257437535,7.450358937767802,800
50000,1899,OBM_RR,4.0,5.530043287007115,4.320850769078472,-1.209192517928643,7.399938087343536,8.852834710148969,4.321302222765912,8.847761670028552,800
50000,2081,OBM,0.0,5.530043287007115,5.238790142701605,-0.29125314430550997,1.6147691886719755,1.6975791212539815,,,800
50000,2081,OBM_RR,2.0,5.530043287007115,4.673999267050622,-0.8560440199564932,5.943544222054661,6.668926155880365,4.6752815206777765,6.65403551707173,800
50000,2081,OBM_RR,3.0,5.530043287007115,4.430958723380025,-1.0990845636270903,6.969471874051338,8.168746912212127,4.432052832091486,8.156396377554357,800
50000,2081,OBM_RR,4.0,5.530043287007115,4.232641831979711,-1.297401455027404,7.96499740921956,9.638291697965261,4.233845205357367,9.624587721006254,800
50000,2279,OBM,0.0,5.530043287007115,5.212355279886626,-0.3176880071204886,1.7617312062376147,1.8604547120980053,,,800
50000,2279,OBM_RR,2.0,5.530043287007115,4.605191084818112,-0.9248522021890029,6.415036557867407,7.26236935806392,4.60688296715465,7.242409476887337,800
50000,2279,OBM_RR,3.0,5.530043287007115,4.346836438985698,-1.1832068480214168,7.550782775670717,8.941322742405907,4.349413713840358,8.911641042854562,800
50000,2279,OBM_RR,4.0,5.530043287007115,4.134878245060031,-1.3951650419470836,8.568589124535595,10.50436388240113,4.136324753810177,10.487806806290491,800
50000,2497,OBM,0.0,5.530043287007115,5.182787461179576,-0.34725582582753933,1.9208114753080383,2.0389970695350694,,,800
50000,2497,OBM_RR,2.0,5.530043287007115,4.5276718475487385,-1.0023714394583765,6.923212290667825,7.919306777946349,4.530570651472259,7.885437327865227,800
50000,2497,OBM_RR,3.0,5.530043287007115,4.258576295051759,-1.2714669919553563,8.143628378187552,9.75007715434682,4.262498068303447,9.704552917925131,800
50000,2497,OBM_RR,4.0,5.530043287007115,4.037187095380544,-1.4928561916265712,9.193069087344483,11.410197359863094,4.0397125144718276,11.38128967932126,800
50000,2735,OBM,0.0,5.530043287007115,5.150236883593245,-0.37980640341386973,2.0856340862632607,2.227279947729611,,,800
50000,2735,OBM_RR,2.0,5.530043287007115,4.44031955458941,-1.0897237324177054,7.448478135198251,8.626665350523629,4.4441160856304975,8.58218596549864,800
50000,2735,OBM_RR,3.0,5.530043287007115,4.168698627251271,-1.3613446597558436,8.773776785143554,10.616068846807876,4.173614670374901,10.558409019000337,800
50000,2735,OBM_RR,4.0,5.530043287007115,3.929880242739556,-1.6001630442675592,9.729466039476847,12.27782597516712,3.932719693368658,12.245022924225122,800
50000,2997,OBM,0.0,5.530043287007115,5.112961688500544,-0.417081598506571,2.266805527532289,2.4379290804356697,,,800
50000,2997,OBM_RR,2.0,5.530043287007115,4.346325487581088,-1.1837177994260273,8.086816917611591,9.477896225142574,4.3523632651524835,9.405523095594823,800
50000,2997,OBM_RR,3.0,5.530043287007115,4.068308765585307,-1.4617345214218078,9.449229189965374,11.574085464594157,4.073862215883596,11.508817757964813,800
50000,2997,OBM_RR,4.0,5.530043287007115,3.802532515176751,-1.7275107718303642,10.1794064206667,13.150975629430807,3.8054863625929505,13.117023916555587,800
50000,3283,OBM,0.0,5.530043287007115,5.074966096035535,-0.45507719097158006,2.4559772924656995,2.660002570592702,,,800
50000,3283,OBM_RR,2.0,5.530043287007115,4.254653241306987,-1.275390045700128,8.83569081350029,10.451265968654388,4.266509511809119,10.307093787008691,800
50000,3283,OBM_RR,3.0,5.530043287007115,3.9671787701665124,-1.5628645168406026,10.157806292998222,12.587654533131385,3.975456916050406,12.489935635583224,800
50000,3283,OBM_RR,4.0,5.530043287007115,3.6533304292692605,-1.8767128577378545,10.46615003155453,13.975118494413673,3.656794040821659,13.935877524105097,800
50000,3596,OBM,0.0,5.530043287007115,5.032743003850513,-0.49730028315660224,2.653931672860153,2.897921829896715,,,800
50000,3596,OBM_RR,2.0,5.530043287007115,4.161762844464547,-1.3682804425425683,9.610521583393101,11.470699800858347,4.178958018997812,11.259047562673882,800
50000,3596,OBM_RR,3.0,5.530043287007115,3.858479675775042,-1.6715636112320729,10.762514610044327,13.543186373176985,3.870263144087744,13.40278268537078,800
50000,3596,OBM_RR,4.0,5.530043287007115,3.487440183894141,-2.042603103112974,10.613147796905091,14.772108799005712,3.4964723422226656,14.66863325013889,800
50000,3940,OBM,0.0,5.530043287007115,4.986562980488,-0.5434803065191147,2.8726275670205554,3.1644076261358896,,,800
50000,3940,OBM_RR,2.0,5.530043287007115,4.069770572987743,-1.4602727140193723,10.322436791562525,12.441930144882575,4.09034661588649,12.188793216034242,800
50000,3940,OBM_RR,3.0,5.530043287007115,3.7275023248821912,-1.8025409621249238,11.252439536071398,14.487527906789555,3.742534336208566,14.309306849882782,800
50000,3940,OBM_RR,4.0,5.530043287007115,3.312170348519144,-2.217872938487971,10.636200592641991,15.541865713178456,3.327173248381923,15.368044087964927,800
50000,4316,OBM,0.0,5.530043287007115,4.937045076743095,-0.5929982102640201,3.1078868880395634,3.4556489068058442,,,800
50000,4316,OBM_RR,2.0,5.530043287007115,3.967464639256999,-1.562578647750116,11.10660674605136,13.534375518023376,3.994031877623251,13.207368624369963,800
50000,4316,OBM_RR,3.0,5.530043287007115,3.5743695530452477,-1.9556737339618673,11.548266461626733,15.358490882258057,3.594168248687895,15.127410409265554,800
50000,4316,OBM_RR,4.0,5.530043287007115,3.124644438100217,-2.405398848906898,10.377982090946597,16.150953235655543,3.143175839453924,15.936220217284713,800
50000,4728,OBM,0.0,5.530043287007115,4.888365183099646,-0.641678103907469,3.356558384661677,3.7641134757151335,,,800
50000,4728,OBM_RR,2.0,5.530043287007115,3.8556723404546176,-1.6743709465524974,11.933419698343846,14.72202099038002,3.8921730993426853,14.264219179949869,800
50000,4728,OBM_RR,3.0,5.530043287007115,3.3992930738768337,-2.1307502131302813,11.664241363247623,16.189757532298298,3.429266460691494,15.836714687279969,800
50000,4728,OBM_RR,4.0,5.530043287007115,2.899261496000954,-2.630781791006161,9.716858821070584,16.62572557943383,2.927996083747304,16.292032438445784,800
50000,5179,OBM,0.0,5.530043287007115,4.832154983758028,-0.697888303249087,3.6112805225446047,4.093814505703314,,,800
50000,5179,OBM_RR,2.0,5.530043287007115,3.747630269631054,-1.782413017376061,12.704157788600845,15.865273755876729,3.798238608172156,15.219913524367653,800
50000,5179,OBM_RR,3.0,5.530043287007115,3.2132872931510725,-2.3167559938560425,11.674766950307392,17.027531826687405,3.252085168077715,16.56423890517992,800
50000,5179,OBM_RR,4.0,5.530043287007115,2.646483147913336,-2.883560139093779,8.71395079707293,17.017977434347127,2.6912107664496743,16.493995631881866,800
50000,5674,OBM,0.0,5.530043287007115,4.769183024264368,-0.7608602627427468,3.8816417238507044,4.455698011116851,,,800
50000,5674,OBM_RR,2.0,5.530043287007115,3.6208812959844336,-1.9091619910226814,13.306377559951951,16.934644095967702,3.683922717448805,16.137984048837595,800
50000,5674,OBM_RR,3.0,5.530043287007115,3.019928460466332,-2.510114826540783,11.389033654620473,17.67547380497206,3.067572215201724,17.107695445783154,800
50000,5674,OBM_RR,4.0,5.530043287007115,2.3527143111433384,-3.1773289758637766,7.349720220630689,17.43595249121846,2.411297696425842,16.739389750513695,800
50000,6215,OBM,0.0,5.530043287007115,4.7034323615044835,-0.8266109255026315,4.192969682094455,4.871014092152154,,,800
50000,6215,OBM_RR,2.0,5.530043287007115,3.4653417444056878,-2.0647015426014272,13.600318954328703,17.846311015656507,3.54360610989737,16.872878752131307,800
50000,6215,OBM_RR,3.0,5.530043287007115,2.787829983787765,-2.74221330321935,10.645911144394896,18.152337555817585,2.85671540413028,17.324666153217734,800
50000,6215,OBM_RR,4.0,5.530043287007115,2.0610314877964013,-3.4690117992107137,5.996804422835808,18.023351280370417,2.1293785031138084,17.20845238709318,800
50000,6809,OBM,0.0,5.530043287007115,4.63846286579281,-0.8915804212143046,4.533954139193706,5.3232023440123895,,,800
50000,6809,OBM_RR,2.0,5.530043287007115,3.2741545918440456,-2.2558886951630694,13.5731870572554,18.645254378398366,3.366626275059589,17.493265235670773,800
50000,6809,OBM_RR,3.0,5.530043287007115,2.52010055357638,-3.009942733430735,9.489912932817369,18.537805800183833,2.6159319231323996,17.37433070343557,800
50000,6809,OBM_RR,4.0,5.530043287007115,1.734114713832045,-3.79592857317507,4.859374154086209,19.262373669040525,1.8207622494328795,18.22604328871471,800
50000,7459,OBM,0.0,5.530043287007115,4.569891230631502,-0.9601520563756134,4.88362264456729,5.799410087623901,,,800
50000,7459,OBM_RR,2.0,5.530043287007115,3.064790060634615,-2.4652532263725,13.453429107318176,19.514085791074052,3.174039036461443,18.141242664913094,800
50000,7459,OBM_RR,3.0,5.530043287007115,2.2058508230952873,-3.3241924639118277,7.973203012755568,19.01349204611781,2.324754554528244,17.543948552885784,800
50000,7459,OBM_RR,4.0,5.530043287007115,1.3458290352414273,-4.184214251765688,3.9277092871008352,21.43044855517105,1.4746450097245734,19.88871132125073,800
50000,8171,OBM,0.0,5.530043287007115,4.499195729064452,-1.0308475579426633,5.2524287403579715,6.308509892148877,,,800
50000,8171,OBM_RR,2.0,5.530043287007115,2.844440929134056,-2.685602357873059,13.104744288217564,20.300823382470625,2.9861140508500084,18.51566452965375,800
50000,8171,OBM_RR,3.0,5.530043287007115,1.8875891427577143,-3.6424541442494007,6.407312427504871,19.666775479930124,2.023894293736405,17.97388944462288,800
50000,8171,OBM_RR,4.0,5.530043287007115,0.9676275027590994,-4.5624157842480155,3.1797927928825853,23.991455840246918,1.157517470755266,21.684902796326227,800
50000,8951,OBM,0.0,5.530043287007115,4.420441075722395,-1.1096022112847201,5.648296028286316,6.872452725538899,,,800
50000,8951,OBM_RR,2.0,5.530043287007115,2.5959475359881554,-2.9340957510189596,12.328103579348465,20.921611326021797,2.777288512470443,18.58694953878386,800
50000,8951,OBM_RR,3.0,5.530043287007115,1.546313498233434,-3.9837297887736813,5.161377868656734,21.02502917628371,1.7107403596631168,18.985936931031855,800
50000,8951,OBM_RR,4.0,5.530043287007115,0.5859993398861286,-4.944043947120987,2.542731237600021,26.983123374616685,0.8500122040753751,23.728356289943267,800
50000,9805,OBM,0.0,5.530043287007115,4.340474493607263,-1.189568793399852,6.0646954595440175,7.472188504450367,,,800
50000,9805,OBM_RR,2.0,5.530043287007115,2.297478113705234,-3.232565173301881,10.951295287763147,21.38708376829766,2.5252349625306088,18.39634725634452,800
50000,9805,OBM_RR,3.0,5.530043287007115,1.132287971981162,-4.397755315025953,4.31653057742795,23.65138672504518,1.3571848144729812,20.838586461750666,800
50000,9805,OBM_RR,4.0,5.530043287007115,0.158369499096819,-5.371673787910296,2.024284003826206,30.87663293254397,0.5745959464609437,25.648157575945216,800
50000,10000,OBM,0.0,5.530043287007115,4.322485854712557,-1.207557432294558,6.150685127876499,7.601191723756479,,,800
50000,10000,OBM_RR,2.0,5.530043287007115,2.227815033473151,-3.302228253533964,10.609391490746233,21.500841189820775,2.4658286329260126,18.362152453401915,800
50000,10000,OBM_RR,3.0,5.530043287007115,1.037975295100747,-4.492067991906368,4.189256531759688,24.362694805004704,1.2861315159384836,21.24868596594789,800
50000,10000,OBM_RR,4.0,5.530043287007115,0.061190901593955564,-5.468852385413159,1.9276804420946108,31.833617254981196,0.5180080504663923,26.077453323091266,800
100000,5,OBM,0.0,5.530043287007115,0.4038467553623948,-5.1261965316447204,0.00011777450100633528,26.27800850832924,,,800
100000,5,OBM_RR,2.0,5.530043287007115,1.1238293940995638,-4.406213892907552,0.0010446713971088543,19.41576423560938,1.1238293940995638,19.41576423560938,800
100000,5,OBM_RR,3.0,5.530043287007115,1.428249311281712,-4.101793975725403,0.0018272401089357369,16.826538775356006,1.428249311281712,16.826538775356006,800
100000,5,OBM_RR,4.0,5.530043287007115,1.7020250648004085,-3.8280182222067065,0.0027943243587043973,14.65651434099985,1.7020250648004085,14.65651434099985,800
100000,6,OBM,0.0,5.530043287007115,0.47906557972803443,-5.05097770727908,0.00016929252602999217,25.51254488034061,,,800
100000,6,OBM_RR,2.0,5.530043287007115,1.3152843260644187,-4.214758960942696,0.0014935811086632842,17.765684812979035,1.3152843260644187,17.765684812979035,800
100000,6,OBM_RR,3.0,5.530043287007115,1.6576596046409735,-3.8723836823661415,0.002595645149455929,14.997947784048577,1.6576596046409735,14.997947784048577,800
100000,6,OBM_RR,4.0,5.530043287007115,1.9597463848491459,-3.570296902157969,0.0039394581168885985,12.750954503353034,1.9597463848491459,12.750954503353034,800
100000,7,OBM,0.0,5.530043287007115,0.5526288475971595,-4.977414439409955,0.00022995429736206101,24.774884168501213,,,800
100000,7,OBM_RR,2.0,5.530043287007115,1.4972014174963022,-4.032841869510813,0.0020161055724788016,16.26582712991998,1.4972014174963022,16.26582712991998,800
100000,7,OBM_RR,3.0,5.530043287007115,1.8718661606517535,-3.6581771263553615,0.003479018847104769,13.385734557863115,1.8718661606517535,13.385734557863115,800
100000,7,OBM_RR,4.0,5.530043287007115,2.196369303479279,-3.333673983527836,0.005240829716288257,11.118616507129495,2.196369303479279,11.118616507129495,800
100000,8,OBM,0.0,5.530043287007115,0.6245824337914881,-4.905460853215627,0.00029968126023724185,24.063845489089644,,,800
100000,8,OBM_RR,2.0,5.530043287007115,1.6701397398489304,-3.8599035471581846,0.0026088210692026275,14.901460953407204,1.6701397398489304,14.901460953407204,800
100000,8,OBM_RR,3.0,5.530043287007115,2.072073058457558,-3.457970228549557,0.004468764953583608,11.962021280532467,2.072073058457558,11.962021280532467,800
100000,8,OBM_RR,4.0,5.530043287007115,2.4139734468637655,-3.1160698401433495,0.0066828030220477475,9.71656569816927,2.4139734468637655,9.71656569816927,800
100000,9,OBM,0.0,5.530043287007115,0.6949709966500595,-4.835072290357056,0.0003783689142314055,23.37830194893171,,,800
100000,9,OBM_RR,2.0,5.530043287007115,1.8346188626899278,-3.695424424317187,0.0032679610905224973,13.659425551979172,1.8346188626899278,13.659425551979172,800
100000,9,OBM_RR,3.0,5.530043287007115,2.2593686033652243,-3.2706746836418907,0.005556772961314513,10.702862713211095,2.2593686033652243,10.702862713211095,800
100000,9,OBM_RR,4.0,5.530043287007115,2.6144003350370633,-2.9156429519700517,0.00825209637070992,8.509215604622884,2.6144003350370633,8.509215604622884,800
100000,10,OBM,0.0,5.530043287007115,0.7638380747309793,-4.766205212276136,0.0004658938871553625,22.717177437047997,,,800
100000,10,OBM_RR,2.0,5.530043287007115,1.9911229001508308,-3.538920386856284,0.003989632457129379,12.527942149923588,1.9911229001508308,12.527942149923588,800
100000,10,OBM_RR,3.0,5.530043287007115,2.434739647254057,-3.095303639753058,0.006735210625840951,9.587631413881088,2.434739647254057,9.587631413881088,800
100000,10,OBM_RR,4.0,5.530043287007115,2.7992868210667177,-2.7307564659403973,0.009936549442766939,7.466955005031251,2.7992868210667177,7.466955005031251,800
100000,11,OBM,0.0,5.530043287007115,0.8312257789453963,-4.698817508061719,0.0005621279247023318,22.07944739933214,,,800
100000,11,OBM_RR,2.0,5.530043287007115,2.1401026563850585,-3.3899406306220565,0.004770450065337042,11.496461966145024,2.1401026563850585,11.496461966145024,800
100000,11,OBM_RR,3.0,5.530043287007115,2.5990849153543847,-2.9309583716527303,0.007997266385080571,8.598504246163323,2.5990849153543847,8.598504246163323,800
100000,11,OBM_RR,4.0,5.530043287007115,2.970087768789209,-2.559955518217906,0.01172581561251306,6.565083413597307,2.970087768789209,6.565083413597307,800
100000,12,OBM,0.0,5.530043287007115,0.8971749528962266,-4.6328683341108885,0.0006669115083013801,21.464135079076314,,,800
100000,12,OBM_RR,2.0,5.530043287007115,2.2819774142415095,-3.2480658727656055,0.005607122213728602,10.555532027135555,2.2819774142415095,10.555532027135555,800
100000,12,OBM_RR,3.0,5.530043287007115,2.7532270242123547,-2.7768162627947603,0.009336813636028318,7.720033699940439,2.7532270242123547,7.720033699940439,800
100000,12,OBM_RR,4.0,5.530043287007115,3.128098071124892,-2.401945215882223,0.01361018056275098,5.782933987936544,3.128098071124892,5.782933987936544,800
100000,13,OBM,0.0,5.530043287007115,0.9617251833416367,-4.5683181036654785,0.00078009150561852,20.870309412668988,,,800
100000,13,OBM_RR,2.0,5.530043287007115,2.4171390607622105,-3.1129042262449045,0.006496543238952605,9.69666114433329,2.4171390607622105,9.69666114433329,800
100000,13,OBM_RR,3.0,5.530043287007115,2.897917764704822,-2.632125522302293,0.010748077156623537,6.938819407215295,2.897917764704822,6.938819407215295,800
100000,13,OBM_RR,4.0,5.530043287007115,3.2744632356905696,-2.2555800513165454,0.015580420228134821,5.103202312600001,3.2744632356905696,5.103202312600001,800
100000,14,OBM,0.0,5.530043287007115,1.024915132546731,-4.505128154460384,0.0009015073554149925,20.297080068582847,,,800
100000,14,OBM_RR,2.0,5.530043287007115,2.5459532464707673,-2.9840900405363477,0.007435630372332523,8.912219705862588,2.5459532464707673,8.912219705862588,800
100000,14,OBM_RR,3.0,5.530043287007115,3.0338440602020524,-2.4961992268050626,0.012226049673779224,6.243221347013883,3.0338440602020524,6.243221347013883,800
100000,14,OBM_RR,4.0,5.530043287007115,3.4102080480118877,-2.1198352389952273,0.017626786747641465,4.5113061937501575,3.4102080480118877,4.5113061937501575,800
100000,16,OBM,0.0,5.530043287007115,1.1473610868202093,-4.382682200186906,0.0011684195909289449,19.209070226901577,,,800
100000,16,OBM_RR,2.0,5.530043287007115,2.785890300371184,-2.744152986635931,0.009451527357515623,7.5398153270112225,2.785890300371184,7.5398153270112225,800
100000,16,OBM_RR,3.0,5.530043287007115,3.2818703939414844,-2.2481728930656306,0.015363724984786168,5.069625877443643,3.2818703939414844,5.069625877443643,800
100000,16,OBM_RR,4.0,5.530043287007115,3.6534527113901514,-1.8765905756169636,0.021914953724584758,3.543479748526837,3.6534527113901514,3.543479748526837,800
100000,18,OBM,0.0,5.530043287007115,1.2647949296699936,-4.265248357337121,0.0014662411197248104,18.193807958085337,,,800
100000,18,OBM_RR,2.0,5.530043287007115,3.004291071210631,-2.525752215796484,0.011635713446931057,6.391045424405969,3.004291071210631,6.391045424405969,800
100000,18,OBM_RR,3.0,5.530043287007115,3.5017139262349404,-2.0283293607721746,0.018713974979644835,4.132810578281378,3.5017139262349404,4.132810578281378,800
100000,18,OBM_RR,4.0,5.530043287007115,3.864176064299114,-1.665867222708001,0.026421993089659895,2.8015025692911677,3.864176064299114,2.8015025692911677,800
100000,19,OBM,0.0,5.530043287007115,1.3217154294030695,-4.208327857604045,0.0016262726886926838,17.71164759693409,,,800
100000,19,OBM_RR,2.0,5.530043287007115,3.106117642286266,-2.423925644720849,0.012785510028229828,5.888185059276077,3.106117642286266,5.888185059276077,800
100000,19,OBM_RR,3.0,5.530043287007115,3.6022516382535286,-1.9277916487535864,0.020457686582259167,3.736812755478104,3.6022516382535286,3.736812755478104,800
100000,19,OBM_RR,4.0,5.530043287007115,3.958988739833446,-1.5710545471736692,0.028746034282904953,2.4969224919351154,3.958988739833446,2.4969224919351154,800
100000,21,OBM,0.0,5.530043287007115,1.4321203896335555,-4.097922897373559,0.0019677608587351987,16.79493737397617,,,800
100000,21,OBM_RR,2.0,5.530043287007115,3.2962817790003345,-2.2337615080067805,0.015191309552019376,5.0048627950678055,3.2962817790003345,5.0048627950678055,800
100000,21,OBM_RR,3.0,5.530043287007115,3.7866265126095993,-1.7434167743975157,0.024062757291147135,3.06353472809517,3.7866265126095993,3.06353472809517,800
100000,21,OBM_RR,4.0,5.530043287007115,4.130275701440656,-1.399767585566459,0.03351295389842442,1.9928203563086049,4.130275701440656,1.9928203563086049,800
100000,24,OBM,0.0,5.530043287007115,1.589576183568868,-3.9404671034382472,0.002531063966336536,15.529808893415389,,,800
100000,24,OBM_RR,2.0,5.530043287007115,3.5511583995665843,-1.9788848874405307,0.019040855578211658,3.9350024522492624,3.5511583995665843,3.9350024522492624,800
100000,24,OBM_RR,3.0,5.530043287007115,4.0267080791783165,-1.5033352078287985,0.029721970303095136,2.289701564937872,4.0267080791783165,2.289701564937872,800
100000,24,OBM_RR,4.0,5.530043287007115,4.348140978921341,-1.1819023080857738,0.04091192517957524,1.4377538511315808,4.348140978921341,1.4377538511315808,800
100000,26,OBM,0.0,5.530043287007115,1.6894321220519237,-3.8406111649551913,0.0029387952425236805,14.753229242126942,,,800
100000,26,OBM_RR,2.0,5.530043287007115,3.7031253231547487,-1.8269179638523663,0.02174889548449128,3.359350956011611,3.7031253231547487,3.359350956011611,800
100000,26,OBM_RR,3.0,5.530043287007115,4.165945808103898,-1.3640974789032168,0.033637732943408535,1.894357617727342,4.165945808103898,1.894357617727342,800
100000,26,OBM_RR,4.0,5.530043287007115,4.471671021546899,-1.058372265460216,0.04597442024589298,1.166068804515975,4.471671021546899,1.166068804515975,800
100000,29,OBM,0.0,5.530043287007115,1.8320498589800167,-3.6979934280270985,0.0035955435009904987,13.678746442803225,,,800
100000,29,OBM_RR,2.0,5.530043287007115,3.907543606999095,-1.62249968000802,0.025989682542597328,2.658462407065545,3.907543606999095,2.658462407065545,800
100000,29,OBM_RR,3.0,5.530043287007115,4.348539185857349,-1.1815041011497662,0.03968713761595125,1.4355894697276488,4.348539185857349,1.4355894697276488,800
100000,29,OBM_RR,4.0,5.530043287007115,4.6303130419880585,-0.8997302450190565,0.053684947125796335,0.8631323547439405,4.6303130419880585,0.8631323547439405,800
100000,32,OBM,0.0,5.530043287007115,1.9666256935956963,-3.563417593411419,0.004303044097315796,12.70224261032622,,,800
100000,32,OBM_RR,2.0,5.530043287007115,4.087233916899636,-1.4428093701074793,0.030410903730455238,2.1120717685707344,4.087233916899636,2.1120717685707344,800
100000,32,OBM_RR,3.0,5.530043287007115,4.504436823326986,-1.0256064636801288,0.045912896072803376,1.0977241232951718,4.504436823326986,1.0977241232951718,800
100000,32,OBM_RR,4.0,5.530043287007115,4.762612333995215,-0.7674309530118997,0.061469939828404374,0.6503433700443715,4.762612333995215,0.6503433700443715,800
100000,35,OBM,0.0,5.530043287007115,2.093737867782413,-3.436305419224702,0.005057880964114494,11.813246492805966,,,800
100000,35,OBM_RR,2.0,5.530043287007115,4.245575704909404,-1.2844675820977107,0.03498401359646899,1.6847972530394117,4.245575704909404,1.6847972530394117,800
100000,35,OBM_RR,3.0,5.530043287007115,4.638045933926498,-0.8919973530806171,0.05227505750780912,0.8478689915887514,4.638045933926498,0.8478689915887514,800
100000,35,OBM_RR,4.0,5.530043287007115,4.873607206547859,-0.6564360804592564,0.06929035796824433,0.5001120727494961,4.873607206547859,0.5001120727494961,800
100000,39,OBM,0.0,5.530043287007115,2.2525202375837603,-3.2775230494233547,0.006132292484562203,10.748281966620322,,,800
100000,39,OBM_RR,2.0,5.530043287007115,4.428362254589387,-1.1016810324177282,0.04128505340140413,1.2549345442736455,4.428362254589387,1.2549345442736455,800
100000,39,OBM_RR,3.0,5.530043287007115,4.787625408260795,-0.7424178787463198,0.06087916268907392,0.6119873704178971,4.787625408260795,0.6119873704178971,800
100000,39,OBM_RR,4.0,5.530043287007115,4.995089241598225,-0.5349540454088899,0.07966721361836088,0.3657434603006746,4.995089241598225,0.3657434603006746,800
100000,43,OBM,0.0,5.530043287007115,2.4001047342794637,-3.1299385527276513,0.007278125542932968,9.80378437173687,,,800
100000,43,OBM_RR,2.0,5.530043287007115,4.583849418736787,-0.9461938682703277,0.04777812347573508,0.9430012371737563,4.583849418736787,0.9430012371737563,800
100000,43,OBM_RR,3.0,5.530043287007115,4.910700417340016,-0.6193428696670988,0.06955028323960567,0.45304893559303333,4.910700417340016,0.45304893559303333,800
100000,43,OBM_RR,4.0,5.530043287007115,5.092693630901803,-0.4373496561053116,0.08988319337462243,0.2810455610783385,5.092693630901803,0.2810455610783385,800
100000,47,OBM,0.0,5.530043287007115,2.537502278062705,-2.99254100894441,0.008489098915387615,8.963780177755773,,,800
100000,47,OBM_RR,2.0,5.530043287007115,4.716565925351898,-0.8134773616552167,0.054429951386499184,0.716107331872798,4.716565925351898,0.716107331872798,800
100000,47,OBM_RR,3.0,5.530043287007115,5.012530164579785,-0.5175131224273297,0.0782426384855558,0.34596466707193274,5.012530164579785,0.34596466707193274,800
100000,47,OBM_RR,4.0,5.530043287007115,5.171793692297191,-0.3582495947099238,0.09987991512978316,0.22809783734569572,5.171793692297191,0.22809783734569572,800
100000,52,OBM,0.0,5.530043287007115,2.6962787226033367,-2.8337645644037783,0.01008530280373859,8.040294302645773,,,800
100000,52,OBM_RR,2.0,5.530043287007115,4.8559438707429745,-0.6740994162641405,0.06291813450132576,0.5172495098408537,4.8559438707429745,0.5172495098408537,800
100000,52,OBM_RR,3.0,5.530043287007115,5.116031124590245,-0.4140121624168698,0.08903429477168191,0.2603290725323096,5.116031124590245,0.2603290725323096,800
100000,52,OBM_RR,4.0,5.530043287007115,5.250803023204112,-0.27924026380300315,0.11210244439707563,0.18993744127035037,5.250803023204112,0.18993744127035037,800
100000,57,OBM,0.0,5.530043287007115,2.8420729019700417,-2.6879703850370733,0.011761947213165888,7.2369320356155,,,800
100000,57,OBM_RR,2.0,5.530043287007115,4.971140540432481,-0.5589027465746339,0.07151891983866113,0.38380180131753167,4.971140540432481,0.38380180131753167,800
100000,57,OBM_RR,3.0,5.530043287007115,5.198741936381575,-0.33130135062554,0.09964732836829712,0.2092833541341431,5.198741936381575,0.2092833541341431,800
100000,57,OBM_RR,4.0,5.530043287007115,5.312878922311202,-0.21716436469591294,0.12409542799677145,0.17110067000555518,5.312878922311202,0.17110067000555518,800
100000,63,OBM,0.0,5.530043287007115,3.001791138284251,-2.528252148722864,0.013865315935900251,6.405906911812756,,,800
100000,63,OBM_RR,2.0,5.530043287007115,5.083817517472366,-0.4462257695347489,0.08189147350648504,0.28090654656148,5.083817517472366,0.28090654656148,800
100000,63,OBM_RR,3.0,5.530043287007115,5.277020603462216,-0.25302268354489943,0.1120757827259971,0.17595616638585215,5.277020603462216,0.17595616638585215,800
100000,63,OBM_RR,4.0,5.530043287007115,5.370412625289184,-0.15963066171793105,0.13813408172353606,0.1634433622818863,5.370412625289184,0.1634433622818863,800
100000,70,OBM,0.0,5.530043287007115,3.1696567863459086,-2.3603865006612064,0.016427225225447904,5.58783112369757,,,800
100000,70,OBM_RR,2.0,5.530043287007115,5.187622957367085,-0.34242032964002966,0.09401122396416628,0.21114539208499775,5.187622957367085,0.21114539208499775,800
100000,70,OBM_RR,3.0,5.530043287007115,5.346863511276394,-0.18317977573072142,0.1262107634928961,0.15960783027528738,5.346863511276394,0.15960783027528738,800
100000,70,OBM_RR,4.0,5.530043287007115,5.420054800659068,-0.1099884863480467,0.1539985486932302,0.16590351763649827,5.420054800659068,0.16590351763649827,800
100000,77,OBM,0.0,5.530043287007115,3.320208821177732,-2.209834465829383,0.019089260195657265,4.902433764987844,,,800
100000,77,OBM_RR,2.0,5.530043287007115,5.268450680771204,-0.26159260623591063,0.10600741099797643,0.17430559337152451,5.268450680771204,0.17430559337152451,800
100000,77,OBM_RR,3.0,5.530043287007115,5.399595291342949,-0.13044799566416643,0.14003888314649987,0.15688051411536524,5.399595291342949,0.15688051411536524,800
100000,77,OBM_RR,4.0,5.530043287007115,5.455763580092446,-0.07427970691466879,0.1696398544901196,0.17494527953133612,5.455763580092446,0.17494527953133612,800
100000,85,OBM,0.0,5.530043287007115,3.4739878640263004,-2.0560554229808146,0.022233933626210643,4.249570043577995,,,800
100000,85,OBM_RR,2.0,5.530043287007115,5.339531976259002,-0.19051131074811334,0.1194047881809791,0.15555009171871675,5.339531976259002,0.15555009171871675,800
100000,85,OBM_RR,3.0,5.530043287007115,5.444366232087049,-0.08567705492006628,0.15539938039820547,0.16254568891248364,5.444366232087049,0.16254568891248364,800
100000,85,OBM_RR,4.0,5.530043287007115,5.484428369042247,-0.04561491796486816,0.1878180419822512,0.18966399017071503,5.484428369042247,0.18966399017071503,800
100000,93,OBM,0.0,5.530043287007115,3.6109711537287206,-1.9190721332783944,0.025470458412553788,3.708276473065226,,,800
100000,93,OBM_RR,2.0,5.530043287007115,5.393603647044333,-0.13643963996278163,0.13238453024368912,0.1508348249340579,5.393603647044333,0.1508348249340579,800
100000,93,OBM_RR,3.0,5.530043287007115,5.476870355227979,-0.053172931779135624,0.170284656395318,0.17289916124881238,5.476870355227979,0.17289916124881238,800
100000,93,OBM_RR,4.0,5.530043287007115,5.504417899053459,-0.025625387953655654,0.20626806784643126,0.20666689326939858,5.504417899053459,0.20666689326939858,800
100000,103,OBM,0.0,5.530043287007115,3.7620941250502575,-1.7679491619568575,0.029620311165619726,3.1552275250406154,,,800
100000,103,OBM_RR,2.0,5.530043287007115,5.4440210846723645,-0.08602220233475055,0.14809007148438036,0.15530477818954577,5.4440210846723645,0.15530477818954577,800
100000,103,OBM_RR,3.0,5.530043287007115,5.504873760599644,-0.025169526407471388,0.18867004241273752,0.18906770991929803,5.504873760599644,0.18906770991929803,800
100000,103,OBM_RR,4.0,5.530043287007115,5.521456004429918,-0.008587282577196653,0.22912240429506608,0.2289097427117579,5.521456004429918,0.2289097427117579,800
100000,113,OBM,0.0,5.530043287007115,3.8943041335690207,-1.6357391534380943,0.03385043203645573,2.7094506970867824,,,800
100000,113,OBM_RR,2.0,5.530043287007115,5.480684622563765,-0.04935866444334991,0.16342120789507653,0.16565320914083892,5.480684622563765,0.16565320914083892,800
100000,113,OBM_RR,3.0,5.530043287007115,5.523035008790902,-0.007008278216212638,0.2074252486979479,0.2072150831006313,5.523035008790902,0.2072150831006313,800
100000,113,OBM_RR,4.0,5.530043287007115,5.532180391481535,0.0021371044744196155,0.2511726662518209,0.2508632676345407,5.532180391481535,0.2508632676345407,800
100000,125,OBM,0.0,5.530043287007115,4.032208477812406,-1.4978348091947087,0.03898409412657088,2.2824444796442602,,,800
100000,125,OBM_RR,2.0,5.530043287007115,5.51164069066007,-0.018402596347044664,0.18130993527131864,0.18142195340454173,5.51164069066007,0.18142195340454173,800
100000,125,OBM_RR,3.0,5.530043287007115,5.536744272148396,0.006700985141280924,0.2303573889812005,0.2301143454468377,5.536744272148396,0.2301143454468377,800
100000,125,OBM_RR,4.0,5.530043287007115,5.539680382313622,0.009637095306507248,0.2773388924816679,0.2770850924720125,5.539680382313622,0.2770850924720125,800
100000,138,OBM,0.0,5.530043287007115,4.160569305040258,-1.3694739819668573,0.04459001239710874,1.9199932621657738,,,800
100000,138,OBM_RR,2.0,5.530043287007115,5.533702685552172,0.0036593985450572575,0.20004077531952663,0.19980411554808877,5.533702685552172,0.19980411554808877,800
100000,138,OBM_RR,3.0,5.530043287007115,5.545527321114866,0.015484034107751121,0.2549809750739416,0.2549020041673492,5.545527321114866,0.2549020041673492,800
100000,138,OBM_RR,4.0,5.530043287007115,5.543035709573667,0.012992422566552086,0.30641253530515133,0.3061983226801677,5.543035709573667,0.3061983226801677,800
100000,152,OBM,0.0,5.530043287007115,4.2788812395703335,-1.2511620474367815,0.05062260991707647,1.6159658006008804,,,800
100000,152,OBM_RR,2.0,5.530043287007115,5.548000270966474,0.017956983959359185,0.22002667884929486,0.22007409877364992,5.548000270966474,0.22007409877364992,800
100000,152,OBM_RR,3.0,5.530043287007115,5.550150300399625,0.020107013392509643,0.2806218117768883,0.2806753264997337,5.550150300399625,0.2806753264997337,800
100000,152,OBM_RR,4.0,5.530043287007115,5.542062861374172,0.012019574367056585,0.3387254091880413,0.33844647259452143,5.542062861374172,0.33844647259452143,800
100000,167,OBM,0.0,5.530043287007115,4.3870843766848004,-1.1429589103223146,0.05702309547498771,1.3633068872908152,,,800
100000,167,OBM_RR,2.0,5.530043287007115,5.555912554181914,0.02586926717479887,0.24221160554340937,0.24257806002064122,5.555912554181914,0.24257806002064122,800
100000,167,OBM_RR,3.0,5.530043287007115,5.551798594304895,0.021755307297779858,0.30802469210524125,0.30811295463573063,5.551798594304895,0.30811295463573063,800
100000,167,OBM_RR,4.0,5.530043287007115,5.537847351343316,0.0078040643362013995,0.37435637797066973,0.3739493359183699,5.537847351343316,0.3739493359183699,800
100000,184,OBM,0.0,5.530043287007115,4.491144550598226,-1.038898736408889,0.064152158514896,1.1433825528287387,,,800
100000,184,OBM_RR,2.0,5.530043287007115,5.5596159088915575,0.02957262188444254,0.2684132158119722,0.2689522392573274,5.5596159088915575,0.2689522392573274,800
100000,184,OBM_RR,3.0,5.530043287007115,5.5505563873613575,0.020513100354242475,0.34011842161054995,0.34011406086968,5.5505563873613575,0.34011406086968,800
100000,184,OBM_RR,4.0,5.530043287007115,5.531172377364044,0.0011290903569287636,0.415127878426996,0.4146102434239964,5.531172377364044,0.4146102434239964,800
100000,203,OBM,0.0,5.530043287007115,4.589080540865894,-0.9409627461412207,0.07195900780360592,0.9572799486694774,,,800
100000,203,OBM_RR,2.0,5.530043287007115,5.560309979770221,0.030266692763105674,0.2980640484700551,0.2986075411002838,5.560309979770221,0.2986075411002838,800
100000,203,OBM_RR,3.0,5.530043287007115,5.545539268499073,0.01549598149195841,0.37735939992428164,0.3771278261167755,5.545539268499073,0.3771278261167755,800
100000,203,OBM_RR,4.0,5.530043287007115,5.523175529699988,-0.006867757307126965,0.4614967648802161,0.4609670600145455,5.523175529699988,0.4609670600145455,800
100000,224,OBM,0.0,5.530043287007115,4.679682284430278,-0.8503610025768369,0.08044705979692211,0.8034603356756582,,,800
100000,224,OBM_RR,2.0,5.530043287007115,5.558233046303508,0.028189759296393113,0.32993235213346106,0.3303145992224828,5.558233046303508,0.3303145992224828,800
100000,224,OBM_RR,3.0,5.530043287007115,5.53746363476271,0.007420347755594747,0.4198453883700589,0.4193756431954103,5.53746363476271,0.4193756431954103,800
100000,224,OBM_RR,4.0,5.530043287007115,5.514433015532568,-0.01561027147454741,0.5146450054153561,0.5142453797340959,5.514433015532568,0.5142453797340959,800
100000,247,OBM,0.0,5.530043287007115,4.762237770284367,-0.7678055167227482,0.08954757460651157,0.6789609516481394,,,800
100000,247,OBM_RR,2.0,5.530043287007115,5.554266066656346,0.024222779649231363,0.36463532034969726,0.3647662692531954,5.554266066656346,0.3647662692531954,800
100000,247,OBM_RR,3.0,5.530043287007115,5.527679659706889,-0.002363627300225879,0.4668713092224816,0.4662933068199678,5.527679659706889,0.4662933068199678,800
100000,247,OBM_RR,4.0,5.530043287007115,5.504841941740079,-0.025201345267036324,0.5735534242510704,0.5734715902740248,5.504841941740079,0.5734715902740248,800
100000,272,OBM,0.0,5.530043287007115,4.836505961672398,-0.6935373253347166,0.09917435396994159,0.5800444076599119,,,800
100000,272,OBM_RR,2.0,5.530043287007115,5.548760438174745,0.018717151167630064,0.40344016324246645,0.40328619478624533,5.548760438174745,0.40328619478624533,800
100000,272,OBM_RR,3.0,5.530043287007115,5.517510664287579,-0.012532622719535702,0.5187458854645621,0.5182545197399616,5.517510664287579,0.5182545197399616,800
100000,272,OBM_RR,4.0,5.530043287007115,5.493053171330535,-0.03699011567657973,0.6359782367895339,0.6365515326513137,5.493053171330535,0.6365515326513137,800
100000,300,OBM,0.0,5.530043287007115,4.904766988069719,-0.6252762989373961,0.10973927946475802,0.5005725553782758,,,800
100000,300,OBM_RR,2.0,5.530043287007115,5.54039404968584,0.010350762678725367,0.44845376777274404,0.4480003388510594,5.54039404968584,0.4480003388510594,800
100000,300,OBM_RR,3.0,5.530043287007115,5.507253489209968,-0.02278979779714696,0.5786177618410296,0.5784138645223632,5.507253489209968,0.5784138645223632,800
100000,300,OBM_RR,4.0,5.530043287007115,5.477812058249526,-0.05223122875758879,0.7044748201799516,0.7063223279122542,5.477812058249526,0.7063223279122542,800
100000,330,OBM,0.0,5.530043287007115,4.964400609424302,-0.5656426775828134,0.1211472365920658,0.4409474412493807,,,800
100000,330,OBM_RR,2.0,5.530043287007115,5.530254872488701,0.00021158548158606294,0.49783947239259185,0.49721721782051714,5.530254872488701,0.49721721782051714,800
100000,330,OBM_RR,3.0,5.530043287007115,5.496940054920808,-0.033103232086307166,0.6430215691018452,0.6433136161150279,5.496940054920808,0.6433136161150279,800
100000,330,OBM_RR,4.0,5.530043287007115,5.459916776055876,-0.07012651095123879,0.77859279506845,0.7825372816128087,5.459916776055876,0.7825372816128087,800
100000,364,OBM,0.0,5.530043287007115,5.0195766539553945,-0.5104666330517205,0.13427065244761635,0.39467899759121655,,,800
100000,364,OBM_RR,2.0,5.530043287007115,5.518289583966964,-0.011753703040151109,0.5538848893284287,0.5533306827519242,5.518289583966964,0.5533306827519242,800
100000,364,OBM_RR,3.0,5.530043287007115,5.4840486250819325,-0.045994661925182534,0.7138033652899316,0.7150266200089309,5.4840486250819325,0.7150266200089309,800
100000,364,OBM_RR,4.0,5.530043287007115,5.441317456400425,-0.08872583060669026,0.8614237887955583,0.8682192820764106,5.441317456400425,0.8682192820764106,800
100000,401,OBM,0.0,5.530043287007115,5.068759752451346,-0.4612835345557693,0.1485179846959572,0.36111483646735104,,,800
100000,401,OBM_RR,2.0,5.530043287007115,5.506168434106664,-0.023874852900450882,0.6157235704774333,0.6155239246153548,5.506168434106664,0.6155239246153548,800
100000,401,OBM_RR,3.0,5.530043287007115,5.467563435958773,-0.06247985104834175,0.7892330256967561,0.7921502162016583,5.467563435958773,0.7921502162016583,800
100000,401,OBM_RR,4.0,5.530043287007115,5.423148717697493,-0.10689456930962216,0.9435420775594913,0.9537890989104315,5.423148717697493,0.9537890989104315,800
100000,442,OBM,0.0,5.530043287007115,5.1131893875387595,-0.4168538994683555,0.16382687979705302,0.337389269699281,,,800
100000,442,OBM_RR,2.0,5.530043287007115,5.494136914125704,-0.03590637288141085,0.6874881250168302,0.6879180324740582,5.494136914125704,0.6879180324740582,800
100000,442,OBM_RR,3.0,5.530043287007115,5.447494536359479,-0.08254875064763567,0.8741745601533162,0.8798961381866099,5.447494536359479,0.8798961381866099,800
100000,442,OBM_RR,4.0,5.530043287007115,5.405981244725151,-0.12406204228196405,1.0277198063346507,1.0418265469119043,5.405981244725151,1.0418265469119043,800
100000,487,OBM,0.0,5.530043287007115,5.1527749312464435,-0.3772683557606715,0.18025322435330318,0.32235932008122203,,,800
100000,487,OBM_RR,2.0,5.530043287007115,5.482172115666032,-0.04787117134108332,0.7683714185943367,0.7697026033666612,5.482172115666032,0.7697026033666612,800
100000,487,OBM_RR,3.0,5.530043287007115,5.427376929193725,-0.10266635781338973,0.966033085555636,0.9753659252253584,5.427376929193725,0.9753659252253584,800
100000,487,OBM_RR,4.0,5.530043287007115,5.3898316639872,-0.14021162301991463,1.1233239910809645,1.1415791353219915,5.3898316639872,1.1415791353219915,800
100000,537,OBM,0.0,5.530043287007115,5.188295324050937,-0.3417479629561777,0.19876446804919864,0.31530768264883446,,,800
100000,537,OBM_RR,2.0,5.530043287007115,5.467267348634265,-0.0627759383728499,0.8546005354046201,0.8574731031739563,5.467267348634265,0.8574731031739563,800
100000,537,OBM_RR,3.0,5.530043287007115,5.4075844126353285,-0.12245887437178649,1.057769163027448,1.0714431274860687,5.4075844126353285,1.0714431274860687,800
100000,537,OBM_RR,4.0,5.530043287007115,5.373017925962321,-0.15702536104479403,1.2361427930423174,1.2592545785622624,5.373017925962321,1.2592545785622624,800
100000,592,OBM,0.0,5.530043287007115,5.218764991939838,-0.311278295067277,0.21966916991520158,0.31628876043279874,,,800
100000,592,OBM_RR,2.0,5.530043287007115,5.449403420910394,-0.08063986609672114,0.9447539936006105,0.950075839112707,5.449403420910394,0.950075839112707,800
100000,592,OBM_RR,3.0,5.530043287007115,5.3896533681782275,-0.14038991882888752,1.1496768267513366,1.1679490600266793,5.3896533681782275,1.1679490600266793,800
100000,592,OBM_RR,4.0,5.530043287007115,5.35227963962295,-0.1777636473841646,1.3674815332066623,1.397372095621476,5.35227963962295,1.397372095621476,800
100000,652,OBM,0.0,5.530043287007115,5.244398047559928,-0.2856452394471871,0.24299572700123714,0.324285185161327,,,800
100000,652,OBM_RR,2.0,5.530043287007115,5.427534784271294,-0.10250850273582124,1.0419697807380108,1.051175311645228,5.427534784271294,1.051175311645228,800
100000,652,OBM_RR,3.0,5.530043287007115,5.373459352670678,-0.15658393433643703,1.253723659281176,1.2766750331993522,5.373459352670678,1.2766750331993522,800
100000,652,OBM_RR,4.0,5.530043287007115,5.329008120633421,-0.20103516637369356,1.5203273891635762,1.55884211804602,5.329008120633421,1.55884211804602,800
100000,719,OBM,0.0,5.530043287007115,5.266354211666328,-0.2636890753407872,0.26918917102980605,0.3383846130200978,,,800
100000,719,OBM_RR,2.0,5.530043287007115,5.405649113087061,-0.12439417392005403,1.149610667754524,1.1636475649250835,5.405649113087061,1.1636475649250835,800
100000,719,OBM_RR,3.0,5.530043287007115,5.356763734731668,-0.17327955227544667,1.3776814837643532,1.4059851851464271,5.356763734731668,1.4059851851464271,800
100000,719,OBM_RR,4.0,5.530043287007115,5.302365839101647,-0.22767744790546818,1.6980133706533462,1.7477278742247773,5.302365839101647,1.7477278742247773,800
100000,792,OBM,0.0,5.530043287007115,5.2852120779256575,-0.2448312090814575,0.2979574644377539,0.3575273385474949,,,800
100000,792,OBM_RR,2.0,5.530043287007115,5.384216173074028,-0.14582711393308667,1.2536784793101234,1.2733769283690395,5.384216173074028,1.2733769283690395,800
100000,792,OBM_RR,3.0,5.530043287007115,5.3351940657899055,-0.1948492212172095,1.5220130170210937,1.55807671975877,5.3351940657899055,1.55807671975877,800
100000,792,OBM_RR,4.0,5.530043287007115,5.275200190361532,-0.25484309664558324,1.8948671266963235,1.9574435466958635,5.275200190361532,1.9574435466958635,800
100000,872,OBM,0.0,5.530043287007115,5.301516197052276,-0.22852708995483884,0.33044793283406465,0.3822595037612494,,,800
100000,872,OBM_RR,2.0,5.530043287007115,5.364606032252084,-0.16543725475503113,1.3521301738092006,1.3778094963528207,5.364606032252084,1.3778094963528207,800
100000,872,OBM_RR,3.0,5.530043287007115,5.310414598666034,-0.21962868834108118,1.691095552244916,1.737218443547033,5.310414598666034,1.737218443547033,800
100000,872,OBM_RR,4.0,5.530043287007115,5.244992625625373,-0.2850506613817423,2.106258550478608,2.1848796068446785,5.244992625625373,2.1848796068446785,800
100000,961,OBM,0.0,5.530043287007115,5.31576922507216,-0.21427406193495457,0.3673980640976932,0.41285219013567537,,,800
100000,961,OBM_RR,2.0,5.530043287007115,5.3461666806605415,-0.18387660634657355,1.4654493578401588,1.497428152504392,5.3461666806605415,1.497428152504392,800
100000,961,OBM_RR,3.0,5.530043287007115,5.2815672073288,-0.24847607967831475,1.8875475543495022,1.94692848207887,5.2815672073288,1.94692848207887,800
100000,961,OBM_RR,4.0,5.530043287007115,5.209960181202441,-0.3200831058046738,2.3362105118020158,2.4357434432838287,5.209960181202441,2.4357434432838287,800
100000,1059,OBM,0.0,5.530043287007115,5.326475258580261,-0.2035680284268544,0.40734129996235885,0.44827206553500276,,,800
100000,1059,OBM_RR,2.0,5.530043287007115,5.32849890448329,-0.20154438252382523,1.606703704375473,1.645315462871913,5.32849890448329,1.645315462871913,800
100000,1059,OBM_RR,3.0,5.530043287007115,5.252576959890011,-0.2774663271171036,2.109709568157344,2.1840599938810024,5.252576959890011,2.1840599938810024,800
100000,1059,OBM_RR,4.0,5.530043287007115,5.17310704454752,-0.35693624245959477,2.580657459991061,2.704835119347247,5.17310704454752,2.704835119347247,800
100000,1167,OBM,0.0,5.530043287007115,5.3334924285222725,-0.19655085848484255,0.45062433986562783,0.48869329941192435,,,800
100000,1167,OBM_RR,2.0,5.530043287007115,5.307408120547268,-0.22263516645984716,1.775137934491313,1.8224854294178028,5.307408120547268,1.8224854294178028,800
100000,1167,OBM_RR,3.0,5.530043287007115,5.220765584583334,-0.30927770242378116,2.3509535116352853,2.4436675169622744,5.220765584583334,2.4436675169622744,800
100000,1167,OBM_RR,4.0,5.530043287007115,5.135101839621463,-0.3949414473856523,2.8417871965675294,2.9942137094348937,5.135101839621463,2.9942137094348937,800
100000,1286,OBM,0.0,5.530043287007115,5.335857850686182,-0.1941854363209332,0.4986627751744863,0.5357474303846697,,,800
100000,1286,OBM_RR,2.0,5.530043287007115,5.28343378509395,-0.24660950191316466,1.9779993794068116,2.0363431266164116,5.28343378509395,2.0363431266164116,800
100000,1286,OBM_RR,3.0,5.530043287007115,5.185280535779921,-0.3447627512271936,2.608810554149453,2.7244108955905104,5.185280535779921,2.7244108955905104,800
100000,1286,OBM_RR,4.0,5.530043287007115,5.0917328757327756,-0.43831041127433945,3.1153088700595792,3.303530750603485,5.0917328757327756,3.303530750603485,800
100000,1418,OBM,0.0,5.530043287007115,5.33609388748925,-0.19394939951786494,0.5519431843791551,0.5888696249720217,,,800
100000,1418,OBM_RR,2.0,5.530043287007115,5.25514297930053,-0.27490030770658525,2.2188533428702937,2.291649955368881,5.25514297930053,2.291649955368881,800
100000,1418,OBM_RR,3.0,5.530043287007115,5.147429032477065,-0.3826142545300497,2.881525037428815,3.0243167989016153,5.147429032477065,3.0243167989016153,800
100000,1418,OBM_RR,4.0,5.530043287007115,5.041556256544939,-0.488487030462176,3.4152412571808717,3.6495917845391506,5.041556256544939,3.6495917845391506,800
100000,1562,OBM,0.0,5.530043287007115,5.334876089672786,-0.19516719733432897,0.6060852702265167,0.6434178985540708,,,800
100000,1562,OBM_RR,2.0,5.530043287007115,5.225338484070704,-0.3047048029364108,2.495376168819596,2.585101965541089,5.225338484070704,2.585101965541089,800
100000,1562,OBM_RR,3.0,5.530043287007115,5.107898024214517,-0.4221452627925979,3.173838274979379,3.348077600033887,5.107898024214517,3.348077600033887,800
100000,1562,OBM_RR,4.0,5.530043287007115,4.988499891753049,-0.5415433952540658,3.7287040504120528,4.017312419292339,4.988499891753049,4.017312419292339,800
100000,1721,OBM,0.0,5.530043287007115,5.333319047454456,-0.19672423955265916,0.6610629975602701,0.6989370952408914,,,800
100000,1721,OBM_RR,2.0,5.530043287007115,5.190484812431813,-0.33955847457530197,2.801715345454702,2.91351315892879,5.190484812431813,2.91351315892879,800
100000,1721,OBM_RR,3.0,5.530043287007115,5.060522341246333,-0.46952094576078185,3.485462830788662,3.7015559207582753,5.060522341246333,3.7015559207582753,800
100000,1721,OBM_RR,4.0,5.530043287007115,4.9405306206503425,-0.5895126663567725,4.058065842585103,4.400518444076942,4.9405306206503425,4.400518444076942,800
100000,1897,OBM,0.0,5.530043287007115,5.331315322172547,-0.19872796483456767,0.7224707854743497,0.7610605009997959,,,800
100000,1897,OBM_RR,2.0,5.530043287007115,5.148191308775151,-0.38185197823196404,3.1286567457116847,3.270556858059209,5.148191308775151,3.270556858059209,800
100000,1897,OBM_RR,3.0,5.530043287007115,5.004965268401467,-0.5250780186056483,3.82603519687935,4.096959578506085,5.004965268401467,4.096959578506085,800
100000,1897,OBM_RR,4.0,5.530043287007115,4.8892016051880685,-0.6408416818190465,4.392281822303683,4.797469531182468,4.8892016051880685,4.797469531182468,800
100000,2090,OBM,0.0,5.530043287007115,5.328048974918323,-0.20199431208879215,0.7941541354679021,0.8339631449147913,,,800
100000,2090,OBM_RR,2.0,5.530043287007115,5.101857085692044,-0.42818620131507057,3.46047475531116,3.6394925848636506,5.101857085692044,3.6394925848636506,800
100000,2090,OBM_RR,3.0,5.530043287007115,4.9465505129335074,-0.5834927740736076,4.176632306226033,4.511875333239365,4.9465505129335074,4.511875333239365,800
100000,2090,OBM_RR,4.0,5.530043287007115,4.832597655702136,-0.697445631304979,4.738615533657714,5.219122672867043,4.832597655702136,5.219122672867043,800
100000,2303,OBM,0.0,5.530043287007115,5.321798059642506,-0.2082452273646087,0.8773719918863448,0.9196413516166245,,,800
100000,2303,OBM_RR,2.0,5.530043287007115,5.055257377134391,-0.4747859098727236,3.8056346306131834,4.026299247538587,5.055257377134391,4.026299247538587,800
100000,2303,OBM_RR,3.0,5.530043287007115,4.895283896661786,-0.6347593903453292,4.539540336566493,4.93678539477736,4.895283896661786,4.93678539477736,800
100000,2303,OBM_RR,4.0,5.530043287007115,4.772465894628213,-0.7575773923789022,5.138046593563183,5.705547540764846,4.772465894628213,5.705547540764846,800
100000,2538,OBM,0.0,5.530043287007115,5.311246539312615,-0.2187967476945003,0.9752319988164925,1.0218849756196624,,,800
100000,2538,OBM_RR,2.0,5.530043287007115,5.003682460749854,-0.5263608262572612,4.151630657391594,4.423496838488081,5.003682460749854,4.423496838488081,800
100000,2538,OBM_RR,3.0,5.530043287007115,4.841688835850751,-0.6883544511563642,4.899889906624866,5.367596894668363,4.841688835850751,5.367596894668363,800
100000,2538,OBM_RR,4.0,5.530043287007115,4.703819047205673,-0.8262242398014417,5.563428461784811,6.23912067064305,4.703819047205673,6.23912067064305,800
100000,2796,OBM,0.0,5.530043287007115,5.297854993187866,-0.23218829381924877,1.0877384549435622,1.1402901856615761,,,800
100000,2796,OBM_RR,2.0,5.530043287007115,4.944463393408358,-0.5855798935987568,4.521982631223631,4.8592339647217315,4.944463393408358,4.8592339647217315,800
100000,2796,OBM_RR,3.0,5.530043287007115,4.783443286260249,-0.7466000007468656,5.271121457292531,5.821944116586136,4.783443286260249,5.821944116586136,800
100000,2796,OBM_RR,4.0,5.530043287007115,4.624917745693105,-0.9051255413140096,6.0450557264872655,6.8567516523681356,4.624917745693105,6.8567516523681356,800
100000,3081,OBM,0.0,5.530043287007115,5.282424007685416,-0.24761927932169936,1.2151749451268183,1.2749712839372078,,,800
100000,3081,OBM_RR,2.0,5.530043287007115,4.878864989256054,-0.651178297751061,4.916473003899133,5.334360588106229,4.878864989256054,5.334360588106229,800
100000,3081,OBM_RR,3.0,5.530043287007115,4.7209018009851285,-0.8091414860219865,5.7009300209472995,6.3485138028229855,4.7209018009851285,6.3485138028229855,800
100000,3081,OBM_RR,4.0,5.530043287007115,4.540698863796978,-0.9893444232101372,6.55856860680085,7.529172783779346,4.540698863796978,7.529172783779346,800
100000,3395,OBM,0.0,5.530043287007115,5.264722482107397,-0.26532080489971843,1.3546628618623286,1.4233646627976355,,,800
100000,3395,OBM_RR,2.0,5.530043287007115,4.822426696511798,-0.7076165904953173,5.330821957401338,5.824879669098802,4.822452250867801,5.824596513288975,800
100000,3395,OBM_RR,3.0,5.530043287007115,4.64819219327785,-0.8818510937292654,6.167416464443033,6.937368545373982,4.64819219327785,6.937368545373982,800
100000,3395,OBM_RR,4.0,5.530043287007115,4.446605408895454,-1.0834378781116607,7.039852895250185,8.20489071485822,4.446605408895454,8.20489071485822,800
100000,3741,OBM,0.0,5.530043287007115,5.2432342649865396,-0.28680902202057545,1.5053312219933719,1.585708973078279,,,800
100000,3741,OBM_RR,2.0,5.530043287007115,4.768662569323109,-0.7613807176840064,5.741875034327809,6.314398287795911,4.768887079875081,6.311874857663961,800
100000,3741,OBM_RR,3.0,5.530043287007115,4.5647043055616265,-0.9653389814454885,6.707470436842988,7.630965447895147,4.5647043055616265,7.630965447895147,800
100000,3741,OBM_RR,4.0,5.530043287007115,4.336265456095904,-1.1937778309112108,7.558864652019645,8.974521580779697,4.33640837118144,8.972924587783604,800
100000,4122,OBM,0.0,5.530043287007115,5.218504655455885,-0.31153863155122963,1.6669967009769908,1.7619692740495816,,,800
100000,4122,OBM_RR,2.0,5.530043287007115,4.707281368358767,-0.8227619186483484,6.174474986138271,6.84369406718351,4.707732920222403,6.838536745210589,800
100000,4122,OBM_RR,3.0,5.530043287007115,4.476277021310382,-1.0537662656967326,7.281977094097602,8.383297965450417,4.476277021310382,8.383297965450417,800
100000,4122,OBM_RR,4.0,5.530043287007115,4.2178320629649475,-1.3122112240421675,8.114167844834073,9.825923431530274,4.218117231757759,9.822704383001254,800
100000,4542,OBM,0.0,5.530043287007115,5.192403713898789,-0.3376395731083264,1.838817418622953,1.9505193781784473,,,800
100000,4542,OBM_RR,2.0,5.530043287007115,4.641172014385171,-0.8888712726219437,6.7029730328653105,7.4846864558667825,4.6412344939873424,7.483992303097113,800
100000,4542,OBM_RR,3.0,5.530043287007115,4.37637442846508,-1.1536688585420354,7.81808523624449,9.139264464868868,4.376579407585974,9.136963764893899,800
100000,4542,OBM_RR,4.0,5.530043287007115,4.080576408130948,-1.4494668788761667,8.62575704520011,10.715929081852623,4.081921067556333,10.700571846501802,800
100000,5005,OBM,0.0,5.530043287007115,5.162371700326538,-0.36767158668057665,2.020924822034106,2.153581061658777,,,800
100000,5005,OBM_RR,2.0,5.530043287007115,4.565830216227637,-0.9642130707794783,7.268555976434977,8.189177127326424,4.565913862035403,8.188246400154053,800
100000,5005,OBM_RR,3.0,5.530043287007115,4.258553583309615,-1.2714897036975001,8.397328056290588,10.003517462828981,4.259371381221887,9.994161423497975,800
100000,5005,OBM_RR,4.0,5.530043287007115,3.9364634866490418,-1.5935798003580732,9.107432745283042,11.635545034460716,3.9392991385149285,11.602850535952903,800
100000,5515,OBM,0.0,5.530043287007115,5.126806625388887,-0.40323666161822835,2.2172127052136767,2.377040994605173,,,800
100000,5515,OBM_RR,2.0,5.530043287007115,4.47746787669995,-1.0525754103071652,7.9074956775089955,9.005526302295406,4.478183234069115,8.997438190153773,800
100000,5515,OBM_RR,3.0,5.530043287007115,4.133138673345897,-1.396904613661218,9.009562762215227,10.949643308430455,4.135525199988808,10.922142858197985,800
100000,5515,OBM_RR,4.0,5.530043287007115,3.793373059384261,-1.736670227622854,9.55684380500746,12.560921229762817,3.797179770797679,12.517112405133876,800
100000,6077,OBM,0.0,5.530043287007115,5.086338682563612,-0.4437046044435027,2.4262033291563196,2.620044350999239,,,800
100000,6077,OBM_RR,2.0,5.530043287007115,4.385736050489387,-1.1443072365177276,8.6012085035236,9.899896044441034,4.389077350313844,9.861077754780359,800
100000,6077,OBM_RR,3.0,5.530043287007115,3.9886100529271697,-1.5414332340799453,9.569654732028324,11.933709078739447,3.9947189521827124,11.8612221649818,800
100000,6077,OBM_RR,4.0,5.530043287007115,3.6470626941122415,-1.8829805928948735,9.97238478824765,13.50553522048107,3.651804501798615,13.451697673237945,800
100000,6696,OBM,0.0,5.530043287007115,5.048552000217044,-0.4814912867900709,2.6406037692361357,2.8691368737793486,,,800
100000,6696,OBM_RR,2.0,5.530043287007115,4.2760452907024895,-1.2539979963046255,9.245038706698972,10.805993383051614,4.283745363867584,10.713018074678406,800
100000,6696,OBM_RR,3.0,5.530043287007115,3.8342718106368068,-1.6957714763703082,10.11546081166708,12.978457385723631,3.8450209008455065,12.849999747786697,800
100000,6696,OBM_RR,4.0,5.530043287007115,3.492762104650518,-2.037281182356597,10.356221147102568,14.493790486652983,3.499677318249851,14.414659418440941,800
100000,7378,OBM,0.0,5.530043287007115,5.011913057894462,-0.5181302291126526,2.85733042664973,3.122217697936747,,,800
100000,7378,OBM_RR,2.0,5.530043287007115,4.140310669047853,-1.389732617959262,9.96427315811751,11.883174566089766,4.159353193415899,11.650687578002817,800
100000,7378,OBM_RR,3.0,5.530043287007115,3.6780627798804026,-1.8519805071267124,10.624030316103973,14.040582076986157,3.6958461528061957,13.830106248195971,800
100000,7378,OBM_RR,4.0,5.530043287007115,3.3152121695531203,-2.2148311174539947,10.675166892925965,15.567299813152319,3.326538580278467,15.436171262801308,800
100000,8130,OBM,0.0,5.530043287007115,4.969168102780952,-0.5608751842261634,3.081841032120066,3.3925697031106483,,,800
100000,8130,OBM_RR,2.0,5.530043287007115,3.995859120186994,-1.534184166820121,10.72282916496212,13.06314668622747,4.023414579032389,12.725327881131825,800
100000,8130,OBM_RR,3.0,5.530043287007115,3.5191477539756044,-2.0108955330315106,11.075710222867894,15.10556642985539,3.5440189292695083,14.812162932611443,800
100000,8130,OBM_RR,4.0,5.530043287007115,3.1175688313415337,-2.4124744556655813,10.777450537734635,16.584011723801407,3.133526999291886,16.397435294961436,800
100000,8958,OBM,0.0,5.530043287007115,4.9234478932125265,-0.6065953937945885,3.339515164424211,3.703298742241493,,,800
100000,8958,OBM_RR,2.0,5.530043287007115,3.825862876467813,-1.7041804105393021,11.394475789500715,14.284463566429741,3.8634156169746596,13.82241007393834,800
100000,8958,OBM_RR,3.0,5.530043287007115,3.3539937304938316,-2.1760495565132834,11.464636585736615,16.1854974624061,3.38650202472053,15.799134779851489,800
100000,8958,OBM_RR,4.0,5.530043287007115,2.8994042558238977,-2.6306390311832173,10.522582995488623,17.429691479128838,2.923340229342646,17.148880953694853,800
100000,9871,OBM,0.0,5.530043287007115,4.872329452995865,-0.6577138340112496,3.615131753084188,4.04320032584261,,,800
100000,9871,OBM_RR,2.0,5.530043287007115,3.646476315567668,-1.8835669714394472,12.032868088044204,15.565651538831721,3.704183055763681,14.851891126931639,800
100000,9871,OBM_RR,3.0,5.530043287007115,3.1649404064680215,-2.3651028805390935,11.764739366822212,17.343745078148004,3.2037992393803365,16.879396262080853,800
100000,9871,OBM_RR,4.0,5.530043287007115,2.6597395741961845,-2.8703037128109306,10.035190566012119,18.261289981580816,2.701275001869366,17.775333678941234,800
100000,10877,OBM,0.0,5.530043287007115,4.8110279163968706,-0.7190153706102445,3.926564969544331,4.438639866506187,,,800
100000,10877,OBM_RR,2.0,5.530043287007115,3.476548268685864,-2.053495018321251,12.61239396146641,16.813470259284774,3.54893389764556,15.911450752033494,800
100000,10877,OBM_RR,3.0,5.530043287007115,2.956146310465414,-2.573896976541701,11.807904472323361,18.418090237583467,3.0034652647798423,17.849508676653997,800
100000,10877,OBM_RR,4.0,5.530043287007115,2.4010032462390614,-3.1290400407680536,8.931312941389415,18.71104037694242,2.465475496551651,17.950556945111327,800
100000,11985,OBM,0.0,5.530043287007115,4.745669248771363,-0.784374038235752,4.279008049848388,4.8889019216443375,,,800
100000,11985,OBM_RR,2.0,5.530043287007115,3.303942344273494,-2.226100942733621,13.074639459038307,18.01382156695403,3.3921751163990574,16.90708815684215,800
100000,11985,OBM_RR,3.0,5.530043287007115,2.725954775711504,-2.804088511295611,11.463027149544843,19.31161074478795,2.7954189261495945,18.47462663950997,800
100000,11985,OBM_RR,4.0,5.530043287007115,2.122944628040847,-3.407098658966268,7.492465621021329,19.091421310924794,2.207735386920927,18.077267096809294,800
100000,13206,OBM,0.0,5.530043287007115,4.6735866730463,-0.8564566139608152,4.607687759183132,5.335446081081377,,,800
100000,13206,OBM_RR,2.0,5.530043287007115,3.126359345535533,-2.403683941471582,13.509349817421713,19.270159620638296,3.232082469554797,17.928732243160706,800
100000,13206,OBM_RR,3.0,5.530043287007115,2.4719461432804213,-3.0580971437266937,10.869465072033146,20.20783638116247,2.5865892438706934,18.81357578767031,800
100000,13206,OBM_RR,4.0,5.530043287007115,1.8178254975664063,-3.7122177894407087,6.0530165099027435,19.826011155505427,1.9160414890226973,18.642196534786294,800
100000,14551,OBM,0.0,5.530043287007115,4.589289308840312,-0.9407539781668026,4.956789734746526,5.835611795014761,,,800
100000,14551,OBM_RR,2.0,5.530043287007115,2.9322349845462083,-2.5978083024609067,13.827489192920297,20.558812807763967,3.06138016749806,18.911118968779657,800
100000,14551,OBM_RR,3.0,5.530043287007115,2.1994246431688786,-3.3306186438382364,9.556819411951201,20.63789393836911,2.3523710652783025,18.75446131618837,800
100000,14551,OBM_RR,4.0,5.530043287007115,1.495329113671138,-4.034714173335977,4.70448138339071,20.977519242179692,1.6073676880931485,19.631436425619082,800
100000,16034,OBM,0.0,5.530043287007115,4.496777594213016,-1.0332656927940986,5.327549217537388,6.388527772920736,,,800
100000,16034,OBM_RR,2.0,5.530043287007115,2.7132649694583995,-2.8167783175487155,13.866079231704973,21.78298672287791,2.8777710998195607,19.675647203946255,800
100000,16034,OBM_RR,3.0,5.530043287007115,1.906716611075681,-3.623326675931434,7.866079628883447,20.984743229863675,2.0793293184141506,18.821580283983906,800
100000,16034,OBM_RR,4.0,5.530043287007115,1.1282520549517345,-4.4017912320553805,3.553642129621476,22.924966127559074,1.2678426386510047,21.24602365551924,800
100000,17668,OBM,0.0,5.530043287007115,4.390853059502473,-1.139190227504642,5.682994905796363,6.973645536606195,,,800
100000,17668,OBM_RR,2.0,5.530043287007115,2.470635589785148,-3.059407697221967,13.378338372220824,22.72159090707657,2.6885949603796315,19.882221469807167,800
100000,17668,OBM_RR,3.0,5.530043287007115,1.58909306644142,-3.940950220565695,6.233446583700169,21.756743416447343,1.771191542341645,19.454111701238194,800
100000,17668,OBM_RR,4.0,5.530043287007115,0.7256944358770702,-4.804348851130045,2.8350845580636226,25.913308585720625,0.9460060983011109,23.25126332870169,800
100000,19468,OBM,0.0,5.530043287007115,4.276069294675414,-1.2539739923317006,6.0076257234303725,7.572566964720389,,,800
100000,19468,OBM_RR,2.0,5.530043287007115,2.208757167607431,-3.321286119399684,12.672654343922401,23.687755012909506,2.5036725993395796,19.755092641918733,800
100000,19468,OBM_RR,3.0,5.530043287007115,1.250169872487911,-4.279873414519204,4.854911190183511,23.166158995504052,1.4583852625634364,20.553987990677623,800
100000,19468,OBM_RR,4.0,5.530043287007115,0.24857396762929618,-5.281469319377819,2.1919288299030555,30.08310709039488,0.6231846224251982,25.456036211156384,800
100000,20000,OBM,0.0,5.530043287007115,4.244088415393057,-1.2859548716140576,6.1026821271431375,7.748733706312136,,,800
100000,20000,OBM_RR,2.0,5.530043287007115,2.127189780468025,-3.40285350653909,12.314230841811375,23.878250040224493,2.442121318305116,19.65662779892441,800
100000,20000,OBM_RR,3.0,5.530043287007115,1.1467809845291363,-4.383262302477979,4.516881067998744,23.724223378988295,1.3668925942024415,20.965134076770955,800
100000,20000,OBM_RR,4.0,5.530043287007115,0.09713813291104714,-5.432905154096068,1.966856809789964,31.480856652181345,0.5273752666478441,26.12979294428858,800
200000,6,OBM,0.0,5.530043287007115,0.3628896162071323,-5.167153670799983,6.949429047445648e-05,26.69954646508435,,,800
200000,6,OBM_RR,2.0,5.530043287007115,1.012817817391185,-4.51722546961593,0.0006162525249848093,20.40594142555619,1.012817817391185,20.40594142555619,800
200000,6,OBM_RR,3.0,5.530043287007115,1.2896894411298643,-4.240353845877251,0.0010770309687579537,17.98167642292604,1.2896894411298643,17.98167642292604,800
200000,6,OBM_RR,4.0,5.530043287007115,1.5401773217837884,-3.9898659652233266,0.001646911361962788,15.920675273170227,1.5401773217837884,15.920675273170227,800
200000,7,OBM,0.0,5.530043287007115,0.4194829068686296,-5.110560380138486,9.445562825406551e-05,26.11792173659994,,,800
200000,7,OBM_RR,2.0,5.530043287007115,1.1581648173969366,-4.371878469610179,0.0008335405531624761,19.114153851668508,1.1581648173969366,19.114153851668508,800
200000,7,OBM_RR,3.0,5.530043287007115,1.465074434458436,-4.064968852548679,0.0014492743415908211,16.525419234939587,1.465074434458436,16.525419234939587,800
200000,7,OBM_RR,4.0,5.530043287007115,1.738741970164951,-3.791301316842164,0.002203170316875846,14.376166091443105,1.738741970164951,14.376166091443105,800
200000,8,OBM,0.0,5.530043287007115,0.4750707394504016,-5.054972547556713,0.000123170197036386,25.5528704727863,,,800
200000,8,OBM_RR,2.0,5.530043287007115,1.2977407575598603,-4.232302529447255,0.0010810452858997723,17.913464394744924,1.2977407575598603,17.913464394744924,800
200000,8,OBM_RR,3.0,5.530043287007115,1.6312477233592357,-3.8987955636478793,0.0018694927218085196,15.20247400297629,1.6312477233592357,15.20247400297629,800
200000,8,OBM_RR,4.0,5.530043287007115,1.9245100131140305,-3.6055332738930845,0.002824930349532959,13.002691588336779,1.9245100131140305,13.002691588336779,800
200000,9,OBM,0.0,5.530043287007115,0.529677917191022,-5.000365369816093,0.0001556047954201656,25.003809241945454,,,800
200000,9,OBM_RR,2.0,5.530043287007115,1.4318344151202185,-4.0982088718868965,0.0013576431887149319,16.796671903747196,1.4318344151202185,16.796671903747196,800
200000,9,OBM_RR,3.0,5.530043287007115,1.7888356407989057,-3.7412076462082093,0.0023347164481427184,13.998966450099351,1.7888356407989057,13.998966450099351,800
200000,9,OBM_RR,4.0,5.530043287007115,2.0985562243967557,-3.4314870626103593,0.003506640210797551,11.778605717772807,2.0985562243967557,11.778605717772807,800
200000,10,OBM,0.0,5.530043287007115,0.5833286607907742,-4.946714626216341,0.00019172646033190365,24.470177080024932,,,800
200000,10,OBM_RR,2.0,5.530043287007115,1.5607172457058198,-3.9693260413012954,0.001662218674424734,15.757209363053693,1.5607172457058198,15.757209363053693,800
200000,10,OBM_RR,3.0,5.530043287007115,1.9384110032242583,-3.5916322837828565,0.0028421147104437726,12.902661023978316,1.9384110032242583,12.902661023978316,800
200000,10,OBM_RR,4.0,5.530043287007115,2.261839168917151,-3.268204118089964,0.0042431960733258405,10.685396049578433,2.261839168917151,10.685396049578433,800
200000,11,OBM,0.0,5.530043287007115,0.6360463822332663,-4.893996904773848,0.0002314906513460829,23.951436905224046,,,800
200000,11,OBM_RR,2.0,5.530043287007115,1.6846447915219296,-3.8453984954851856,0.001993620212544361,14.789080717267007,1.6846447915219296,14.789080717267007,800
200000,11,OBM_RR,3.0,5.530043287007115,2.080498151995719,-3.449545135011396,0.003388921006346918,11.902746323335876,2.080498151995719,11.902746323335876,800
200000,11,OBM_RR,4.0,5.530043287007115,2.415219739611974,-3.114823547395141,0.005029715189875464,9.707149159453138,2.415219739611974,9.707149159453138,800
200000,12,OBM,0.0,5.530043287007115,0.6878537167991585,-4.842189570207957,0.0002748544271639126,23.447074344689845,,,800
200000,12,OBM_RR,2.0,5.530043287007115,1.8038570739800903,-3.7261862130270247,0.0023506444745421584,13.886811400321626,1.8038570739800903,13.886811400321626,800
200000,12,OBM_RR,3.0,5.530043287007115,2.2155781129934042,-3.3144651740137108,0.003972484223480678,10.98964690836794,2.2155781129934042,10.98964690836794,800
200000,12,OBM_RR,4.0,5.530043287007115,2.5594729095109408,-2.9705703774961743,0.005861457984539759,8.830142498819823,2.5594729095109408,8.830142498819823,800
200000,14,OBM,0.0,5.530043287007115,0.788823862132783,-4.741219424874332,0.00037218693013077935,22.47953335650216,,,800
200000,14,OBM_RR,2.0,5.530043287007115,2.029030546548958,-3.501012740458157,0.0031368733908730684,12.260223161149467,2.029030546548958,12.260223161149467,800
200000,14,OBM_RR,3.0,5.530043287007115,2.4664455454405676,-3.0635977415665474,0.0052402133733425145,9.390864785238275,2.4664455454405676,9.390864785238275,800
200000,14,OBM_RR,4.0,5.530043287007115,2.8233131064399926,-2.7067301805671224,0.007645708409229512,7.334024421666645,2.8233131064399926,7.334024421666645,800
200000,15,OBM,0.0,5.530043287007115,0.8380283108014911,-4.692014976205624,0.0004260508085657543,22.015430055182915,,,800
200000,15,OBM_RR,2.0,5.530043287007115,2.1354054673580363,-3.3946378196490787,0.003563882276333699,11.527125354015338,2.1354054673580363,11.527125354015338,800
200000,15,OBM_RR,3.0,5.530043287007115,2.58301589291064,-2.947027394096475,0.005919631248772414,8.69088269326477,2.58301589291064,8.69088269326477,800
200000,15,OBM_RR,4.0,5.530043287007115,2.944098196151339,-2.585945090855776,0.00859257708114845,6.695693849280884,2.944098196151339,6.695693849280884,800
200000,17,OBM,0.0,5.530043287007115,0.9339754236395856,-4.596067863367529,0.000543908864613359,21.124383033658297,,,800
200000,17,OBM_RR,2.0,5.530043287007115,2.336676068881097,-3.193367218126018,0.004480282735163411,10.202068872183647,2.336676068881097,10.202068872183647,800
200000,17,OBM_RR,3.0,5.530043287007115,2.8001652198158102,-2.7298780671913048,0.00735880316562568,7.459583866393806,2.8001652198158102,7.459583866393806,800
200000,17,OBM_RR,4.0,5.530043287007115,3.1659961120557005,-2.3640471749514145,0.010581145456607589,5.599286964420552,3.1659961120557005,5.599286964420552,800
200000,19,OBM,0.0,5.530043287007115,1.0267660998930301,-4.503277187114085,0.000674926837273842,20.28017950716087,,,800
200000,19,OBM_RR,2.0,5.530043287007115,2.523775395900521,-3.006267891106594,0.005473158356020949,9.043112950006565,2.523775395900521,9.043112950006565,800
200000,19,OBM_RR,3.0,5.530043287007115,2.9980055149951834,-2.5320377720119316,0.008894486107365863,6.420098646894879,2.9980055149951834,6.420098646894879,800
200000,19,OBM_RR,4.0,5.530043287007115,3.364611646595181,-2.165431640411934,0.012678910897235548,4.701757251555734,3.364611646595181,4.701757251555734,800
200000,21,OBM,0.0,5.530043287007115,1.1165439252618339,-4.413499361745281,0.0008186759183984593,19.479794268699504,,,800
200000,21,OBM_RR,2.0,5.530043287007115,2.6979327100807784,-2.8321105769263366,0.006535193619677067,8.02737734456568,2.6979327100807784,8.02737734456568,800
200000,21,OBM_RR,3.0,5.530043287007115,3.1786589783441026,-2.3513843086630124,0.010516265997337494,5.539511287691473,3.1786589783441026,5.539511287691473,800
200000,21,OBM_RR,4.0,5.530043287007115,3.542976288551789,-1.987066998455326,0.014870508518637792,3.963287176733246,3.542976288551789,3.963287176733246,800
200000,23,OBM,0.0,5.530043287007115,1.2034441216094278,-4.326599165397687,0.0009747012767820821,18.72043382092015,,,800
200000,23,OBM_RR,2.0,5.530043287007115,2.8602501560261153,-2.6697931309809997,0.0076590929278821576,7.135444881295053,2.8602501560261153,7.135444881295053,800
200000,23,OBM_RR,3.0,5.530043287007115,3.3439645483714866,-2.1860787386356284,0.01221275704179878,4.791137742610237,3.3439645483714866,4.791137742610237,800
200000,23,OBM_RR,4.0,5.530043287007115,3.7036427468665694,-1.8264005401405456,0.0171431927861531,3.3528606968208465,3.7036427468665694,3.3528606968208465,800
200000,26,OBM,0.0,5.530043287007115,1.3286768987936073,-4.201366388213508,0.0012307401325529444,17.652708729717602,,,800
200000,26,OBM_RR,2.0,5.530043287007115,3.083651402344773,-2.446391884662342,0.009447453917853645,5.99426889794222,3.083651402344773,5.99426889794222,800
200000,26,OBM_RR,3.0,5.530043287007115,3.5665880221105555,-1.9634552648965595,0.014878062828011164,3.8700160424994943,3.5665880221105555,3.8700160424994943,800
200000,26,OBM_RR,4.0,5.530043287007115,3.91611629552182,-1.613926991485295,0.02067931551935943,2.6254138002197362,3.91611629552182,2.6254138002197362,800
200000,29,OBM,0.0,5.530043287007115,1.448122942671141,-4.081920344335974,0.001511840267235823,16.663583647970817,,,800
200000,29,OBM_RR,2.0,5.530043287007115,3.28550680745573,-2.244536479551385,0.011345873818089462,5.049275699512743,3.28550680745573,5.049275699512743,800
200000,29,OBM_RR,3.0,5.530043287007115,3.762809663162135,-1.7672336238449802,0.017667960093127693,3.140760556391273,3.762809663162135,3.140760556391273,800
200000,29,OBM_RR,4.0,5.530043287007115,4.099585270030991,-1.4304580169761243,0.02435169137011795,2.070531390087172,4.099585270030991,2.070531390087172,800
200000,32,OBM,0.0,5.530043287007115,1.5621501946981236,-3.9678930923089917,0.0018165199116871923,15.74598984125521,,,800
200000,32,OBM_RR,2.0,5.530043287007115,3.468305250092352,-2.061738036914763,0.013341855924106975,4.2640889114653415,3.468305250092352,4.2640889114653415,800
200000,32,OBM_RR,3.0,5.530043287007115,3.936405156507143,-1.593638130499972,0.020563197815383745,2.5602199848015594,3.936405156507143,2.5602199848015594,800
200000,32,OBM_RR,4.0,5.530043287007115,4.258805235423804,-1.2712380515833113,0.02815034300026079,1.6441613388648437,4.258805235423804,1.6441613388648437,800
200000,35,OBM,0.0,5.530043287007115,1.6710961780863525,-3.8589471089207628,0.002143334170560539,14.893613444450757,,,800
200000,35,OBM_RR,2.0,5.530043287007115,3.6341933709606677,-1.8958499160464473,0.015421352152722318,3.6096489796358515,3.6341933709606677,3.6096489796358515,800
200000,35,OBM_RR,3.0,5.530043287007115,4.090514883393495,-1.43952840361362,0.023547105206079114,2.09575969613495,4.090514883393495,2.09575969613495,800
200000,35,OBM_RR,4.0,5.530043287007115,4.397584336910146,-1.1324589500969688,0.03205580758951905,1.3144790114847615,4.397584336910146,1.3144790114847615,800
200000,39,OBM,0.0,5.530043287007115,1.808985276628302,-3.7210580103788127,0.0026111806625345358,13.848880633291037,,,800
200000,39,OBM_RR,2.0,5.530043287007115,3.832250018714843,-1.6977932682922718,0.018306216857940285,2.900785315945421,3.832250018714843,2.900785315945421,800
200000,39,OBM_RR,3.0,5.530043287007115,4.270129395136876,-1.259913891870239,0.02765462308470545,1.6150030697334607,4.270129395136876,1.6150030697334607,800
200000,39,OBM_RR,4.0,5.530043287007115,4.556118079745659,-0.9739252072614564,0.0373683160058928,0.9858519149501567,4.556118079745659,0.9858519149501567,800
200000,44,OBM,0.0,5.530043287007115,1.970426400267297,-3.5596168867398177,0.0032432884610233857,12.67411161471372,,,800
200000,44,OBM_RR,2.0,5.530043287007115,4.0478133144677555,-1.4822299725393595,0.022068351069503493,2.219046457124697,4.0478133144677555,2.219046457124697,800
200000,44,OBM_RR,3.0,5.530043287007115,4.4599844416904775,-1.0700588453166375,0.03298124501797151,1.1779659509020737,4.4599844416904775,1.1779659509020737,800
200000,44,OBM_RR,4.0,5.530043287007115,4.719729520205101,-0.8103137668020137,0.044042217509592224,0.700595565406573,4.719729520205101,0.700595565406573,800
200000,48,OBM,0.0,5.530043287007115,2.0915681113329954,-3.4384751756741196,0.0037831594469595817,11.82688996422482,,,800
200000,48,OBM_RR,2.0,5.530043287007115,4.198405560475279,-1.3316377265318362,0.025185215282255025,1.7984127684860312,4.198405560475279,1.7984127684860312,800
200000,48,OBM_RR,3.0,5.530043287007115,4.588928119988118,-0.9411151670189968,0.037366821020038674,0.9230178700869581,4.588928119988118,0.9230178700869581,800
200000,48,OBM_RR,4.0,5.530043287007115,4.8283461334678615,-0.7016971535392535,0.049332721160747176,0.541649950544388,4.8283461334678615,0.541649950544388,800
200000,54,OBM,0.0,5.530043287007115,2.261158124026124,-3.268885162980991,0.004644145314232421,10.690248548889851,,,800
200000,54,OBM_RR,2.0,5.530043287007115,4.393758084198437,-1.1362852028086783,0.030010363064259367,1.321116912232389,4.393758084198437,1.321116912232389,800
200000,54,OBM_RR,3.0,5.530043287007115,4.751383647956857,-0.7786596390502583,0.044044788306320116,0.6503005658068151,4.751383647956857,0.6503005658068151,800
200000,54,OBM_RR,4.0,5.530043287007115,4.962005922278688,-0.5680373647284274,0.05711384216770095,0.3797088975926081,4.962005922278688,0.3797088975926081,800
200000,59,OBM,0.0,5.530043287007115,2.3923645361298824,-3.1376787508772326,0.005404550019373867,9.85042573803836,,,800
200000,59,OBM_RR,2.0,5.530043287007115,4.5329213830283965,-0.9971219039787185,0.03416329202609198,1.0283726793052046,4.5329213830283965,1.0283726793052046,800
200000,59,OBM_RR,3.0,5.530043287007115,4.863572696811718,-0.6664705901953969,0.04960472331460873,0.49372576500586574,4.863572696811718,0.49372576500586574,800
200000,59,OBM_RR,4.0,5.530043287007115,5.052114172584762,-0.477929114422353,0.06343572906799497,0.2917726728191953,5.052114172584762,0.2917726728191953,800
200000,66,OBM,0.0,5.530043287007115,2.562198601962698,-2.967844685044417,0.0065274064776773945,8.814621321765975,,,800
200000,66,OBM_RR,2.0,5.530043287007115,4.69806492046947,-0.831978366537645,0.040167899580916606,0.7323056920930877,4.69806492046947,0.7323056920930877,800
200000,66,OBM_RR,3.0,5.530043287007115,4.992505002796415,-0.5375382842106999,0.05727976729945798,0.3461555745825173,4.992505002796415,0.3461555745825173,800
200000,66,OBM_RR,4.0,5.530043287007115,5.153610122328098,-0.37643316467901666,0.07204299178136676,0.2136548655119001,5.153610122328098,0.2136548655119001,800
200000,73,OBM,0.0,5.530043287007115,2.717574070342968,-2.812469216664147,0.007709514829647786,7.917682972619552,,,800
200000,73,OBM_RR,2.0,5.530043287007115,4.8347573190099045,-0.6952859679972105,0.046347941943645554,0.5297125843100343,4.8347573190099045,0.5297125843100343,800
200000,73,OBM_RR,3.0,5.530043287007115,5.095443725261906,-0.434599561745209,0.06476951222802255,0.25356532940686516,5.095443725261906,0.25356532940686516,800
200000,73,OBM_RR,4.0,5.530043287007115,5.233085140716294,-0.2969581462908213,0.08033831647885412,0.1684220342317358,5.233085140716294,0.1684220342317358,800
200000,81,OBM,0.0,5.530043287007115,2.8795240593104334,-2.6505192276966816,0.009123726833008846,7.034364498564276,,,800
200000,81,OBM_RR,2.0,5.530043287007115,4.963092887316125,-0.5669503996909899,0.0534916841379365,0.3748575752425378,4.963092887316125,0.3748575752425378,800
200000,81,OBM_RR,3.0,5.530043287007115,5.18874844327828,-0.3412948437288348,0.07309106647546111,0.1894818729982566,5.18874844327828,0.1894818729982566,800
200000,81,OBM_RR,4.0,5.530043287007115,5.303530799666069,-0.22651248734104623,0.08958285948197871,0.14077878782905398,5.303530799666069,0.14077878782905398,800
200000,90,OBM,0.0,5.530043287007115,3.0442534900239515,-2.4857897969831635,0.010784595384400015,6.189922029425766,,,800
200000,90,OBM_RR,2.0,5.530043287007115,5.07926693283304,-0.45077635417407524,0.06146076743868492,0.2645832629618586,5.07926693283304,0.2645832629618586,800
200000,90,OBM_RR,3.0,5.530043287007115,5.270443978980097,-0.2595993080270178,0.08214714850932794,0.14943626530179738,5.270443978980097,0.14943626530179738,800
200000,90,OBM_RR,4.0,5.530043287007115,5.363402500070242,-0.16664078693687312,0.09994443093023544,0.12758865226251265,5.363402500070242,0.12758865226251265,800
200000,100,OBM,0.0,5.530043287007115,3.2084847948034456,-2.3215584922036694,0.01270339619859255,5.40232134967632,,,800
200000,100,OBM_RR,2.0,5.530043287007115,5.181010373072653,-0.3490329139344617,0.07010083017121847,0.19183717914308548,5.181010373072653,0.19183717914308548,800
200000,100,OBM_RR,3.0,5.530043287007115,5.3396581966525085,-0.1903850903546065,0.09181235799509453,0.12794407517693232,5.3396581966525085,0.12794407517693232,800
200000,100,OBM_RR,4.0,5.530043287007115,5.412310027846042,-0.11773325916107336,0.11162628761633514,0.12534787506950326,5.412310027846042,0.12534787506950326,800
200000,111,OBM,0.0,5.530043287007115,3.3695101348924026,-2.1605331521147124,0.014891143707440517,4.682776031164542,,,800
200000,111,OBM_RR,2.0,5.530043287007115,5.267465468519317,-0.2625778184877978,0.0792695805292602,0.14811760431540932,5.267465468519317,0.14811760431540932,800
200000,111,OBM_RR,3.0,5.530043287007115,5.396353435784916,-0.1336898512221989,0.10221891599159524,0.11996411866641943,5.396353435784916,0.11996411866641943,800
200000,111,OBM_RR,4.0,5.530043287007115,5.451101814240794,-0.07894147276632069,0.12480112963637448,0.13087688434684483,5.451101814240794,0.13087688434684483,800
200000,123,OBM,0.0,5.530043287007115,3.5251794260345473,-2.0048638609725677,0.017363201174829566,4.036820598207191,,,800
200000,123,OBM_RR,2.0,5.530043287007115,5.339172755337296,-0.1908705316698187,0.088882006456681,0.1252024638085296,5.339172755337296,0.1252024638085296,800
200000,123,OBM_RR,3.0,5.530043287007115,5.441260018175525,-0.08878326883159016,0.11357714423703921,0.12131764163116536,5.441260018175525,0.12131764163116536,800
200000,123,OBM_RR,4.0,5.530043287007115,5.481218190022155,-0.0488250969849604,0.1394478203014173,0.14165740062163126,5.481218190022155,0.14165740062163126,800
200000,136,OBM,0.0,5.530043287007115,3.6738758589638563,-1.8561674280432587,0.02012990945776184,3.4654622679996634,,,800
200000,136,OBM_RR,2.0,5.530043287007115,5.3975761158048385,-0.13246717120227647,0.09884647177090858,0.11627046512752821,5.3975761158048385,0.11627046512752821,800
200000,136,OBM_RR,3.0,5.530043287007115,5.475671542142752,-0.0543717448643628,0.12613277130527098,0.12893139198073478,5.475671542142752,0.12893139198073478,800
200000,136,OBM_RR,4.0,5.530043287007115,5.50381974311985,-0.02622354388726489,0.15508032395504284,0.1555741478041064,5.50381974311985,0.1555741478041064,800
200000,151,OBM,0.0,5.530043287007115,3.823819500384388,-1.706223786622727,0.023406662243303292,2.9345770139526963,,,800
200000,151,OBM_RR,2.0,5.530043287007115,5.446860997438641,-0.08318228956847395,0.10981429018685925,0.11659631562197922,5.446860997438641,0.11659631562197922,800
200000,151,OBM_RR,3.0,5.530043287007115,5.502942982261044,-0.027100304746070947,0.14105415928461654,0.14161226810284075,5.502942982261044,0.14161226810284075,800
200000,151,OBM_RR,4.0,5.530043287007115,5.520729553268861,-0.009313733738253838,0.17267460459421782,0.17254550697462215,5.520729553268861,0.17254550697462215,800
200000,167,OBM,0.0,5.530043287007115,3.962551468651585,-1.56749181835553,0.026945413491275206,2.4839423323359364,,,800
200000,167,OBM_RR,2.0,5.530043287007115,5.483936625224214,-0.04610666178290135,0.1213483004162964,0.12332243930153891,5.483936625224214,0.12332243930153891,800
200000,167,OBM_RR,3.0,5.530043287007115,5.522356896403462,-0.007686390603653059,0.15727111710332367,0.15713360880745647,5.522356896403462,0.15713360880745647,800
200000,167,OBM_RR,4.0,5.530043287007115,5.531524922080963,0.001481635073847798,0.19170268403902965,0.19146525092647296,5.531524922080963,0.19146525092647296,800
200000,185,OBM,0.0,5.530043287007115,4.097090392711583,-1.432952894295532,0.03092182328266204,2.084237168273501,,,800
200000,185,OBM_RR,2.0,5.530043287007115,5.512141700091332,-0.017901586915782808,0.13458798511616196,0.1347402169488701,5.512141700091332,0.1347402169488701,800
200000,185,OBM_RR,3.0,5.530043287007115,5.536054968260894,0.006011681253778711,0.1752346099330767,0.17505170698215738,5.536054968260894,0.17505170698215738,800
200000,185,OBM_RR,4.0,5.530043287007115,5.538443019660596,0.008399732653480818,0.21401002504619235,0.21381306802353456,5.538443019660596,0.21381306802353456,800
200000,206,OBM,0.0,5.530043287007115,4.230623037890779,-1.299420249116336,0.03550442126587073,1.7239530245528498,,,800
200000,206,OBM_RR,2.0,5.530043287007115,5.532842690573184,0.002799403566069003,0.15079986779563728,0.15061920462121844,5.532842690573184,0.15061920462121844,800
200000,206,OBM_RR,3.0,5.530043287007115,5.54471756808437,0.014674281077255102,0.1958648673909867,0.19583537083188227,5.54471756808437,0.19583537083188227,800
200000,206,OBM_RR,4.0,5.530043287007115,5.54222082215622,0.012177535149104912,0.24055623710710206,0.24040383417302585,5.54222082215622,0.24040383417302585,800
200000,228,OBM,0.0,5.530043287007115,4.348790288803214,-1.1812529982039006,0.04020764412808442,1.4355160303386296,,,800
200000,228,OBM_RR,2.0,5.530043287007115,5.545813302102656,0.015770015095540657,0.16869536551637848,0.1687331896855966,5.545813302102656,0.1687331896855966,800
200000,228,OBM_RR,3.0,5.530043287007115,5.548575529774675,0.01853224276756027,0.21817362792439102,0.21824435491148134,5.548575529774675,0.21824435491148134,800
200000,228,OBM_RR,4.0,5.530043287007115,5.542933430100602,0.012890143093486905,0.2687850402189117,0.26861521470760863,5.542933430100602,0.26861521470760863,800
200000,253,OBM,0.0,5.530043287007115,4.461863039948741,-1.0681802470583737,0.04542787296989991,1.1863801283343762,,,800
200000,253,OBM_RR,2.0,5.530043287007115,5.5540054673879835,0.023962180380868503,0.18959988896153707,0.1899370751889404,5.5540054673879835,0.1899370751889404,800
200000,253,OBM_RR,3.0,5.530043287007115,5.549648386191409,0.019605099184293984,0.24464411476951617,0.2447226695400802,5.549648386191409,0.2447226695400802,800
200000,253,OBM_RR,4.0,5.530043287007115,5.540502871240124,0.010459584233008634,0.3014081754455322,0.30114081812855276,5.540502871240124,0.30114081812855276,800
200000,280,OBM,0.0,5.530043287007115,4.564173397960529,-0.9658698890465862,0.05090069035666406,0.9837417070605824,,,800
200000,280,OBM_RR,2.0,5.530043287007115,5.557500696951017,0.027457409943902,0.21180912755240508,0.21229827550379202,5.557500696951017,0.21229827550379202,800
200000,280,OBM_RR,3.0,5.530043287007115,5.548404063880139,0.018360776873024065,0.27373872387322234,0.2737336685957618,5.548404063880139,0.2737336685957618,800
200000,280,OBM_RR,4.0,5.530043287007115,5.5356376621539205,0.005594375146805497,0.336408818600422,0.33601960461045466,5.5356376621539205,0.33601960461045466,800
200000,310,OBM,0.0,5.530043287007115,4.658905310709679,-0.8711379762974358,0.056802211861556616,0.8156125828443226,,,800
200000,310,OBM_RR,2.0,5.530043287007115,5.557293883588816,0.027250596581700925,0.2362173162907149,0.2366646396594101,5.557293883588816,0.2366646396594101,800
200000,310,OBM_RR,3.0,5.530043287007115,5.545119022039585,0.01507573503246995,0.3066068471029135,0.30645086633080415,5.545119022039585,0.30645086633080415,800
200000,310,OBM_RR,4.0,5.530043287007115,5.529496513004052,-0.000546774003063355,0.37454914275575824,0.374081255289124,5.529496513004052,0.374081255289124,800
200000,344,OBM,0.0,5.530043287007115,4.74751856592897,-0.7825247210781452,0.0634162729792614,0.6756819417364665,,,800
200000,344,OBM_RR,2.0,5.530043287007115,5.554316467814151,0.024273180807036,0.26483095614969043,0.2650891047609944,5.554316467814151,0.2650891047609944,800
200000,344,OBM_RR,3.0,5.530043287007115,5.539239833232569,0.009196546225454405,0.34415465902302467,0.3438090421617228,5.539239833232569,0.3438090421617228,800
200000,344,OBM_RR,4.0,5.530043287007115,5.522959001859867,-0.007084285147247904,0.4179424662768962,0.41747022529009764,5.522959001859867,0.41747022529009764,800
200000,381,OBM,0.0,5.530043287007115,4.826456308547093,-0.7035869784600219,0.07064614810722662,0.5655924766805951,,,800
200000,381,OBM_RR,2.0,5.530043287007115,5.5503887426780105,0.020345455670895518,0.2971002499258977,0.29714281217994665,5.5503887426780105,0.29714281217994665,800
200000,381,OBM_RR,3.0,5.530043287007115,5.531949102077297,0.0019058150701818377,0.3843039925721983,0.38382724471256485,5.531949102077297,0.38382724471256485,800
200000,381,OBM_RR,4.0,5.530043287007115,5.516465714756065,-0.01357757225104983,0.46587843537139056,0.4654804377954088,5.516465714756065,0.4654804377954088,800
200000,423,OBM,0.0,5.530043287007115,4.8993980047485675,-0.6306452822585475,0.07900704938745075,0.4766217626106793,,,800
200000,423,OBM_RR,2.0,5.530043287007115,5.5456300743825455,0.01558678737543051,0.33415997168676037,0.3339852196628388,5.5456300743825455,0.3339852196628388,800
200000,423,OBM_RR,3.0,5.530043287007115,5.524093965131642,-0.005949321875473146,0.4285272894533541,0.4280270247723154,5.524093965131642,0.4280270247723154,800
200000,423,OBM_RR,4.0,5.530043287007115,5.509718523129396,-0.020324763877718866,0.5203913150119946,0.5201539218949147,5.509718523129396,0.5201539218949147,800
200000,469,OBM,0.0,5.530043287007115,4.964316091314012,-0.5657271956931034,0.08836559639293301,0.40830239934422463,,,800
200000,469,OBM_RR,2.0,5.530043287007115,5.53966753361452,0.00962424660740524,0.37498139699880684,0.3746052963753185,5.53966753361452,0.3746052963753185,800
200000,469,OBM_RR,3.0,5.530043287007115,5.516678406154352,-0.013364880852763328,0.4771464770786212,0.4767286640224815,5.516678406154352,0.4767286640224815,800
200000,469,OBM_RR,4.0,5.530043287007115,5.503428885762428,-0.026614401244686725,0.5766002337737396,0.5765878098351357,5.503428885762428,0.5765878098351357,800
200000,520,OBM,0.0,5.530043287007115,5.0227790925261875,-0.5072641944809275,0.0987551149596291,0.3559486340683135,,,800
200000,520,OBM_RR,2.0,5.530043287007115,5.531350730534822,0.0013074435277067309,0.42021807726646626,0.4196945140784613,5.531350730534822,0.4196945140784613,800
200000,520,OBM_RR,3.0,5.530043287007115,5.509173636178112,-0.020869650829003383,0.5321282875002249,0.531898669466574,5.509173636178112,0.531898669466574,800
200000,520,OBM_RR,4.0,5.530043287007115,5.497940611700267,-0.03210267530684785,0.6365890205702184,0.6368238660563624,5.497940611700267,0.6368238660563624,800
200000,576,OBM,0.0,5.530043287007115,5.074489896964698,-0.45555339004241713,0.10990315454092038,0.31729466677688256,,,800
200000,576,OBM_RR,2.0,5.530043287007115,5.522106729791622,-0.007936557215493245,0.46884639071339906,0.46832332166544205,5.522106729791622,0.46832332166544205,800
200000,576,OBM_RR,3.0,5.530043287007115,5.502116068215663,-0.027927218791451658,0.5919559541751022,0.591995938781809,5.502116068215663,0.591995938781809,800
200000,576,OBM_RR,4.0,5.530043287007115,5.4931946014159685,-0.03684868559114651,0.7017764482337547,0.7022570533032577,5.4931946014159685,0.7022570533032577,800
200000,638,OBM,0.0,5.530043287007115,5.12038371015597,-0.40965957685114507,0.12210895414470194,0.28977728685788046,,,800
200000,638,OBM_RR,2.0,5.530043287007115,5.513210237509157,-0.01683304949795783,0.5204654906889008,0.5200982603809403,5.513210237509157,0.5200982603809403,800
200000,638,OBM_RR,3.0,5.530043287007115,5.495962518200611,-0.034080768806504125,0.6540315436229428,0.6543755029958567,5.495962518200611,0.6543755029958567,800
200000,638,OBM_RR,4.0,5.530043287007115,5.490429536234833,-0.0396137507722818,0.7730708934882599,0.7736738041216481,5.490429536234833,0.7736738041216481,800
200000,708,OBM,0.0,5.530043287007115,5.161874303482747,-0.36816898352436844,0.13628153165992254,0.27165958017471475,,,800
200000,708,OBM_RR,2.0,5.530043287007115,5.505179340730809,-0.02486394627630606,0.5786104185653796,0.578505371366604,5.505179340730809,0.578505371366604,800
200000,708,OBM_RR,3.0,5.530043287007115,5.490658925058614,-0.03938436194850059,0.7219932504996648,0.722641886902631,5.490658925058614,0.722641886902631,800
200000,708,OBM_RR,4.0,5.530043287007115,5.4871944650577,-0.04284882194941542,0.8540846615181813,0.8548530772337364,5.4871944650577,0.8548530772337364,800
200000,784,OBM,0.0,5.530043287007115,5.198120418956107,-0.33192286805100757,0.15204588885628828,0.26202862183042513,,,800
200000,784,OBM_RR,2.0,5.530043287007115,5.4972940458957416,-0.03274924111137345,0.6439655788737909,0.6442331346935696,5.4972940458957416,0.6442331346935696,800
200000,784,OBM_RR,3.0,5.530043287007115,5.486612311326303,-0.043430975680812445,0.7949690154068827,0.7958615537862115,5.486612311326303,0.7958615537862115,800
200000,784,OBM_RR,4.0,5.530043287007115,5.484545827712578,-0.045497459294536746,0.9451599083449614,0.9460484772617883,5.484545827712578,0.9460484772617883,800
200000,869,OBM,0.0,5.530043287007115,5.230578377427248,-0.29946490957986693,0.1697842321546357,0.25925123393411964,,,800
200000,869,OBM_RR,2.0,5.530043287007115,5.48987194294708,-0.04017134406003464,0.716008349117415,0.7167270755646078,5.48987194294708,0.7167270755646078,800
200000,869,OBM_RR,3.0,5.530043287007115,5.484216364983605,-0.04582692202350991,0.8758134817096623,0.8768188216396741,5.484216364983605,0.8768188216396741,800
200000,869,OBM_RR,4.0,5.530043287007115,5.484598282332622,-0.04544500467449275,1.049839345145038,1.0505922944134714,5.484598282332622,1.0505922944134714,800
200000,963,OBM,0.0,5.530043287007115,5.2587870209089855,-0.2712562660981295,0.1896803226353539,0.26302318412955983,,,800
200000,963,OBM_RR,2.0,5.530043287007115,5.484061668093372,-0.04598161891374275,0.7900692078954253,0.7911959306634845,5.484061668093372,0.7911959306634845,800
200000,963,OBM_RR,3.0,5.530043287007115,5.481240192430428,-0.0488030945766873,0.9657657207455118,0.966940255634841,5.481240192430428,0.966940255634841,800
200000,963,OBM_RR,4.0,5.530043287007115,5.4841150785316195,-0.0459282084754955,1.163945554462089,1.16460002285278,5.4841150785316195,1.16460002285278,800
200000,1068,OBM,0.0,5.530043287007115,5.2828779500175935,-0.24716533698952148,0.21197773118490554,0.2728034628300684,,,800
200000,1068,OBM_RR,2.0,5.530043287007115,5.4802757021126896,-0.049767584894425454,0.8693646832323398,0.8707547898845232,5.4802757021126896,0.8707547898845232,800
200000,1068,OBM_RR,3.0,5.530043287007115,5.4806917256813446,-0.049351561325770454,1.0699500223612413,1.071048161438581,5.4806917256813446,1.071048161438581,800
200000,1068,OBM_RR,4.0,5.530043287007115,5.4811583157745565,-0.04888497123255853,1.2932696639889187,1.2940428173213405,5.4811583157745565,1.2940428173213405,800
200000,1184,OBM,0.0,5.530043287007115,5.303471706829352,-0.22657158017776258,0.23630744923368263,0.28734674586638875,,,800
200000,1184,OBM_RR,2.0,5.530043287007115,5.478697623626666,-0.05134566338044877,0.9558516093156273,0.9572931719519611,5.478697623626666,0.9572931719519611,800
200000,1184,OBM_RR,3.0,5.530043287007115,5.4820298608220135,-0.048013426185101515,1.1885904640528195,1.1894100150667857,5.4820298608220135,1.1894100150667857,800
200000,1184,OBM_RR,4.0,5.530043287007115,5.478185839871546,-0.05185744713556861,1.4460636960630209,1.4469453112663604,5.478185839871546,1.4469453112663604,800
200000,1312,OBM,0.0,5.530043287007115,5.321423754186753,-0.20861953282036172,0.2629089557999566,0.3061024290793928,,,800
200000,1312,OBM_RR,2.0,5.530043287007115,5.478940294765121,-0.05110299224199366,1.0503070114135336,1.051605643465352,5.478940294765121,1.051605643465352,800
200000,1312,OBM_RR,3.0,5.530043287007115,5.482627898490643,-0.04741538851647231,1.3163516045773405,1.316954384139787,5.482627898490643,1.316954384139787,800
200000,1312,OBM_RR,4.0,5.530043287007115,5.4716616083065075,-0.05838167870060751,1.6321954300255719,1.633563606145941,5.4716616083065075,1.633563606145941,800
200000,1454,OBM,0.0,5.530043287007115,5.337440771448635,-0.1926025155584803,0.29304784181016824,0.3297772610073604,,,800
200000,1454,OBM_RR,2.0,5.530043287007115,5.4775392948205806,-0.052503992186534454,1.1553351457220877,1.1566476459854587,5.4775392948205806,1.1566476459854587,800
200000,1454,OBM_RR,3.0,5.530043287007115,5.479538919250478,-0.0505043677566368,1.464506250307308,1.4652263086569215,5.479538919250478,1.4652263086569215,800
200000,1454,OBM_RR,4.0,5.530043287007115,5.462933815575659,-0.06710947143145596,1.8466411861954963,1.8488365658685615,5.462933815575659,1.8488365658685615,800
200000,1612,OBM,0.0,5.530043287007115,5.351241317617068,-0.17880196939004733,0.32740335350266453,0.35896424356854595,,,800
200000,1612,OBM_RR,2.0,5.530043287007115,5.479341793491269,-0.050701493515846074,1.2786006474108875,1.2795730380463612,5.479341793491269,1.2795730380463612,800
200000,1612,OBM_RR,3.0,5.530043287007115,5.47669134431349,-0.05335194269362464,1.6428253691458539,1.6436182672236055,5.47669134431349,1.6436182672236055,800
200000,1612,OBM_RR,4.0,5.530043287007115,5.449484756640941,-0.080558530366174,2.076014860777278,2.0799095190160646,5.449484756640941,2.0799095190160646,800
200000,1786,OBM,0.0,5.530043287007115,5.3632478620993105,-0.16679542490780452,0.36404514568205215,0.39141080302012454,,,800
200000,1786,OBM_RR,2.0,5.530043287007115,5.482481801603435,-0.04756148540367988,1.4225019800692493,1.4229859474879674,5.482481801603435,1.4229859474879674,800
200000,1786,OBM_RR,3.0,5.530043287007115,5.469050284859938,-0.0609930021471774,1.860098649691461,1.861493672690272,5.469050284859938,1.861493672690272,800
200000,1786,OBM_RR,4.0,5.530043287007115,5.432370554232196,-0.09767273277491917,2.3101806177989763,2.3168328547544483,5.432370554232196,2.3168328547544483,800
200000,1980,OBM,0.0,5.530043287007115,5.374307708750431,-0.15573557825668427,0.4026844472408981,0.4264346620167906,,,800
200000,1980,OBM_RR,2.0,5.530043287007115,5.484058803928076,-0.045984483079038796,1.5805923385562815,1.5807311708171325,5.484058803928076,1.5807311708171325,800
200000,1980,OBM_RR,3.0,5.530043287007115,5.458569050568303,-0.0714742364388119,2.1091347595744443,2.1116069075994877,5.458569050568303,2.1116069075994877,800
200000,1980,OBM_RR,4.0,5.530043287007115,5.408874542561434,-0.12116874444568104,2.5620582630886664,2.5735375548903483,5.408874542561434,2.5735375548903483,800
200000,2195,OBM,0.0,5.530043287007115,5.384060303891008,-0.1459829831161068,0.4450548237077373,0.46580953653758045,,,800
200000,2195,OBM_RR,2.0,5.530043287007115,5.4806504576955355,-0.04939282931157951,1.7665796336181552,1.766811060663535,5.4806504576955355,1.766811060663535,800
200000,2195,OBM_RR,3.0,5.530043287007115,5.442961345004304,-0.08708194200281127,2.3718537997425893,2.3764722471158923,5.442961345004304,2.3764722471158923,800
200000,2195,OBM_RR,4.0,5.530043287007115,5.381037656755313,-0.1490056302518017,2.8258625268520396,2.844532876540211,5.381037656755313,2.844532876540211,800
200000,2432,OBM,0.0,5.530043287007115,5.393550966756937,-0.136492320250178,0.4913098454628593,0.5093258616433078,,,800
200000,2432,OBM_RR,2.0,5.530043287007115,5.476287814077287,-0.05375547292982841,1.9967087096779363,1.997102474660748,5.476287814077287,1.997102474660748,800
200000,2432,OBM_RR,3.0,5.530043287007115,5.421940510589038,-0.10810277641807708,2.6394519113148673,2.6478388066950207,5.421940510589038,2.6478388066950207,800
200000,2432,OBM_RR,4.0,5.530043287007115,5.351099427622522,-0.17894385938459312,3.1281937471047203,3.1563044097322916,5.351099427622522,3.1563044097322916,800
200000,2696,OBM,0.0,5.530043287007115,5.4023214629444105,-0.1277218240627045,0.5428784794045637,0.5585127456472125,,,800
200000,2696,OBM_RR,2.0,5.530043287007115,5.465053070738659,-0.06499021626845636,2.278781163526319,2.2801564152825313,5.465053070738659,2.2801564152825313,800
200000,2696,OBM_RR,3.0,5.530043287007115,5.393651443637502,-0.13639184336961296,2.9246934229527706,2.93964029111184,5.393651443637502,2.93964029111184,800
200000,2696,OBM_RR,4.0,5.530043287007115,5.320147794473035,-0.2098954925340797,3.4742375002592354,3.513950821170035,5.320147794473035,3.513950821170035,800
200000,2988,OBM,0.0,5.530043287007115,5.409234151368483,-0.12080913563863227,0.6006912391425152,0.6145352223473405,,,800
200000,2988,OBM_RR,2.0,5.530043287007115,5.451061196869011,-0.07898209013810398,2.5959572200120054,2.598950444049574,5.451061196869011,2.598950444049574,800
200000,2988,OBM_RR,3.0,5.530043287007115,5.361403557368143,-0.1686397296389721,3.227883522927053,3.2522880269360996,5.361403557368143,3.2522880269360996,800
200000,2988,OBM_RR,4.0,5.530043287007115,5.284467657208179,-0.2455756297989362,3.8610312088802354,3.9165123098202788,5.284467657208179,3.9165123098202788,800
200000,3312,OBM,0.0,5.530043287007115,5.4175938853581656,-0.11244940164894945,0.6671912610211849,0.6790021398761152,,,800
200000,3312,OBM_RR,2.0,5.530043287007115,5.428097324507638,-0.10194596249947718,2.925992775958711,2.932728264258707,5.428097324507638,2.932728264258707,800
200000,3312,OBM_RR,3.0,5.530043287007115,5.3280453751029,-0.2019979119042148,3.578162860931283,3.6144933137687816,5.3280453751029,3.6144933137687816,800
200000,3312,OBM_RR,4.0,5.530043287007115,5.243238550166373,-0.28680473684074226,4.278779588049893,4.3556880706391174,5.243238550166373,4.3556880706391174,800
200000,3671,OBM,0.0,5.530043287007115,5.42464885239714,-0.10539443460997511,0.7419514538351075,0.75213200136457,,,800
200000,3671,OBM_RR,2.0,5.530043287007115,5.398651300411049,-0.131391986596066,3.257995663644392,3.2711870232064966,5.398651300411049,3.2711870232064966,800
200000,3671,OBM_RR,3.0,5.530043287007115,5.291465126631522,-0.2385781603755932,3.9744966782968856,4.0264480960572175,5.291465126631522,4.0264480960572175,800
200000,3671,OBM_RR,4.0,5.530043287007115,5.193722996464786,-0.3363202905423286,4.7130454294549615,4.820265460498621,5.193722996464786,4.820265460498621,800
200000,4068,OBM,0.0,5.530043287007115,5.430293295374156,-0.09974999163295895,0.82239063248618,0.8313127050263478,,,800
200000,4068,OBM_RR,2.0,5.530043287007115,5.360736017177809,-0.16930726982930633,3.600132706010362,3.624297491744903,5.360736017177809,3.624297491744903,800
200000,4068,OBM_RR,3.0,5.530043287007115,5.249996674438405,-0.28004661256871,4.413400979437662,4.486310333424574,5.249996674438405,4.486310333424574,800
200000,4068,OBM_RR,4.0,5.530043287007115,5.134727154383662,-0.3953161326234529,5.12962463041018,5.279487444334531,5.134727154383662,5.279487444334531,800
200000,4509,OBM,0.0,5.530043287007115,5.433103880395169,-0.09693940661194578,0.9162413075908081,0.9244932545105959,,,800
200000,4509,OBM_RR,2.0,5.530043287007115,5.3190328666587625,-0.2110104203483525,3.9516706685224503,3.9912564776823864,5.3190328666587625,3.9912564776823864,800
200000,4509,OBM_RR,3.0,5.530043287007115,5.204203095478731,-0.3258401915283837,4.8765551525485344,4.976631289023103,5.204203095478731,4.976631289023103,800
200000,4509,OBM_RR,4.0,5.530043287007115,5.064117591621172,-0.465925695385943,5.572006339395776,5.782128085092407,5.064117591621172,5.782128085092407,800
200000,4998,OBM,0.0,5.530043287007115,5.434815877478884,-0.09522740952823128,1.0286856557742348,1.0364680582299746,,,800
200000,4998,OBM_RR,2.0,5.530043287007115,5.278750542409666,-0.2512927445974489,4.346681114509762,4.404395806603943,5.278750542409666,4.404395806603943,800
200000,4998,OBM_RR,3.0,5.530043287007115,5.14757911890896,-0.38246416809815464,5.34519395060967,5.484791298050422,5.14757911890896,5.484791298050422,800
200000,4998,OBM_RR,4.0,5.530043287007115,4.9851375549452985,-0.5449057320618165,6.005240581938291,6.294656288044693,4.9851375549452985,6.294656288044693,800
200000,5539,OBM,0.0,5.530043287007115,5.433118433410339,-0.09692485359677594,1.1625674975013855,1.1705087153742655,,,800
200000,5539,OBM_RR,2.0,5.530043287007115,5.235890057995846,-0.29415322901126917,4.7901184204444665,4.870656894556667,5.235890057995846,4.870656894556667,800
200000,5539,OBM_RR,3.0,5.530043287007115,5.081108035928908,-0.44893525107820675,5.791665418101736,5.985968695989762,5.081108035928908,5.985968695989762,800
200000,5539,OBM_RR,4.0,5.530043287007115,4.9045467597629155,-0.6254965272441995,6.472356500380771,6.855511960349848,4.9045467597629155,6.855511960349848,800
200000,6139,OBM,0.0,5.530043287007115,5.428569364850736,-0.10147392215637918,1.308572854329776,1.3172340951396626,,,800
200000,6139,OBM_RR,2.0,5.530043287007115,5.188240809257723,-0.34180247774939243,5.302001640285978,5.412203072031244,5.188240809257723,5.412203072031244,800
200000,6139,OBM_RR,3.0,5.530043287007115,5.002225588187708,-0.5278176988194074,6.277667653850437,6.548412092470139,5.002225588187708,6.548412092470139,800
200000,6139,OBM_RR,4.0,5.530043287007115,4.819240967717502,-0.7108023192896127,7.013834830296303,7.510307473865925,4.819240967717502,7.510307473865925,800
200000,6804,OBM,0.0,5.530043287007115,5.420352916468181,-0.10969037053893427,1.462168324528178,1.4723725915114867,,,800
200000,6804,OBM_RR,2.0,5.530043287007115,5.136879912323918,-0.39316337468319684,5.861561573086793,6.008812060312714,5.136879912323918,6.008812060312714,800
200000,6804,OBM_RR,3.0,5.530043287007115,4.917645333948903,-0.6123979530582124,6.7628993112831886,7.129476940053973,4.917645333948903,7.129476940053973,800
200000,6804,OBM_RR,4.0,5.530043287007115,4.718601502272091,-0.8114417847350239,7.599253139847668,8.24819184343682,4.718601502272091,8.24819184343682,800
200000,7542,OBM,0.0,5.530043287007115,5.408087219728206,-0.12195606727890862,1.6225951282172872,1.6354401666531533,,,800
200000,7542,OBM_RR,2.0,5.530043287007115,5.073955134989617,-0.4560881520174984,6.440316448308726,6.640282455159077,5.074474545614594,6.634368416159073,800
200000,7542,OBM_RR,3.0,5.530043287007115,4.8321514277527795,-0.6978918592543355,7.310521644501965,7.78843653965981,4.8322881482552615,7.786909445069289,800
200000,7542,OBM_RR,4.0,5.530043287007115,4.617804303214671,-0.9122389837924443,8.191098659542627,9.01303974976887,4.617841541809106,9.012626872831552,800
200000,8359,OBM,0.0,5.530043287007115,5.390774293861902,-0.13926899314521268,1.7908057827353674,1.8079631279586292,,,800
200000,8359,OBM_RR,2.0,5.530043287007115,5.000097150702513,-0.5299461363046021,7.009112990184706,7.28119450633115,5.000998779407762,7.270930977780958,800
200000,8359,OBM_RR,3.0,5.530043287007115,4.739694135628876,-0.7903491513782388,7.941242865914212,8.55596809341612,4.740008543105719,8.55245102556605,800
200000,8359,OBM_RR,4.0,5.530043287007115,4.501061568196943,-1.0289817188101722,8.729533095802578,9.777424557078364,4.501282070067738,9.774965420015139,800
200000,9264,OBM,0.0,5.530043287007115,5.370530989090512,-0.15951229791660282,1.9760355230515099,1.9990096518343308,,,800
200000,9264,OBM_RR,2.0,5.530043287007115,4.911383830030373,-0.6186594569767419,7.609063463699682,7.982291658076815,4.9127830203297576,7.966498791379066,800
200000,9264,OBM_RR,3.0,5.530043287007115,4.632045764160232,-0.8979975228468833,8.59113196388779,9.38679259997207,4.633335829584381,9.372071858144807,800
200000,9264,OBM_RR,4.0,5.530043287007115,4.372548226793668,-1.1574950602134466,9.203557184188055,10.53184755212635,4.373407659244081,10.522119733847203,800
200000,10268,OBM,0.0,5.530043287007115,5.351263282885217,-0.1787800041218981,2.190754138476691,2.2199779856774216,,,800
200000,10268,OBM_RR,2.0,5.530043287007115,4.812093748609652,-0.7179495383974626,8.165123861594425,8.670368996452561,4.814344197629303,8.644470839584194,800
200000,10268,OBM_RR,3.0,5.530043287007115,4.521287423507963,-1.008755863499152,9.209844526104636,10.215920612590926,4.523440710161881,10.191045208223903,800
200000,10268,OBM_RR,4.0,5.530043287007115,4.225972714040908,-1.3040705729662072,9.645209293423594,11.333752841083223,4.227888566954213,11.311677283634472,800
200000,11381,OBM,0.0,5.530043287007115,5.328060609844585,-0.2019826771625297,2.429189463533436,2.4669499785777615,,,800
200000,11381,OBM_RR,2.0,5.530043287007115,4.712808239139779,-0.817235047867336,8.787929360035461,9.444817571798144,4.718020599857133,9.384158777351766,800
200000,11381,OBM_RR,3.0,5.530043287007115,4.390461310442728,-1.1395819765643873,9.77856261302822,11.064986491072332,4.394715448987203,11.015376543869358,800
200000,11381,OBM_RR,4.0,5.530043287007115,4.061059738944998,-1.4689835480621172,10.134867146896413,12.280111227439956,4.064100182467037,12.244769346205794,800
200000,12614,OBM,0.0,5.530043287007115,5.3009089890400425,-0.22913429796707252,2.6949958079551073,2.744129589700027,,,800
200000,12614,OBM_RR,2.0,5.530043287007115,4.603833016324341,-0.9262102706827742,9.509158404871169,10.355137422383336,4.61247807773442,10.25299580407548,800
200000,12614,OBM_RR,3.0,5.530043287007115,4.250164746188137,-1.2798785408189781,10.260669813030228,11.885933055012856,4.257543154666442,11.798951343580665,800
200000,12614,OBM_RR,4.0,5.530043287007115,3.874355262333938,-1.6556880246731769,10.547227951317893,13.275346751424912,3.879938207800756,13.210343032469664,800
200000,13980,OBM,0.0,5.530043287007115,5.269664215722718,-0.2603790712843974,2.9760156983448014,3.0400929394847958,,,800
200000,13980,OBM_RR,2.0,5.530043287007115,4.47789665141958,-1.052146635587535,10.254157047617458,11.348351894086106,4.490284324102657,11.201138880354742,800
200000,13980,OBM_RR,3.0,5.530043287007115,4.087812864606474,-1.442230422400641,10.730355748242758,12.796971394855383,4.09603014047926,12.69929866377597,800
200000,13980,OBM_RR,4.0,5.530043287007115,3.650802433811872,-1.8792408531952431,10.801859627477507,14.319903487261145,3.663458487410887,14.167446229596585,800
200000,15495,OBM,0.0,5.530043287007115,5.230431120045658,-0.29961216696145687,3.261231850836014,3.3469227616138086,,,800
200000,15495,OBM_RR,2.0,5.530043287007115,4.355012487447807,-1.1750307995593081,10.952744557929718,12.319751007145292,4.371022955579886,12.126580800784131,800
200000,15495,OBM_RR,3.0,5.530043287007115,3.910351268109346,-1.6196920188977688,11.273555735646072,13.882866027057643,3.9243698795976325,13.717683288099376,800
200000,15495,OBM_RR,4.0,5.530043287007115,3.4098492667482834,-2.1201940202588316,10.7952969054505,15.277025467859994,3.42808178625769,15.054784741882923,800
200000,17173,OBM,0.0,5.530043287007115,5.181852621000139,-0.34819066600697557,3.548164354514958,3.664965888966196,,,800
200000,17173,OBM_RR,2.0,5.530043287007115,4.2123627646037,-1.317680522403415,11.626676466860106,13.348425080397865,4.236484996688397,13.049727284369906,800
200000,17173,OBM_RR,3.0,5.530043287007115,3.7042357881591523,-1.8258074988479627,11.722976148866236,15.041895451529609,3.7293948696578156,14.736082446687647,800
200000,17173,OBM_RR,4.0,5.530043287007115,3.1479463429371948,-2.3820969440699202,10.446516327485936,16.10784403302383,3.170421348447669,15.84132847941902,800
200000,19034,OBM,0.0,5.530043287007115,5.125680954660329,-0.4043623323467864,3.847583522643619,4.006282939061247,,,800
200000,19034,OBM_RR,2.0,5.530043287007115,4.062576421668907,-1.4674668653382081,12.211927523566837,14.350121615027923,4.096819864013221,13.925311561493428,800
200000,19034,OBM_RR,3.0,5.530043287007115,3.4636680552976844,-2.0663752317094306,11.968427652588332,16.2233737162448,3.501082388002124,15.754822221782124,800
200000,19034,OBM_RR,4.0,5.530043287007115,2.8825409631116257,-2.6475023238954893,9.8270402168292,16.82402497159018,2.9154075383931772,16.441939097171613,800
200000,21096,OBM,0.0,5.530043287007115,5.066099880643327,-0.4639434063637884,4.157656502084911,4.36770291576574,,,800
200000,21096,OBM_RR,2.0,5.530043287007115,3.8825074504636428,-1.6475358365434722,12.820319912896874,15.51866884570075,3.927371191805914,14.965421512284411,800
200000,21096,OBM_RR,3.0,5.530043287007115,3.2023955139994142,-2.3276477730077008,11.84459955991421,17.247737965652025,3.250474435206452,16.647595345697415,800
200000,21096,OBM_RR,4.0,5.530043287007115,2.5934554069940225,-2.9365878800130925,8.956856442864858,17.569208749351063,2.644584240180996,16.96395977960463,800
200000,23382,OBM,0.0,5.530043287007115,5.00379187757704,-0.526251409430075,4.501880321805866,4.773193517330749,,,800
200000,23382,OBM_RR,2.0,5.530043287007115,3.6808612947803603,-1.8491819922267547,13.519322924711709,16.92189781143153,3.752306285482797,16.020082752586596,800
200000,23382,OBM_RR,3.0,5.530043287007115,2.919039606002494,-2.611003681004621,11.301057959357582,18.104271859128062,2.9852528701950485,17.30243332044433,800
200000,23382,OBM_RR,4.0,5.530043287007115,2.25730838627363,-3.272734900733485,7.569760783837632,18.271092313336847,2.3256790664184788,17.454628154091015,800
200000,25915,OBM,0.0,5.530043287007115,4.931939883208507,-0.5981034037986079,4.890965232319431,5.242579207414512,,,800
200000,25915,OBM_RR,2.0,5.530043287007115,3.441404658151589,-2.088638628855526,13.958627158386257,18.303590196385763,3.5374652638319106,17.052255287208762,800
200000,25915,OBM_RR,3.0,5.530043287007115,2.6329297827493336,-2.8971135042577814,10.443164865156747,18.823377565628107,2.729905540554122,17.646565542635287,800
200000,25915,OBM_RR,4.0,5.530043287007115,1.8934218559499962,-3.6366214310571188,6.037540997746836,19.255009504323578,1.9734173066165022,18.300292675377793,800
200000,28722,OBM,0.0,5.530043287007115,4.853576190450109,-0.6764670965570057,5.286294847620505,5.737294711785246,,,800
200000,28722,OBM_RR,2.0,5.530043287007115,3.1597846907400293,-2.3702585962670857,14.128430019747334,19.728895295400665,3.290079574213349,18.00463739109231,800
200000,28722,OBM_RR,3.0,5.530043287007115,2.311600025460842,-3.218443261546273,9.273104981432137,19.619890627997957,2.4404762874800743,18.0208770242595,800
200000,28722,OBM_RR,4.0,5.530043287007115,1.4890928821988938,-4.040950404808221,4.851164879053026,21.174381097073933,1.6039151289070779,19.796411330630363,800
200000,31834,OBM,0.0,5.530043287007115,4.76849812124554,-0.761545165761575,5.668832167657011,6.241697166942264,,,800
200000,31834,OBM_RR,2.0,5.530043287007115,2.85480113086279,-2.675242156144325,13.709086719591374,20.84887095520362,3.0298366644947508,18.557908584231406,800
200000,31834,OBM_RR,3.0,5.530043287007115,1.944643789256387,-3.585399497750728,7.50585376337209,20.35156100463905,2.093920785500731,18.4918855927189,800
200000,31834,OBM_RR,4.0,5.530043287007115,1.0561018952261378,-4.473941391780977,3.823322985815203,23.834695409174042,1.235380552134069,21.657092341523995,800
200000,35283,OBM,0.0,5.530043287007115,4.6706919662629796,-0.8593513207441354,6.020349590069904,6.7513088455470065,,,800
200000,35283,OBM_RR,2.0,5.530043287007115,2.53253678529742,-2.997506501709695,12.816317640022097,21.78534247076396,2.755854194439655,18.85496340664854,800
200000,35283,OBM_RR,3.0,5.530043287007115,1.5497587692316233,-3.980284517775492,5.8823771493252845,21.71768902033191,1.7206638743978018,19.59715171222947,800
200000,35283,OBM_RR,4.0,5.530043287007115,0.5735765672150269,-4.956466719792088,2.736507805789222,27.299649515438528,0.849112308988042,23.89490239181547,800
200000,39105,OBM,0.0,5.530043287007115,4.565006651581594,-0.9650366354255207,6.3404473788074,7.263817527297299,,,800
200000,39105,OBM_RR,2.0,5.530043287007115,2.2086125513362083,-3.3214307356709067,11.64590475942373,22.663249510333834,2.482612296506458,18.959723018187525,800
200000,39105,OBM_RR,3.0,5.530043287007115,1.1086956064649527,-4.421347680542162,4.849656311568145,24.391909553414244,1.3502152404908139,21.36891587189401,800
200000,39105,OBM_RR,4.0,5.530043287007115,0.03650766404380838,-5.493535622963306,1.8300402016092436,32.00668629212408,0.49007403905100344,26.331317898826338,800
200000,40000,OBM,0.0,5.530043287007115,4.539098139838271,-0.9909451471688442,6.407833692092483,7.381796184674849,,,800
200000,40000,OBM_RR,2.0,5.530043287007115,2.136653964656476,-3.393389322350639,11.370629641202896,22.871507447194727,2.4235881806134882,18.96895695909128,800
200000,40000,OBM_RR,3.0,5.530043287007115,1.0118085360793188,-4.518234750927796,4.6775197268883195,25.086118091721275,1.2742053563972862,21.786165890112787,800
200000,40000,OBM_RR,4.0,5.530043287007115,-0.0813171429566899,-5.6113604299638045,1.6730900079760262,33.15836452042963,0.4265799433109818,26.78029348695642,800
300000,6,OBM,0.0,5.530043287007115,0.3020285089947742,-5.228014778012341,3.658422546640645e-05,27.332175057610613,,,800
300000,6,OBM_RR,2.0,5.530043287007115,0.8501609872919235,-4.679882299715191,0.0003256529602555814,21.901623585081605,0.8501609872919235,21.901623585081605,800
300000,6,OBM_RR,3.0,5.530043287007115,1.0883710579668673,-4.441672229040248,0.0005716793853190481,19.72902315501345,1.0883710579668673,19.72902315501345,800
300000,6,OBM_RR,4.0,5.530043287007115,1.3066095605176944,-4.223433726489421,0.0008796293053506804,17.838270971817032,1.3066095605176944,17.838270971817032,800
300000,7,OBM,0.0,5.530043287007115,0.34950800060773857,-5.180535286399376,4.9746711397500615e-05,26.837995538157074,,,800
300000,7,OBM_RR,2.0,5.530043287007115,0.9744558586268031,-4.555587428380312,0.0004411387534670018,20.753817404946773,0.9744558586268031,20.753817404946773,800
300000,7,OBM_RR,3.0,5.530043287007115,1.240217576194873,-4.2898257108122415,0.0007717977707522536,18.403375462169297,1.240217576194873,18.403375462169297,800
300000,7,OBM_RR,4.0,5.530043287007115,1.4806619251119506,-4.049381361895165,0.0011824933953682875,16.39867042934256,1.4806619251119506,16.39867042934256,800
300000,8,OBM,0.0,5.530043287007115,0.3962445248445505,-5.133798762162565,6.489913016363821e-05,26.355954548388127,,,800
300000,8,OBM_RR,2.0,5.530043287007115,1.0944217836704007,-4.435621503336714,0.0005731786274707095,19.67531058301724,1.0944217836704007,19.67531058301724,800
300000,8,OBM_RR,3.0,5.530043287007115,1.3850741840331715,-4.144969102973944,0.0009991828468417904,17.181766798476904,1.3850741840331715,17.181766798476904,800
300000,8,OBM_RR,4.0,5.530043287007115,1.6448795843372794,-3.8851637026698356,0.0015238363388505034,15.096018928086615,1.6448795843372794,15.096018928086615,800
300000,9,OBM,0.0,5.530043287007115,0.4422551663057827,-5.087788120701332,8.202703281755105e-05,25.88566988564862,,,800
300000,9,OBM_RR,2.0,5.530043287007115,1.2102585836465565,-4.3197847033605585,0.0007213901341743257,18.661260371784373,1.2102585836465565,18.661260371784373,800
300000,9,OBM_RR,3.0,5.530043287007115,1.5233780447945935,-4.006665242212522,0.0012525942543384241,16.054617391665445,1.5233780447945935,16.054617391665445,800
300000,9,OBM_RR,4.0,5.530043287007115,1.800020077601493,-3.730023209405622,0.0019012602086547748,13.914972026338011,1.800020077601493,13.914972026338011,800
300000,10,OBM,0.0,5.530043287007115,0.4875564579006557,-5.042486829106459,0.0001011153295755201,25.426774410647532,,,800
300000,10,OBM_RR,2.0,5.530043287007115,1.322155430939966,-4.207887856067149,0.0008853803246389516,17.707204482836623,1.322155430939966,17.707204482836623,800
300000,10,OBM_RR,3.0,5.530043287007115,1.655529503794348,-3.874513783212767,0.0015307849686022387,15.013385927793099,1.655529503794348,15.013385927793099,800
300000,10,OBM_RR,4.0,5.530043287007115,1.9467666408669453,-3.5832766461401695,0.0023122204157248155,12.842180852913748,1.9467666408669453,12.842180852913748,800
300000,11,OBM,0.0,5.530043287007115,0.5321644717682881,-4.997878815238827,0.00012214844543197314,24.978914647572932,,,800
300000,11,OBM_RR,2.0,5.530043287007115,1.4302909664693289,-4.099752320537786,0.0010646891000738316,16.809032447993662,1.4302909664693289,16.809032447993662,800
300000,11,OBM_RR,3.0,5.530043287007115,1.7818970674097578,-3.7481462195973574,0.0018325554266197888,14.050430348214295,1.7818970674097578,14.050430348214295,800
300000,11,OBM_RR,4.0,5.530043287007115,2.085740660935743,-3.444302626071372,0.0027541320644188286,11.865971269361488,2.085740660935743,11.865971269361488,800
300000,12,OBM,0.0,5.530043287007115,0.5760947481433488,-4.9539485388637665,0.00014510826631718046,24.541751052591426,,,800
300000,12,OBM_RR,2.0,5.530043287007115,1.53483384713058,-3.995209439876535,0.0012588221104668424,15.962955717061407,1.53483384713058,15.962955717061407,800
300000,12,OBM_RR,3.0,5.530043287007115,1.9028209005946737,-3.6272223864124413,0.002156741357561404,13.158896285922431,1.9028209005946737,13.158896285922431,800
300000,12,OBM_RR,4.0,5.530043287007115,2.2175036149090803,-3.3125396720980347,0.003224885677143783,10.976139933793402,2.2175036149090803,10.976139933793402,800
300000,13,OBM,0.0,5.530043287007115,0.6193623712412413,-4.910680915765874,0.00016997740294782786,24.114956821398355,,,800
300000,13,OBM_RR,2.0,5.530043287007115,1.6359421239582679,-3.8941011630488473,0.0014672729405321517,15.16548930690774,1.6359421239582679,15.16548930690774,800
300000,13,OBM_RR,3.0,5.530043287007115,2.0186159823095013,-3.5114273046976137,0.002502068790984823,12.332620657380941,2.0186159823095013,12.332620657380941,800
300000,13,OBM_RR,4.0,5.530043287007115,2.3425625357290163,-3.1874807512780987,0.0037225402200715563,10.163751426813187,2.3425625357290163,10.163751426813187,800
300000,15,OBM,0.0,5.530043287007115,0.7039676206234798,-4.826075666383635,0.0002253718567817032,23.291231427802202,,,800
300000,15,OBM_RR,2.0,5.530043287007115,1.8284426897027544,-3.7016005973043606,0.0019251178708584297,13.703769693437518,1.8284426897027544,13.703769693437518,800
300000,15,OBM_RR,3.0,5.530043287007115,2.2359737859703883,-3.2940695010367267,0.0032510857916385498,10.85414089959475,2.2359737859703883,10.85414089959475,800
300000,15,OBM_RR,4.0,5.530043287007115,2.5743589868373498,-2.9556843001697652,0.0047906148154441466,8.740854308816957,2.5743589868373498,8.740854308816957,800
300000,17,OBM,0.0,5.530043287007115,0.7860919037694984,-4.743951383237617,0.0002881836599050309,22.505362549952423,,,800
300000,17,OBM_RR,2.0,5.530043287007115,2.0088882093872713,-3.5211550776198437,0.002434342537211416,12.400964380257046,2.0088882093872713,12.400964380257046,800
300000,17,OBM_RR,3.0,5.530043287007115,2.436069637187413,-3.093973649819702,0.004071125371485588,9.576738982243421,2.436069637187413,9.576738982243421,800
300000,17,OBM_RR,4.0,5.530043287007115,2.7843333456398147,-2.7457099413673003,0.005942858261266349,7.544858511811665,2.7843333456398147,7.544858511811665,800
300000,19,OBM,0.0,5.530043287007115,0.8658407859091622,-4.664202501097953,0.00035826336807396323,21.755142786787264,,,800
300000,19,OBM_RR,2.0,5.530043287007115,2.1782594447023467,-3.3517838423047683,0.00299110815809098,11.237442294808211,2.1782594447023467,11.237442294808211,800
300000,19,OBM_RR,3.0,5.530043287007115,2.6207023781369014,-2.9093409088702136,0.004954503252469274,8.469212834149163,2.6207023781369014,8.469212834149163,800
300000,19,OBM_RR,4.0,5.530043287007115,2.9751650591864336,-2.5548782278206814,0.007165178176879966,6.534558980696306,2.9751650591864336,6.534558980696306,800
300000,21,OBM,0.0,5.530043287007115,0.943314384332495,-4.58672890267462,0.00043544973665717897,21.03851693205521,,,800
300000,21,OBM_RR,2.0,5.530043287007115,2.3374417802759826,-3.1926015067311324,0.003591209180580992,10.196291100951003,2.3374417802759826,10.196291100951003,800
300000,21,OBM_RR,3.0,5.530043287007115,2.791426356193591,-2.738616930813524,0.005893553814460033,7.5059088806106775,2.791426356193591,7.5059088806106775,800
300000,21,OBM_RR,4.0,5.530043287007115,3.149110958239606,-2.380932328767509,0.00844761612225108,5.677275810772369,3.149110958239606,5.677275810772369,800
300000,23,OBM,0.0,5.530043287007115,1.0186073591682978,-4.511435927838817,0.0005195540210950324,20.353573035573458,,,800
300000,23,OBM_RR,2.0,5.530043287007115,2.487235265816526,-3.042808021190589,0.004231050458712388,9.262906415467425,2.487235265816526,9.262906415467425,800
300000,23,OBM_RR,3.0,5.530043287007115,2.9495992191558384,-2.5804440678512766,0.006881007157812487,6.665563993207709,2.9495992191558384,6.665563993207709,800
300000,23,OBM_RR,4.0,5.530043287007115,3.3080940900295683,-2.2219491969775467,0.009782789652874508,4.946828795114972,3.3080940900295683,4.946828795114972,800
300000,26,OBM,0.0,5.530043287007115,1.1276522475997546,-4.402391039407361,0.0006582614742185876,19.381704302501593,,,800
300000,26,OBM_RR,2.0,5.530043287007115,2.6958727416143917,-2.8341705453927233,0.005258937753675548,8.037775044453173,2.6958727416143917,8.037775044453173,800
300000,26,OBM_RR,3.0,5.530043287007115,3.165879566654029,-2.364163720353086,0.008439125402387162,5.59769867312938,3.165879566654029,5.59769867312938,800
300000,26,OBM_RR,4.0,5.530043287007115,3.522053355731698,-2.007989931275417,0.011867709113973548,4.043876438581034,3.522053355731698,4.043876438581034,800
300000,29,OBM,0.0,5.530043287007115,1.2322708046435196,-4.297772482363595,0.0008114427614823324,18.471658738619773,,,800
300000,29,OBM_RR,2.0,5.530043287007115,2.887112477597603,-2.642930809409512,0.006359772744164672,6.991435086354252,2.887112477597603,6.991435086354252,800
300000,29,OBM_RR,3.0,5.530043287007115,3.359976939959421,-2.170066347047694,0.010077030658370638,4.719252384958974,3.359976939959421,4.719252384958974,800
300000,29,OBM_RR,4.0,5.530043287007115,3.7106258414039566,-1.8194174456031584,0.014028442108850776,3.3242907479213364,3.7106258414039566,3.3242907479213364,800
300000,32,OBM,0.0,5.530043287007115,1.3327208194640974,-4.197322467543017,0.0009784485781516197,17.618493122058837,,,800
300000,32,OBM_RR,2.0,5.530043287007115,3.0627887990742546,-2.4672544879328604,0.007523715307301514,6.09485901888801,3.0627887990742546,6.09485901888801,800
300000,32,OBM_RR,3.0,5.530043287007115,3.5347507503103457,-1.9952925366967693,0.011783376033240783,3.992960953811029,3.5347507503103457,3.992960953811029,800
300000,32,OBM_RR,4.0,5.530043287007115,3.8775678671657112,-1.6524754198414038,0.016249828796022943,2.7469045296900516,3.8775678671657112,2.7469045296900516,800
300000,36,OBM,0.0,5.530043287007115,1.4605788497775654,-4.069464437229549,0.0012215560380397247,16.561760834969007,,,800
300000,36,OBM_RR,2.0,5.530043287007115,3.275537923609596,-2.254505363397519,0.009157833251858032,5.0919408195484746,3.275537923609596,5.0919408195484746,800
300000,36,OBM_RR,3.0,5.530043287007115,3.7418080008110364,-1.7882352861960786,0.014143199198305785,3.2119109589960795,3.7418080008110364,3.2119109589960795,800
300000,36,OBM_RR,4.0,5.530043287007115,4.071757963953595,-1.45828532305352,0.019301141777369416,2.145873098783456,4.071757963953595,2.145873098783456,800
300000,40,OBM,0.0,5.530043287007115,1.5819640951253728,-3.9480791918817424,0.0014865608352823685,15.588814008003828,,,800
300000,40,OBM_RR,2.0,5.530043287007115,3.466646458922138,-2.063396828084977,0.010870592823171167,4.268463474733286,3.466646458922138,4.268463474733286,800
300000,40,OBM_RR,3.0,5.530043287007115,3.9234214242493737,-1.6066218627577413,0.016576295708503826,2.5977893852300236,3.9234214242493737,2.5977893852300236,800
300000,40,OBM_RR,4.0,5.530043287007115,4.23879800982231,-1.2912452771848049,0.022442582307516338,1.6897288949316946,4.23879800982231,1.6897288949316946,800
300000,44,OBM,0.0,5.530043287007115,1.6973466136438793,-3.8326966733632357,0.00177185942987264,14.691333434615196,,,800
300000,44,OBM_RR,2.0,5.530043287007115,3.6388127815682925,-1.8912305054388225,0.012651987179742996,3.5893889968981534,3.6388127815682925,3.5893889968981534,800
300000,44,OBM_RR,3.0,5.530043287007115,4.083398204128645,-1.4466450828784696,0.01907210778453571,2.11183026346626,4.083398204128645,2.11183026346626,800
300000,44,OBM_RR,4.0,5.530043287007115,4.383337139585939,-1.1467061474211757,0.025654567496379767,1.3405574878205238,4.383337139585939,1.3405574878205238,800
300000,49,OBM,0.0,5.530043287007115,1.8337769221732412,-3.696266364833874,0.002155022075141644,13.664537368099769,,,800
300000,49,OBM_RR,2.0,5.530043287007115,3.830842796916011,-1.699200490091104,0.01496117466812996,2.902224778725643,3.830842796916011,2.902224778725643,800
300000,49,OBM_RR,3.0,5.530043287007115,4.25765838422976,-1.2723849027773548,0.022277874009862055,1.6412133674830889,4.25765838422976,1.6412133674830889,800
300000,49,OBM_RR,4.0,5.530043287007115,4.537920184306682,-0.9921231027004334,0.029742020292041805,1.0140130936786107,4.537920184306682,1.0140130936786107,800
300000,55,OBM,0.0,5.530043287007115,1.987022530165828,-3.543020756841287,0.0026505813557805248,12.55564335153729,,,800
300000,55,OBM_RR,2.0,5.530043287007115,4.032116212607752,-1.497927074399363,0.01782443613600846,2.261587675809473,4.032116212607752,2.261587675809473,800
300000,55,OBM_RR,3.0,5.530043287007115,4.435447010365639,-1.094596276641476,0.02622961865335616,1.2243378404674228,4.435447010365639,1.2243378404674228,800
300000,55,OBM_RR,4.0,5.530043287007115,4.692353602126417,-0.8376896848806981,0.03469920441399439,0.7363798385639991,4.692353602126417,0.7363798385639991,800
300000,61,OBM,0.0,5.530043287007115,2.1298963425044146,-3.4001469445027004,0.0031812082098415058,11.564176475910626,,,800
300000,61,OBM_RR,2.0,5.530043287007115,4.206496450763815,-1.3235468362432998,0.02076074691782207,1.7725110237138222,4.206496450763815,1.7725110237138222,800
300000,61,OBM_RR,3.0,5.530043287007115,4.585350436017084,-0.9446928509900312,0.03026843850091589,0.9226751856644634,4.585350436017084,0.9226751856644634,800
300000,61,OBM_RR,4.0,5.530043287007115,4.819731499267196,-0.7103117877399194,0.03966592974208375,0.5441591831321864,4.819731499267196,0.5441591831321864,800
300000,68,OBM,0.0,5.530043287007115,2.2847729851722356,-3.2452703018348794,0.0038392138845628433,10.535613746838658,,,800
300000,68,OBM_RR,2.0,5.530043287007115,4.381556944220148,-1.148486342786967,0.024271623016854583,1.3432621630562662,4.381556944220148,1.3432621630562662,800
300000,68,OBM_RR,3.0,5.530043287007115,4.7318082272553905,-0.7982350597517245,0.03505050057039836,0.6721858980615246,4.7318082272553905,0.6721858980615246,800
300000,68,OBM_RR,4.0,5.530043287007115,4.941535142522948,-0.5885081444841669,0.04548308998519863,0.39176807224691357,4.941535142522948,0.39176807224691357,800
300000,76,OBM,0.0,5.530043287007115,2.4478339908671156,-3.0822092961399994,0.0046354063457158855,9.504643757299613,,,800
300000,76,OBM_RR,2.0,5.530043287007115,4.550726502912229,-0.9793167840948858,0.028399819352360453,0.987425683188119,4.550726502912229,0.987425683188119,800
300000,76,OBM_RR,3.0,5.530043287007115,4.869189138709065,-0.6608541482980499,0.04054888684902058,0.4772264060632001,4.869189138709065,0.4772264060632001,800
300000,76,OBM_RR,4.0,5.530043287007115,5.053352401462412,-0.47669088554470296,0.05219623213468641,0.2793651872059111,5.053352401462412,0.2793651872059111,800
300000,84,OBM,0.0,5.530043287007115,2.5976618147628288,-2.9323814722442862,0.005472688426015261,8.60432694632705,,,800
300000,84,OBM_RR,2.0,5.530043287007115,4.692969771231549,-0.8370735157755664,0.03262580499118725,0.7332770935478149,4.692969771231549,0.7332770935478149,800
300000,84,OBM_RR,3.0,5.530043287007115,4.981276437926252,-0.548766849080863,0.04604447525516848,0.34713197431123816,4.981276437926252,0.34713197431123816,800
300000,84,OBM_RR,4.0,5.530043287007115,5.142697515015097,-0.3873457719920177,0.05893970573217915,0.20890277818010652,5.142697515015097,0.20890277818010652,800
300000,94,OBM,0.0,5.530043287007115,2.768550657473396,-2.761492629533719,0.006569650043089703,7.632402980949589,,,800
300000,94,OBM_RR,2.0,5.530043287007115,4.840391521590191,-0.6896517654169241,0.038005344195086964,0.5135773950575242,4.840391521590191,0.5135773950575242,800
300000,94,OBM_RR,3.0,5.530043287007115,5.093875858562894,-0.43616742844422074,0.05295824578315046,0.24313407361156614,5.093875858562894,0.24313407361156614,800
300000,94,OBM_RR,4.0,5.530043287007115,5.230630611792289,-0.2994126752148256,0.06738359478025112,0.15694731536607448,5.230630611792289,0.15694731536607448,800
300000,105,OBM,0.0,5.530043287007115,2.9381441852524985,-2.5918991017546165,0.007829879955959932,6.725761046282403,,,800
300000,105,OBM_RR,2.0,5.530043287007115,4.9716059982641605,-0.5584372887429545,0.04398344048547708,0.3557806666434523,4.9716059982641605,0.3557806666434523,800
300000,105,OBM_RR,3.0,5.530043287007115,5.190795849635524,-0.3392474373715908,0.06062085234914165,0.17563390004689722,5.190795849635524,0.17563390004689722,800
300000,105,OBM_RR,4.0,5.530043287007115,5.304785741348026,-0.22525754565908862,0.07660899737983157,0.12725419800946317,5.304785741348026,0.12725419800946317,800
300000,116,OBM,0.0,5.530043287007115,3.0910370822138473,-2.4390062047932677,0.009133956880214457,5.957873806454172,,,800
300000,116,OBM_RR,2.0,5.530043287007115,5.0773673484799495,-0.4526759385271655,0.049971472101414914,0.2548245130827387,5.0773673484799495,0.2548245130827387,800
300000,116,OBM_RR,3.0,5.530043287007115,5.266488618197224,-0.2635546688098911,0.06831711438919273,0.137692781447698,5.266488618197224,0.137692781447698,800
300000,116,OBM_RR,4.0,5.530043287007115,5.361974328275028,-0.16806895873208738,0.08577591117820328,0.11391586617851837,5.361974328275028,0.11391586617851837,800
300000,129,OBM,0.0,5.530043287007115,3.2531807350028386,-2.2768625520042765,0.010721791950991485,5.194811470430478,,,800
300000,129,OBM_RR,2.0,5.530043287007115,5.176981252071004,-0.3530620349361113,0.05703568658090468,0.1816171924859063,5.176981252071004,0.1816171924859063,800
300000,129,OBM_RR,3.0,5.530043287007115,5.335626955626112,-0.194416331381003,0.07740599876528462,0.11510695117447593,5.335626955626112,0.11510695117447593,800
300000,129,OBM_RR,4.0,5.530043287007115,5.413866645911213,-0.11617664109590198,0.0966865737857256,0.1100627275048193,5.413866645911213,0.1100627275048193,800
300000,144,OBM,0.0,5.530043287007115,3.4189631854095883,-2.1110801015975267,0.012613066370036556,4.469256495398099,,,800
300000,144,OBM_RR,2.0,5.530043287007115,5.26602936680058,-0.26401392020653525,0.06525283688656411,0.13487462090327917,5.26602936680058,0.13487462090327917,800
300000,144,OBM_RR,3.0,5.530043287007115,5.395612847685304,-0.13443043932181098,0.08779744979298268,0.10575924599699661,5.395612847685304,0.10575924599699661,800
300000,144,OBM_RR,4.0,5.530043287007115,5.4587277998670185,-0.0713154871400965,0.10925169708888337,0.11420103117355154,5.4587277998670185,0.11420103117355154,800
300000,160,OBM,0.0,5.530043287007115,3.574589531148076,-1.9554537558590388,0.014691698358300836,3.8384727250385744,,,800
300000,160,OBM_RR,2.0,5.530043287007115,5.338260836320912,-0.19178245068620292,0.07406460052031372,0.1107525281608686,5.338260836320912,0.1107525281608686,800
300000,160,OBM_RR,3.0,5.530043287007115,5.44325339333029,-0.08678989367682544,0.0988496815543686,0.10625860509686044,5.44325339333029,0.10625860509686044,800
300000,160,OBM_RR,4.0,5.530043287007115,5.494172977250486,-0.035870309756629304,0.12259711931214684,0.12373055203504321,5.494172977250486,0.12373055203504321,800
300000,178,OBM,0.0,5.530043287007115,3.727854114854549,-1.8021891721525658,0.017090080897480348,3.264954530520308,,,800
300000,178,OBM_RR,2.0,5.530043287007115,5.399069096652434,-0.1309741903546806,0.0840134974108415,0.10106271907814232,5.399069096652434,0.10106271907814232,800
300000,178,OBM_RR,3.0,5.530043287007115,5.48287849303789,-0.047164793969225016,0.1114122502512754,0.11349750272862082,5.48287849303789,0.11349750272862082,800
300000,178,OBM_RR,4.0,5.530043287007115,5.5237401867361875,-0.006303100270927509,0.1373181403189749,0.13718622171660158,5.5237401867361875,0.13718622171660158,800
300000,198,OBM,0.0,5.530043287007115,3.8757332734833825,-1.6543100135237325,0.01981056894573082,2.756527426579441,,,800
300000,198,OBM_RR,2.0,5.530043287007115,5.448418075837171,-0.08162521116994359,0.09503728521663692,0.1015811637086541,5.448418075837171,0.1015811637086541,800
300000,198,OBM_RR,3.0,5.530043287007115,5.514929955933865,-0.01511333107325008,0.1253226795686385,0.12539443899530733,5.514929955933865,0.12539443899530733,800
300000,198,OBM_RR,4.0,5.530043287007115,5.547293030355373,0.01724974334825813,0.1533821632155585,0.15348798915711984,5.547293030355373,0.15348798915711984,800
300000,221,OBM,0.0,5.530043287007115,4.021911758424197,-1.5081315285829184,0.022978577502198387,2.2974105617861706,,,800
300000,221,OBM_RR,2.0,5.530043287007115,5.489114674163893,-0.04092861284322158,0.10762223817188532,0.1091628617234408,5.489114674163893,0.1091628617234408,800
300000,221,OBM_RR,3.0,5.530043287007115,5.541436299352809,0.011393012345694231,0.14124738154618466,0.14120062304956107,5.541436299352809,0.14120062304956107,800
300000,221,OBM_RR,4.0,5.530043287007115,5.565635587467516,0.03559230046040085,0.17179957452408418,0.17285163690799252,5.565635587467516,0.17285163690799252,800
300000,245,OBM,0.0,5.530043287007115,4.152314582087394,-1.377728704919721,0.026299276716735813,1.9244027869806108,,,800
300000,245,OBM_RR,2.0,5.530043287007115,5.519483988844053,-0.010559298163062003,0.12085146234386855,0.12081189679363517,5.519483988844053,0.12081189679363517,800
300000,245,OBM_RR,3.0,5.530043287007115,5.561388112302693,0.03134482529557836,0.15754355063180547,0.15832911926632606,5.561388112302693,0.15832911926632606,800
300000,245,OBM_RR,4.0,5.530043287007115,5.578331436618418,0.04828814961130323,0.19047357103337342,0.19256722446246533,5.578331436618418,0.19256722446246533,800
300000,273,OBM,0.0,5.530043287007115,4.281596649693132,-1.2484466373139833,0.03019809854150184,1.5887793571389173,,,800
300000,273,OBM_RR,2.0,5.530043287007115,5.544732815543858,0.01468952853674299,0.13652491673758502,0.1365700428402948,5.544732815543858,0.1365700428402948,800
300000,273,OBM_RR,3.0,5.530043287007115,5.577296883388832,0.04725359638171689,0.1763781211018146,0.1783905508214436,5.577296883388832,0.1783905508214436,800
300000,273,OBM_RR,4.0,5.530043287007115,5.588357419020733,0.058314132013618014,0.21225988565990442,0.21539509879533117,5.588357419020733,0.21539509879533117,800
300000,304,OBM,0.0,5.530043287007115,4.401972798813588,-1.1280704881935266,0.03456164441508433,1.3070614686927473,,,800
300000,304,OBM_RR,2.0,5.530043287007115,5.564294942524807,0.03425165551769194,0.15387654306941984,0.1548573732962857,5.564294942524807,0.1548573732962857,800
300000,304,OBM_RR,3.0,5.530043287007115,5.588376740259096,0.05833345325198103,0.19690573206220674,0.20006239166543005,5.588376740259096,0.20006239166543005,800
300000,304,OBM_RR,4.0,5.530043287007115,5.595266800588875,0.06522351358175982,0.23627426868298518,0.24023303257108133,5.595266800588875,0.24023303257108133,800
300000,338,OBM,0.0,5.530043287007115,4.512404014881048,-1.0176392721260674,0.039376844957950734,1.0749173120750246,,,800
300000,338,OBM_RR,2.0,5.530043287007115,5.579644146643208,0.04960085963609284,0.17280791553923272,0.17505215092144816,5.579644146643208,0.17505215092144816,800
300000,338,OBM_RR,3.0,5.530043287007115,5.596082267415677,0.06603898040856215,0.21886674383716354,0.22295430734076951,5.596082267415677,0.22295430734076951,800
300000,338,OBM_RR,4.0,5.530043287007115,5.599190878988974,0.06914759198185916,0.26326606110501494,0.26771836800552323,5.599190878988974,0.26771836800552323,800
300000,376,OBM,0.0,5.530043287007115,4.6151106232125665,-0.9149326637945485,0.044775681864810284,0.8818214915406679,,,800
300000,376,OBM_RR,2.0,5.530043287007115,5.5919747476046044,0.06193146059748944,0.19343836483320237,0.1970320726888992,5.5919747476046044,0.1970320726888992,800
300000,376,OBM_RR,3.0,5.530043287007115,5.601603114404923,0.07155982739780775,0.24344247976068858,0.24825898555819173,5.601603114404923,0.24825898555819173,800
300000,376,OBM_RR,4.0,5.530043287007115,5.601932169362981,0.0718888823558661,0.2945814176347937,0.29938120226912573,5.601932169362981,0.29938120226912573,800
300000,418,OBM,0.0,5.530043287007115,4.7090725512849225,-0.8209707357221925,0.05071564255510891,0.7246451969141519,,,800
300000,418,OBM_RR,2.0,5.530043287007115,5.600764093722202,0.07072080671508729,0.21601867246751189,0.22075008162936027,5.600764093722202,0.22075008162936027,800
300000,418,OBM_RR,3.0,5.530043287007115,5.604763771348315,0.07472048434120016,0.2705747338301411,0.27581966619303694,5.604763771348315,0.27581966619303694,800
300000,418,OBM_RR,4.0,5.530043287007115,5.603070537618687,0.07302725061157211,0.32894434402488193,0.3338661429267362,5.603070537618687,0.3338661429267362,800
300000,465,OBM,0.0,5.530043287007115,4.795920911156258,-0.7341223758508573,0.05732569920817503,0.5961897048090724,,,800
300000,465,OBM_RR,2.0,5.530043287007115,5.606025471034757,0.07598218402764179,0.24061810724001878,0.24609062689557912,5.606025471034757,0.24609062689557912,800
300000,465,OBM_RR,3.0,5.530043287007115,5.605973901440368,0.07593061443325322,0.3024250460612525,0.3078124729618873,5.605973901440368,0.3078124729618873,800
300000,465,OBM_RR,4.0,5.530043287007115,5.602986352281904,0.07294306527478867,0.3672175905685048,0.3720792593519764,5.602986352281904,0.3720792593519764,800
300000,517,OBM,0.0,5.530043287007115,4.875079056899541,-0.6549642301075744,0.06468616074334735,0.4935834457628257,,,800
300000,517,OBM_RR,2.0,5.530043287007115,5.609178272263448,0.07913498525633322,0.26741356461547894,0.27334164355122964,5.609178272263448,0.27334164355122964,800
300000,517,OBM_RR,3.0,5.530043287007115,5.606435682649167,0.0763923956420518,0.3383750705589416,0.3437878998326746,5.606435682649167,0.3437878998326746,800
300000,517,OBM_RR,4.0,5.530043287007115,5.601867833586911,0.07182454657979598,0.4095396837926179,0.4141865246792703,5.601867833586911,0.4141865246792703,800
300000,575,OBM,0.0,5.530043287007115,4.947655701471952,-0.5823875855351632,0.07287758555987814,0.4119617883634051,,,800
300000,575,OBM_RR,2.0,5.530043287007115,5.610742434797066,0.08069914778995102,0.29736149978909376,0.3035021503683818,5.610742434797066,0.3035021503683818,800
300000,575,OBM_RR,3.0,5.530043287007115,5.605439651032048,0.07539636402493333,0.3778623912074012,0.3830746749265724,5.605439651032048,0.3830746749265724,800
300000,575,OBM_RR,4.0,5.530043287007115,5.600121205637257,0.07007791863014212,0.4579770070731491,0.4623154504938405,5.600121205637257,0.4623154504938405,800
300000,640,OBM,0.0,5.530043287007115,5.014277115724884,-0.5157661712822312,0.0820027736854288,0.3479150136574542,,,800
300000,640,OBM_RR,2.0,5.530043287007115,5.610068853369078,0.08002556636196267,0.3308255611152428,0.33681612043540154,5.610068853369078,0.33681612043540154,800
300000,640,OBM_RR,3.0,5.530043287007115,5.603594567543691,0.07355128053657634,0.4216270014083295,0.4265097585251394,5.603594567543691,0.4265097585251394,800
300000,640,OBM_RR,4.0,5.530043287007115,5.598624457093445,0.06858117008632991,0.5122651500828687,0.5163281955356751,5.598624457093445,0.5163281955356751,800
300000,711,OBM,0.0,5.530043287007115,5.074007963133459,-0.45603532387365586,0.09176334892275911,0.2996168613571563,,,800
300000,711,OBM_RR,2.0,5.530043287007115,5.608004092020491,0.07796080501337599,0.3700488369442685,0.3756641630164218,5.608004092020491,0.3756641630164218,800
300000,711,OBM_RR,3.0,5.530043287007115,5.6009681419276305,0.07092485492051548,0.4700816565293078,0.47452438950414233,5.6009681419276305,0.47452438950414233,800
300000,711,OBM_RR,4.0,5.530043287007115,5.596500379578729,0.06645709257161414,0.5723571308875625,0.5760582296270252,5.596500379578729,0.5760582296270252,800
300000,791,OBM,0.0,5.530043287007115,5.1287891282840405,-0.40125415872307446,0.10254668822318576,0.2634234047554689,,,800
300000,791,OBM_RR,2.0,5.530043287007115,5.605731993472841,0.07568870646572634,0.4145072202971876,0.41971786655827115,5.605731993472841,0.41971786655827115,800
300000,791,OBM_RR,3.0,5.530043287007115,5.598000643880524,0.06795735687340887,0.5259853719596943,0.5299460925979644,5.598000643880524,0.5299460925979644,800
300000,791,OBM_RR,4.0,5.530043287007115,5.593238150761222,0.06319486375410666,0.6401952637872708,0.6433886105124367,5.593238150761222,0.6433886105124367,800
300000,880,OBM,0.0,5.530043287007115,5.177748132345057,-0.3522951546620581,0.11446029102873341,0.23842909166331128,,,800
300000,880,OBM_RR,2.0,5.530043287007115,5.602871381837611,0.0728280948304958,0.46241284417879236,0.46713875952020856,5.602871381837611,0.46713875952020856,800
300000,880,OBM_RR,3.0,5.530043287007115,5.596153901414969,0.0661106144078536,0.5874965474904902,0.5911327901435108,5.596153901414969,0.5911327901435108,800
300000,880,OBM_RR,4.0,5.530043287007115,5.590911776281939,0.060868489274824356,0.7172779101236902,0.7200862857226352,5.590911776281939,0.7200862857226352,800
300000,979,OBM,0.0,5.530043287007115,5.221430677087703,-0.308612609919412,0.12731645957038695,0.22239905699719476,,,800
300000,979,OBM_RR,2.0,5.530043287007115,5.599954176345997,0.06991088933888179,0.5151392113161869,0.519382819750195,5.599954176345997,0.519382819750195,800
300000,979,OBM_RR,3.0,5.530043287007115,5.5936002617583584,0.06355697475124344,0.6576230016598208,0.6608404619472762,5.5936002617583584,0.6608404619472762,800
300000,979,OBM_RR,4.0,5.530043287007115,5.58571218422823,0.05566889722111501,0.8019333706938573,0.804029980098305,5.58571218422823,0.804029980098305,800
300000,1089,OBM,0.0,5.530043287007115,5.260708645716165,-0.26933464129094986,0.14157544922083576,0.21393962890863435,,,800
300000,1089,OBM_RR,2.0,5.530043287007115,5.596601616715736,0.06655832970862097,0.5752615074128492,0.5789724417821848,5.596601616715736,0.5789724417821848,800
300000,1089,OBM_RR,3.0,5.530043287007115,5.589972143323317,0.05992885631620215,0.7360776518352036,0.7387490225897777,5.589972143323317,0.7387490225897777,800
300000,1089,OBM_RR,4.0,5.530043287007115,5.57844215942235,0.048398872415234884,0.8972325373111424,0.8984534474905694,5.57844215942235,0.8984534474905694,800
300000,1211,OBM,0.0,5.530043287007115,5.295675097295921,-0.23436818971119422,0.1573420445143838,0.21207381530724348,,,800
300000,1211,OBM_RR,2.0,5.530043287007115,5.593478724689636,0.06343543768252058,0.6445287224044094,0.6477471162553771,5.593478724689636,0.6477471162553771,800
300000,1211,OBM_RR,3.0,5.530043287007115,5.5875782196827295,0.05753493267561449,0.8246374287621859,0.826916900454221,5.5875782196827295,0.826916900454221,800
300000,1211,OBM_RR,4.0,5.530043287007115,5.570633023779189,0.040589736772074225,1.0011387355241168,1.001534838835938,5.570633023779189,1.001534838835938,800
300000,1346,OBM,0.0,5.530043287007115,5.326274200073268,-0.2037690869338471,0.17511275260629527,0.21641570245539113,,,800
300000,1346,OBM_RR,2.0,5.530043287007115,5.592133796951202,0.06209050994408738,0.7218392523289614,0.7247921846886672,5.592133796951202,0.7247921846886672,800
300000,1346,OBM_RR,3.0,5.530043287007115,5.581117798941714,0.051074511934598554,0.9233259397923671,0.924780388136984,5.581117798941714,0.924780388136984,800
300000,1346,OBM_RR,4.0,5.530043287007115,5.562807418755277,0.03276413174816195,1.119633782018877,1.1193077281205646,5.562807418755277,1.1193077281205646,800
300000,1497,OBM,0.0,5.530043287007115,5.354074923168526,-0.17596836383858871,0.19563096393659485,0.22635129030370416,,,800
300000,1497,OBM_RR,2.0,5.530043287007115,5.589092599386402,0.05904931237928679,0.8104530119002415,0.8129267669278328,5.589092599386402,0.8129267669278328,800
300000,1497,OBM_RR,3.0,5.530043287007115,5.572784798780548,0.04274151177343288,1.0331943060028301,1.033729649949005,5.572784798780548,1.033729649949005,800
300000,1497,OBM_RR,4.0,5.530043287007115,5.552304824479122,0.022261537472006765,1.250207729540029,1.2491405459287213,5.552304824479122,1.2491405459287213,800
300000,1665,OBM,0.0,5.530043287007115,5.378663416770796,-0.15137987023631894,0.21837760844610646,0.2410205015483134,,,800
300000,1665,OBM_RR,2.0,5.530043287007115,5.585617381458507,0.05557409445139161,0.9111771891038685,0.9131266975915807,5.585617381458507,0.9131266975915807,800
300000,1665,OBM_RR,3.0,5.530043287007115,5.564635679623061,0.03459239261594593,1.1541525712124083,1.1539065141252884,5.564635679623061,1.1539065141252884,800
300000,1665,OBM_RR,4.0,5.530043287007115,5.538822327784015,0.008779040776899727,1.3983240769868166,1.3966532434475456,5.538822327784015,1.3966532434475456,800
300000,1852,OBM,0.0,5.530043287007115,5.400394047850171,-0.1296492391569437,0.24364866936828755,0.26015303374555165,,,800
300000,1852,OBM_RR,2.0,5.530043287007115,5.5828288704455735,0.052785583438458517,1.0217628039093072,1.023271918223359,5.5828288704455735,1.023271918223359,800
300000,1852,OBM_RR,3.0,5.530043287007115,5.5551282596428075,0.025084972635692537,1.2898682337426854,1.2888851543026405,5.5551282596428075,1.2888851543026405,800
300000,1852,OBM_RR,4.0,5.530043287007115,5.52728888896369,-0.0027543980434252546,1.5706221908332636,1.5686664998033037,5.52728888896369,1.5686664998033037,800
300000,2060,OBM,0.0,5.530043287007115,5.4195127908194145,-0.1105304961877005,0.27173639723784615,0.283613717328798,,,800
300000,2060,OBM_RR,2.0,5.530043287007115,5.574714081534433,0.0446707945273177,1.1441469762171117,1.1447122723805423,5.574714081534433,1.1447122723805423,800
300000,2060,OBM_RR,3.0,5.530043287007115,5.543069820579099,0.013026533571983911,1.4394470608047987,1.4378174425556949,5.543069820579099,1.4378174425556949,800
300000,2060,OBM_RR,4.0,5.530043287007115,5.516892909104269,-0.013150377902846344,1.7538532295681057,1.7518338454701334,5.516892909104269,1.7518338454701334,800
300000,2291,OBM,0.0,5.530043287007115,5.436420369990362,-0.09362291701675307,0.30369293286097293,0.3120785672856226,,,800
300000,2291,OBM_RR,2.0,5.530043287007115,5.564495885139626,0.03445259813251056,1.276866428915239,1.2764573273971755,5.564495885139626,1.2764573273971755,800
300000,2291,OBM_RR,3.0,5.530043287007115,5.528161995838901,-0.0018812911682140054,1.61153045847041,1.6095195846537813,5.528161995838901,1.6095195846537813,800
300000,2291,OBM_RR,4.0,5.530043287007115,5.500939522171023,-0.02910376483609234,1.9501492611358227,1.948558603687037,5.500939522171023,1.948558603687037,800
300000,2548,OBM,0.0,5.530043287007115,5.4518860029602525,-0.07815728404686251,0.33936276487447553,0.34504712246796454,,,800
300000,2548,OBM_RR,2.0,5.530043287007115,5.554325757584711,0.024282470577595916,1.4259457955051194,1.4247530016380898,5.554325757584711,1.4247530016380898,800
300000,2548,OBM_RR,3.0,5.530043287007115,5.516187955931322,-0.013855331075792954,1.8114801948567634,1.8094078148124124,5.516187955931322,1.8094078148124124,800
300000,2548,OBM_RR,4.0,5.530043287007115,5.48496595066135,-0.04507733634576461,2.1807186542656782,2.180024722199875,5.48496595066135,2.180024722199875,800
300000,2834,OBM,0.0,5.530043287007115,5.465464680316642,-0.064578606690473,0.3795656020859077,0.38326154152538305,,,800
300000,2834,OBM_RR,2.0,5.530043287007115,5.541455322828599,0.011412035821484423,1.5904634208652186,1.5886055761507276,5.541455322828599,1.5886055761507276,800
300000,2834,OBM_RR,3.0,5.530043287007115,5.5035893807770915,-0.026453906230023527,2.015741683582864,2.0139218156332124,5.5035893807770915,2.0139218156332124,800
300000,2834,OBM_RR,4.0,5.530043287007115,5.4721941679661015,-0.05784911904101353,2.4412798154953217,2.441574736299774,5.4721941679661015,2.441574736299774,800
300000,3152,OBM,0.0,5.530043287007115,5.476759746241299,-0.05328354076581565,0.4243206795142313,0.4266294143813809,,,800
300000,3152,OBM_RR,2.0,5.530043287007115,5.525614304750588,-0.004428982256526659,1.772309594946993,1.770113823837138,5.525614304750588,1.770113823837138,800
300000,3152,OBM_RR,3.0,5.530043287007115,5.485333583188574,-0.044709703818541335,2.2442764841863823,2.243470096196691,5.485333583188574,2.243470096196691,800
300000,3152,OBM_RR,4.0,5.530043287007115,5.452863082034602,-0.07718020497251299,2.7157137687340063,2.718275910562688,5.452863082034602,2.718275910562688,800
300000,3505,OBM,0.0,5.530043287007115,5.487232693151834,-0.04281059385528074,0.47509590029934823,0.4763347773702158,,,800
300000,3505,OBM_RR,2.0,5.530043287007115,5.506738718671215,-0.023304568335899667,1.9842278017167,1.9822906198698769,5.506738718671215,1.9822906198698769,800
300000,3505,OBM_RR,3.0,5.530043287007115,5.469265142068739,-0.060778144938375966,2.5101644845442967,2.510720761840767,5.469265142068739,2.510720761840767,800
300000,3505,OBM_RR,4.0,5.530043287007115,5.4308550634519825,-0.09918822355513246,3.0100348843909357,3.016110644477469,5.4308550634519825,3.016110644477469,800
300000,3898,OBM,0.0,5.530043287007115,5.494418969882141,-0.035624317124973714,0.5309114987498048,0.5315169513469883,,,800
300000,3898,OBM_RR,2.0,5.530043287007115,5.494046600720383,-0.03599668628673225,2.2307742093499567,2.2292815030118946,5.494046600720383,2.2292815030118946,800
300000,3898,OBM_RR,3.0,5.530043287007115,5.4537291674239805,-0.0763141195831345,2.808521912736655,2.8108351051934837,5.4537291674239805,2.8108351051934837,800
300000,3898,OBM_RR,4.0,5.530043287007115,5.406463576917474,-0.12357971008964075,3.3414642495225597,3.352559363956496,5.406463576917474,3.352559363956496,800
300000,4335,OBM,0.0,5.530043287007115,5.498870419981755,-0.031172867025359707,0.5935376398104484,0.5937674653992662,,,800
300000,4335,OBM_RR,2.0,5.530043287007115,5.48023238522198,-0.049810901785135364,2.4746192168045678,2.4740070687202107,5.48023238522198,2.4740070687202107,800
300000,4335,OBM_RR,3.0,5.530043287007115,5.432891179169089,-0.09715210783802597,3.116775291361586,3.1223178543047556,5.432891179169089,3.1223178543047556,800
300000,4335,OBM_RR,4.0,5.530043287007115,5.379560209148076,-0.1504830778590387,3.7170755800922377,3.7350743923390524,5.379560209148076,3.7350743923390524,800
300000,4821,OBM,0.0,5.530043287007115,5.501780019853013,-0.028263267154102323,0.6615497306440935,0.6615216057510126,,,800
300000,4821,OBM_RR,2.0,5.530043287007115,5.4601586247081055,-0.06988466229900947,2.7655470756760567,2.7669740078561085,5.4601586247081055,2.7669740078561085,800
300000,4821,OBM_RR,3.0,5.530043287007115,5.41066626054935,-0.11937702645776493,3.4537671142823623,3.463700779835408,5.41066626054935,3.463700779835408,800
300000,4821,OBM_RR,4.0,5.530043287007115,5.345002547951017,-0.18504073905609797,4.112895280749128,4.141994236758619,5.345002547951017,4.141994236758619,800
300000,5362,OBM,0.0,5.530043287007115,5.503679009731725,-0.026364277275390258,0.7392459668318508,0.7390169844895647,,,800
300000,5362,OBM_RR,2.0,5.530043287007115,5.44507971170164,-0.08496357530547538,3.097181416474223,3.100528748832319,5.44507971170164,3.100528748832319,800
300000,5362,OBM_RR,3.0,5.530043287007115,5.382611280397453,-0.14743200660966238,3.837101118179093,3.8540409383543204,5.382611280397453,3.8540409383543204,800
300000,5362,OBM_RR,4.0,5.530043287007115,5.298488218549275,-0.23155506845783957,4.558491523056264,4.606411158380959,5.298488218549275,4.606411158380959,800
300000,5963,OBM,0.0,5.530043287007115,5.502841712230452,-0.027201574776663406,0.8246910792175945,0.824400141038903,,,800
300000,5963,OBM_RR,2.0,5.530043287007115,5.427741853994625,-0.10230143301248962,3.4568627813861874,3.4630072861058636,5.427741853994625,3.4630072861058636,800
300000,5963,OBM_RR,3.0,5.530043287007115,5.353286094821709,-0.17675719218540564,4.266994160823737,4.292903523111976,5.353286094821709,4.292903523111976,800
300000,5963,OBM_RR,4.0,5.530043287007115,5.243020624787146,-0.28702266221996897,5.020213359636033,5.096320101564327,5.243020624787146,5.096320101564327,800
300000,6632,OBM,0.0,5.530043287007115,5.498982911026473,-0.031060375980642263,0.9221632436173813,0.9219752865189185,,,800
300000,6632,OBM_RR,2.0,5.530043287007115,5.405127878438213,-0.12491540856890193,3.8314375751193452,3.8422521374483813,5.405127878438213,3.8422521374483813,800
300000,6632,OBM_RR,3.0,5.530043287007115,5.313908266285939,-0.2161350207211763,4.719438439739797,4.760253488872265,5.313908266285939,4.760253488872265,800
300000,6632,OBM_RR,4.0,5.530043287007115,5.1845572506616096,-0.34548603634550545,5.519668512742812,5.63212952841161,5.1845572506616096,5.63212952841161,800
300000,7376,OBM,0.0,5.530043287007115,5.495677194921882,-0.03436609208523311,1.0353684088804305,1.0352552266545407,,,800
300000,7376,OBM_RR,2.0,5.530043287007115,5.3805486831424245,-0.1494946038646905,4.230731369966671,4.247791592338873,5.3805486831424245,4.247791592338873,800
300000,7376,OBM_RR,3.0,5.530043287007115,5.258336425211083,-0.2717068617960319,5.2199009267079575,5.287200669296621,5.258336425211083,5.287200669296621,800
300000,7376,OBM_RR,4.0,5.530043287007115,5.116988262826483,-0.41305502418063167,6.103739468823021,6.266724247487856,5.116988262826483,6.266724247487856,800
300000,8203,OBM,0.0,5.530043287007115,5.492751030828549,-0.03729225617856624,1.1568073042339992,1.1567520074745945,,,800
300000,8203,OBM_RR,2.0,5.530043287007115,5.346013935204589,-0.18402935180252644,4.70828585213193,4.736267297141624,5.346027924549642,4.7361124172128,800
300000,8203,OBM_RR,3.0,5.530043287007115,5.196820599186561,-0.3332226878205544,5.740735232093786,5.844596672732024,5.196820599186561,5.844596672732024,800
300000,8203,OBM_RR,4.0,5.530043287007115,5.032098979132567,-0.4979443078745476,6.712129729019077,6.951688100602467,5.032098979132567,6.951688100602467,800
300000,9123,OBM,0.0,5.530043287007115,5.485207435504458,-0.04483585150265679,1.28598224583648,1.286385021609153,,,800
300000,9123,OBM_RR,2.0,5.530043287007115,5.311600867853117,-0.2184424191539982,5.228183575634204,5.269365436650512,5.3118060606983475,5.267062302734903,800
300000,9123,OBM_RR,3.0,5.530043287007115,5.130422495318248,-0.399620791688867,6.329185551292968,6.4809708465038876,5.130422495318248,6.4809708465038876,800
300000,9123,OBM_RR,4.0,5.530043287007115,4.939408327901103,-0.590634959106012,7.359001804138485,7.698652706801472,4.939408327901103,7.698652706801472,800
300000,10146,OBM,0.0,5.530043287007115,5.47698540417743,-0.05305788282968482,1.4367471667272491,1.4377663716992088,,,800
300000,10146,OBM_RR,2.0,5.530043287007115,5.262436575833841,-0.26760671117327384,5.780355139637279,5.844743047577709,5.262880561952795,5.8397477867704985,800
300000,10146,OBM_RR,3.0,5.530043287007115,5.053310432869564,-0.47673285413755107,7.008205170304744,7.226719128056,5.053310432869564,7.226719128056,800
300000,10146,OBM_RR,4.0,5.530043287007115,4.836993742203377,-0.6930495448037384,8.090387243041882,8.560591930540749,4.83718172603849,8.558486614081822,800
300000,11283,OBM,0.0,5.530043287007115,5.470947980537469,-0.059095306469646225,1.607109315096484,1.6085926836993547,,,800
300000,11283,OBM_RR,2.0,5.530043287007115,5.188783201654977,-0.3412600853521379,6.391251011031329,6.499720393122089,5.189267173509763,6.494180239503776,800
300000,11283,OBM_RR,3.0,5.530043287007115,4.95418387533055,-0.5758594116765652,7.691060424555347,8.013060661041132,4.95418387533055,8.013060661041132,800
300000,11283,OBM_RR,4.0,5.530043287007115,4.712560966285168,-0.8174823207219468,8.91458706614575,9.571721177006006,4.71338942141403,9.56235899731041,800
300000,12549,OBM,0.0,5.530043287007115,5.459437545793509,-0.07060574121360563,1.7886169050297616,1.791366304590797,,,800
300000,12549,OBM_RR,2.0,5.530043287007115,5.115773905121248,-0.4142693818858669,7.045404013758724,7.208216379509625,5.116133127443598,7.204140116983617,800
300000,12549,OBM_RR,3.0,5.530043287007115,4.8518829480297,-0.6781603389774151,8.45737164703453,8.906701377837699,4.8526989596986265,8.897390327898895,800
300000,12549,OBM_RR,4.0,5.530043287007115,4.591132554887545,-0.9389107321195702,9.853571566526286,10.722807964957434,4.592016559916236,10.712869781990003,800
300000,13956,OBM,0.0,5.530043287007115,5.445529836766619,-0.08451345024049584,1.983327351632796,1.987990715714808,,,800
300000,13956,OBM_RR,2.0,5.530043287007115,5.032513114279901,-0.4975301727272141,7.801679179027351,8.03946335282754,5.032546986308051,8.039087807412338,800
300000,13956,OBM_RR,3.0,5.530043287007115,4.731060039690214,-0.798983247316901,9.31496595312092,9.94169647517258,4.734302863888019,9.904015144223417,800
300000,13956,OBM_RR,4.0,5.530043287007115,4.465745172530779,-1.064298114476336,10.835295528806862,11.954481885873738,4.467773703664054,11.931283059047328,800
300000,15521,OBM,0.0,5.530043287007115,5.4292750011742195,-0.10076828583289554,2.199785964467292,2.207190479441408,,,800
300000,15521,OBM_RR,2.0,5.530043287007115,4.936225368765893,-0.5938179182412222,8.64508396260662,8.9868973276777,4.936962740538946,8.978496564624288,800
300000,15521,OBM_RR,3.0,5.530043287007115,4.597259299956092,-0.9327839870510228,10.256990309623884,11.114255038235656,4.6027298203820255,11.05063578957578,800
300000,15521,OBM_RR,4.0,5.530043287007115,4.3276079138002235,-1.2024353732068915,11.803541822709391,13.234638222170199,4.330234524683905,13.204595779237957,800
300000,17261,OBM,0.0,5.530043287007115,5.410229650554572,-0.11981363645254284,2.446341800266556,2.457639180496205,,,800
300000,17261,OBM_RR,2.0,5.530043287007115,4.81573811054436,-0.714305176462755,9.474663051301038,9.973051607608399,4.823907313908214,9.875177053814452,800
300000,17261,OBM_RR,3.0,5.530043287007115,4.464956312613232,-1.065086974393883,11.31354480209377,12.433813134114667,4.473021815697135,12.340111133022315,800
300000,17261,OBM_RR,4.0,5.530043287007115,4.169536171119543,-1.3605071158875717,12.767237798297087,14.602258363429932,4.174361022364335,14.547096248659665,800
300000,19196,OBM,0.0,5.530043287007115,5.385353297896915,-0.1446899891101996,2.7069062578385115,2.7244578179649226,,,800
300000,19196,OBM_RR,2.0,5.530043287007115,4.695508215853263,-0.8345350711538524,10.394458130874419,11.077913843196592,4.713583515723179,10.855858669490209,800
300000,19196,OBM_RR,3.0,5.530043287007115,4.326552969680436,-1.203490317326679,12.376095910315115,13.809014734326295,4.334903093828548,13.711282562473887,800
300000,19196,OBM_RR,4.0,5.530043287007115,3.987563746522862,-1.542479540484253,13.641338419556753,16.00352987934482,3.9961069712481025,15.904430983160573,800
300000,21349,OBM,0.0,5.530043287007115,5.351584177625065,-0.17845910938205023,3.0008769573521343,3.0289735148768786,,,800
300000,21349,OBM_RR,2.0,5.530043287007115,4.551183815269061,-0.9788594717380539,11.38796257935986,12.331893491546964,4.574694948345128,12.039589675645809,800
300000,21349,OBM_RR,3.0,5.530043287007115,4.178281559499694,-1.3517617275074212,13.406253125806371,15.216755077352962,4.191081814190415,15.067990842555991,800
300000,21349,OBM_RR,4.0,5.530043287007115,3.800560067895709,-1.729483219111406,14.203015122145578,17.176373558430846,3.81343826020056,17.026555232671207,800
300000,23743,OBM,0.0,5.530043287007115,5.3098548427465735,-0.22018844426054152,3.307046714182591,3.3513958567757403,,,800
300000,23743,OBM_RR,2.0,5.530043287007115,4.40566125447914,-1.1243820325279748,12.502367836740627,13.750974832016439,4.433451812202462,13.41083124736522,800
300000,23743,OBM_RR,3.0,5.530043287007115,4.003019815191813,-1.5270234718153022,14.476962351790505,16.790666832325627,4.019777438580951,16.59288725498488,800
300000,23743,OBM_RR,4.0,5.530043287007115,3.5921137293862007,-1.9379295576209143,14.378059953543122,18.115658348901984,3.605763773352984,17.958355446822562,800
300000,26405,OBM,0.0,5.530043287007115,5.265261691856333,-0.26478159515078215,3.6345075855560314,3.700073744204679,,,800
300000,26405,OBM_RR,2.0,5.530043287007115,4.259892386116897,-1.2701509008902176,13.81223817112415,15.408256184442473,4.294485896392936,14.988165968153421,800
300000,26405,OBM_RR,3.0,5.530043287007115,3.8084286199283044,-1.7216146670788106,15.320302790073427,18.265109473486717,3.8331822772178965,17.970542280430813,800
300000,26405,OBM_RR,4.0,5.530043287007115,3.3302454124992966,-2.1997978745078184,14.068411987346556,18.88993716105149,3.3497420971965735,18.6629862008837,800
300000,29366,OBM,0.0,5.530043287007115,5.214067311727792,-0.315975975279323,4.016652335279486,4.1114723368141055,,,800
300000,29366,OBM_RR,2.0,5.530043287007115,4.1060314629028145,-1.4240118241043005,15.090603437560548,17.099549858452455,4.149310539736734,16.57325462252048,800
300000,29366,OBM_RR,3.0,5.530043287007115,3.6062367778104014,-1.9238065091967136,15.79907139545156,19.48035404103489,3.6428950978010732,19.047702124063562,800
300000,29366,OBM_RR,4.0,5.530043287007115,3.03851482505273,-2.491528461954385,13.130961753509482,19.322262128046376,3.070973650454797,18.942648720165334,800
300000,32659,OBM,0.0,5.530043287007115,5.150327463058159,-0.3797158239489562,4.4151426913412966,4.553807869934355,,,800
300000,32659,OBM_RR,2.0,5.530043287007115,3.9442769413115286,-1.5857663456955864,16.35934831231357,18.853554030063915,4.001393413694281,18.153907879464967,800
300000,32659,OBM_RR,3.0,5.530043287007115,3.3713609477954116,-2.1586823392117034,15.799160780293786,20.439321270942933,3.417809153858118,19.88535753135479,800
300000,32659,OBM_RR,4.0,5.530043287007115,2.7223278739232324,-2.8077154130838826,11.336779219525852,19.205874086370244,2.7787352003034482,18.53856473156914,800
300000,36321,OBM,0.0,5.530043287007115,5.0790239345634465,-0.45101935244366853,4.836477980818063,5.033850839620746,,,800
300000,36321,OBM_RR,2.0,5.530043287007115,3.7471010088384515,-1.7829422781686635,17.702800145291206,20.85955481239086,3.826869578667928,19.867103988385907,800
300000,36321,OBM_RR,3.0,5.530043287007115,3.0823790276797562,-2.4476642593273588,15.216360618057513,21.188400493673488,3.1487384507095033,20.393381784713178,800
300000,36321,OBM_RR,4.0,5.530043287007115,2.375374059058332,-3.154669227948783,8.970199542105938,18.910924730445277,2.447108213957916,18.053001390021766,800
300000,40394,OBM,0.0,5.530043287007115,5.000945999385462,-0.5290972876216529,5.308387436547606,5.5816958920205115,,,800
300000,40394,OBM_RR,2.0,5.530043287007115,3.5324391927964216,-1.9976040942106934,18.572648664013585,22.539854970390888,3.6456041321301766,21.103188475705373,800
300000,40394,OBM_RR,3.0,5.530043287007115,2.7641044898767917,-2.7659387971303233,13.708970704626012,21.34225192071597,2.8659083586445093,20.10703729580232,800
300000,40394,OBM_RR,4.0,5.530043287007115,1.968809022076967,-3.561234264930148,6.523051066234571,19.19728674211435,2.0509868003251084,18.21641543706806,800
300000,44923,OBM,0.0,5.530043287007115,4.906315341845568,-0.623727945161547,5.841296464229568,6.223031393224728,,,800
300000,44923,OBM_RR,2.0,5.530043287007115,3.319862084738719,-2.210181202268396,18.7664484333315,23.627891319650413,3.4587313300532196,21.87011225579048,800
300000,44923,OBM_RR,3.0,5.530043287007115,2.423798740850355,-3.10624454615676,11.222546967652178,20.857273964471233,2.5531617923342167,19.255494904992226,800
300000,44923,OBM_RR,4.0,5.530043287007115,1.5051378286245107,-4.024905458382604,4.556267072262008,20.750435687339763,1.6089547947138443,19.49354721976818,800
300000,49961,OBM,0.0,5.530043287007115,4.812439653735582,-0.7176036332715334,6.445436932130019,6.95233511044936,,,800
300000,49961,OBM_RR,2.0,5.530043287007115,3.039142000263628,-2.490901286743487,18.23327401348865,24.415071641272142,3.2144957034878274,22.179824198096682,800
300000,49961,OBM_RR,3.0,5.530043287007115,2.030684910740052,-3.499358376267063,8.339327201678822,20.57441208822718,2.1784513908381897,18.728449772403884,800
300000,49961,OBM_RR,4.0,5.530043287007115,0.9641769949660716,-4.5658662920410436,3.2775124005855854,24.120550506881482,1.1378870307842943,21.993510224187784,800
300000,55563,OBM,0.0,5.530043287007115,4.715307899867264,-0.8147353871398506,7.092317257611992,7.7472456120979,,,800
300000,55563,OBM_RR,2.0,5.530043287007115,2.6968278292724266,-2.8332154577346884,16.853496769645517,24.85953972863024,2.9304543343459626,21.816612504293047,800
300000,55563,OBM_RR,3.0,5.530043287007115,1.583963283049361,-3.946080003957754,5.87615137435649,21.440353582773774,1.7521633951721918,19.334057645242165,800
300000,55563,OBM_RR,4.0,5.530043287007115,0.390249819303018,-5.139793467704097,2.5265639000159554,28.940882585794643,0.7253797936405217,24.776164619013965,800
300000,60000,OBM,0.0,5.530043287007115,4.638526845166017,-0.8915164418410981,7.56594321210241,8.351287349160293,,,800
300000,60000,OBM_RR,2.0,5.530043287007115,2.426558744191831,-3.103484542815284,15.137343409855573,24.750038038086647,2.6949185782933336,21.179965039802504,800
300000,60000,OBM_RR,3.0,5.530043287007115,1.2037702674723485,-4.326273019534766,4.686499353189172,23.397279468552153,1.4152400078340157,20.695287372326383,800
300000,60000,OBM_RR,4.0,5.530043287007115,-0.013926381961855992,-5.543969668968971,2.2385713921283914,32.971372868336154,0.49815156563365953,26.47560536683397,800
500000,7,OBM,0.0,5.530043287007115,0.27332768419053993,-5.256715602816575,2.1781221947146456e-05,27.63308068289065,,,800
500000,7,OBM_RR,2.0,5.530043287007115,0.7705728838695016,-4.759470403137613,0.0001938422700267031,22.652752118310104,0.7705728838695016,22.652752118310104,800
500000,7,OBM_RR,3.0,5.530043287007115,0.9876637332060787,-4.5423795538010365,0.0003403574450875209,20.63355194278798,0.9876637332060787,20.63355194278798,800
500000,7,OBM_RR,4.0,5.530043287007115,1.1873807911305427,-4.3426624958765725,0.0005233029765165582,18.859240201940732,1.1873807911305427,18.859240201940732,800
500000,8,OBM,0.0,5.530043287007115,0.3102512120650991,-5.219792074942016,2.8421946747764676e-05,27.24625769204679,,,800
500000,8,OBM_RR,2.0,5.530043287007115,0.8677376542063648,-4.66230563280075,0.00025219268124774034,21.737345691086002,0.8677376542063648,21.737345691086002,800
500000,8,OBM_RR,3.0,5.530043287007115,1.1069089883978955,-4.423134298609219,0.00044136338643893376,19.56455783521548,1.1069089883978955,19.56455783521548,800
500000,8,OBM_RR,4.0,5.530043287007115,1.3247830318861225,-4.205260255120993,0.0006759950566367045,17.684888963363093,1.3247830318861225,17.684888963363093,800
500000,9,OBM,0.0,5.530043287007115,0.34668946076619056,-5.183353826240925,3.593383994538754e-05,26.867192776929077,,,800
500000,9,OBM_RR,2.0,5.530043287007115,0.9620994411024192,-4.567943845904696,0.00031782174697407844,20.866428403808378,0.9620994411024192,20.866428403808378,800
500000,9,OBM_RR,3.0,5.530043287007115,1.22164757793405,-4.308395709073065,0.0005542425398062616,18.56282713569583,1.22164757793405,18.56282713569583,800
500000,9,OBM_RR,4.0,5.530043287007115,1.455856973901227,-4.074186313105888,0.000845687362895636,16.59983874415304,1.455856973901227,16.59983874415304,800
500000,11,OBM,0.0,5.530043287007115,0.41815094647907325,-5.111892340528041,5.35501806141882e-05,26.131496784392148,,,800
500000,11,OBM_RR,2.0,5.530043287007115,1.1428816003491533,-4.3871616866579615,0.00047022126268846175,19.24765729836564,1.1428816003491533,19.24765729836564,800
500000,11,OBM_RR,3.0,5.530043287007115,1.4385948507051651,-4.09144843630195,0.000813895464585637,16.740763185012923,1.4385948507051651,16.740763185012923,800
500000,11,OBM_RR,4.0,5.530043287007115,1.7007044284120678,-3.8293388585950474,0.0012331097060127273,14.665067662264898,1.7007044284120678,14.665067662264898,800
500000,12,OBM,0.0,5.530043287007115,0.453193728180949,-5.076849558826166,6.364478815465066e-05,25.774465008185608,,,800
500000,12,OBM_RR,2.0,5.530043287007115,1.2295190643929776,-4.300524222614137,0.0005566067174492307,18.495064500249985,1.2295190643929776,18.495064500249985,800
500000,12,OBM_RR,3.0,5.530043287007115,1.5412507793357275,-3.9887925076713877,0.0009598840733020667,15.911424353473608,1.5412507793357275,15.911424353473608,800
500000,12,OBM_RR,4.0,5.530043287007115,1.8152213747893347,-3.71482191221778,0.0014494890652113745,13.801349516697243,1.8152213747893347,13.801349516697243,800
500000,13,OBM,0.0,5.530043287007115,0.4877904688811232,-5.042252818125991,7.45898797438399e-05,25.424387978541905,,,800
500000,13,OBM_RR,2.0,5.530043287007115,1.3137888040644343,-4.216254482942681,0.0006495388003066493,17.777450591811057,1.3137888040644343,17.777450591811057,800
500000,13,OBM_RR,3.0,5.530043287007115,1.640298916983866,-3.889744370023249,0.001116160718495296,15.131226029645163,1.640298916983866,15.131226029645163,800
500000,13,OBM_RR,4.0,5.530043287007115,1.92490645093219,-3.6051368360749247,0.0016802468429327722,12.998689753358699,1.92490645093219,12.998689753358699,800
500000,15,OBM,0.0,5.530043287007115,0.5556820644130392,-4.974361222594076,9.900090022746551e-05,24.744368449996728,,,800
500000,15,OBM_RR,2.0,5.530043287007115,1.475595763887108,-4.0544475231200074,0.0008543612319827544,16.4393980110144,1.475595763887108,16.4393980110144,800
500000,15,OBM_RR,3.0,5.530043287007115,1.828295901427144,-3.7017473855799707,0.0014581634260206863,13.70439004736989,1.828295901427144,13.70439004736989,800
500000,15,OBM_RR,4.0,5.530043287007115,2.130936337083809,-3.399106949923306,0.0021824742995858308,11.55610780322363,2.130936337083809,11.55610780322363,800
500000,17,OBM,0.0,5.530043287007115,0.6218958382889529,-4.908147448718162,0.00012672920169790608,24.0900379491488,,,800
500000,17,OBM_RR,2.0,5.530043287007115,1.6289939581786697,-3.9010493288284454,0.0010833507073566562,15.219267862471836,1.6289939581786697,15.219267862471836,800
500000,17,OBM_RR,3.0,5.530043287007115,2.003907356783298,-3.526135930223817,0.0018375132366003795,12.43546981476044,2.003907356783298,12.43546981476044,800
500000,17,OBM_RR,4.0,5.530043287007115,2.320869893533876,-3.209173393473239,0.002735056715780411,10.30152550727143,2.320869893533876,10.30152550727143,800
500000,19,OBM,0.0,5.530043287007115,0.6864981926792179,-4.843545094327897,0.00015771697731886762,23.460086600618936,,,800
500000,19,OBM_RR,2.0,5.530043287007115,1.7746027250314669,-3.7554405619756484,0.001335366215219625,14.104667511539422,1.7746027250314669,14.104667511539422,800
500000,19,OBM_RR,3.0,5.530043287007115,2.16828275675282,-3.361760530254295,0.0022519966097442876,11.303683044389622,2.16828275675282,11.303683044389622,800
500000,19,OBM_RR,4.0,5.530043287007115,2.4964602437658017,-3.0335830432413133,0.0033328792821857357,9.205954793424311,2.4964602437658017,9.205954793424311,800
500000,21,OBM,0.0,5.530043287007115,0.7495517168675658,-4.780491570139549,0.0001918952386513314,22.853291307544897,,,800
500000,21,OBM_RR,2.0,5.530043287007115,1.9129799831474292,-3.6170633038596858,0.0016093071185963547,13.084754239613044,1.9129799831474292,13.084754239613044,800
500000,21,OBM_RR,3.0,5.530043287007115,2.3224293522399986,-3.2076139347671164,0.0026993595871062626,10.291483139899805,2.3224293522399986,10.291483139899805,800
500000,21,OBM_RR,4.0,5.530043287007115,2.659201838174867,-2.870841448832248,0.0039703899720076275,8.245696051317783,2.659201838174867,8.245696051317783,800
500000,24,OBM,0.0,5.530043287007115,0.8413563962869633,-4.6886868907201515,0.00024898727641847274,21.984033435253327,,,800
500000,24,OBM_RR,2.0,5.530043287007115,2.108072529987514,-3.421970757019601,0.0020592098505993694,11.71194049773559,2.108072529987514,11.71194049773559,800
500000,24,OBM_RR,3.0,5.530043287007115,2.5363735494905644,-2.9936697375165506,0.0034268751489267995,8.965481088877402,2.5363735494905644,8.965481088877402,800
500000,24,OBM_RR,4.0,5.530043287007115,2.881985025457614,-2.648058261549501,0.004990079074142891,7.017196398035865,2.881985025457614,7.017196398035865,800
500000,26,OBM,0.0,5.530043287007115,0.9007896364727788,-4.629253650534336,0.0002908304187482092,21.4302798278662,,,800
500000,26,OBM_RR,2.0,5.530043287007115,2.2304652743660682,-3.2995780126410468,0.0023840450992185565,10.889596126547085,2.2304652743660682,10.889596126547085,800
500000,26,OBM_RR,3.0,5.530043287007115,2.668590792937855,-2.86145249406926,0.0039457239069958,8.191851167567302,2.668590792937855,8.191851167567302,800
500000,26,OBM_RR,4.0,5.530043287007115,3.0178575150281417,-2.5121857719789733,0.005706022007828927,6.316776242413911,3.0178575150281417,6.316776242413911,800
500000,30,OBM,0.0,5.530043287007115,1.0156389141500737,-4.514404372857041,0.0003832868501027878,20.380229649412318,,,800
500000,30,OBM_RR,2.0,5.530043287007115,2.4586066236821598,-3.0714366633249552,0.003089544597548935,9.436808859483538,2.4586066236821598,9.436808859483538,800
500000,30,OBM_RR,3.0,5.530043287007115,2.910934575739649,-2.619108711267466,0.0050526234688717106,6.864776749126661,2.910934575739649,6.864776749126661,800
500000,30,OBM_RR,4.0,5.530043287007115,3.2632585334286444,-2.2667847535784706,0.007209099860329034,5.145513207541312,3.2632585334286444,5.145513207541312,800
500000,33,OBM,0.0,5.530043287007115,1.0984468826298013,-4.431596404377314,0.00046004061921688967,19.639506156858378,,,800
500000,33,OBM_RR,2.0,5.530043287007115,2.616493473607161,-2.9135498133999542,0.0036641343653182113,8.492432069360266,2.616493473607161,8.492432069360266,800
500000,33,OBM_RR,3.0,5.530043287007115,3.0755123143212053,-2.4545309726859097,0.005934370086314711,6.030649247998144,3.0755123143212053,6.030649247998144,800
500000,33,OBM_RR,4.0,5.530043287007115,3.4271693192519064,-2.1028739677552086,0.008388328744742516,4.430456767596347,3.4271693192519064,4.430456767596347,800
500000,37,OBM,0.0,5.530043287007115,1.2046972346487643,-4.32534605235835,0.0005718862519026578,18.709189644046056,,,800
500000,37,OBM_RR,2.0,5.530043287007115,2.8112827498649646,-2.7187605371421504,0.004484621455031623,7.396137873999686,2.8112827498649646,7.396137873999686,800
500000,37,OBM_RR,3.0,5.530043287007115,3.2749903769895288,-2.2550529100175862,0.007166725518761254,5.092421394090645,3.2749903769895288,5.092421394090645,800
500000,37,OBM_RR,4.0,5.530043287007115,3.6227890032387813,-1.9072542837683337,0.010016649953406715,3.647623032093626,3.6227890032387813,3.647623032093626,800
500000,41,OBM,0.0,5.530043287007115,1.30648273605205,-4.2235605509550656,0.0006941704873798495,17.839157030358123,,,800
500000,41,OBM_RR,2.0,5.530043287007115,2.989953850349609,-2.540089436657506,0.005359240681229097,6.457406887849426,2.989953850349609,6.457406887849426,800
500000,41,OBM_RR,3.0,5.530043287007115,3.454445282424177,-2.075598004582938,0.008452842534045388,4.31654935310955,3.454445282424177,4.31654935310955,800
500000,41,OBM_RR,4.0,5.530043287007115,3.795824315065865,-1.73421897194125,0.011699119838585398,3.0191999385797526,3.795824315065865,3.0191999385797526,800
500000,46,OBM,0.0,5.530043287007115,1.4278718915817619,-4.102171395425353,0.0008610270894858464,16.828670108251615,,,800
500000,46,OBM_RR,2.0,5.530043287007115,3.193254578004909,-2.336788709002206,0.006516153457517761,5.467089478785892,3.193254578004909,5.467089478785892,800
500000,46,OBM_RR,3.0,5.530043287007115,3.654460203961957,-1.875583083045158,0.010122584689661847,3.527921832863981,3.654460203961957,3.527921832863981,800
500000,46,OBM_RR,4.0,5.530043287007115,3.9852209133547194,-1.5448223736523956,0.013867441734498316,2.4003262735693505,3.9852209133547194,2.4003262735693505,800
500000,52,OBM,0.0,5.530043287007115,1.5656274554194234,-3.964415831587692,0.0010808774852909984,15.717672412131563,,,800
500000,52,OBM_RR,2.0,5.530043287007115,3.4115536353591778,-2.1184896516479372,0.007980408575106289,4.495968837203783,3.4115536353591778,4.495968837203783,800
500000,52,OBM_RR,3.0,5.530043287007115,3.8641371501821298,-1.6659061368249852,0.012199542786365664,2.7874275500690278,3.8641371501821298,2.7874275500690278,800
500000,52,OBM_RR,4.0,5.530043287007115,4.179630781714777,-1.3504125052923381,0.01654031019530491,1.8401335692574896,4.179630781714777,1.8401335692574896,800
500000,58,OBM,0.0,5.530043287007115,1.695476942335568,-3.834566344671547,0.001320952292432013,14.705218352789775,,,800
500000,58,OBM_RR,2.0,5.530043287007115,3.605664363682537,-1.924378923324578,0.00951086540099157,3.7127332173551055,3.605664363682537,3.7127332173551055,800
500000,58,OBM_RR,3.0,5.530043287007115,4.0459530845815355,-1.4840902024255795,0.014344827277602975,2.2168506251791036,4.0459530845815355,2.2168506251791036,800
500000,58,OBM_RR,4.0,5.530043287007115,4.344628214392042,-1.185415072615073,0.019276513919331852,1.4244613126599328,4.344628214392042,1.4244613126599328,800
500000,65,OBM,0.0,5.530043287007115,1.8378747734095386,-3.6921685135975766,0.0016249398284429325,13.633731241454994,,,800
500000,65,OBM_RR,2.0,5.530043287007115,3.8059527903257346,-1.7240904966813804,0.01136287279222791,2.983836709948288,3.8059527903257346,2.983836709948288,800
500000,65,OBM_RR,3.0,5.530043287007115,4.22874836473726,-1.3012949222698547,0.016914367787281524,1.7102616995528535,4.22874836473726,1.7102616995528535,800
500000,65,OBM_RR,4.0,5.530043287007115,4.507036482169622,-1.0230068048374932,0.022532431710652737,1.0690471889148319,4.507036482169622,1.0690471889148319,800
500000,73,OBM,0.0,5.530043287007115,1.9897602820253266,-3.5402830049817884,0.0020012937953421393,12.53560254754098,,,800
500000,73,OBM_RR,2.0,5.530043287007115,4.005540625261618,-1.5245026617454966,0.013549323126168826,2.337640752141366,4.005540625261618,2.337640752141366,800
500000,73,OBM_RR,3.0,5.530043287007115,4.405771171468368,-1.124272115538747,0.019919783267020617,1.283882673315905,4.405771171468368,1.283882673315905,800
500000,73,OBM_RR,4.0,5.530043287007115,4.660875376131472,-0.8691679108756434,0.02633725906377667,0.7817571947858769,4.660875376131472,0.7817571947858769,800
500000,81,OBM,0.0,5.530043287007115,2.131216514861231,-3.398826772145884,0.002405240818880004,11.554425661323462,,,800
500000,81,OBM_RR,2.0,5.530043287007115,4.178751030199721,-1.351292256807394,0.015797450631138448,1.8417684671254688,4.178751030199721,1.8417684671254688,800
500000,81,OBM_RR,3.0,5.530043287007115,4.555021255102643,-0.975022031904472,0.02298579260678144,0.9736250230651478,4.555021255102643,0.9736250230651478,800
500000,81,OBM_RR,4.0,5.530043287007115,4.787809932846767,-0.7422333541603479,0.030231222401655475,0.5811037854017741,4.787809932846767,0.5811037854017741,800
500000,91,OBM,0.0,5.530043287007115,2.2949310404671546,-3.2351122465399604,0.0029439103856001283,10.468891478210445,,,800
500000,91,OBM_RR,2.0,5.530043287007115,4.364309126983633,-1.165734160023482,0.018685980797796563,1.377598755167453,4.364309126983633,1.377598755167453,800
500000,91,OBM_RR,3.0,5.530043287007115,4.710224344644528,-0.8198189423625868,0.02689238257990693,0.6989618653581922,4.710224344644528,0.6989618653581922,800
500000,91,OBM_RR,4.0,5.530043287007115,4.9168750941112025,-0.6131681928959125,0.035197005100122664,0.4111282416229859,4.9168750941112025,0.4111282416229859,800
500000,101,OBM,0.0,5.530043287007115,2.445674473310404,-3.084368813696711,0.003514881581169755,9.51684146688405,,,800
500000,101,OBM_RR,2.0,5.530043287007115,4.521341956072997,-1.0087013309341177,0.021639508877869036,1.0390908345200323,4.521341956072997,1.0390908345200323,800
500000,101,OBM_RR,3.0,5.530043287007115,4.837615331938001,-0.6924279550691139,0.030893505603927514,0.5103113616831169,4.837615331938001,0.5103113616831169,800
500000,101,OBM_RR,4.0,5.530043287007115,5.020208151123749,-0.5098351358833657,0.04030151200123651,0.3001830008924452,5.020208151123749,0.3001830008924452,800
500000,113,OBM,0.0,5.530043287007115,2.6114645810300074,-2.9185787059771076,0.004236135281306036,8.522332503095212,,,800
500000,113,OBM_RR,2.0,5.530043287007115,4.6791262138916565,-0.8509170731154585,0.02525844799172737,0.7492867402511172,4.6791262138916565,0.7492867402511172,800
500000,113,OBM_RR,3.0,5.530043287007115,4.961728100823979,-0.5683151861831357,0.03580292644470711,0.35874032363302283,4.961728100823979,0.35874032363302283,800
500000,113,OBM_RR,4.0,5.530043287007115,5.118452029947641,-0.41159125705947375,0.04657600523193376,0.21592514811319166,5.118452029947641,0.21592514811319166,800
500000,126,OBM,0.0,5.530043287007115,2.7747484188932017,-2.7552948681139133,0.005054754517285882,7.596698246329009,,,800
500000,126,OBM_RR,2.0,5.530043287007115,4.819662605735167,-0.710380681271948,0.02925876048424747,0.5338628993580393,4.819662605735167,0.5338628993580393,800
500000,126,OBM_RR,3.0,5.530043287007115,5.068623561242277,-0.4614197257648378,0.04124893467282856,0.2541055368293854,5.068623561242277,0.2541055368293854,800
500000,126,OBM_RR,4.0,5.530043287007115,5.201244487088893,-0.32879879991822225,0.05348692735431781,0.16152871952278816,5.201244487088893,0.16152871952278816,800
500000,141,OBM,0.0,5.530043287007115,2.9448447868128627,-2.5851985001942523,0.006039400147338023,6.689283136303768,,,800
500000,141,OBM_RR,2.0,5.530043287007115,4.9508795697591,-0.5791637172480151,0.03398219404461703,0.3693703276786,4.9508795697591,0.3693703276786,800
500000,141,OBM_RR,3.0,5.530043287007115,5.164801652367114,-0.36524163464000114,0.0477306214527632,0.1810724098504476,5.164801652367114,0.1810724098504476,800
500000,141,OBM_RR,4.0,5.530043287007115,5.274321094531489,-0.2557221924756261,0.061512374944450575,0.1268293242003113,5.274321094531489,0.1268293242003113,800
500000,158,OBM,0.0,5.530043287007115,3.1172275647857193,-2.4128157222213957,0.007198284689649973,5.828868996232546,,,800
500000,158,OBM_RR,2.0,5.530043287007115,5.068564689781279,-0.4614785972258364,0.0395001375658917,0.25241325809146004,5.068564689781279,0.25241325809146004,800
500000,158,OBM_RR,3.0,5.530043287007115,5.247911516321483,-0.28213177068563233,0.055237332802944676,0.13476662216715107,5.247911516321483,0.13476662216715107,800
500000,158,OBM_RR,4.0,5.530043287007115,5.336548997602113,-0.19349428940500157,0.07060466789296994,0.10795645209045,5.336548997602113,0.10795645209045,800
500000,176,OBM,0.0,5.530043287007115,3.2795738764234903,-2.2504694105836247,0.008468503405128936,5.073070485748478,,,800
500000,176,OBM_RR,2.0,5.530043287007115,5.165801537302675,-0.3642417497044397,0.04548377544522807,0.1780989729536731,5.165801537302675,0.1780989729536731,800
500000,176,OBM_RR,3.0,5.530043287007115,5.314157052886917,-0.21588623412019814,0.0632956495162038,0.10982339603690924,5.314157052886917,0.10982339603690924,800
500000,176,OBM_RR,4.0,5.530043287007115,5.3856765019800585,-0.14436678502705647,0.08037864100663382,0.10111993632442391,5.3856765019800585,0.10111993632442391,800
500000,197,OBM,0.0,5.530043287007115,3.4467926277894194,-2.0832506592176956,0.009994075329717227,4.349914891866516,,,800
500000,197,OBM_RR,2.0,5.530043287007115,5.252427933916867,-0.27761535309024765,0.052677991518745124,0.12968242830076945,5.252427933916867,0.12968242830076945,800
500000,197,OBM_RR,3.0,5.530043287007115,5.371377648383241,-0.15866563862387384,0.07267467870908932,0.09775862024062482,5.371377648383241,0.09775862024062482,800
500000,197,OBM_RR,4.0,5.530043287007115,5.427495501315898,-0.10254778569121736,0.09191586475718709,0.10231701827641256,5.427495501315898,0.10231701827641256,800
500000,220,OBM,0.0,5.530043287007115,3.6069546914068873,-1.9230885956002277,0.011708703762275889,3.70996381441023,,,800
500000,220,OBM_RR,2.0,5.530043287007115,5.322939714602765,-0.20710357240434973,0.0607907402173714,0.10360664149474337,5.322939714602765,0.10360664149474337,800
500000,220,OBM_RR,3.0,5.530043287007115,5.417088288052604,-0.11295499895451133,0.08298520263899883,0.09564030292451381,5.417088288052604,0.09564030292451381,800
500000,220,OBM_RR,4.0,5.530043287007115,5.460014511801287,-0.07002877520582818,0.10468396926509994,0.10945714366034691,5.460014511801287,0.10945714366034691,800
500000,246,OBM,0.0,5.530043287007115,3.764068163712466,-1.7659751232946488,0.01369169951651358,3.132342720987668,,,800
500000,246,OBM_RR,2.0,5.530043287007115,5.381114974220899,-0.1489283127862162,0.07009300837259744,0.0921850344614806,5.381114974220899,0.0921850344614806,800
500000,246,OBM_RR,3.0,5.530043287007115,5.454029123809978,-0.07601416319713739,0.0948704136378472,0.10052997862736086,5.454029123809978,0.10052997862736086,800
500000,246,OBM_RR,4.0,5.530043287007115,5.485541767037155,-0.04450151996995988,0.11875998539253142,0.1205919206904275,5.485541767037155,0.1205919206904275,800
500000,275,OBM,0.0,5.530043287007115,3.9147957463155456,-1.6152475406915694,0.015950941763879588,2.6249556207968374,,,800
500000,275,OBM_RR,2.0,5.530043287007115,5.427151465325416,-0.10289182168169919,0.08054007582595778,0.09102612770015407,5.427151465325416,0.09102612770015407,800
500000,275,OBM_RR,3.0,5.530043287007115,5.4825185438501,-0.04752474315701516,0.10830336979551307,0.11042659179540898,5.4825185438501,0.11042659179540898,800
500000,275,OBM_RR,4.0,5.530043287007115,5.5046944741210595,-0.025348812886055505,0.13360011963194876,0.13407568179714108,5.5046944741210595,0.13407568179714108,800
500000,307,OBM,0.0,5.530043287007115,4.0568406350099115,-1.4732026519972035,0.01850459905034898,2.1888075221531285,,,800
500000,307,OBM_RR,2.0,5.530043287007115,5.462617602932455,-0.0674256840746601,0.09197740992246779,0.09640866103300062,5.462617602932455,0.09640866103300062,800
500000,307,OBM_RR,3.0,5.530043287007115,5.503606076331482,-0.026437210675632983,0.12311191505820554,0.12365695127269057,5.503606076331482,0.12365695127269057,800
500000,307,OBM_RR,4.0,5.530043287007115,5.518387080054969,-0.01165620695214642,0.14933141402453912,0.14928061691751973,5.518387080054969,0.14928061691751973,800
500000,343,OBM,0.0,5.530043287007115,4.192246009756513,-1.3377972772506022,0.021438946774759507,1.8111137031104152,,,800
500000,343,OBM_RR,2.0,5.530043287007115,5.490211497012542,-0.03983178999457326,0.10504969723572567,0.10650495660835287,5.490211497012542,0.10650495660835287,800
500000,343,OBM_RR,3.0,5.530043287007115,5.5190384622036746,-0.01100482480344045,0.13904009360179487,0.13898739965374707,5.5190384622036746,0.13898739965374707,800
500000,343,OBM_RR,4.0,5.530043287007115,5.527918745798048,-0.0021245412090671323,0.16696840896701776,0.16676421213115802,5.527918745798048,0.16676421213115802,800
500000,383,OBM,0.0,5.530043287007115,4.318592375852176,-1.2114509111549392,0.024773793941902926,1.4923561368376081,,,800
500000,383,OBM_RR,2.0,5.530043287007115,5.5107296767658855,-0.019313610241229462,0.11988634855075013,0.12010950615561182,5.5107296767658855,0.12010950615561182,800
500000,383,OBM_RR,3.0,5.530043287007115,5.529694860813541,-0.00034842619357444704,0.15572637225745567,0.1555318356929462,5.529694860813541,0.1555318356929462,800
500000,383,OBM_RR,4.0,5.530043287007115,5.534682137683667,0.004638850676552231,0.18603904380429878,0.18582801393514273,5.534682137683667,0.18582801393514273,800
500000,428,OBM,0.0,5.530043287007115,4.436902486241734,-1.0931408007653811,0.028627577935942793,1.2235486037615022,,,800
500000,428,OBM_RR,2.0,5.530043287007115,5.525632927479944,-0.004410359527170726,0.13677034372924535,0.1366188320707427,5.525632927479944,0.1366188320707427,800
500000,428,OBM_RR,3.0,5.530043287007115,5.536602530453671,0.006559243446555563,0.17396125369009618,0.17378682579757473,5.536602530453671,0.17378682579757473,800
500000,428,OBM_RR,4.0,5.530043287007115,5.538456962713664,0.008413675706549384,0.20617881024790902,0.2059918766739941,5.538456962713664,0.2059918766739941,800
500000,478,OBM,0.0,5.530043287007115,4.54564264212468,-0.9844006448824354,0.03299373670113958,1.0019971241752177,,,800
500000,478,OBM_RR,2.0,5.530043287007115,5.535743146564953,0.005699859557838138,0.15513034648192225,0.15496892194779893,5.535743146564953,0.15496892194779893,800
500000,478,OBM_RR,3.0,5.530043287007115,5.540906316550828,0.010863029543712877,0.19420625986126586,0.19408150744730684,5.540906316550828,0.19408150744730684,800
500000,478,OBM_RR,4.0,5.530043287007115,5.540019024617934,0.00997573761081938,0.22800528405449538,0.22781979279030715,5.540019024617934,0.22781979279030715,800
500000,534,OBM,0.0,5.530043287007115,4.6457716720398965,-0.8842716149672185,0.037954682493242686,0.819843528176859,,,800
500000,534,OBM_RR,2.0,5.530043287007115,5.542242110046276,0.012198823039160978,0.17418818789761156,0.1741192639462803,5.542242110046276,0.1741192639462803,800
500000,534,OBM_RR,3.0,5.530043287007115,5.543543451541291,0.013500164534176129,0.21572349397406368,0.21563609404904593,5.543543451541291,0.21563609404904593,800
500000,534,OBM_RR,4.0,5.530043287007115,5.539797821629079,0.009754534621963629,0.2527445396140638,0.2525237598852373,5.539797821629079,0.2525237598852373,800
500000,596,OBM,0.0,5.530043287007115,4.736524006980601,-0.7935192800265138,0.04344692963923011,0.673065468750979,,,800
500000,596,OBM_RR,2.0,5.530043287007115,5.5457997241818635,0.015756437174748505,0.19405176879426403,0.19405746939571297,5.5457997241818635,0.19405746939571297,800
500000,596,OBM_RR,3.0,5.530043287007115,5.543598603524058,0.01355531651694264,0.238194859665413,0.23808086269670575,5.543598603524058,0.23808086269670575,800
500000,596,OBM_RR,4.0,5.530043287007115,5.537852038741903,0.007808751734788011,0.28002149978995966,0.27973244951887777,5.537852038741903,0.27973244951887777,800
500000,666,OBM,0.0,5.530043287007115,4.820239916655113,-0.7098033703520024,0.049683172353433,0.5534418929510528,,,800
500000,666,OBM_RR,2.0,5.530043287007115,5.546757610199569,0.016714323192453584,0.2163622056377274,0.21637112148046206,5.546757610199569,0.21637112148046206,800
500000,666,OBM_RR,3.0,5.530043287007115,5.542500904966489,0.012457617959373835,0.26361660724253727,0.26344227872870585,5.542500904966489,0.26344227872870585,800
500000,666,OBM_RR,4.0,5.530043287007115,5.535043352461223,0.005000065454107805,0.31042253858288105,0.3100595110641978,5.535043352461223,0.3100595110641978,800
500000,744,OBM,0.0,5.530043287007115,4.895988722787462,-0.6340545642196531,0.0567400146543857,0.4586942800438423,,,800
500000,744,OBM_RR,2.0,5.530043287007115,5.546742105530468,0.016698818523352976,0.24079170206387832,0.24076956297637436,5.546742105530468,0.24076956297637436,800
500000,744,OBM_RR,3.0,5.530043287007115,5.5396967453139245,0.009653458306809526,0.29220319401051686,0.29193112927528503,5.5396967453139245,0.29193112927528503,800
500000,744,OBM_RR,4.0,5.530043287007115,5.5304699653944365,0.00042667838732146635,0.34227664093994487,0.3418489771932161,5.5304699653944365,0.3418489771932161,800
500000,831,OBM,0.0,5.530043287007115,4.964195028467555,-0.5658482585395603,0.0646883237413415,0.38479171502891807,,,800
500000,831,OBM_RR,2.0,5.530043287007115,5.545590611463253,0.015547324456138156,0.26596704291185114,0.26587630340595575,5.545590611463253,0.26587630340595575,800
500000,831,OBM_RR,3.0,5.530043287007115,5.536012779513381,0.005969492506266327,0.3236891509742183,0.32332017437628285,5.536012779513381,0.32332017437628285,800
500000,831,OBM_RR,4.0,5.530043287007115,5.5248816937439,-0.005161593263214748,0.3764193116557855,0.37597542956123065,5.5248816937439,0.37597542956123065,800
500000,928,OBM,0.0,5.530043287007115,5.0253347807088495,-0.5047085062982655,0.07351888364801103,0.32815766137327773,,,800
500000,928,OBM_RR,2.0,5.530043287007115,5.542857489214141,0.012814202207025893,0.29315094048453555,0.2929487055871324,5.542857489214141,0.2929487055871324,800
500000,928,OBM_RR,3.0,5.530043287007115,5.5316759125669455,0.0016326255598304584,0.3578679240302144,0.35742325459139523,5.5316759125669455,0.35742325459139523,800
500000,928,OBM_RR,4.0,5.530043287007115,5.517515789922041,-0.012527497085073946,0.41607438322042384,0.41571122842461494,5.517515789922041,0.41571122842461494,800
500000,1037,OBM,0.0,5.530043287007115,5.080416883741861,-0.4496264032652544,0.08302627003531896,0.2850863897110241,,,800
500000,1037,OBM_RR,2.0,5.530043287007115,5.5396706994388465,0.009627412431731486,0.32499795142287663,0.32468439105372865,5.5396706994388465,0.32468439105372865,800
500000,1037,OBM_RR,3.0,5.530043287007115,5.5256969266081555,-0.004346360398959526,0.3940424156589022,0.3935687534880462,5.5256969266081555,0.3935687534880462,800
500000,1037,OBM_RR,4.0,5.530043287007115,5.506620578681442,-0.023422708325672836,0.46318255856689206,0.46315220363399306,5.506620578681442,0.46315220363399306,800
500000,1158,OBM,0.0,5.530043287007115,5.1292654256288515,-0.40077786137826354,0.09307656732735098,0.2535831157891262,,,800
500000,1158,OBM_RR,2.0,5.530043287007115,5.535130763623617,0.005087476616502329,0.3605713198374005,0.36014648810592725,5.535130763623617,0.36014648810592725,800
500000,1158,OBM_RR,3.0,5.530043287007115,5.51918503178324,-0.010858255223874735,0.4342299158909052,0.4338050302025485,5.51918503178324,0.4338050302025485,800
500000,1158,OBM_RR,4.0,5.530043287007115,5.495422659589719,-0.03462062741739569,0.514123742077598,0.514679675242775,5.495422659589719,0.514679675242775,800
500000,1294,OBM,0.0,5.530043287007115,5.172922354165886,-0.35712093284122925,0.10409425875145385,0.23149950160140434,,,800
500000,1294,OBM_RR,2.0,5.530043287007115,5.530518529479874,0.00047524247275898546,0.39952101616143226,0.3990218407466384,5.530518529479874,0.3990218407466384,800
500000,1294,OBM_RR,3.0,5.530043287007115,5.5091913975353215,-0.020851889471793505,0.481827306987634,0.4816598241484434,5.5091913975353215,0.4816598241484434,800
500000,1294,OBM_RR,4.0,5.530043287007115,5.483677053067592,-0.04636623393952277,0.5686867803807332,0.5701257495549918,5.483677053067592,0.5701257495549918,800
500000,1445,OBM,0.0,5.530043287007115,5.21171138789394,-0.3183318991131747,0.1162506127860474,0.21744049751306554,,,800
500000,1445,OBM_RR,2.0,5.530043287007115,5.5243836047761015,-0.005659682231013541,0.44110697954009936,0.44058762781863026,5.5243836047761015,0.44058762781863026,800
500000,1445,OBM_RR,3.0,5.530043287007115,5.496713187471324,-0.03333009953579058,0.5362106697754174,0.5366513019732639,5.496713187471324,0.5366513019732639,800
500000,1445,OBM_RR,4.0,5.530043287007115,5.47126832235997,-0.058774964647144934,0.6259908193913571,0.6286628273363912,5.47126832235997,0.6286628273363912,800
500000,1614,OBM,0.0,5.530043287007115,5.246481271022795,-0.2835620159843204,0.12927773882783158,0.20952355856338875,,,800
500000,1614,OBM_RR,2.0,5.530043287007115,5.51653180913594,-0.013511477871174904,0.48591663119059053,0.48549179543586546,5.51653180913594,0.48549179543586546,800
500000,1614,OBM_RR,3.0,5.530043287007115,5.484277711984184,-0.04576557502293088,0.5943004079167606,0.5956520202640442,5.484277711984184,0.5956520202640442,800
500000,1614,OBM_RR,4.0,5.530043287007115,5.459685777743589,-0.07035750926352602,0.6865477271734411,0.6906397216242414,5.459685777743589,0.6906397216242414,800
500000,1803,OBM,0.0,5.530043287007115,5.276731795791964,-0.2533114912151513,0.14314819863386552,0.20713597496721733,,,800
500000,1803,OBM_RR,2.0,5.530043287007115,5.508016792132724,-0.02202649487439068,0.5372274950140639,0.5370411271217478,5.508016792132724,0.5370411271217478,800
500000,1803,OBM_RR,3.0,5.530043287007115,5.470866109401073,-0.05917717760604191,0.6559139452719348,0.6585959911897618,5.470866109401073,0.6585959911897618,800
500000,1803,OBM_RR,4.0,5.530043287007115,5.448346753751057,-0.08169653325605797,0.7562939982430634,0.7620229542913178,5.448346753751057,0.7620229542913178,800
500000,2014,OBM,0.0,5.530043287007115,5.303551148627809,-0.2264921383793057,0.15858043805638017,0.2096809012564399,,,800
500000,2014,OBM_RR,2.0,5.530043287007115,5.494153649861984,-0.03588963714513138,0.5969279840334877,0.597469890107855,5.494153649861984,0.597469890107855,800
500000,2014,OBM_RR,3.0,5.530043287007115,5.457947978239565,-0.07209530876755021,0.7203493705717998,0.7246466674048733,5.457947978239565,0.7246466674048733,800
500000,2014,OBM_RR,4.0,5.530043287007115,5.43615108193088,-0.09389220507623541,0.8369064833009521,0.8446760963709038,5.43615108193088,0.8446760963709038,800
500000,2249,OBM,0.0,5.530043287007115,5.3266037530232415,-0.2034395339838735,0.17584610747018664,0.21701394382342415,,,800
500000,2249,OBM_RR,2.0,5.530043287007115,5.479259273918364,-0.05078401308875069,0.6635607842061573,0.6653103492112978,5.479259273918364,0.6653103492112978,800
500000,2249,OBM_RR,3.0,5.530043287007115,5.446109339542602,-0.0839339474645131,0.7904846063650365,0.7965414081440558,5.446109339542602,0.7965414081440558,800
500000,2249,OBM_RR,4.0,5.530043287007115,5.421939692521632,-0.1081035944854829,0.9344675253159939,0.9449858280500304,5.421939692521632,0.9449858280500304,800
500000,2512,OBM,0.0,5.530043287007115,5.34671115973057,-0.1833321272765449,0.19498281104911394,0.22834975142704603,,,800
500000,2512,OBM_RR,2.0,5.530043287007115,5.464614694139759,-0.06542859286735592,0.7339366322685638,0.7373001122428303,5.464614694139759,0.7373001122428303,800
500000,2512,OBM_RR,3.0,5.530043287007115,5.43354427185069,-0.09649901515642512,0.8720981456743483,0.8803200829184152,5.43354427185069,0.8803200829184152,800
500000,2512,OBM_RR,4.0,5.530043287007115,5.40601909184714,-0.12402419515997476,1.0529586542600802,1.0670244569273344,5.40601909184714,1.0670244569273344,800
500000,2806,OBM,0.0,5.530043287007115,5.364012232983982,-0.1660310540231329,0.21575639952344658,0.24305301492407452,,,800
500000,2806,OBM_RR,2.0,5.530043287007115,5.448420676259402,-0.08162261074771315,0.8081291726292111,0.8137812617486975,5.448420676259402,0.8137812617486975,800
500000,2806,OBM_RR,3.0,5.530043287007115,5.419841836755861,-0.11020145025125405,0.971396839734753,0.9823269533225638,5.419841836755861,0.9823269533225638,800
500000,2806,OBM_RR,4.0,5.530043287007115,5.388290143421013,-0.1417531435861017,1.1872650157095757,1.2058748881564805,5.388290143421013,1.2058748881564805,800
500000,3134,OBM,0.0,5.530043287007115,5.378131178635088,-0.15191210837202718,0.23737102125810994,0.26015159615157196,,,800
500000,3134,OBM_RR,2.0,5.530043287007115,5.4347356156813875,-0.09530767132572748,0.8866603927457981,0.8946356194683986,5.4347356156813875,0.8946356194683986,800
500000,3134,OBM_RR,3.0,5.530043287007115,5.404636059917111,-0.12540722709000374,1.0894929331594099,1.1038580395993645,5.404636059917111,1.1038580395993645,800
500000,3134,OBM_RR,4.0,5.530043287007115,5.369981090689274,-0.16006219631784102,1.3334502775296129,1.357403371372792,5.369981090689274,1.357403371372792,800
500000,3501,OBM,0.0,5.530043287007115,5.389924948937891,-0.14011833806922436,0.26166036219017696,0.2809664354007206,,,800
500000,3501,OBM_RR,2.0,5.530043287007115,5.42191025750962,-0.1081330294974947,0.977520547316155,0.987991398700316,5.42191025750962,0.987991398700316,800
500000,3501,OBM_RR,3.0,5.530043287007115,5.386196506710516,-0.1438467802965988,1.2369681396395291,1.2561138256666773,5.386196506710516,1.2561138256666773,800
500000,3501,OBM_RR,4.0,5.530043287007115,5.344567939407035,-0.18547534760007967,1.4928959907879287,1.525430975366814,5.344567939407035,1.525430975366814,800
500000,3910,OBM,0.0,5.530043287007115,5.397465081084008,-0.13257820592310665,0.2903592041726129,0.30757323585318697,,,800
500000,3910,OBM_RR,2.0,5.530043287007115,5.410223542304886,-0.11981974470222934,1.0829979744192828,1.0960009981717662,5.410223542304886,1.0960009981717662,800
500000,3910,OBM_RR,3.0,5.530043287007115,5.369032674833511,-0.16101061217360435,1.3930574605583217,1.4172405559651429,5.369032674833511,1.4172405559651429,800
500000,3910,OBM_RR,4.0,5.530043287007115,5.315688249775268,-0.21435503723184723,1.6605514611703824,1.7044238538305863,5.315688249775268,1.7044238538305863,800
500000,4368,OBM,0.0,5.530043287007115,5.401973039101367,-0.12807024790574761,0.32338693695040527,0.33938469167785695,,,800
500000,4368,OBM_RR,2.0,5.530043287007115,5.39690158405732,-0.13314170294979544,1.2156867960514195,1.2318939006207268,5.39690158405732,1.2318939006207268,800
500000,4368,OBM_RR,3.0,5.530043287007115,5.349068849615396,-0.18097443739171926,1.5621764545045913,1.59297548092571,5.349068849615396,1.59297548092571,800
500000,4368,OBM_RR,4.0,5.530043287007115,5.285789623355226,-0.2442536636518886,1.8454935736024063,1.902846558842773,5.285789623355226,1.902846558842773,800
500000,4878,OBM,0.0,5.530043287007115,5.405152003931839,-0.12489128307527597,0.35856468116790585,0.3737143079046348,,,800
500000,4878,OBM_RR,2.0,5.530043287007115,5.381703128956335,-0.1483401580507797,1.375823952021133,1.396108974571637,5.381703128956335,1.396108974571637,800
500000,4878,OBM_RR,3.0,5.530043287007115,5.319443518708729,-0.210599768298386,1.7441531823771523,1.786325253306515,5.319443518708729,1.786325253306515,800
500000,4878,OBM_RR,4.0,5.530043287007115,5.250444299266469,-0.27959898774064573,2.04628613209878,2.121903868379251,5.250444299266469,2.121903868379251,800
500000,5449,OBM,0.0,5.530043287007115,5.406158981779838,-0.12388430522727667,0.3960515318468402,0.41090378851367676,,,800
500000,5449,OBM_RR,2.0,5.530043287007115,5.3626323037643715,-0.1674109832427435,1.5713437699175967,1.597406027515502,5.3626323037643715,1.597406027515502,800
500000,5449,OBM_RR,3.0,5.530043287007115,5.288649702958983,-0.24139358404813205,1.9394942955553447,1.9953407901055034,5.288649702958983,1.9953407901055034,800
500000,5449,OBM_RR,4.0,5.530043287007115,5.210893323737545,-0.31914996326957024,2.264871518450083,2.363897128106989,5.210893323737545,2.363897128106989,800
500000,6086,OBM,0.0,5.530043287007115,5.406472090599558,-0.12357119640755698,0.4356855001002929,0.4504107338067626,,,800
500000,6086,OBM_RR,2.0,5.530043287007115,5.343582274260491,-0.18646101274662374,1.7757946451684872,1.8083426111365235,5.343582274260491,1.8083426111365235,800
500000,6086,OBM_RR,3.0,5.530043287007115,5.254487517725051,-0.2755557692820636,2.1583802876737397,2.2316132942987768,5.254487517725051,2.2316132942987768,800
500000,6086,OBM_RR,4.0,5.530043287007115,5.166443645000029,-0.3635996420070864,2.5083529270225857,2.637422185531488,5.166443645000029,2.637422185531488,800
500000,6798,OBM,0.0,5.530043287007115,5.406237503736259,-0.12380578327085612,0.47885905746351726,0.4935883556129981,,,800
500000,6798,OBM_RR,2.0,5.530043287007115,5.315769902223212,-0.2142733847839029,1.99107742488405,2.0345016615296956,5.315769902223212,2.0345016615296956,800
500000,6798,OBM_RR,3.0,5.530043287007115,5.213137144128247,-0.3169061428788682,2.390611634788315,2.4880528736391914,5.213137144128247,2.4880528736391914,800
500000,6798,OBM_RR,4.0,5.530043287007115,5.114939525729589,-0.4151037612775257,2.790039505545077,2.9588630887898955,5.114939525729589,2.9588630887898955,800
500000,7593,OBM,0.0,5.530043287007115,5.404458033442004,-0.1255852535651112,0.5281087517286788,0.5432202717020314,,,800
500000,7593,OBM_RR,2.0,5.530043287007115,5.278243527966551,-0.25179975904056384,2.217135046701176,2.2777667465456855,5.278243527966551,2.2777667465456855,800
500000,7593,OBM_RR,3.0,5.530043287007115,5.168914571341953,-0.3611287156651617,2.6457154978755013,2.7728223027811265,5.168914571341953,2.7728223027811265,800
500000,7593,OBM_RR,4.0,5.530043287007115,5.063722107463315,-0.46632117954380004,3.10238184884756,3.3159593140276216,5.063722107463315,3.3159593140276216,800
500000,8481,OBM,0.0,5.530043287007115,5.400855086794141,-0.12918820021297428,0.5870159470340768,0.602971768174552,,,800
500000,8481,OBM_RR,2.0,5.530043287007115,5.240434904883872,-0.2896083821232427,2.4533951413569244,2.534201412426271,5.240434904883872,2.534201412426271,800
500000,8481,OBM_RR,3.0,5.530043287007115,5.11593117798866,-0.41411210901845497,2.9271638789858443,3.094993762972825,5.11593117798866,3.094993762972825,800
500000,8481,OBM_RR,4.0,5.530043287007115,5.011700657224091,-0.5183426297830236,3.462666647401731,3.7270173959428585,5.011700657224091,3.7270173959428585,800
500000,9472,OBM,0.0,5.530043287007115,5.395329255184238,-0.13471403182287744,0.6557667740312945,0.6730949359337305,,,800
500000,9472,OBM_RR,2.0,5.530043287007115,5.197302657327268,-0.3327406296798472,2.712745925392966,2.8200713196259657,5.197302657327268,2.8200713196259657,800
500000,9472,OBM_RR,3.0,5.530043287007115,5.0612888122066515,-0.4687544748004635,3.2556886983115767,3.4713498450841462,5.0612888122066515,3.4713498450841462,800
500000,9472,OBM_RR,4.0,5.530043287007115,4.950969411921829,-0.5790738750852862,3.854025715959432,4.184534736620773,4.950969411921829,4.184534736620773,800
500000,10580,OBM,0.0,5.530043287007115,5.3868281225993,-0.143215164407815,0.7395931985339813,0.7591792903521717,,,800
500000,10580,OBM_RR,2.0,5.530043287007115,5.148193037493304,-0.3818502495138114,2.9785315127451106,3.1206179614079392,5.148193037493304,3.1206179614079392,800
500000,10580,OBM_RR,3.0,5.530043287007115,5.006550507359865,-0.5234927796472499,3.610946708528017,3.8804777154851617,5.006550507359865,3.8804777154851617,800
500000,10580,OBM_RR,4.0,5.530043287007115,4.880550238564311,-0.6494930484428041,4.282578615855097,4.699066612560805,4.880550238564311,4.699066612560805,800
500000,11817,OBM,0.0,5.530043287007115,5.377842752370633,-0.1522005346364823,0.829244785977364,0.8513732327385231,,,800
500000,11817,OBM_RR,2.0,5.530043287007115,5.095006826247528,-0.43503646075958713,3.2850350090758327,3.470185437504716,5.095006826247528,3.470185437504716,800
500000,11817,OBM_RR,3.0,5.530043287007115,4.94758591424206,-0.582457372765055,4.030934083256007,4.365152006740307,4.94758591424206,4.365152006740307,800
500000,11817,OBM_RR,4.0,5.530043287007115,4.807151890535615,-0.7228913964714998,4.753419425642716,5.270049622453177,4.807151890535615,5.270049622453177,800
500000,13199,OBM,0.0,5.530043287007115,5.365689592619195,-0.1643536943879198,0.9282941866139952,0.9541459557396851,,,800
500000,13199,OBM_RR,2.0,5.530043287007115,5.030069347566381,-0.49997393944073387,3.642551808366869,3.887972558726296,5.030436124056604,3.883808358996093,800
500000,13199,OBM_RR,3.0,5.530043287007115,4.877488747766633,-0.6525545392404819,4.482250446375602,4.90247506000099,4.877488747766633,4.90247506000099,800
500000,13199,OBM_RR,4.0,5.530043287007115,4.725483044255371,-0.8045602427517444,5.254049913079293,5.894799534904691,4.725483044255371,5.894799534904691,800
500000,14742,OBM,0.0,5.530043287007115,5.346672597778977,-0.1833706892281377,1.035055207544419,1.0673861982029913,,,800
500000,14742,OBM_RR,2.0,5.530043287007115,4.972273187073271,-0.557770099933844,4.060170110511221,4.3662023822532925,4.972531575090418,4.363291176920029,800
500000,14742,OBM_RR,3.0,5.530043287007115,4.805988382610188,-0.7240549043969269,4.983919640662622,5.501945245693036,4.805988382610188,5.501945245693036,800
500000,14742,OBM_RR,4.0,5.530043287007115,4.638293539903051,-0.8917497471040639,5.79232294744679,6.580300155222642,4.638293539903051,6.580300155222642,800
500000,16466,OBM,0.0,5.530043287007115,5.326414149127993,-0.20362913787912174,1.1482418371170016,1.1882713606139996,,,800
500000,16466,OBM_RR,2.0,5.530043287007115,4.91443396262636,-0.6156093243807552,4.537159279193738,4.910462670359276,4.914478983011163,4.909963119537722,800
500000,16466,OBM_RR,3.0,5.530043287007115,4.722850120129384,-0.807193166877731,5.531368422016002,6.176015020142583,4.722850120129384,6.176015020142583,800
500000,16466,OBM_RR,4.0,5.530043287007115,4.549120147240851,-0.9809231397662641,6.353453325570494,7.307721715042437,4.549120147240851,7.307721715042437,800
500000,18391,OBM,0.0,5.530043287007115,5.303445436010277,-0.22659785099683827,1.2748794085139676,1.32463239532971,,,800
500000,18391,OBM_RR,2.0,5.530043287007115,4.847578251510696,-0.6824650354964188,5.073600577367938,5.533017101321357,4.847578251510696,5.533017101321357,800
500000,18391,OBM_RR,3.0,5.530043287007115,4.6365193136933,-0.8935239733138154,6.085326253664781,6.876104686734206,4.6365193136933,6.876104686734206,800
500000,18391,OBM_RR,4.0,5.530043287007115,4.457418239906954,-1.0726250471001606,6.931337062262082,8.073197382600878,4.457418239906954,8.073197382600878,800
500000,20542,OBM,0.0,5.530043287007115,5.2754882139556685,-0.25455507305144653,1.4094135025674428,1.4724500209054605,,,800
500000,20542,OBM_RR,2.0,5.530043287007115,4.767611524327658,-0.7624317626794568,5.662577986938505,6.236801957197335,4.767611524327658,6.236801957197335,800
500000,20542,OBM_RR,3.0,5.530043287007115,4.541186506661146,-0.9888567803459694,6.710887153271677,7.680336276366283,4.54125400777017,7.679586063136859,800
500000,20542,OBM_RR,4.0,5.530043287007115,4.3519282992384305,-1.1781149877686845,7.496111473873037,8.874696258935904,4.352260916631498,8.870973137870466,800
500000,22944,OBM,0.0,5.530043287007115,5.245339305852996,-0.2847039811541192,1.5577258022847604,1.6368350019169098,,,800
500000,22944,OBM_RR,2.0,5.530043287007115,4.687904772043414,-0.8421385149637013,6.278570874309535,6.979919939101916,4.687904772043414,6.979919939101916,800
500000,22944,OBM_RR,3.0,5.530043287007115,4.448874118868945,-1.08116916813817,7.343462614844249,8.503210056708276,4.44927201726731,8.498748677731292,800
500000,22944,OBM_RR,4.0,5.530043287007115,4.21752028261508,-1.3125230043920348,8.087728465387974,9.800335441864533,4.218460714047265,9.789672810399047,800
500000,25626,OBM,0.0,5.530043287007115,5.208336366202688,-0.3217069208044272,1.7249946480327878,1.8263337476162127,,,800
500000,25626,OBM_RR,2.0,5.530043287007115,4.597395543692615,-0.9326477433145,6.9463771509328405,7.807525992603803,4.599129870311582,7.787739420960061,800
500000,25626,OBM_RR,3.0,5.530043287007115,4.348845808139038,-1.1811974788680768,7.96547947120264,9.350750105947938,4.350248520458572,9.33480212479422,800
500000,25626,OBM_RR,4.0,5.530043287007115,4.079917195357354,-1.4501260916497607,8.750762090025406,10.842689319096285,4.080963200450974,10.83083968702499,800
500000,28623,OBM,0.0,5.530043287007115,5.170105642956812,-0.35993764405030326,1.9206316261029635,2.047785944174817,,,800
500000,28623,OBM_RR,2.0,5.530043287007115,4.500100348151707,-1.0299429388554078,7.604975656451162,8.656251894178714,4.5060667838632265,8.587547424371591,800
500000,28623,OBM_RR,3.0,5.530043287007115,4.227435999306056,-1.3026072877010586,8.571413619983808,10.257485098930738,4.23010484386197,10.22676734851239,800
500000,28623,OBM_RR,4.0,5.530043287007115,3.9078926599863615,-1.6221506270207535,9.358026931417127,11.977702054496682,3.9093735623829913,11.960984412849712,800
500000,31970,OBM,0.0,5.530043287007115,5.130859403188378,-0.39918388381873715,2.137464964739139,2.2941409066338263,,,800
500000,31970,OBM_RR,2.0,5.530043287007115,4.394365759140644,-1.1356775278664708,8.307958113607624,9.587336613266514,4.403363637683425,9.481726259764958,800
500000,31970,OBM_RR,3.0,5.530043287007115,4.081784202173726,-1.4482590848333894,9.225306738887852,11.311229482266686,4.084895001051798,11.275246959364567,800
500000,31970,OBM_RR,4.0,5.530043287007115,3.7138077267157628,-1.8162355602913522,9.817671111815024,13.104110633392096,3.7185856316150296,13.049197514970377,800
500000,35708,OBM,0.0,5.530043287007115,5.088070293469291,-0.44197299353782427,2.3857080415666574,2.578066033531485,,,800
500000,35708,OBM_RR,2.0,5.530043287007115,4.291016300408088,-1.2390269865990273,9.024017514191526,10.54792536581945,4.301596194288093,10.424249593625255,800
500000,35708,OBM_RR,3.0,5.530043287007115,3.920319415596032,-1.609723871411083,9.955119714898798,12.533886757445858,3.925473413218006,12.474645024657752,800
500000,35708,OBM_RR,4.0,5.530043287007115,3.5014490349351433,-2.0285942520719717,10.29324769634516,14.395575776264172,3.5121269593193585,14.27190000448355,800
500000,39883,OBM,0.0,5.530043287007115,5.036502084158126,-0.4935412028489887,2.6515661306840164,2.891834591930289,,,800
500000,39883,OBM_RR,2.0,5.530043287007115,4.17828181921253,-1.351761467794585,9.72463440018874,11.539737673002676,4.193190727328279,11.363122506169603,800
500000,39883,OBM_RR,3.0,5.530043287007115,3.7274829409963575,-1.8025603460107575,10.547470864460765,13.783510326890612,3.7372737208122975,13.669452359999946,800
500000,39883,OBM_RR,4.0,5.530043287007115,3.2630785199217085,-2.2669647670854065,10.48890863198663,15.614926751403237,3.2782638634931573,15.436817980560754,800
500000,44547,OBM,0.0,5.530043287007115,4.9824916835892905,-0.5475516034178245,2.946476003705562,3.24260566710636,,,800
500000,44547,OBM_RR,2.0,5.530043287007115,4.0262800413329884,-1.5037632456741266,10.46340920241936,12.711633839956717,4.0464805829343575,12.471938255119788,800
500000,44547,OBM_RR,3.0,5.530043287007115,3.5128582477938424,-2.0171850392132726,11.059395728684777,15.114606966449772,3.5351653639481997,14.850683044199863,800
500000,44547,OBM_RR,4.0,5.530043287007115,3.008532913932015,-2.5215103730751,10.327447636036661,16.672552888016945,3.025592522143139,16.47271478064251,800
500000,49756,OBM,0.0,5.530043287007115,4.919865895542547,-0.6101773914645676,3.2705850579664686,3.6388132756985145,,,800
500000,49756,OBM_RR,2.0,5.530043287007115,3.869104432870864,-1.6609388541362509,11.26475303841298,14.00938997429441,3.899501398857339,13.647892144583189,800
500000,49756,OBM_RR,3.0,5.530043287007115,3.275870640833602,-2.254172646173513,11.490036176868008,16.556967950403823,3.3098542691177273,16.148420927913698,800
500000,49756,OBM_RR,4.0,5.530043287007115,2.724594091578079,-2.805449195429036,9.734300835076283,17.592678147165863,2.755387794576615,17.236194888095394,800
500000,55574,OBM,0.0,5.530043287007115,4.854229419679098,-0.6758138673280172,3.6067992810966802,4.05901516526816,,,800
500000,55574,OBM_RR,2.0,5.530043287007115,3.6717058567296577,-1.8583374302774573,12.155572928917994,15.593796467527067,3.7204934662524547,15.003875172839393,800
500000,55574,OBM_RR,3.0,5.530043287007115,3.014797819667531,-2.515245467339584,11.503867004855445,17.8159469320717,3.058876749640566,17.28385007819341,800
500000,55574,OBM_RR,4.0,5.530043287007115,2.4095113785388875,-3.1205319084682275,8.360843496083843,18.0881118334821,2.45951906033539,17.503013030475348,800
500000,62072,OBM,0.0,5.530043287007115,4.781293594387603,-0.7487496926195121,3.9808305404174478,4.536480604439739,,,800
500000,62072,OBM_RR,2.0,5.530043287007115,3.441850411685784,-2.088192875321331,12.773925074855821,17.118507153055017,3.509196775825946,16.290779369453375,800
500000,62072,OBM_RR,3.0,5.530043287007115,2.727278809332297,-2.802764477674818,11.10935667382245,18.950958695295967,2.79645947431892,18.12179418601931,800
500000,62072,OBM_RR,4.0,5.530043287007115,2.032391474854281,-3.497651812152834,6.65368375239728,18.878934846762785,2.103343514496274,18.040972638088935,800
500000,69330,OBM,0.0,5.530043287007115,4.7094705824635685,-0.8205727045435465,4.365258798241768,5.033141788185876,,,800
500000,69330,OBM_RR,2.0,5.530043287007115,3.1815098321988287,-2.3485334548082863,13.378596363892743,18.877482506791623,3.2775834919075963,17.676207206435905,800
500000,69330,OBM_RR,3.0,5.530043287007115,2.4128021710971153,-3.1172411159099997,9.990633645193396,19.695337527856726,2.5179865525577605,18.421554434150835,800
500000,69330,OBM_RR,4.0,5.530043287007115,1.6233239782957838,-3.906719308711331,5.012937314844434,20.26912690025882,1.7194508308141518,19.128941950591166,800
500000,77436,OBM,0.0,5.530043287007115,4.629828024920105,-0.9002152620870101,4.751364130827309,5.555812443758158,,,800
500000,77436,OBM_RR,2.0,5.530043287007115,2.887129816486977,-2.642913470520138,13.693216530710426,20.661091622703843,3.023455595935542,18.920289443440836,800
500000,77436,OBM_RR,3.0,5.530043287007115,2.044786621290957,-3.485256665716158,8.131846931298611,20.2686961485534,2.180221592612973,18.607540963299744,800
500000,77436,OBM_RR,4.0,5.530043287007115,1.1899514879148725,-4.340091799092242,3.6380241144188687,22.469873408823588,1.3267012894366799,20.843416005586995,800
500000,86491,OBM,0.0,5.530043287007115,4.534484900022197,-0.9955583869849178,5.136097075030346,6.12081345558257,,,800
500000,86491,OBM_RR,2.0,5.530043287007115,2.584991222952931,-2.945052064054184,13.341169752885696,21.9978249506844,2.7826616293477184,19.444732520086394,800
500000,86491,OBM_RR,3.0,5.530043287007115,1.619341261983097,-3.910702025024018,6.168635544543331,21.454515078639606,1.7837126108378862,19.44396879958331,800
500000,86491,OBM_RR,4.0,5.530043287007115,0.7067105663154529,-4.823332720691662,2.639333633321181,25.90057300077436,0.9299841400268042,23.203658758962447,800
500000,96604,OBM,0.0,5.530043287007115,4.424488780570871,-1.1055545064362438,5.556031329627097,6.77133705716655,,,800
500000,96604,OBM_RR,2.0,5.530043287007115,2.2468311700632535,-3.2832121169438615,12.39064078129603,23.154634285166402,2.5128684170845155,19.671691074195554,800
500000,96604,OBM_RR,3.0,5.530043287007115,1.1811552673047518,-4.348888019702363,4.551068824957007,23.45820699683655,1.397421814804082,20.799509297694684,800
500000,96604,OBM_RR,4.0,5.530043287007115,0.1529693241470839,-5.377073962860031,1.7879260272035098,30.698615521736784,0.5547197812531247,25.765041921468082,800
500000,100000,OBM,0.0,5.530043287007115,4.389362841771132,-1.1406804452359829,5.7013653546247705,6.9953905260752505,,,800
500000,100000,OBM_RR,2.0,5.530043287007115,2.136445815431766,-3.393597471575349,11.858703455215664,23.360383874979252,2.4192400824851217,19.641744344300115,800
500000,100000,OBM_RR,3.0,5.530043287007115,1.0361886869603867,-4.4938546000467285,4.126269270319504,24.31584060009274,1.2748023647510955,21.37187157454725,800
500000,100000,OBM_RR,4.0,5.530043287007115,-0.030759625171252202,-5.560802912178367,1.5881109431086404,32.50865483252117,0.4483952466103176,26.57237774009145,800
1000000,7,OBM,0.0,5.530043287007115,0.19108644746720557,-5.338956839539909,7.688181963710497e-06,28.504467813041714,,,800
1000000,7,OBM_RR,2.0,5.530043287007115,0.5456309135109547,-4.98441237349616,6.821648718431352e-05,24.844434840278204,0.5456309135109547,24.844434840278204,800
1000000,7,OBM_RR,3.0,5.530043287007115,0.7050439373996301,-4.824999349607485,0.00011955201673975042,23.28073812628937,0.7050439373996301,23.28073812628937,800
1000000,7,OBM_RR,4.0,5.530043287007115,0.8544212213529424,-4.6756220656541725,0.00018384313083593995,21.861625314159113,0.8544212213529424,21.861625314159113,800
1000000,8,OBM,0.0,5.530043287007115,0.21720128284617674,-5.312842004160938,1.002976669327287e-05,28.2263001784063,,,800
1000000,8,OBM_RR,2.0,5.530043287007115,0.6163076925750552,-4.91373559443206,8.867320776544422e-05,24.144886054354842,0.6163076925750552,24.144886054354842,800
1000000,8,OBM_RR,3.0,5.530043287007115,0.7933613873095011,-4.736681899697614,0.00015498108284567365,22.436310206279487,0.7933613873095011,22.436310206279487,800
1000000,8,OBM_RR,4.0,5.530043287007115,0.9580271283000172,-4.572016158707098,0.00023766642418862543,20.903569124819963,0.9580271283000172,20.903569124819963,800
1000000,10,OBM,0.0,5.530043287007115,0.26862028140331995,-5.261423005603795,1.562790275927501e-05,27.682587652264758,,,800
1000000,10,OBM_RR,2.0,5.530043287007115,0.7529275381974074,-4.777115748809708,0.00013712929099713646,22.820971835405118,0.7529275381974074,22.820971835405118,800
1000000,10,OBM_RR,3.0,5.530043287007115,0.9622989253636596,-4.567744361643456,0.00023841212795311302,20.864526667438373,0.9622989253636596,20.864526667438373,800
1000000,10,OBM_RR,4.0,5.530043287007115,1.1543015952374125,-4.3757416917697025,0.0003635581756961371,19.147478456819552,1.1543015952374125,19.147478456819552,800
1000000,11,OBM,0.0,5.530043287007115,0.2939348894731878,-5.236108397533927,1.8880266853987345e-05,27.41685000739183,,,800
1000000,11,OBM_RR,2.0,5.530043287007115,0.8189884331862177,-4.711054853820897,0.0001650345557414223,22.194202663971982,0.8189884331862177,22.194202663971982,800
1000000,11,OBM_RR,3.0,5.530043287007115,1.0431706155146327,-4.486872671492482,0.00028617186107889454,20.132312184332335,1.0431706155146327,20.132312184332335,800
1000000,11,OBM_RR,4.0,5.530043287007115,1.2473992027862622,-4.282644084220853,0.00043518719652749655,18.341474995324397,1.2473992027862622,18.341474995324397,800
1000000,12,OBM,0.0,5.530043287007115,0.31899295863918864,-5.211050328367927,2.2431693394580803e-05,27.15506792843725,,,800
1000000,12,OBM_RR,2.0,5.530043287007115,0.8836230796709308,-4.646420207336185,0.0001953308874500019,21.589415829865874,0.8836230796709308,21.589415829865874,800
1000000,12,OBM_RR,3.0,5.530043287007115,1.1217963911392423,-4.408246895867872,0.0003378011231633562,19.432978073800495,1.1217963911392423,19.432978073800495,800
1000000,12,OBM_RR,4.0,5.530043287007115,1.3373914907005635,-4.192651796306551,0.0005123273808995047,17.578840772044227,1.3373914907005635,17.578840772044227,800
1000000,14,OBM,0.0,5.530043287007115,0.3683586804890801,-5.161684606518035,3.042179017955479e-05,26.64301836092818,,,800
1000000,14,OBM_RR,2.0,5.530043287007115,1.0088163752739363,-4.521226911733178,0.000262910807304173,20.44175536954913,1.0088163752739363,20.44175536954913,800
1000000,14,OBM_RR,3.0,5.530043287007115,1.2727179747996522,-4.257325312207463,0.0004522349310145829,18.12527048359972,1.2727179747996522,18.12527048359972,800
1000000,14,OBM_RR,4.0,5.530043287007115,1.5087294039292303,-4.021313883077885,0.0006824430023483668,16.171646936183528,1.5087294039292303,16.171646936183528,800
1000000,15,OBM,0.0,5.530043287007115,0.3926756006984819,-5.137367686308633,3.485544463369252e-05,26.392581556203446,,,800
1000000,15,OBM_RR,2.0,5.530043287007115,1.069469820721944,-4.460573466285171,0.000300097831105744,19.897015370836122,1.069469820721944,19.897015370836122,800
1000000,15,OBM_RR,3.0,5.530043287007115,1.3452000591971305,-4.184843227809985,0.0005148393782496217,17.513427037176115,1.3452000591971305,17.513427037176115,800
1000000,15,OBM_RR,4.0,5.530043287007115,1.5903751935628065,-3.9396680934443085,0.0007751379474532241,15.521758855528132,1.5903751935628065,15.521758855528132,800
1000000,17,OBM,0.0,5.530043287007115,0.440599630984007,-5.089443656023108,4.458734788709279e-05,25.902481259447562,,,800
1000000,17,OBM_RR,2.0,5.530043287007115,1.1871088813942199,-4.342934405612895,0.0003810324469568157,18.86145980761263,1.1871088813942199,18.86145980761263,800
1000000,17,OBM_RR,3.0,5.530043287007115,1.4846282397773924,-4.045415047229723,0.0006503283934520484,16.36603241983562,1.4846282397773924,16.36603241983562,800
1000000,17,OBM_RR,4.0,5.530043287007115,1.7462845721641798,-3.7837587148429352,0.0009750654671910124,14.317803858785217,1.7462845721641798,14.317803858785217,800
1000000,20,OBM,0.0,5.530043287007115,0.5107739098003635,-5.019269377206752,6.131242721733894e-05,25.19312631675213,,,800
1000000,20,OBM_RR,2.0,5.530043287007115,1.3549886237574151,-4.1750546632497,0.000518142495425603,17.431598935940368,1.3549886237574151,17.431598935940368,800
1000000,20,OBM_RR,3.0,5.530043287007115,1.681038488119906,-3.8490047988872087,0.0008781456356845781,14.815714989810404,1.681038488119906,14.815714989810404,800
1000000,20,OBM_RR,4.0,5.530043287007115,1.9633976229852426,-3.5666456640218724,0.0013088930995264379,12.722268549669174,1.9633976229852426,12.722268549669174,800
1000000,22,OBM,0.0,5.530043287007115,0.5564616613297028,-4.973581625677412,7.385366759454282e-05,24.73658794862648,,,800
1000000,22,OBM_RR,2.0,5.530043287007115,1.4616045875862846,-4.06843869942083,0.0006195445326324156,16.552812221047024,1.4616045875862846,16.552812221047024,800
1000000,22,OBM_RR,3.0,5.530043287007115,1.8042500729293454,-3.7257932140777696,0.0010456155915214308,13.88257938263999,1.8042500729293454,13.88257938263999,800
1000000,22,OBM_RR,4.0,5.530043287007115,2.098120235987448,-3.431923051019667,0.0015524135430801317,11.77964630114629,2.098120235987448,11.77964630114629,800
1000000,25,OBM,0.0,5.530043287007115,0.6234245100310453,-4.90661877697607,9.47069226490559e-05,24.075002411113143,,,800
1000000,25,OBM_RR,2.0,5.530043287007115,1.6142048735682248,-3.91583841343889,0.0007858569744561301,15.334575354816838,1.6142048735682248,15.334575354816838,800
1000000,25,OBM_RR,3.0,5.530043287007115,1.9785937272439313,-3.5514495597631837,0.0013186846912772664,12.614111011877524,1.9785937272439313,12.614111011877524,800
1000000,25,OBM_RR,4.0,5.530043287007115,2.286832059379188,-3.243211227627927,0.001947031636529276,10.520363664858824,2.286832059379188,10.520363664858824,800
1000000,28,OBM,0.0,5.530043287007115,0.6885875278815082,-4.841455759125607,0.00011795287518997609,23.439811673004606,,,800
1000000,28,OBM_RR,2.0,5.530043287007115,1.7586859182568775,-3.7713573687502375,0.0009684762321100825,14.224103668463535,1.7586859182568775,14.224103668463535,800
1000000,28,OBM_RR,3.0,5.530043287007115,2.1415176223892165,-3.3885256646178985,0.0016161806457037039,11.483720340194068,2.1415176223892165,11.483720340194068,800
1000000,28,OBM_RR,4.0,5.530043287007115,2.461156487613152,-3.068886799393963,0.0023737251777677768,9.420436945515819,2.461156487613152,9.420436945515819,800
1000000,32,OBM,0.0,5.530043287007115,0.772820666936557,-4.757222620070558,0.0001525573577948435,22.63131942357208,,,800
1000000,32,OBM_RR,2.0,5.530043287007115,1.9398357658004723,-3.5902075212066427,0.0012362063038275932,12.890824706374692,1.9398357658004723,12.890824706374692,800
1000000,32,OBM_RR,3.0,5.530043287007115,2.3428948165250643,-3.1871484704820507,0.0020483559720338783,10.159961168423145,2.3428948165250643,10.159961168423145,800
1000000,32,OBM_RR,4.0,5.530043287007115,2.673896738311624,-2.856146548695491,0.0029871859683002077,8.160556559611006,2.673896738311624,8.160556559611006,800
1000000,36,OBM,0.0,5.530043287007115,0.8541952469725577,-4.675848040034557,0.00019114871025530087,21.86374580326938,,,800
1000000,36,OBM_RR,2.0,5.530043287007115,2.109088022463865,-3.42095526454325,0.0015300437719663656,11.70446305322343,2.109088022463865,11.70446305322343,800
1000000,36,OBM_RR,3.0,5.530043287007115,2.5281621326680312,-3.0018811543390838,0.002517843242217369,9.013805160714313,2.5281621326680312,9.013805160714313,800
1000000,36,OBM_RR,4.0,5.530043287007115,2.8669265385740794,-2.6631167484330356,0.0036468527911039674,7.09583311000966,2.8669265385740794,7.09583311000966,800
1000000,40,OBM,0.0,5.530043287007115,0.9328812667788895,-4.597162020228225,0.00023358303737027375,21.134131931287435,,,800
1000000,40,OBM_RR,2.0,5.530043287007115,2.2676021225991567,-3.2624411644079583,0.001848121623998872,10.645368162695524,2.2676021225991567,10.645368162695524,800
1000000,40,OBM_RR,3.0,5.530043287007115,2.699151494846427,-2.830891792160688,0.0030205938567283716,8.016965157037156,2.699151494846427,8.016965157037156,800
1000000,40,OBM_RR,4.0,5.530043287007115,3.0427643554305597,-2.4872789315765553,0.004347501558598056,6.190898550646259,3.0427643554305597,6.190898550646259,800
1000000,45,OBM,0.0,5.530043287007115,1.0276919063642476,-4.502351380642867,0.00029183257640505493,20.27145942256242,,,800
1000000,45,OBM_RR,2.0,5.530043287007115,2.4521545810153076,-3.0778887059918074,0.002277578320650978,9.475673617819673,2.4521545810153076,9.475673617819673,800
1000000,45,OBM_RR,3.0,5.530043287007115,2.8951293658656825,-2.6349139211414325,0.003691706406232692,6.946458463598145,2.8951293658656825,6.946458463598145,800
1000000,45,OBM_RR,4.0,5.530043287007115,3.241522869577051,-2.288520417430064,0.00527439669457002,5.242593504692975,3.241522869577051,5.242593504692975,800
1000000,51,OBM,0.0,5.530043287007115,1.1366187035129307,-4.393424583494184,0.00036903937740196194,19.302548148929226,,,800
1000000,51,OBM_RR,2.0,5.530043287007115,2.6558437888894364,-2.8741994981176786,0.002836622991685271,8.263855832192862,2.6558437888894364,8.263855832192862,800
1000000,51,OBM_RR,3.0,5.530043287007115,3.1075164857749713,-2.4225268012321437,0.004553487813047918,5.873183898641326,3.1075164857749713,5.873183898641326,800
1000000,51,OBM_RR,4.0,5.530043287007115,3.453491423504987,-2.076551863502128,0.006452430075560622,4.318512006352126,3.453491423504987,4.318512006352126,800
1000000,57,OBM,0.0,5.530043287007115,1.2406519486625955,-4.28939133834452,0.0004538886815124266,18.399331374785646,,,800
1000000,57,OBM_RR,2.0,5.530043287007115,2.8423772437255037,-2.6876660432816113,0.003438082289556124,7.226982544895728,2.8423772437255037,7.226982544895728,800
1000000,57,OBM_RR,3.0,5.530043287007115,3.298359602330228,-2.231683684676887,0.0054688689780882935,4.985874101344874,3.298359602330228,4.985874101344874,800
1000000,57,OBM_RR,4.0,5.530043287007115,3.640817241613448,-1.889226045393667,0.007683865272371833,3.5768493110345743,3.640817241613448,3.5768493110345743,800
1000000,64,OBM,0.0,5.530043287007115,1.3563282163685146,-4.1737150706386,0.0005621394122498174,17.42045892761376,,,800
1000000,64,OBM_RR,2.0,5.530043287007115,3.0409272245672,-2.489116062439915,0.004187487237780225,6.19988102517512,3.0409272245672,6.19988102517512,800
1000000,64,OBM_RR,3.0,5.530043287007115,3.4975899420835272,-2.0324533449235878,0.006596946888740868,4.13745529999621,3.4975899420835272,4.13745529999621,800
1000000,64,OBM_RR,4.0,5.530043287007115,3.8331001402547678,-1.6969431467523473,0.009165669274230273,2.8887702554973953,3.8331001402547678,2.8887702554973953,800
1000000,72,OBM,0.0,5.530043287007115,1.4816416347182113,-4.048401652288904,0.0006974206694259631,16.390252487149116,,,800
1000000,72,OBM_RR,2.0,5.530043287007115,3.2458457966291867,-2.2841974903779283,0.005101032471451062,5.222652831229686,3.2458457966291867,5.222652831229686,800
1000000,72,OBM_RR,3.0,5.530043287007115,3.698871456301796,-1.831171830705319,0.00795037384508429,3.3611307094464475,3.698871456301796,3.3611307094464475,800
1000000,72,OBM_RR,4.0,5.530043287007115,4.023832453380539,-1.506210833626576,0.010899624089656968,2.279557074893611,4.023832453380539,2.279557074893611,800
1000000,81,OBM,0.0,5.530043287007115,1.614624263716068,-3.9154190232910473,0.0008633859413923966,15.331368434658383,,,800
1000000,81,OBM_RR,2.0,5.530043287007115,3.452108131865351,-2.077935155141764,0.006192486483988889,4.3239992548499115,3.452108131865351,4.3239992548499115,800
1000000,81,OBM_RR,3.0,5.530043287007115,3.8968797200230934,-1.6331635669840217,0.009528593549777063,2.6767399193318138,3.8968797200230934,2.6767399193318138,800
1000000,81,OBM_RR,4.0,5.530043287007115,4.207816074698281,-1.3222272123088343,0.012888296564619433,1.761156987163905,4.207816074698281,1.761156987163905,800
1000000,91,OBM,0.0,5.530043287007115,1.7534024291913217,-3.776640857815793,0.0010638091400882914,14.26407864830227,,,800
1000000,91,OBM_RR,2.0,5.530043287007115,3.6554306502424403,-1.8746126367646747,0.007474094468050694,3.5216372897677717,3.6554306502424403,3.5216372897677717,800
1000000,91,OBM_RR,3.0,5.530043287007115,4.087392810621743,-1.4426504763853716,0.011326137573198636,2.0925523769161725,4.087392810621743,2.0925523769161725,800
1000000,91,OBM_RR,4.0,5.530043287007115,4.38117880941567,-1.1488644775914452,0.015138858183339089,1.3350095224820735,4.38117880941567,1.3350095224820735,800
1000000,102,OBM,0.0,5.530043287007115,1.8962312462011834,-3.633812040805932,0.0013025248965139883,13.20589084464656,,,800
1000000,102,OBM_RR,2.0,5.530043287007115,3.8523152408127626,-1.6777280461943525,0.008956290555219367,2.8237164921791447,3.8523152408127626,2.8237164921791447,800
1000000,102,OBM_RR,3.0,5.530043287007115,4.267245479157825,-1.2627978078492896,0.013340515530721395,1.6079821433952788,4.267245479157825,1.6079821433952788,800
1000000,102,OBM_RR,4.0,5.530043287007115,4.541288333613672,-0.9887549533934434,0.017672515422542622,0.9952867826383361,4.541288333613672,0.9952867826383361,800
1000000,115,OBM,0.0,5.530043287007115,2.053161944662753,-3.476881342344362,0.001606932821891277,12.090308792898195,,,800
1000000,115,OBM_RR,2.0,5.530043287007115,4.054549104268648,-1.4754941827384673,0.010776335284700017,2.187845948160651,4.054549104268648,2.187845948160651,800
1000000,115,OBM_RR,3.0,5.530043287007115,4.446959689726191,-1.0830835972809236,0.015761415211138028,1.1888117921411094,4.446959689726191,1.1888117921411094,800
1000000,115,OBM_RR,4.0,5.530043287007115,4.697550271160748,-0.8324930158463673,0.02073989538343677,0.7137585919471883,4.697550271160748,0.7137585919471883,800
1000000,129,OBM,0.0,5.530043287007115,2.2093794912241016,-3.3206637957830134,0.001959203728044256,11.028764799347432,,,800
1000000,129,OBM_RR,2.0,5.530043287007115,4.241613331983317,-1.2884299550237976,0.012784886639531652,1.672820654533857,4.241613331983317,1.672820654533857,800
1000000,129,OBM_RR,3.0,5.530043287007115,4.608298995279287,-0.921744291727828,0.01842140233340633,0.8680109149133264,4.608298995279287,0.8680109149133264,800
1000000,129,OBM_RR,4.0,5.530043287007115,4.83441955119332,-0.6956237358137951,0.02411841735192667,0.5079806511577769,4.83441955119332,0.5079806511577769,800
1000000,145,OBM,0.0,5.530043287007115,2.3735949436839205,-3.1564483433231945,0.002390073503508021,9.965553229979367,,,800
1000000,145,OBM_RR,2.0,5.530043287007115,4.423299306614998,-1.1067439803921166,0.015115268990497024,1.2399786130384434,4.423299306614998,1.2399786130384434,800
1000000,145,OBM_RR,3.0,5.530043287007115,4.760098161756379,-0.7699451252507359,0.021534768219614208,0.6143233456567107,4.760098161756379,0.6143233456567107,800
1000000,145,OBM_RR,4.0,5.530043287007115,4.96003084427653,-0.5700124427305848,0.028027730338916687,0.35290688054368147,4.96003084427653,0.35290688054368147,800
1000000,163,OBM,0.0,5.530043287007115,2.5423333946445497,-2.9877098923625653,0.00290681666061948,8.929313584060926,,,800
1000000,163,OBM_RR,2.0,5.530043287007115,4.594367642468045,-0.9356756445390699,0.017767839285053537,0.8932345412695517,4.594367642468045,0.8932345412695517,800
1000000,163,OBM_RR,3.0,5.530043287007115,4.898196734757326,-0.6318465522497894,0.025123239853844112,0.42432190139397213,4.898196734757326,0.42432190139397213,800
1000000,163,OBM_RR,4.0,5.530043287007115,5.071365604723638,-0.4586776822834766,0.0324627983480708,0.24280743607507788,5.071365604723638,0.24280743607507788,800
1000000,184,OBM,0.0,5.530043287007115,2.7206091813020703,-2.8094341057050447,0.0035478089916429227,7.896463368529109,,,800
1000000,184,OBM_RR,2.0,5.530043287007115,4.758227599773201,-0.7718156872339144,0.020905849232781246,0.6165791719815996,4.758227599773201,0.6165791719815996,800
1000000,184,OBM_RR,3.0,5.530043287007115,5.0256907409911085,-0.5043525460160065,0.02937320205238833,0.28370797622265087,5.0256907409911085,0.28370797622265087,800
1000000,184,OBM_RR,4.0,5.530043287007115,5.171660745849173,-0.3583825411579422,0.03757071330448847,0.16596179571968206,5.171660745849173,0.16596179571968206,800
1000000,206,OBM,0.0,5.530043287007115,2.8888576026559,-2.641185684351215,0.004257742867581615,6.980114239910793,,,800
1000000,206,OBM_RR,2.0,5.530043287007115,4.8972302046833995,-0.6328130823237155,0.024267126356610085,0.4246891896087056,4.8972302046833995,0.4246891896087056,800
1000000,206,OBM_RR,3.0,5.530043287007115,5.129781775007168,-0.40026151199994686,0.033869524705427624,0.19403646578802877,5.129781775007168,0.19403646578802877,800
1000000,206,OBM_RR,4.0,5.530043287007115,5.251798653875959,-0.2782446331311563,0.04287614388724418,0.120242624573677,5.251798653875959,0.120242624573677,800
1000000,232,OBM,0.0,5.530043287007115,3.066819910292644,-2.463223376714471,0.005134526487343673,6.072597511921879,,,800
1000000,232,OBM_RR,2.0,5.530043287007115,5.0280221786151795,-0.5020211083919355,0.028340470691145564,0.28033023837384863,5.0280221786151795,0.28033023837384863,800
1000000,232,OBM_RR,3.0,5.530043287007115,5.224046684661591,-0.30599660234552406,0.03916274565779308,0.13274771287272513,5.224046684661591,0.13274771287272513,800
1000000,232,OBM_RR,4.0,5.530043287007115,5.323191744576629,-0.20685154243048576,0.04926875903134805,0.09199473368842961,5.323191744576629,0.09199473368842961,800
1000000,261,OBM,0.0,5.530043287007115,3.242698483867707,-2.287344803139408,0.0061458620644798305,5.238084428185757,,,800
1000000,261,OBM_RR,2.0,5.530043287007115,5.141198782616041,-0.38884450439107443,0.032996182896485246,0.18415498626300456,5.141198782616041,0.18415498626300456,800
1000000,261,OBM_RR,3.0,5.530043287007115,5.302681442579467,-0.22736184442764795,0.044985993543931804,0.09662316935354426,5.302681442579467,0.09662316935354426,800
1000000,261,OBM_RR,4.0,5.530043287007115,5.381682125080841,-0.1483611619262737,0.056466546773280626,0.07840699795792809,5.381682125080841,0.07840699795792809,800
1000000,293,OBM,0.0,5.530043287007115,3.413539336344785,-2.11650395066233,0.0072908373964202106,4.486870697018924,,,800
1000000,293,OBM_RR,2.0,5.530043287007115,5.236203035386588,-0.2938402516205274,0.03820907037996152,0.12450340251440183,5.236203035386588,0.12450340251440183,800
1000000,293,OBM_RR,3.0,5.530043287007115,5.366511743916223,-0.16353154309089213,0.0514886676222268,0.07816687237338744,5.366511743916223,0.07816687237338744,800
1000000,293,OBM_RR,4.0,5.530043287007115,5.427642832620493,-0.10240045438662193,0.0643817749375579,0.07478715077747262,5.427642832620493,0.07478715077747262,800
1000000,329,OBM,0.0,5.530043287007115,3.5814743260108,-1.9485689609963148,0.008606729167534409,3.805516966514332,,,800
1000000,329,OBM_RR,2.0,5.530043287007115,5.315587546560092,-0.21445574044702287,0.04412920978959768,0.09006531288804104,5.315587546560092,0.09006531288804104,800
1000000,329,OBM_RR,3.0,5.530043287007115,5.418622048425621,-0.11142123858149411,0.058969506127944896,0.07131048665231918,5.418622048425621,0.07131048665231918,800
1000000,329,OBM_RR,4.0,5.530043287007115,5.463298228093452,-0.06674505891366334,0.07328694861335527,0.07765024281697712,5.463298228093452,0.07765024281697712,800
1000000,370,OBM,0.0,5.530043287007115,3.746928920871602,-1.7831143661355129,0.01013654267112264,3.189620714711637,,,800
1000000,370,OBM_RR,2.0,5.530043287007115,5.381089096380684,-0.1489541906264309,0.05076043508279118,0.0728843354441126,5.381089096380684,0.0728843354441126,800
1000000,370,OBM_RR,3.0,5.530043287007115,5.459947084557528,-0.07009620244958725,0.06748433825066087,0.07231346042570101,5.459947084557528,0.07231346042570101,800
1000000,370,OBM_RR,4.0,5.530043287007115,5.491019149751099,-0.039024137256015834,0.08334201808156796,0.08476072384754231,5.491019149751099,0.08476072384754231,800
1000000,416,OBM,0.0,5.530043287007115,3.9058882582264505,-1.6241550287806645,0.011896251051851168,2.6497609382515566,,,800
1000000,416,OBM_RR,2.0,5.530043287007115,5.432883463842429,-0.09715982316468619,0.05814014454150421,0.06750750059822037,5.432883463842429,0.06750750059822037,800
1000000,416,OBM_RR,3.0,5.530043287007115,5.4906286862518865,-0.03941460075522851,0.07698465240683056,0.07844193234401604,5.4906286862518865,0.07844193234401604,800
1000000,416,OBM_RR,4.0,5.530043287007115,5.51178862714432,-0.018254659862795286,0.09433772847118675,0.09455303891730411,5.51178862714432,0.09455303891730411,800
1000000,467,OBM,0.0,5.530043287007115,4.055555474944908,-1.4744878120622067,0.01389550295130854,2.187992441492612,,,800
1000000,467,OBM_RR,2.0,5.530043287007115,5.472736856886481,-0.057306430120633856,0.06654798045310603,0.06974882241071084,5.472736856886481,0.06974882241071084,800
1000000,467,OBM_RR,3.0,5.530043287007115,5.51248323984724,-0.017560047159874692,0.08752664765838616,0.08772559460507022,5.51248323984724,0.08772559460507022,800
1000000,467,OBM_RR,4.0,5.530043287007115,5.527163767053619,-0.0028795199534963345,0.10697578697141462,0.10685035887286293,5.527163767053619,0.10685035887286293,800
1000000,525,OBM,0.0,5.530043287007115,4.198750905479706,-1.3312923815274091,0.016218656041037095,1.7885377878339062,,,800
1000000,525,OBM_RR,2.0,5.530043287007115,5.503186963248711,-0.026856323758403633,0.07622672424379348,0.0768527029643049,5.503186963248711,0.0768527029643049,800
1000000,525,OBM_RR,3.0,5.530043287007115,5.5283480479016465,-0.0016952391054685378,0.09923591142854177,0.0991147403748808,5.5283480479016465,0.0991147403748808,800
1000000,525,OBM_RR,4.0,5.530043287007115,5.538428954921044,0.00838566791392914,0.12182113600228246,0.12173917900864228,5.538428954921044,0.12173917900864228,800
1000000,589,OBM,0.0,5.530043287007115,4.330523777950873,-1.199519509056242,0.018815976525960804,1.4576395091618313,,,800
1000000,589,OBM_RR,2.0,5.530043287007115,5.524120013287607,-0.005923273719507627,0.08690597691097494,0.08683242961139247,5.524120013287607,0.08683242961139247,800
1000000,589,OBM_RR,3.0,5.530043287007115,5.5393325716256205,0.009289284618505533,0.11230475787659568,0.11225066773797353,5.5393325716256205,0.11225066773797353,800
1000000,589,OBM_RR,4.0,5.530043287007115,5.545779206685711,0.015735919678595778,0.13948942655537808,0.13956268394031507,5.545779206685711,0.13956268394031507,800
1000000,662,OBM,0.0,5.530043287007115,4.454732492688203,-1.075310794318912,0.021801242773021652,1.1780672955983242,,,800
1000000,662,OBM_RR,2.0,5.530043287007115,5.53771628125837,0.007672994251255005,0.09917332076425887,0.09910822895408333,5.53771628125837,0.09910822895408333,800
1000000,662,OBM_RR,3.0,5.530043287007115,5.547274000265169,0.01723071325805403,0.12784607034026824,0.12798316023172415,5.547274000265169,0.12798316023172415,800
1000000,662,OBM_RR,4.0,5.530043287007115,5.550263365692497,0.020220078685381893,0.16147279808497922,0.161679808669416,5.550263365692497,0.161679808669416,800
1000000,744,OBM,0.0,5.530043287007115,4.569071746866029,-0.9609715401410863,0.02511444713087349,0.9485493550330921,,,800
1000000,744,OBM_RR,2.0,5.530043287007115,5.546294394267582,0.016251107260466746,0.11295714792525875,0.11308004997754337,5.546294394267582,0.11308004997754337,800
1000000,744,OBM_RR,3.0,5.530043287007115,5.552205418626019,0.022162131618904013,0.14641857452336518,0.14672671138310459,5.552205418626019,0.14672671138310459,800
1000000,744,OBM_RR,4.0,5.530043287007115,5.552081018888533,0.022037731881417777,0.18630829709974114,0.1865610733548438,5.552081018888533,0.1865610733548438,800
1000000,836,OBM,0.0,5.530043287007115,4.673493326801565,-0.85654996020555,0.028812786709832935,0.762454605054575,,,800
1000000,836,OBM_RR,2.0,5.530043287007115,5.551407019950441,0.02136373294332561,0.12818628545508393,0.12848246168353883,5.551407019950441,0.12848246168353883,800
1000000,836,OBM_RR,3.0,5.530043287007115,5.554669465864889,0.024626178857774406,0.169216431631818,0.16961135977741332,5.554669465864889,0.16961135977741332,800
1000000,836,OBM_RR,4.0,5.530043287007115,5.552751975521955,0.022708688514840425,0.2136995504114591,0.21394811050750884,5.552751975521955,0.21394811050750884,800
1000000,939,OBM,0.0,5.530043287007115,4.768306635398161,-0.7617366516089543,0.03302868510953131,0.6132301256575653,,,800
1000000,939,OBM_RR,2.0,5.530043287007115,5.554487356810626,0.024444069803511326,0.14597446799292255,0.14638951245649034,5.554487356810626,0.14638951245649034,800
1000000,939,OBM_RR,3.0,5.530043287007115,5.554919023055513,0.02487573604839799,0.19576537286709667,0.1961394683949624,5.554919023055513,0.1961394683949624,800
1000000,939,OBM_RR,4.0,5.530043287007115,5.551528136508766,0.021484849501651304,0.2439178493363305,0.24407455078276874,5.551528136508766,0.24407455078276874,800
1000000,1055,OBM,0.0,5.530043287007115,4.854295060413767,-0.6757482265933481,0.03780060099041734,0.4943890159832337,,,800
1000000,1055,OBM_RR,2.0,5.530043287007115,5.556091708659519,0.026048421652403952,0.16662782799902912,0.1670980634846118,5.556091708659519,0.1670980634846118,800
1000000,1055,OBM_RR,3.0,5.530043287007115,5.554015101159803,0.023971814152687898,0.22483715276236804,0.225130754195186,5.554015101159803,0.225130754195186,800
1000000,1055,OBM_RR,4.0,5.530043287007115,5.549528145789813,0.019484858782697678,0.276276320040526,0.276310634362257,5.549528145789813,0.276310634362257,800
1000000,1186,OBM,0.0,5.530043287007115,4.93154358282533,-0.5984997041817852,0.04316839750094386,0.4013163329097529,,,800
1000000,1186,OBM_RR,2.0,5.530043287007115,5.556616792430722,0.026573505423606925,0.19198936667158908,0.19245553115374803,5.556616792430722,0.19245553115374803,800
1000000,1186,OBM_RR,3.0,5.530043287007115,5.552565642834866,0.02252235582775075,0.2571965846540231,0.25738234543523736,5.552565642834866,0.25738234543523736,800
1000000,1186,OBM_RR,4.0,5.530043287007115,5.547864509847078,0.017821222839963013,0.3112167800209274,0.3111453550294128,5.547864509847078,0.3111453550294128,800
1000000,1332,OBM,0.0,5.530043287007115,4.999566763882849,-0.5304765231242659,0.04914416413517064,0.33048807551601156,,,800
1000000,1332,OBM_RR,2.0,5.530043287007115,5.556486685736306,0.026443398729191436,0.2229356093764837,0.22335619320111408,5.556486685736306,0.22335619320111408,800
1000000,1332,OBM_RR,3.0,5.530043287007115,5.550146608325224,0.02010332131810877,0.29188598296058493,0.2919252690099033,5.550146608325224,0.2919252690099033,800
1000000,1332,OBM_RR,4.0,5.530043287007115,5.546348900446617,0.016305613439501876,0.3506577181736975,0.35048526905561883,5.546348900446617,0.35048526905561883,800
1000000,1497,OBM,0.0,5.530043287007115,5.060671650010962,-0.46937163699615336,0.05580915993591471,0.27604913210244314,,,800
1000000,1497,OBM_RR,2.0,5.530043287007115,5.554880522614122,0.02483723560700657,0.2573126025535073,0.25760785007291337,5.554880522614122,0.25760785007291337,800
1000000,1497,OBM_RR,3.0,5.530043287007115,5.54806568024878,0.018022393241665213,0.3289136838804082,0.32882734843371486,5.54806568024878,0.32882734843371486,800
1000000,1497,OBM_RR,4.0,5.530043287007115,5.544113246928544,0.014069959921428676,0.39365815947166743,0.3933640505445185,5.544113246928544,0.3933640505445185,800
1000000,1682,OBM,0.0,5.530043287007115,5.115093411234608,-0.41494987577250697,0.06309845877354132,0.23520298510369309,,,800
1000000,1682,OBM_RR,2.0,5.530043287007115,5.553306498083798,0.023263211076683277,0.29427541260416645,0.2944487453280096,5.553306498083798,0.2944487453280096,800
1000000,1682,OBM_RR,3.0,5.530043287007115,5.54618804955833,0.016144762551214775,0.36995697963351726,0.36975518676681046,5.54618804955833,0.36975518676681046,800
1000000,1682,OBM_RR,4.0,5.530043287007115,5.540573767155881,0.01053048014876623,0.4382244425944778,0.4377875530533983,5.540573767155881,0.4377875530533983,800
1000000,1889,OBM,0.0,5.530043287007115,5.163720883118484,-0.36632240388863124,0.07151321197352166,0.20561592404929968,,,800
1000000,1889,OBM_RR,2.0,5.530043287007115,5.549850221694267,0.019806934687151667,0.33430249484619384,0.3342769313893371,5.549850221694267,0.3342769313893371,800
1000000,1889,OBM_RR,3.0,5.530043287007115,5.543976077214645,0.013932790207530132,0.4155041138830453,0.41517885638365853,5.543976077214645,0.41517885638365853,800
1000000,1889,OBM_RR,4.0,5.530043287007115,5.5347744985485905,0.0047312115414754885,0.48456394792113167,0.4839806273488804,5.5347744985485905,0.4839806273488804,800
1000000,2123,OBM,0.0,5.530043287007115,5.207358141770382,-0.32268514523673275,0.08131960281726854,0.18534365627019814,,,800
1000000,2123,OBM_RR,2.0,5.530043287007115,5.5460834801666135,0.01604019315949845,0.3765494221922548,0.3763360232111085,5.5460834801666135,0.3763360232111085,800
1000000,2123,OBM_RR,3.0,5.530043287007115,5.540378533100836,0.01033524609372094,0.4634763914423441,0.46300386326485893,5.540378533100836,0.46300386326485893,800
1000000,2123,OBM_RR,4.0,5.530043287007115,5.527542132692587,-0.002501154314527909,0.5385782523311939,0.537911285288685,5.527542132692587,0.537911285288685,800
1000000,2385,OBM,0.0,5.530043287007115,5.2457769127768135,-0.28426637423030154,0.09312199255752317,0.17381296158486834,,,800
1000000,2385,OBM_RR,2.0,5.530043287007115,5.543369235412663,0.013325948405547905,0.4207421176803169,0.42039377093412383,5.543369235412663,0.42039377093412383,800
1000000,2385,OBM_RR,3.0,5.530043287007115,5.535386000921903,0.005342713914788355,0.5128631016168472,0.5122505673318014,5.535386000921903,0.5122505673318014,800
1000000,2385,OBM_RR,4.0,5.530043287007115,5.519693348032161,-0.010349938974954398,0.6023101411304779,0.6016643746908501,5.519693348032161,0.6016643746908501,800
1000000,2679,OBM,0.0,5.530043287007115,5.279549310431,-0.2504939765761147,0.10744647728212892,0.17005940148644177,,,800
1000000,2679,OBM_RR,2.0,5.530043287007115,5.541186781017274,0.011143494010158683,0.46995277631841387,0.4694895128067702,5.541186781017274,0.4694895128067702,800
1000000,2679,OBM_RR,3.0,5.530043287007115,5.528063115796454,-0.0019801712106612968,0.5663262029186387,0.5656222162430139,5.528063115796454,0.5656222162430139,800
1000000,2679,OBM_RR,4.0,5.530043287007115,5.513163411171406,-0.016879875835709157,0.6733158096059556,0.6727590950521771,5.513163411171406,0.6727590950521771,800
1000000,3010,OBM,0.0,5.530043287007115,5.309048160560024,-0.2209951264470913,0.12355590030737816,0.1722403013453601,,,800
1000000,3010,OBM_RR,2.0,5.530043287007115,5.538569190995572,0.008525903988457095,0.5236512381767301,0.5230693651678295,5.538569190995572,0.5230693651678295,800
1000000,3010,OBM_RR,3.0,5.530043287007115,5.519585837068689,-0.010457449938425789,0.6310900170734852,0.6304105128113581,5.519585837068689,0.6304105128113581,800
1000000,3010,OBM_RR,4.0,5.530043287007115,5.504096077551606,-0.025947209455509324,0.7491466082617336,0.7488834326799345,5.504096077551606,0.7488834326799345,800
1000000,3382,OBM,0.0,5.530043287007115,5.335319686365421,-0.19472360064169436,0.14144401979862944,0.17918449542074733,,,800
1000000,3382,OBM_RR,2.0,5.530043287007115,5.533979907050548,0.003936620043432981,0.5793578196751414,0.578649119377914,5.533979907050548,0.578649119377914,800
1000000,3382,OBM_RR,3.0,5.530043287007115,5.512379287856822,-0.01766399915029293,0.7077479996713701,0.7071753315377625,5.512379287856822,0.7071753315377625,800
1000000,3382,OBM_RR,4.0,5.530043287007115,5.493431146831092,-0.036612140176022656,0.8343481629394915,0.834645676544086,5.493431146831092,0.834645676544086,800
1000000,3799,OBM,0.0,5.530043287007115,5.357786875807872,-0.17225641119924262,0.1613054013608616,0.19077604080840302,,,800
1000000,3799,OBM_RR,2.0,5.530043287007115,5.526854607652094,-0.0031886793550208736,0.6378779471898678,0.6370907674319095,5.526854607652094,0.6370907674319095,800
1000000,3799,OBM_RR,3.0,5.530043287007115,5.504229489503504,-0.025813797503611013,0.7886420890889977,0.7883226386191938,5.504229489503504,0.7883226386191938,800
1000000,3799,OBM_RR,4.0,5.530043287007115,5.485563158512357,-0.04448012849475802,0.9360224073715276,0.9368308611932235,5.485563158512357,0.9368308611932235,800
1000000,4269,OBM,0.0,5.530043287007115,5.377597372003851,-0.15244591500326443,0.18275843123860533,0.2057697402007395,,,800
1000000,4269,OBM_RR,2.0,5.530043287007115,5.517805866728525,-0.012237420278590427,0.7097887897846036,0.7090513082524478,5.517805866728525,0.7090513082524478,800
1000000,4269,OBM_RR,3.0,5.530043287007115,5.492973564752498,-0.0370697222546168,0.8786582018341903,0.8789340433899321,5.492973564752498,0.8789340433899321,800
1000000,4269,OBM_RR,4.0,5.530043287007115,5.477472562056512,-0.05257072495060289,1.0506788769428002,1.0521292094684538,5.477472562056512,1.0521292094684538,800
1000000,4796,OBM,0.0,5.530043287007115,5.395352491312608,-0.1346907956945067,0.20607344455307203,0.22395746319220017,,,800
1000000,4796,OBM_RR,2.0,5.530043287007115,5.507454499601275,-0.022588787405839916,0.7971143690499902,0.7966282294051439,5.507454499601275,0.7966282294051439,800
1000000,4796,OBM_RR,3.0,5.530043287007115,5.482749502810195,-0.04729378419691965,0.9826737758695663,0.9836821356733941,5.482749502810195,0.9836821356733941,800
1000000,4796,OBM_RR,4.0,5.530043287007115,5.464400672862427,-0.06564261414468842,1.176189448971698,1.1790281649522318,5.464400672862427,1.1790281649522318,800
1000000,5388,OBM,0.0,5.530043287007115,5.411075317475715,-0.11896796953139965,0.2327827702651715,0.24664516957676377,,,800
1000000,5388,OBM_RR,2.0,5.530043287007115,5.498631944072945,-0.03141134293417025,0.8940528925735295,0.8939219989227405,5.498631944072945,0.8939219989227405,800
1000000,5388,OBM_RR,3.0,5.530043287007115,5.474417571708277,-0.055625715298837974,1.103763203057199,1.105477719255885,5.474417571708277,1.105477719255885,800
1000000,5388,OBM_RR,4.0,5.530043287007115,5.444338446707452,-0.08570484029966341,1.3154785075212367,1.3211794790376263,5.444338446707452,1.3211794790376263,800
1000000,6053,OBM,0.0,5.530043287007115,5.424374238799965,-0.10566904820715006,0.2618165002028246,0.2726551773265762,,,800
1000000,6053,OBM_RR,2.0,5.530043287007115,5.4862121539652415,-0.04383113304187347,0.9957168726242658,0.9963933947572198,5.4862121539652415,0.9963933947572198,800
1000000,6053,OBM_RR,3.0,5.530043287007115,5.463322463355105,-0.06672082365200982,1.2359985799696003,1.238905250053441,5.463322463355105,1.238905250053441,800
1000000,6053,OBM_RR,4.0,5.530043287007115,5.418440799565109,-0.11160248744200629,1.4636854751541108,1.4743109835134114,5.418440799565109,1.4743109835134114,800
1000000,6801,OBM,0.0,5.530043287007115,5.435101589916255,-0.09494169709086009,0.292321990020088,0.30097051337905545,,,800
1000000,6801,OBM_RR,2.0,5.530043287007115,5.472650925506227,-0.057392361500888,1.1095577945417354,1.111464730457207,5.472650925506227,1.111464730457207,800
1000000,6801,OBM_RR,3.0,5.530043287007115,5.445404671116056,-0.08463861589105903,1.3853529792523709,1.3907849833282595,5.445404671116056,1.3907849833282595,800
1000000,6801,OBM_RR,4.0,5.530043287007115,5.392349417742797,-0.13769386926431793,1.6259008672194974,1.642828092768452,5.392349417742797,1.642828092768452,800
1000000,7640,OBM,0.0,5.530043287007115,5.4426256132170545,-0.08741767379006049,0.32448610013399587,0.3317223421996938,,,800
1000000,7640,OBM_RR,2.0,5.530043287007115,5.464619916815532,-0.06542337019158317,1.2487732831857332,1.2514925339489757,5.464619916815532,1.2514925339489757,800
1000000,7640,OBM_RR,3.0,5.530043287007115,5.420859385299363,-0.10918390170775183,1.5470856634069603,1.5570729307198297,5.420859385299363,1.5570729307198297,800
1000000,7640,OBM_RR,4.0,5.530043287007115,5.369580369795756,-0.1604629172113592,1.812386369145182,1.8358692339837301,5.369580369795756,1.8358692339837301,800
1000000,8584,OBM,0.0,5.530043287007115,5.447904111313797,-0.0821391756933183,0.36168321402919973,0.3679779541952412,,,800
1000000,8584,OBM_RR,2.0,5.530043287007115,5.45685155148913,-0.07319173551798475,1.404354138102896,1.407955725578402,5.45685155148913,1.407955725578402,800
1000000,8584,OBM_RR,3.0,5.530043287007115,5.392223821475129,-0.13781946553198576,1.721575650563923,1.7384178860802408,5.392223821475129,1.7384178860802408,800
1000000,8584,OBM_RR,4.0,5.530043287007115,5.342846336602135,-0.18719695040497975,2.025850662253555,2.0583610471666622,5.342846336602135,2.0583610471666622,800
1000000,9644,OBM,0.0,5.530043287007115,5.451593043955818,-0.07845024305129744,0.40520055318056325,0.4108484931238952,,,800
1000000,9644,OBM_RR,2.0,5.530043287007115,5.44195302708115,-0.08809025992596542,1.576277931987945,1.582067478466784,5.44195302708115,1.582067478466784,800
1000000,9644,OBM_RR,3.0,5.530043287007115,5.367501467581198,-0.1625418194259174,1.9149171586564029,1.93894335527037,5.367501467581198,1.93894335527037,800
1000000,9644,OBM_RR,4.0,5.530043287007115,5.313252667048239,-0.21679061995887583,2.2636749044469138,2.3078434837185093,5.313252667048239,2.3078434837185093,800
1000000,10835,OBM,0.0,5.530043287007115,5.454939078750886,-0.07510420825622877,0.4534072134594599,0.45848109654043046,,,800
1000000,10835,OBM_RR,2.0,5.530043287007115,5.4158213708388585,-0.1142219161682565,1.7676793059531417,1.7785163529538486,5.4158213708388585,1.7785163529538486,800
1000000,10835,OBM_RR,3.0,5.530043287007115,5.340274133844774,-0.18976915316234066,2.1418583415850545,2.175193350150025,5.340274133844774,2.175193350150025,800
1000000,10835,OBM_RR,4.0,5.530043287007115,5.287019831190479,-0.24302345581663598,2.5342688721546027,2.5901614361414693,5.287019831190479,2.5901614361414693,800
1000000,12172,OBM,0.0,5.530043287007115,5.45524801621626,-0.07479527079085457,0.5054496739117789,0.5104121943520665,,,800
1000000,12172,OBM_RR,2.0,5.530043287007115,5.382899154040405,-0.14714413296670958,1.9700619916588975,1.9892508100358481,5.382899154040405,1.9892508100358481,800
1000000,12172,OBM_RR,3.0,5.530043287007115,5.309688547560331,-0.2203547394467842,2.390926118257161,2.4364936718059997,5.309688547560331,2.4364936718059997,800
1000000,12172,OBM_RR,4.0,5.530043287007115,5.2582122705729235,-0.2718310164341915,2.827092017318344,2.897450253792341,5.2582122705729235,2.897450253792341,800
1000000,13675,OBM,0.0,5.530043287007115,5.453849388637202,-0.07619389836991264,0.5638141986577205,0.568914941058203,,,800
1000000,13675,OBM_RR,2.0,5.530043287007115,5.350879925846942,-0.17916336116017284,2.192568242932379,2.2219270426109237,5.350879925846942,2.2219270426109237,800
1000000,13675,OBM_RR,3.0,5.530043287007115,5.279746743123155,-0.2502965438839597,2.678640232790951,2.737940292380218,5.279746743123155,2.737940292380218,800
1000000,13675,OBM_RR,4.0,5.530043287007115,5.222631344099151,-0.30741194290796425,3.170757819239831,3.261296474608231,5.222631344099151,3.261296474608231,800
1000000,15364,OBM,0.0,5.530043287007115,5.453613504887178,-0.0764297821199369,0.6327716680861517,0.637822215095945,,,800
1000000,15364,OBM_RR,2.0,5.530043287007115,5.32046322717742,-0.20958005982969485,2.444902272505586,2.4857699461431726,5.32046322717742,2.4857699461431726,800
1000000,15364,OBM_RR,3.0,5.530043287007115,5.250688693026104,-0.2793545939810107,2.983073814470578,3.0573839613807854,5.250688693026104,3.0573839613807854,800
1000000,15364,OBM_RR,4.0,5.530043287007115,5.180532850109023,-0.34951043689809236,3.5453743711733683,3.663100198710096,5.180532850109023,3.663100198710096,800
1000000,17261,OBM,0.0,5.530043287007115,5.452234580063805,-0.07780870694331021,0.7101344337462059,0.715300960580213,,,800
1000000,17261,OBM_RR,2.0,5.530043287007115,5.28409899855227,-0.24594428845484462,2.729582327723886,2.7866589428377906,5.28409899855227,2.7866589428377906,800
1000000,17261,OBM_RR,3.0,5.530043287007115,5.214310903647017,-0.315732383360098,3.3358495497943585,3.4313666757593637,5.214310903647017,3.4313666757593637,800
1000000,17261,OBM_RR,4.0,5.530043287007115,5.129556400519452,-0.40048688648766273,3.9617062467554254,4.117143860195562,5.129556400519452,4.117143860195562,800
1000000,19392,OBM,0.0,5.530043287007115,5.446392405849304,-0.08365088115781116,0.7955657578656479,0.8015687705867939,,,800
1000000,19392,OBM_RR,2.0,5.530043287007115,5.2473139702756875,-0.28272931673142754,3.0395091913524848,3.1156456714027136,5.2473139702756875,3.1156456714027136,800
1000000,19392,OBM_RR,3.0,5.530043287007115,5.173057865024378,-0.35698542198273664,3.7374395313654794,3.860206323459464,5.173057865024378,3.860206323459464,800
1000000,19392,OBM_RR,4.0,5.530043287007115,5.064085365528801,-0.4659579214783136,4.419265246015359,4.63085794904623,5.064085365528801,4.63085794904623,800
1000000,21787,OBM,0.0,5.530043287007115,5.434749793129363,-0.09529349387775188,0.8897534563510836,0.8977221145060742,,,800
1000000,21787,OBM_RR,2.0,5.530043287007115,5.221403823823436,-0.3086394631836793,3.385870533950478,3.476896514017349,5.221403823823436,3.476896514017349,800
1000000,21787,OBM_RR,3.0,5.530043287007115,5.127443762883393,-0.4025995241237217,4.174231730457925,4.331100317619499,5.127443762883393,4.331100317619499,800
1000000,21787,OBM_RR,4.0,5.530043287007115,5.003735645886036,-0.526307641121079,4.946735664273045,5.2175519777951385,5.003735645886036,5.2175519777951385,800
1000000,24477,OBM,0.0,5.530043287007115,5.418249186123294,-0.11179410088382102,0.9897432368424606,1.0010039787888296,,,800
1000000,24477,OBM_RR,2.0,5.530043287007115,5.194363828642022,-0.3356794583650933,3.773893130126562,3.8818564624821867,5.194363828642022,3.8818564624821867,800
1000000,24477,OBM_RR,3.0,5.530043287007115,5.067975027653636,-0.4620682593534786,4.677725359321947,4.885385278924747,5.067975027653636,4.885385278924747,800
1000000,24477,OBM_RR,4.0,5.530043287007115,4.935965579572336,-0.5940777074347787,5.521664180287671,5.8676904225332756,4.935965579572336,5.8676904225332756,800
1000000,27499,OBM,0.0,5.530043287007115,5.401685001680179,-0.12835828532693583,1.0990554441960165,1.1141574743028424,,,800
1000000,27499,OBM_RR,2.0,5.530043287007115,5.156393461113782,-0.37364982589333273,4.249313496220977,4.383616046740818,5.156393461113782,4.383616046740818,800
1000000,27499,OBM_RR,3.0,5.530043287007115,5.000223594215074,-0.5298196927920413,5.240433844609191,5.514592209173682,5.000223594215074,5.514592209173682,800
1000000,27499,OBM_RR,4.0,5.530043287007115,4.859379757180651,-0.6706635298264638,6.151189696219828,6.593290279338846,4.859379757180651,6.593290279338846,800
1000000,30894,OBM,0.0,5.530043287007115,5.386239670450302,-0.14380361655681284,1.2243481909284177,1.243497235824576,,,800
1000000,30894,OBM_RR,2.0,5.530043287007115,5.108312140213701,-0.42173114679341417,4.765976325719473,4.937876015488012,5.108312140213701,4.937876015488012,800
1000000,30894,OBM_RR,3.0,5.530043287007115,4.931888821576216,-0.5981544654308992,5.857609931288125,6.208076683388939,4.931888821576216,6.208076683388939,800
1000000,30894,OBM_RR,4.0,5.530043287007115,4.781144300312289,-0.7488989866948259,6.7998111936012515,7.352161121881786,4.781572227789178,7.347330289232798,800
1000000,34709,OBM,0.0,5.530043287007115,5.367226999906044,-0.1628162871010712,1.3654955032952107,1.3902977772614702,,,800
1000000,34709,OBM_RR,2.0,5.530043287007115,5.049040280865314,-0.48100300614180114,5.351029863045721,5.575704967634363,5.049040280865314,5.575704967634363,800
1000000,34709,OBM_RR,3.0,5.530043287007115,4.85287054252916,-0.6771727444779554,6.523650520904545,6.9740588836172215,4.853228967415623,6.970008017073737,800
1000000,34709,OBM_RR,4.0,5.530043287007115,4.697477447956236,-0.8325658390508792,7.482878141225273,8.166690419903237,4.6982413803891285,8.158060523463403,800
1000000,38995,OBM,0.0,5.530043287007115,5.345898725090398,-0.18414456191671658,1.5249483743203556,1.5569514085359548,,,800
1000000,38995,OBM_RR,2.0,5.530043287007115,4.9686827375475096,-0.5613605494596055,5.9940250848046475,6.301658219938232,4.969173144435627,6.296126903269071,800
1000000,38995,OBM_RR,3.0,5.530043287007115,4.768880434730838,-0.7611628522762768,7.227508239632271,7.797842742018089,4.770668438217605,7.776959276116682,800
1000000,38995,OBM_RR,4.0,5.530043287007115,4.593549777385752,-0.9364935096213634,8.286578502899197,9.153240373333512,4.593948001134501,9.148759085740249,800
1000000,43809,OBM,0.0,5.530043287007115,5.327140627319137,-0.20290265968797794,1.7049035265539092,1.7439418864541725,,,800
1000000,43809,OBM_RR,2.0,5.530043287007115,4.890961693999612,-0.6390815930075027,6.737397041866792,7.137400578085465,4.892914671243536,7.115023003399456,800
1000000,43809,OBM_RR,3.0,5.530043287007115,4.685012692608966,-0.8450305943981489,7.953007831651294,8.657143277330619,4.6884146627856715,8.617166984800543,800
1000000,43809,OBM_RR,4.0,5.530043287007115,4.477553556127471,-1.0524897308796444,9.118621859957535,10.214958216239696,4.478870684078829,10.199670836373764,800
1000000,49219,OBM,0.0,5.530043287007115,5.305147244240373,-0.22489604276674235,1.9042448474698388,1.952442771462642,,,800
1000000,49219,OBM_RR,2.0,5.530043287007115,4.802473944794644,-0.7275693422124707,7.520497826275056,8.0404543517197,4.807028258556407,7.986272593516897,800
1000000,49219,OBM_RR,3.0,5.530043287007115,4.580984458113456,-0.9490588288936594,8.786193526303123,9.675923445096247,4.584370236010576,9.636523320210069,800
1000000,49219,OBM_RR,4.0,5.530043287007115,4.355128980651662,-1.1749143063554532,9.86597914673695,11.234070300082244,4.356858948376415,11.213887087674653,800
1000000,55296,OBM,0.0,5.530043287007115,5.277651324965893,-0.25239196204122205,2.134999756377102,2.1960327091846477,,,800
1000000,55296,OBM_RR,2.0,5.530043287007115,4.706314409033639,-0.8237288779734762,8.32634323652416,8.994464571885947,4.715245262145769,8.884490879180811,800
1000000,55296,OBM_RR,3.0,5.530043287007115,4.461455330150366,-1.0685879568567493,9.704090540800916,10.833840649164195,4.465184124739852,10.790100698098868,800
1000000,55296,OBM_RR,4.0,5.530043287007115,4.211862037773805,-1.3181812492333096,10.506914355405153,12.231382518291184,4.214571402361943,12.200160859490282,800
1000000,62123,OBM,0.0,5.530043287007115,5.24569497564169,-0.2843483113654246,2.3856914196910415,2.4635632675927956,,,800
1000000,62123,OBM_RR,2.0,5.530043287007115,4.6133617872598744,-0.9166814997472406,9.157461688398344,9.986319833266696,4.62565614674122,9.833852745323213,800
1000000,62123,OBM_RR,3.0,5.530043287007115,4.336566504850745,-1.1934767821563703,10.572825243105159,11.983996041097603,4.340478815905488,11.937354711997912,800
1000000,62123,OBM_RR,4.0,5.530043287007115,4.037057074464559,-1.4929862125425561,11.124475329717459,13.339577566397478,4.043443187087678,13.26596771028351,800
1000000,69794,OBM,0.0,5.530043287007115,5.206015073933154,-0.32402821307396135,2.662950282263347,2.7646158772784215,,,800
1000000,69794,OBM_RR,2.0,5.530043287007115,4.516528882250104,-1.0135144047570108,10.02257258969908,11.037255822611915,4.5285351392160065,10.89057701370256,800
1000000,69794,OBM_RR,3.0,5.530043287007115,4.199396277984835,-1.3306470090222797,11.29123953792238,13.047746951119915,4.205406488940654,12.97785449534114,800
1000000,69794,OBM_RR,4.0,5.530043287007115,3.840329637778465,-1.6897136492286502,11.59623220735671,14.436869133487118,3.848273072126166,14.343641559554122,800
1000000,78411,OBM,0.0,5.530043287007115,5.155035929194316,-0.37500735781279904,2.9660576239370147,3.10298057032083,,,800
1000000,78411,OBM_RR,2.0,5.530043287007115,4.40030406299004,-1.129739224017075,11.074194367655396,12.336662338978531,4.409294913470051,12.229612225026772,800
1000000,78411,OBM_RR,3.0,5.530043287007115,4.033923795833731,-1.496119491173384,11.962927042917057,14.186346915982318,4.04781034275172,14.02259854105303,800
1000000,78411,OBM_RR,4.0,5.530043287007115,3.604389334449292,-1.925653952557823,11.723715021041794,15.417203522267059,3.617417381508208,15.265728147052748,800
1000000,88093,OBM,0.0,5.530043287007115,5.106576746850521,-0.4234665401565936,3.3111853852481663,3.4863703141488016,,,800
1000000,88093,OBM_RR,2.0,5.530043287007115,4.2647501047494405,-1.2652931822576745,12.126895090775792,13.712703308980076,4.2768015036743225,13.56982680815707,800
1000000,88093,OBM_RR,3.0,5.530043287007115,3.832467105667223,-1.6975761813398922,12.584635477995755,15.450669575100791,3.8527478499265384,15.2066301774176,800
1000000,88093,OBM_RR,4.0,5.530043287007115,3.327382368265178,-2.202660918741937,11.527595988523291,16.364901616490712,3.3462565754771254,16.144548526567295,800
1000000,98970,OBM,0.0,5.530043287007115,5.051048177803446,-0.4789951092036686,3.6906135127504447,3.915436560500542,,,800
1000000,98970,OBM_RR,2.0,5.530043287007115,4.124565762458467,-1.4054775245486484,13.070540542179645,15.029569438513317,4.152583626355793,14.692738874213523,800
1000000,98970,OBM_RR,3.0,5.530043287007115,3.6073728368135063,-1.9226704501936087,12.87695784245649,16.557523305201116,3.6379252739060233,16.189850760657404,800
1000000,98970,OBM_RR,4.0,5.530043287007115,3.025861560440043,-2.504181726567072,10.812745763973943,17.070155951441418,3.05730743225615,16.702635296010243,800
1000000,111190,OBM,0.0,5.530043287007115,4.9889830899545995,-0.5410601970525155,4.110021949607831,4.397630559005328,,,800
1000000,111190,OBM_RR,2.0,5.530043287007115,3.9556576342321272,-1.5743856527749878,13.875717286498473,16.33706282355407,4.0041193638495285,15.732917162839529,800
1000000,111190,OBM_RR,3.0,5.530043287007115,3.3230056106879595,-2.2070376763191555,12.774772020470145,17.629818860136815,3.3691335391348765,17.073050782691013,800
1000000,111190,OBM_RR,4.0,5.530043287007115,2.6769146991009545,-2.8531285879061605,9.195928937847365,17.324776765802454,2.7264645389395854,16.74322122648108,800
1000000,124919,OBM,0.0,5.530043287007115,4.926650604930922,-0.6033926820761932,4.548861918442546,4.907258569827595,,,800
1000000,124919,OBM_RR,2.0,5.530043287007115,3.737734375013154,-1.792308911993961,14.608505588041227,17.802616192069152,3.8103561822987175,16.89070923692116,800
1000000,124919,OBM_RR,3.0,5.530043287007115,3.00732452125104,-2.522718765756075,12.255866444038563,18.604656582081365,3.0786673591836315,17.744330879799236,800
1000000,124919,OBM_RR,4.0,5.530043287007115,2.2720953816060536,-3.2579479054010614,7.040023556573327,17.645448081434772,2.341810183723049,16.818803792004868,800
1000000,140343,OBM,0.0,5.530043287007115,4.857647744352875,-0.6723955426542396,5.01978000705136,5.465621047823834,,,800
1000000,140343,OBM_RR,2.0,5.530043287007115,3.490401720164861,-2.039641566842254,15.078062698611713,19.21935284142917,3.5875552348102326,17.975123357119074,800
1000000,140343,OBM_RR,3.0,5.530043287007115,2.659281986329607,-2.870761300677508,10.792442523974502,19.02022241628715,2.7630385880751396,17.751129857399928,800
1000000,140343,OBM_RR,4.0,5.530043287007115,1.8004878434793137,-3.7295554435278016,5.227156178549989,19.130206039674658,1.8911389091994084,18.045527275142796,800
1000000,157671,OBM,0.0,5.530043287007115,4.773718431877477,-0.7563248551296384,5.568061265651699,6.133128475556503,,,800
1000000,157671,OBM_RR,2.0,5.530043287007115,3.1908038487003965,-2.3392394383067185,14.979936528110338,20.433252757179734,3.322580161253801,18.741111358580255,800
1000000,157671,OBM_RR,3.0,5.530043287007115,2.2495084542150345,-3.2805348327920805,8.421652406124458,19.173034129778966,2.3831026165440234,17.53053257523941,800
1000000,157671,OBM_RR,4.0,5.530043287007115,1.2538050667167067,-4.276238220290408,3.982602711776747,22.2638377750595,1.3959547347594394,20.549668569726062,800
1000000,177139,OBM,0.0,5.530043287007115,4.681382250682341,-0.8486610363247742,6.1232486472077206,6.83582014097455,,,800
1000000,177139,OBM_RR,2.0,5.530043287007115,2.8413983627717276,-2.6886449242353874,14.407073762668457,21.617876449081834,3.029342382120261,19.151723945786706,800
1000000,177139,OBM_RR,3.0,5.530043287007115,1.7792972294986817,-3.750746057508433,6.124467297073785,20.1849077008675,1.9280781417327006,18.324013194681335,800
1000000,177139,OBM_RR,4.0,5.530043287007115,0.6468315981837922,-4.883211688823323,3.1107835479106187,26.952651466336462,0.9169465749726439,23.615728710617777,800
1000000,199010,OBM,0.0,5.530043287007115,4.5829222822254385,-0.9471210047816765,6.619963391532672,7.508726634991908,,,800
1000000,199010,OBM_RR,2.0,5.530043287007115,2.4580180729329952,-3.0720252140741198,13.008177620496985,22.42925631437851,2.709741381603922,19.03349170863191,800
1000000,199010,OBM_RR,3.0,5.530043287007115,1.2226942924513196,-4.307348994555795,4.838939578209767,23.386146264637826,1.4462957469182118,20.574647861403978,800
1000000,199010,OBM_RR,4.0,5.530043287007115,0.0025199735863366767,-5.527523313420779,2.383767622002793,32.93430189288551,0.5212726321131259,26.39316652651748,800
1000000,200000,OBM,0.0,5.530043287007115,4.578468409807514,-0.9515748771996009,6.637856031186845,7.535053458065297,,,800
1000000,200000,OBM_RR,2.0,5.530043287007115,2.4408670920773683,-3.0891761949297467,12.91366218419034,22.44052966978073,2.695220337660004,19.00613031503037,800
1000000,200000,OBM_RR,3.0,5.530043287007115,1.1965538243902272,-4.333489462616888,4.802401058388234,23.575528979676847,1.4254916566984341,20.69378774688451,800
1000000,200000,OBM_RR,4.0,5.530043287007115,-0.02593299850817095,-5.555976285515286,2.3394624319278825,33.20541058909621,0.5048068921479697,26.50450959097012,800
