T,b,estimator,lam,sigma_true,mean,bias,var,mse,mean_clamped,mse_clamped,n_traj_used
10000,5,OBM,0.0,5.530043287007115,0.7015035203865265,-4.8285397666205885,0.002208005873150104,23.317002443704663,,,1200
10000,5,OBM_RR,2.0,5.530043287007115,1.8630376211795676,-3.6670056658275474,0.01905801695070527,13.465972688481246,1.8630376211795676,13.465972688481246,1200
10000,5,OBM_RR,3.0,5.530043287007115,2.301881432682737,-3.228161854324378,0.03253149870269037,10.453533346835446,2.301881432682737,10.453533346835446,1200
10000,5,OBM_RR,4.0,5.530043287007115,2.6698931883317756,-2.8601500986753394,0.048460814380049025,8.228879017320622,2.6698931883317756,8.228879017320622,1200
10000,6,OBM,0.0,5.530043287007115,0.8262393235100789,-4.703803963497036,0.003163063823176844,22.128932154947083,,,1200
10000,6,OBM_RR,2.0,5.530043287007115,2.1477437690094736,-3.3822995179976414,0.026923209997646743,11.466850803436392,2.1477437690094736,11.466850803436392,1200
10000,6,OBM_RR,3.0,5.530043287007115,2.620302388986046,-2.909740898021069,0.04540215293964298,8.511956411428649,2.620302388986046,8.511956411428649,1200
10000,6,OBM_RR,4.0,5.530043287007115,3.0040978753130076,-2.5259454116941074,0.0667797316426615,6.447124304724805,3.0040978753130076,6.447124304724805,1200
10000,7,OBM,0.0,5.530043287007115,0.946497165243135,-4.58354612176398,0.0042802548085466826,21.01317173826716,,,1200
10000,7,OBM_RR,2.0,5.530043287007115,2.4091920182469897,-3.1208512687601253,0.03589797326029194,9.775580700004259,2.4091920182469897,9.775580700004259,1200
10000,7,OBM_RR,3.0,5.530043287007115,2.9043891753698947,-2.6256541116372203,0.05978869246955963,6.953798382516609,2.9043891753698947,6.953798382516609,1200
10000,7,OBM_RR,4.0,5.530043287007115,3.294302467615313,-2.235740819391802,0.08687427808339537,5.0853388943463855,3.294302467615313,5.0853388943463855,1200
10000,8,OBM,0.0,5.530043287007115,1.0624684169163163,-4.4675748700907985,0.005554547504761935,19.96477513858199,,,1200
10000,8,OBM_RR,2.0,5.530043287007115,2.6494105915769044,-2.8806326954302106,0.045870927503384916,8.343877427711986,2.6494105915769044,8.343877427711986,1200
10000,8,OBM_RR,3.0,5.530043287007115,3.1582156475852554,-2.3718276394218596,0.07546089475768515,5.700964361804191,3.1582156475852554,5.700964361804191,1200
10000,8,OBM_RR,4.0,5.530043287007115,3.5469980793335467,-1.9830452076735683,0.10840499515888596,4.040782953340027,3.5469980793335467,4.040782953340027,1200
10000,9,OBM,0.0,5.530043287007115,1.1743352549725468,-4.355708032034569,0.006981280006056815,18.97916792260317,,,1200
10000,9,OBM_RR,2.0,5.530043287007115,2.8702274793489004,-2.6598158076582146,0.05673476433851832,7.131307616036756,2.8702274793489004,7.131307616036756,1200
10000,9,OBM_RR,3.0,5.530043287007115,3.385336151159322,-2.144707135847793,0.0922268940754132,4.691918736886792,3.385336151159322,4.691918736886792,1200
10000,9,OBM_RR,4.0,5.530043287007115,3.7675959007894972,-1.7624473862176178,0.13107399500539357,3.237185555861535,3.7675959007894972,3.237185555861535,1200
10000,10,OBM,0.0,5.530043287007115,1.282270570783047,-4.247772716224068,0.00855546291305506,18.052121382058225,,,1200
10000,10,OBM_RR,2.0,5.530043287007115,3.0733209719078793,-2.4567223150992357,0.06839687978496788,6.103824415891696,3.0733209719078793,6.103824415891696,1200
10000,10,OBM_RR,3.0,5.530043287007115,3.58884192065163,-1.941201366355485,0.10992208890751147,3.8780932319071555,3.58884192065163,3.8780932319071555,1200
10000,10,OBM_RR,4.0,5.530043287007115,3.960618819995996,-1.5694244670111188,0.15463454093502055,2.6175988364707066,3.960618819995996,2.6175988364707066,1200
10000,11,OBM,0.0,5.530043287007115,1.3864379036866916,-4.143605383320423,0.010272012360831648,17.179729025032522,,,1200
10000,11,OBM_RR,2.0,5.530043287007115,3.2602089951762547,-2.2698342918308603,0.08076426047149811,5.232844669292408,3.2602089951762547,5.232844669292408,1200
10000,11,OBM_RR,3.0,5.530043287007115,3.7714227793849857,-1.7586205076221293,0.1283953547636553,3.2210344484638003,3.7714227793849857,3.2210344484638003,1200
10000,11,OBM_RR,4.0,5.530043287007115,4.129892380369855,-1.4001509066372604,0.17890085023361996,2.1391743275489006,4.129892380369855,2.1391743275489006,1200
10000,12,OBM,0.0,5.530043287007115,1.4869915462597765,-4.043051740747338,0.012125482919845474,16.35838275671083,,,1200
10000,12,OBM_RR,2.0,5.530043287007115,3.4322749284647744,-2.0977683585423406,0.09375578144958024,4.494309737733129,3.4322749284647744,4.494309737733129,1200
10000,12,OBM_RR,3.0,5.530043287007115,3.935425335873002,-1.5946179511341132,0.14751355015038584,2.690197032271084,3.935425335873002,2.690197032271084,1200
10000,12,OBM_RR,4.0,5.530043287007115,4.278664072790629,-1.2513792142164863,0.20374527211401366,1.7695254221603216,4.278664072790629,1.7695254221603216,1200
10000,13,OBM,0.0,5.530043287007115,1.5840791499235982,-3.945964137083517,0.014110585556352024,15.584731797884318,,,1200
10000,13,OBM_RR,2.0,5.530043287007115,3.5907768487271103,-1.9392664382800047,0.107303276795507,3.8679681760373934,3.5907768487271103,3.8679681760373934,1200
10000,13,OBM_RR,3.0,5.530043287007115,4.082897786911522,-1.4471455000955933,0.16716339397563543,2.2612541895942466,4.082897786911522,2.2612541895942466,1200
10000,13,OBM_RR,4.0,5.530043287007115,4.4097437711280625,-1.1202995158790525,0.2290819268693871,1.483962030542503,4.4097437711280625,1.483962030542503,1200
10000,14,OBM,0.0,5.530043287007115,1.6778445917450624,-3.852198695262053,0.016222238809792254,14.855643508056115,,,1200
10000,14,OBM_RR,2.0,5.530043287007115,3.7368576922994747,-1.7931855947076403,0.12134434751512038,3.3367578042925166,3.7368576922994747,3.3367578042925166,1200
10000,14,OBM_RR,3.0,5.530043287007115,4.215643233316218,-1.314400053690897,0.18725414212203503,1.9147455981462342,4.215643233316218,1.9147455981462342,1200
10000,14,OBM_RR,4.0,5.530043287007115,4.5255103738435265,-1.0045329131635885,0.25482390405280264,1.2636979244283502,4.5255103738435265,1.2636979244283502,1200
10000,16,OBM,0.0,5.530043287007115,1.8559395042466107,-3.674103782760504,0.020801482654210317,13.519822754580378,,,1200
10000,16,OBM_RR,2.0,5.530043287007115,3.9957918232118677,-1.5342514637952473,0.15068773935347415,2.5044897203952043,3.9957918232118677,2.5044897203952043,1200
10000,16,OBM_RR,3.0,5.530043287007115,4.443149159613569,-1.0868941273935464,0.2285087315054855,1.4096571517251424,4.443149159613569,1.4096571517251424,1200
10000,16,OBM_RR,4.0,5.530043287007115,4.718939898273413,-0.8111033887337022,0.3072628275338098,0.9648954823928282,4.718939898273413,0.9648954823928282,1200
10000,17,OBM,0.0,5.530043287007115,1.9405194743280436,-3.5895238126790714,0.023258521114162888,12.907920340803333,,,1200
10000,17,OBM_RR,2.0,5.530043287007115,4.110443887910676,-1.4195993990964393,0.16588734633361546,2.1810115607933076,4.110443887910676,2.1810115607933076,1200
10000,17,OBM_RR,3.0,5.530043287007115,4.540593995261943,-0.9894492917451716,0.2495909832993349,1.2283928917482736,4.540593995261943,1.2283928917482736,1200
10000,17,OBM_RR,4.0,5.530043287007115,4.79978350065567,-0.7302597863514446,0.33381798928391343,0.8668191631882345,4.79978350065567,0.8668191631882345,1200
10000,19,OBM,0.0,5.530043287007115,2.1013375337932256,-3.4287057532138894,0.02848294317365275,11.784482349509698,,,1200
10000,19,OBM_RR,2.0,5.530043287007115,4.314007115645465,-1.21603617136165,0.19711782983917972,1.6756975350408798,4.314007115645465,1.6756975350408798,1200
10000,19,OBM_RR,3.0,5.530043287007115,4.70846795886248,-0.8215753281446352,0.2924726478670237,0.967214940476433,4.70846795886248,0.967214940476433,1200
10000,19,OBM_RR,4.0,5.530043287007115,4.935949986678488,-0.5940933003286268,0.38710661540116936,0.7397308760503624,4.935949986678488,0.7397308760503624,1200
10000,20,OBM,0.0,5.530043287007115,2.177795771345463,-3.352247515661652,0.031241011403019565,11.268778383486568,,,1200
10000,20,OBM_RR,2.0,5.530043287007115,4.404267744040056,-1.1257755429670588,0.2130780522261664,1.4802710603254203,4.404267744040056,1.4802710603254203,1200
10000,20,OBM_RR,3.0,5.530043287007115,4.780761321894044,-0.7492819651130711,0.3142084470607778,0.8753700699319314,4.780761321894044,0.8753700699319314,1200
10000,20,OBM_RR,4.0,5.530043287007115,4.993284229544247,-0.5367590574628682,0.41365847777702136,0.7014240481473004,4.993284229544247,0.7014240481473004,1200
10000,22,OBM,0.0,5.530043287007115,2.323323449431473,-3.206719837575642,0.03702458154901429,10.320045844432206,,,1200
10000,22,OBM_RR,2.0,5.530043287007115,4.5647340729666555,-0.9653092140404596,0.2455585560514885,1.177175802632856,4.5647340729666555,1.177175802632856,1200
10000,22,OBM_RR,3.0,5.530043287007115,4.905920145119271,-0.6241231418878437,0.35814162233878083,0.7473728672267859,4.905920145119271,0.7473728672267859,1200
10000,22,OBM_RR,4.0,5.530043287007115,5.090489725708932,-0.4395535612981831,0.4663902989071172,0.6592089735746101,5.090489725708932,0.6592089735746101,1200
10000,24,OBM,0.0,5.530043287007115,2.459633237362276,-3.070410049644839,0.0431365066246953,9.470518432495867,,,1200
10000,24,OBM_RR,2.0,5.530043287007115,4.701858644953557,-0.8281846420535581,0.2786744236778511,0.9643319963248337,4.701858644953557,0.9643319963248337,1200
10000,24,OBM_RR,3.0,5.530043287007115,5.00927105416592,-0.5207722328411952,0.4023870362838035,0.6732554322519707,5.00927105416592,0.6732554322519707,1200
10000,24,OBM_RR,4.0,5.530043287007115,5.168396292378867,-0.3616469946282477,0.5186659722652794,0.6490222993453689,5.168396292378867,0.6490222993453689,1200
10000,27,OBM,0.0,5.530043287007115,2.6483358524303973,-2.8817074345767177,0.0528546069521967,8.35704829994113,,,1200
10000,27,OBM_RR,2.0,5.530043287007115,4.871458362603756,-0.6585849244033586,0.32934697706293353,0.7628066239000918,4.871458362603756,0.7628066239000918,1200
10000,27,OBM_RR,3.0,5.530043287007115,5.132000882661096,-0.3980424043460191,0.4685228272750145,0.6265701472431785,5.132000882661096,0.6265701472431785,1200
10000,27,OBM_RR,4.0,5.530043287007115,5.257389416141084,-0.2726538708660309,0.595998660959227,0.6698421287066582,5.257389416141084,0.6698421287066582,1200
10000,29,OBM,0.0,5.530043287007115,2.764544677826312,-2.765498609180803,0.0596603631429169,7.707593203554586,,,1200
10000,29,OBM_RR,2.0,5.530043287007115,4.964667603836786,-0.5653756831703287,0.3636535321132964,0.6830001506235182,4.964667603836786,0.6830001506235182,1200
10000,29,OBM_RR,3.0,5.530043287007115,5.1967642267217915,-0.3332790602853235,0.5121749465984315,0.6228230661676006,5.1967642267217915,0.6228230661676006,1200
10000,29,OBM_RR,4.0,5.530043287007115,5.3024184672276045,-0.22762481977951055,0.646829993510717,0.6981040270957792,5.3024184672276045,0.6981040270957792,1200
10000,32,OBM,0.0,5.530043287007115,2.925865663729239,-2.604177623277876,0.07029543226286147,6.851977946317182,,,1200
10000,32,OBM_RR,2.0,5.530043287007115,5.080513935804185,-0.4495293512029299,0.4157465674448731,0.6174767495649301,5.080513935804185,0.6174767495649301,1200
10000,32,OBM_RR,3.0,5.530043287007115,5.27387546107246,-0.25616782593465537,0.5770493681281897,0.6421904486988375,5.27387546107246,0.6421904486988375,1200
10000,32,OBM_RR,4.0,5.530043287007115,5.353946734515605,-0.17609655249150968,0.7223699601483974,0.7527779809810017,5.353946734515605,0.7527779809810017,1200
10000,35,OBM,0.0,5.530043287007115,3.073081657571826,-2.456961629435289,0.08137239775337304,6.117965035939223,,,1200
10000,35,OBM_RR,2.0,5.530043287007115,5.173005645436694,-0.35703764157042084,0.4682676160497762,0.5953532705345703,5.173005645436694,0.5953532705345703,1200
10000,35,OBM_RR,3.0,5.530043287007115,5.332052784261139,-0.1979905027459763,0.6410927846090267,0.679758779799457,5.332052784261139,0.679758779799457,1200
10000,35,OBM_RR,4.0,5.530043287007115,5.390818057886698,-0.13922522912041657,0.797717625539212,0.8164365252748954,5.390818057886698,0.8164365252748954,1200
10000,38,OBM,0.0,5.530043287007115,3.2076723247193457,-2.3223709622877693,0.09282125696230753,5.486150792392259,,,1200
10000,38,OBM_RR,2.0,5.530043287007115,5.246921422194999,-0.28312186481211565,0.520706938803657,0.600431006689344,5.246921422194999,0.600431006689344,1200
10000,38,OBM_RR,3.0,5.530043287007115,5.375798380679148,-0.15424490632796672,0.7042850320721631,0.7274896190068929,5.375798380679148,0.7274896190068929,1200
10000,38,OBM_RR,4.0,5.530043287007115,5.4167244557952,-0.11331883121191488,0.873687267370659,0.8858003521550843,5.4167244557952,0.8858003521550843,1200
10000,42,OBM,0.0,5.530043287007115,3.369710352792499,-2.160332934214616,0.1085676922683216,4.775515605843763,,,1200
10000,42,OBM_RR,2.0,5.530043287007115,5.323027971672696,-0.2070153153344192,0.5898639809424702,0.6322277684080272,5.323027971672696,0.6322277684080272,1200
10000,42,OBM_RR,3.0,5.530043287007115,5.417461269001199,-0.11258201800591561,0.7877402817605483,0.7997585423040323,5.417461269001199,0.7997585423040323,1200
10000,42,OBM_RR,4.0,5.530043287007115,5.438972722353828,-0.091070564653287,0.9759371536504328,0.9834177204353257,5.438972722353828,0.9834177204353257,1200
10000,46,OBM,0.0,5.530043287007115,3.5142813631827767,-2.0157619238243383,0.12476980135326873,4.1879619600588045,,,1200
10000,46,OBM_RR,2.0,5.530043287007115,5.3794043197004955,-0.15063896730661952,0.6581022794282989,0.6802459593333134,5.3794043197004955,0.6802459593333134,1200
10000,46,OBM_RR,3.0,5.530043287007115,5.445110467314834,-0.08493281969228139,0.8709987286873522,0.8774864802743275,5.445110467314834,0.8774864802743275,1200
10000,46,OBM_RR,4.0,5.530043287007115,5.451599936342288,-0.078443350664827,1.079025533428336,1.0842797047473376,5.451599936342288,1.0842797047473376,1200
10000,50,OBM,0.0,5.530043287007115,3.6436819198932615,-1.8863613671138535,0.14135920411710565,3.6996006121199874,,,1200
10000,50,OBM_RR,2.0,5.530043287007115,5.420640903349607,-0.10940238365750776,0.7254975187151946,0.7368618189995433,5.420640903349607,0.7368618189995433,1200
10000,50,OBM_RR,3.0,5.530043287007115,5.462608782816241,-0.06743450419087438,0.955149816518369,0.958901270693406,5.462608782816241,0.958901270693406,1200
10000,50,OBM_RR,4.0,5.530043287007115,5.45793413913498,-0.07210914787213518,1.1831501675160465,1.187363938249962,5.45793413913498,1.187363938249962,1200
10000,54,OBM,0.0,5.530043287007115,3.7598971075170766,-1.7701461794900384,0.15827601899505986,3.2915616190757424,,,1200
10000,54,OBM_RR,2.0,5.530043287007115,5.450354942909748,-0.07968834409736658,0.7920448298506093,0.7977350246773808,5.450354942909748,0.7977350246773808,1200
10000,54,OBM_RR,3.0,5.530043287007115,5.472687010642946,-0.05735627636416929,1.0403344875374223,1.0427572845695041,5.472687010642946,1.0427572845695041,1200
10000,54,OBM_RR,4.0,5.530043287007115,5.459773048836412,-0.07027023817070344,1.2886936962444477,1.2925576912034782,5.459773048836412,1.2925576912034782,1200
10000,59,OBM,0.0,5.530043287007115,3.8891601718347526,-1.6408831151723624,0.17979885916508,2.8721464244402006,,,1200
10000,59,OBM_RR,2.0,5.530043287007115,5.475422218662514,-0.05462106834460112,0.8743448026573319,0.8765996430955564,5.475422218662514,0.8765996430955564,1200
10000,59,OBM_RR,3.0,5.530043287007115,5.478205462766609,-0.05183782424050598,1.1477807535672067,1.1495114296278903,5.478205462766609,1.1495114296278903,1200
10000,59,OBM_RR,4.0,5.530043287007115,5.457597436027104,-0.072445850980011,1.4223250615538647,1.4263881919934547,5.457597436027104,1.4263881919934547,1200
10000,65,OBM,0.0,5.530043287007115,4.02437353956282,-1.505669747444295,0.20607580704699405,2.4729454655767547,,,1200
10000,65,OBM_RR,2.0,5.530043287007115,5.492777250946654,-0.03726603606046108,0.9727417027964267,0.9733198421544224,5.492777250946654,0.9733198421544224,1200
10000,65,OBM_RR,3.0,5.530043287007115,5.478147535278119,-0.05189575172899641,1.278433017485451,1.280060825685064,5.478147535278119,1.280060825685064,1200
10000,65,OBM_RR,4.0,5.530043287007115,5.450888282813407,-0.07915500419370769,1.5830238434710897,1.5879701716237695,5.450888282813407,1.5879701716237695,1200
10000,71,OBM,0.0,5.530043287007115,4.141427408844909,-1.3886158781622058,0.23266674637003848,2.160726914498924,,,1200
10000,71,OBM_RR,2.0,5.530043287007115,5.500478578673101,-0.029564708334014256,1.0724993752581509,1.0724796977576445,5.500478578673101,1.0724796977576445,1200
10000,71,OBM_RR,3.0,5.530043287007115,5.473597240104965,-0.05644604690214994,1.411505662710359,1.4135155642023134,5.473597240104965,1.4135155642023134,1200
10000,71,OBM_RR,4.0,5.530043287007115,5.442051390088002,-0.08799189691911291,1.7452480669432633,1.7515362674775679,5.442051390088002,1.7515362674775679,1200
10000,77,OBM,0.0,5.530043287007115,4.243341523815118,-1.2867017631919966,0.25935345700648427,1.9147387565270393,,,1200
10000,77,OBM_RR,2.0,5.530043287007115,5.501409835591767,-0.0286334514153479,1.174946355920615,1.174787108497303,5.501409835591767,1.174787108497303,1200
10000,77,OBM_RR,3.0,5.530043287007115,5.466028865097766,-0.06401442190934858,1.5469553451691034,1.549764061927184,5.466028865097766,1.549764061927184,1200
10000,77,OBM_RR,4.0,5.530043287007115,5.432331373515231,-0.09771191349188424,1.90864081233038,1.9165978963583499,5.432331373515231,1.9165978963583499,1200
10000,84,OBM,0.0,5.530043287007115,4.346369162232597,-1.1836741247745177,0.2903904861308757,1.6912329277198204,,,1200
10000,84,OBM_RR,2.0,5.530043287007115,5.496945097694396,-0.03309818931271913,1.297381157521656,1.2973954966928352,5.496945097694396,1.2973954966928352,1200
10000,84,OBM_RR,3.0,5.530043287007115,5.455049102144821,-0.0749941848622937,1.7057143132949628,1.70991701246371,5.455049102144821,1.70991701246371,1200
10000,84,OBM_RR,4.0,5.530043287007115,5.420430230523466,-0.10961305648364927,2.099402818691182,2.109668338493961,5.420430230523466,2.109668338493961,1200
10000,92,OBM,0.0,5.530043287007115,4.446842841441636,-1.0832004455654793,0.3256644206051512,1.4987162388612323,,,1200
10000,92,OBM_RR,2.0,5.530043287007115,5.487697744663185,-0.04234554234392984,1.440088050503194,1.4406811220841762,5.487697744663185,1.4406811220841762,1200
10000,92,OBM_RR,3.0,5.530043287007115,5.441449792833136,-0.08859349417397944,1.8876976189446741,1.8939733448055085,5.441449792833136,1.8939733448055085,1200
10000,92,OBM_RR,4.0,5.530043287007115,5.405078796348357,-0.12496449065875836,2.315415104292734,2.3291017156314258,5.405078796348357,2.3291017156314258,1200
10000,101,OBM,0.0,5.530043287007115,4.541907844655438,-0.9881354423516768,0.36504535979198677,1.3411528077570374,,,1200
10000,101,OBM_RR,2.0,5.530043287007115,5.4751127243405,-0.054930562666615224,1.6039023300398607,1.6055831114796983,5.4751127243405,1.6055831114796983,1200
10000,101,OBM_RR,3.0,5.530043287007115,5.42644656524769,-0.10359672175942514,2.0939415985806487,2.1029289280077976,5.42644656524769,2.1029289280077976,1200
10000,101,OBM_RR,4.0,5.530043287007115,5.388869318822075,-0.1411739681850399,2.5546797627372446,2.5724809522280743,5.388869318822075,2.5724809522280743,1200
10000,110,OBM,0.0,5.530043287007115,4.621705424661729,-0.9083378623453857,0.40399178602088776,1.228732798369388,,,1200
10000,110,OBM_RR,2.0,5.530043287007115,5.461350413530225,-0.06869287347689035,1.7710228542621196,1.7742657127500798,5.461350413530225,1.7742657127500798,1200
10000,110,OBM_RR,3.0,5.530043287007115,5.412237148743112,-0.11780613826400277,2.2993905007141096,2.311352628176192,5.412237148743112,2.311352628176192,1200
10000,110,OBM_RR,4.0,5.530043287007115,5.373731469368249,-0.1563118176388656,2.788083863250574,2.8101938443647643,5.373731469368249,2.8101938443647643,1200
10000,120,OBM,0.0,5.530043287007115,4.696134699180487,-0.8339085878266284,0.44680342974737436,1.1418346264069208,,,1200
10000,120,OBM_RR,2.0,5.530043287007115,5.445523552282691,-0.08451973472442376,1.9581816163896766,1.9636933839339061,5.445523552282691,1.9636933839339061,1200
10000,120,OBM_RR,3.0,5.530043287007115,5.39575264207933,-0.13429064492778497,2.525928318547353,2.541857355597017,5.39575264207933,2.541857355597017,1200
10000,120,OBM_RR,4.0,5.530043287007115,5.357450491378118,-0.1725927956289972,3.044025478590886,3.071277063795093,5.357450491378118,3.071277063795093,1200
10000,131,OBM,0.0,5.530043287007115,4.7642557121775875,-0.7657875748295275,0.4934700742947208,1.079489458996098,,,1200
10000,131,OBM_RR,2.0,5.530043287007115,5.42843460694913,-0.10160868005798473,2.161694596735594,2.170217508434774,5.42843460694913,2.170217508434774,1200
10000,131,OBM_RR,3.0,5.530043287007115,5.3786409100969115,-0.15140237691020353,2.7698503266565626,2.7904647977850745,5.3786409100969115,2.7904647977850745,1200
10000,131,OBM_RR,4.0,5.530043287007115,5.337589010402996,-0.19245427660411885,3.3195470211103295,3.353819380509286,5.337589010402996,3.353819380509286,1200
10000,143,OBM,0.0,5.530043287007115,4.825622409067954,-0.7044208779391612,0.5443277303831753,1.0400828972177678,,,1200
10000,143,OBM_RR,2.0,5.530043287007115,5.411496837671732,-0.11854644933538339,2.382594218948656,2.394661984416225,5.411496837671732,2.394661984416225,1200
10000,143,OBM_RR,3.0,5.530043287007115,5.362341383045073,-0.1677019039620422,3.030403137596082,3.0560017302405793,5.362341383045073,3.0560017302405793,1200
10000,143,OBM_RR,4.0,5.530043287007115,5.312893503174442,-0.21714978383267258,3.608975975322476,3.6531225239616165,5.312893503174442,3.6531225239616165,1200
10000,156,OBM,0.0,5.530043287007115,4.880052436665181,-0.6499908503419336,0.5997243071460455,1.0217126424183216,,,1200
10000,156,OBM_RR,2.0,5.530043287007115,5.395484660175457,-0.13455862683165787,2.619303712197566,2.6352269831588897,5.395484660175457,2.6352269831588897,1200
10000,156,OBM_RR,3.0,5.530043287007115,5.3459379780368605,-0.18410530897025446,3.305830043045471,3.3369699494673,5.3459379780368605,3.3369699494673,1200
10000,156,OBM_RR,4.0,5.530043287007115,5.284435177052613,-0.24560810995450222,3.909264844254368,3.9663304672262463,5.284435177052613,3.9663304672262463,1200
10000,170,OBM,0.0,5.530043287007115,4.927922416769296,-0.6021208702378189,0.6596311736647813,1.021631023396009,,,1200
10000,170,OBM_RR,2.0,5.530043287007115,5.379883142546543,-0.15016014446057202,2.8722434306410274,2.8923979634332464,5.379883142546543,2.8923979634332464,1200
10000,170,OBM_RR,3.0,5.530043287007115,5.3271826124113435,-0.2028606745957715,3.5983628951250433,3.636516712676558,5.3271826124113435,3.636516712676558,1200
10000,170,OBM_RR,4.0,5.530043287007115,5.252978198095548,-0.27706508891156734,4.224816592045232,4.298060975045435,5.252978198095548,4.298060975045435,1200
10000,186,OBM,0.0,5.530043287007115,4.972322529711799,-0.557720757295316,0.7283778971895529,1.038823358726623,,,1200
10000,186,OBM_RR,2.0,5.530043287007115,5.361546482885834,-0.16849680412128087,3.155860195812442,3.181621485315017,5.361546482885834,3.181621485315017,1200
10000,186,OBM_RR,3.0,5.530043287007115,5.302746995706365,-0.2272962913007497,3.921956895826427,3.9703522024523137,5.302746995706365,3.9703522024523137,1200
10000,186,OBM_RR,4.0,5.530043287007115,5.216237720159744,-0.31380556684737115,4.583709515867387,4.6783636917218985,5.216237720159744,4.6783636917218985,1200
10000,203,OBM,0.0,5.530043287007115,5.010541173896774,-0.5195021131103408,0.8018747636350733,1.0710889801914865,,,1200
10000,203,OBM_RR,2.0,5.530043287007115,5.344850783236278,-0.1851925037708373,3.4532722848795427,3.484690821428388,5.344850783236278,3.484690821428388,1200
10000,203,OBM_RR,3.0,5.530043287007115,5.273433295291581,-0.2566099917155338,4.251856423079281,4.314161897241629,5.273433295291581,4.314161897241629,1200
10000,203,OBM_RR,4.0,5.530043287007115,5.173272813005824,-0.3567704740012907,4.94376439473438,5.066929762191207,5.173272813005824,5.066929762191207,1200
10000,222,OBM,0.0,5.530043287007115,5.0447704003441425,-0.4852728866629725,0.8849296638158307,1.1196819969595315,,,1200
10000,222,OBM_RR,2.0,5.530043287007115,5.328251987521461,-0.2017912994856541,3.7750083727489656,3.812582260986451,5.328251987521461,3.812582260986451,1200
10000,222,OBM_RR,3.0,5.530043287007115,5.240004912826585,-0.29003837418053013,4.606126369820115,4.686410189675883,5.240004912826585,4.686410189675883,1200
10000,222,OBM_RR,4.0,5.530043287007115,5.121569650269152,-0.40847363673796266,5.32781878892776,5.490229651846924,5.121569650269152,5.490229651846924,1200
10000,242,OBM,0.0,5.530043287007115,5.073410291689506,-0.4566329953176087,0.9730296137330514,1.1807324481343389,,,1200
10000,242,OBM_RR,2.0,5.530043287007115,5.311633189624601,-0.21841009738251405,4.108843380918625,4.153122315406498,5.311633189624601,4.153122315406498,1200
10000,242,OBM_RR,3.0,5.530043287007115,5.20370351456294,-0.3263397724441752,4.978956020432242,5.081304537494131,5.20370351456294,5.081304537494131,1200
10000,242,OBM_RR,4.0,5.530043287007115,5.066503703818173,-0.4635395831889424,5.742205752257512,5.952289525980276,5.066503703818173,5.952289525980276,1200
10000,264,OBM,0.0,5.530043287007115,5.098392036905143,-0.4316512501019716,1.0700102345142257,1.2554413610333919,,,1200
10000,264,OBM_RR,2.0,5.530043287007115,5.290027897690306,-0.24001538931680866,4.4646116990851805,4.518498576444841,5.290027897690306,4.518498576444841,1200
10000,264,OBM_RR,3.0,5.530043287007115,5.1604734430851416,-0.36956984392197345,5.371198313631477,5.503304184573295,5.1604734430851416,5.503304184573295,1200
10000,264,OBM_RR,4.0,5.530043287007115,5.001402235245655,-0.5286410517614604,6.233452144057043,6.507718962211126,5.001402235245655,6.507718962211126,1200
10000,288,OBM,0.0,5.530043287007115,5.1201938402807095,-0.40984944672640555,1.1769306197626317,1.3439264132281032,,,1200
10000,288,OBM_RR,2.0,5.530043287007115,5.260955381114013,-0.2690879058931017,4.833771881957642,4.902152039820611,5.260955381114013,4.902152039820611,1200
10000,288,OBM_RR,3.0,5.530043287007115,5.108319757114927,-0.421723529892188,5.771188326480596,5.9442297385399225,5.108319757114927,5.9442297385399225,1200
10000,288,OBM_RR,4.0,5.530043287007115,4.927746960088417,-0.6022963269186983,6.7553980870438135,7.1125294540577,4.927746960088417,7.1125294540577,1200
10000,315,OBM,0.0,5.530043287007115,5.139725697684974,-0.3903175893221409,1.2979044774703594,1.449170710940048,,,1200
10000,315,OBM_RR,2.0,5.530043287007115,5.224830044864037,-0.3052132421430782,5.231745357403473,5.320540692785127,5.224830044864037,5.320540692785127,1200
10000,315,OBM_RR,3.0,5.530043287007115,5.047464299875143,-0.4825789871319719,6.23036189057281,6.4580524011519875,5.047464299875143,6.4580524011519875,1200
10000,315,OBM_RR,4.0,5.530043287007115,4.839413494085183,-0.690629792921932,7.331214725197916,7.802074890464975,4.839413494085183,7.802074890464975,1200
10000,344,OBM,0.0,5.530043287007115,5.155793554572074,-0.37424973243504134,1.428220034399495,1.5670927132651953,,,1200
10000,344,OBM_RR,2.0,5.530043287007115,5.1838393981212265,-0.3462038888858885,5.65683545003386,5.771978553171878,5.1838393981212265,5.771978553171878,1200
10000,344,OBM_RR,3.0,5.530043287007115,4.978843275452312,-0.551200011554803,6.769918670894832,7.068098524740435,4.978843275452312,7.068098524740435,1200
10000,344,OBM_RR,4.0,5.530043287007115,4.736123913919428,-0.7939193730876868,7.956623573213532,8.580301024533133,4.7363828987802785,8.577356141761,1200
10000,375,OBM,0.0,5.530043287007115,5.167971947487528,-0.3620713395195869,1.565749379321911,1.6955402430739839,,,1200
10000,375,OBM_RR,2.0,5.530043287007115,5.139024821568525,-0.39101846543858976,6.112596903752375,6.260398513313197,5.139120608066918,6.259331280711466,1200
10000,375,OBM_RR,3.0,5.530043287007115,4.901481077030824,-0.6285622099762911,7.3498902312243235,7.738855774508582,4.901481077030824,7.738855774508582,1200
10000,375,OBM_RR,4.0,5.530043287007115,4.626387795510025,-0.9036554914970898,8.560071343765994,9.369531198292368,4.627043998310102,9.3619518781433,1200
10000,409,OBM,0.0,5.530043287007115,5.178527534122666,-0.35151575288444903,1.7149871377188561,1.8371213062966778,,,1200
10000,409,OBM_RR,2.0,5.530043287007115,5.082183170895671,-0.4478601161114444,6.579030038525484,6.774126197096736,5.082714510008109,6.768077760658789,1200
10000,409,OBM_RR,3.0,5.530043287007115,4.8118262401361696,-0.7182170468709455,7.965370059990869,8.474567978023565,4.812044216987659,8.472112254794187,1200
10000,409,OBM_RR,4.0,5.530043287007115,4.509581712638551,-1.0204615743685643,9.120846580013454,10.154587699292877,4.5105052693863,10.143950752364153,1200
10000,447,OBM,0.0,5.530043287007115,5.187088636768592,-0.34295465023852323,1.8777068721960726,1.993760008589471,,,1200
10000,447,OBM_RR,2.0,5.530043287007115,5.0126375405824914,-0.5174057464246236,7.097856072278802,7.35964989865179,5.013487298352839,7.349930620688535,1200
10000,447,OBM_RR,3.0,5.530043287007115,4.702191862561338,-0.8278514244457771,8.6629498164458,9.341068672555664,4.703324176832544,9.328047747663106,1200
10000,447,OBM_RR,4.0,5.530043287007115,4.379229341975169,-1.1508139450319463,9.678651466740838,10.99495865993188,4.380464054622454,10.98097186608597,1200
10000,488,OBM,0.0,5.530043287007115,5.192881699247505,-0.3371615877596099,2.0516379547412114,2.1636061927061747,,,1200
10000,488,OBM_RR,2.0,5.530043287007115,4.936451390077899,-0.5935918969292162,7.692310537045306,8.038251618364459,4.937497428924266,8.026322494606138,1200
10000,488,OBM_RR,3.0,5.530043287007115,4.580152024290429,-0.9498912627166858,9.367666675310721,10.26215369740013,4.582543763831301,10.234289738705552,1200
10000,488,OBM_RR,4.0,5.530043287007115,4.241901293210082,-1.2881419937970326,10.209251829806957,11.860053916132179,4.24349696816932,11.842005903809769,1200
10000,532,OBM,0.0,5.530043287007115,5.1941230467411605,-0.33592024026595446,2.2341428458204984,2.3451234679359843,,,1200
10000,532,OBM_RR,2.0,5.530043287007115,4.849037677006659,-0.6810056100004562,8.395159606664539,8.851932281177746,4.850698191322282,8.83293012180786,1200
10000,532,OBM_RR,3.0,5.530043287007115,4.455690984126131,-1.0743523028809836,9.997789639653197,11.14369101899249,4.460431390122908,11.088694399134326,1200
10000,532,OBM_RR,4.0,5.530043287007115,4.097170652170067,-1.4328726348370484,10.697321034573633,12.741530588043025,4.099554966366363,12.714247935891072,1200
10000,581,OBM,0.0,5.530043287007115,5.1899206890840235,-0.3401225979230915,2.430756151948981,2.5444139034403097,,,1200
10000,581,OBM_RR,2.0,5.530043287007115,4.750892468618528,-0.7791508183885867,9.145065257114023,9.744520367195365,4.75450022386449,9.703013136650716,1200
10000,581,OBM_RR,3.0,5.530043287007115,4.319408048188288,-1.2106352388188268,10.61215972243939,12.06895393747394,4.326536716651132,11.98642535110899,1200
10000,581,OBM_RR,4.0,5.530043287007115,3.9420118978575815,-1.5880313891495335,11.163714972718497,13.676255569832096,3.946501615680333,13.624989468373002,1200
10000,634,OBM,0.0,5.530043287007115,5.181541448044359,-0.3485018389627559,2.634909830128719,2.754167603697368,,,1200
10000,634,OBM_RR,2.0,5.530043287007115,4.637706651384155,-0.8923366356229598,9.940565501407267,10.728546368097666,4.645388833905857,10.639024286188068,1200
10000,634,OBM_RR,3.0,5.530043287007115,4.17597315568652,-1.3540701313205954,11.202623135837127,13.026793537091837,4.1847759680094505,12.924628841535293,1200
10000,634,OBM_RR,4.0,5.530043287007115,3.7815319413125024,-1.7485113456946126,11.518992140922965,14.566684906828316,3.788651092255218,14.485065313978117,1200
10000,692,OBM,0.0,5.530043287007115,5.168856524267387,-0.3611867627397283,2.8544412329266593,2.982518409477625,,,1200
10000,692,OBM_RR,2.0,5.530043287007115,4.502822020816441,-1.0272212661906739,10.813356350744543,11.859528750166627,4.518015094019445,11.679954690778134,1200
10000,692,OBM_RR,3.0,5.530043287007115,4.020026721288776,-1.510016565718339,11.750319160703361,14.02067725681325,4.0310882780992054,13.892047485530089,1200
10000,692,OBM_RR,4.0,5.530043287007115,3.6056008134716833,-1.9244424735354317,11.7695909682278,15.463261809701446,3.615049336138504,15.35474351289817,1200
10000,755,OBM,0.0,5.530043287007115,5.151994021811297,-0.37804926519581805,3.089670221231177,3.2300167429619147,,,1200
10000,755,OBM_RR,2.0,5.530043287007115,4.359064983931197,-1.170978303075918,11.627833294604132,12.989333619799854,4.383468992281267,12.696268314988874,1200
10000,755,OBM_RR,3.0,5.530043287007115,3.857790722470594,-1.672252564536521,12.251764301553948,15.037983137568293,3.874864507145753,14.838401565204283,1200
10000,755,OBM_RR,4.0,5.530043287007115,3.4103840384474,-2.119659248559715,11.837882211936135,16.32097264009759,3.423661660054811,16.168037996700235,1200
10000,825,OBM,0.0,5.530043287007115,5.127698734897518,-0.4023445521095974,3.334867219625045,3.4939693022209624,,,1200
10000,825,OBM_RR,2.0,5.530043287007115,4.208241657463912,-1.3218016295432031,12.387889825079236,14.124726131421403,4.242570003374779,13.705972664148424,1200
10000,825,OBM_RR,3.0,5.530043287007115,3.6857071509640296,-1.8443361360430854,12.672278651922323,16.063294202426725,3.712286800391521,15.749065207331169,1200
10000,825,OBM_RR,4.0,5.530043287007115,3.1935396500030073,-2.3365036370041077,11.711043025530481,17.160533068742627,3.2149679035594114,16.91276047917402,1200
10000,900,OBM,0.0,5.530043287007115,5.0973496744881786,-0.43269361251893645,3.5882871569498516,3.772520679967082,,,1200
10000,900,OBM_RR,2.0,5.530043287007115,4.05016974411989,-1.4798735428872254,13.085850955985688,15.26497178312662,4.092224292518676,14.750955247344748,1200
10000,900,OBM_RR,3.0,5.530043287007115,3.5052085282715066,-2.0248347587356084,12.935836043030042,17.02501197984474,3.538454285553581,16.631224051906557,1200
10000,900,OBM_RR,4.0,5.530043287007115,2.9711379930433286,-2.5589052939637864,11.264179197348097,17.8027886848262,3.002061057358738,17.442555552639146,1200
10000,982,OBM,0.0,5.530043287007115,5.061953360224697,-0.4680899267824179,3.87253512834854,4.088416195296752,,,1200
10000,982,OBM_RR,2.0,5.530043287007115,3.8822681227663223,-1.6477751642407927,13.712074749539719,16.41581101247054,3.9329156155957814,15.799999247923495,1200
10000,982,OBM_RR,3.0,5.530043287007115,3.3057345655535415,-2.2243087214535735,12.991156363342197,17.927879688040512,3.3480392283971683,17.425689481060576,1200
10000,982,OBM_RR,4.0,5.530043287007115,2.7454908881112887,-2.7845523988958263,10.564679831231942,18.30960799356908,2.784402289161313,17.85777017130951,1200
10000,1072,OBM,0.0,5.530043287007115,5.017523128305196,-0.5125201587019186,4.201729247971217,4.460904720007081,,,1200
10000,1072,OBM_RR,2.0,5.530043287007115,3.7058188368967784,-1.8242244501103366,14.25483017589231,17.570745995126092,3.774784741325616,16.727004633240536,1200
10000,1072,OBM_RR,3.0,5.530043287007115,3.0819710396344755,-2.4480722473726395,12.851603387481717,18.833951446348273,3.1390463108447104,18.154513150756603,1200
10000,1072,OBM_RR,4.0,5.530043287007115,2.500127755266905,-3.02991553174021,9.484424553856172,18.656908996208518,2.5498620438553092,18.075348005346427,1200
10000,1170,OBM,0.0,5.530043287007115,4.966011628655733,-0.5640316583513822,4.546972888006616,4.8613154555558875,,,1200
10000,1170,OBM_RR,2.0,5.530043287007115,3.523045277651789,-2.006998009355326,14.730123407962555,18.745889314678827,3.613951748833612,17.60931002413317,1200
10000,1170,OBM_RR,3.0,5.530043287007115,2.8474395966705712,-2.682603690336544,12.334227958174761,19.520311994283524,2.922737691320931,18.61856592783357,1200
10000,1170,OBM_RR,4.0,5.530043287007115,2.2309752368963403,-3.2990680501107748,8.045514717108063,18.92266012077218,2.2981582468318686,18.13166220164995,1200
10000,1277,OBM,0.0,5.530043287007115,4.9040987056779,-0.6259445813292146,4.918475561997944,5.306183451258352,,,1200
10000,1277,OBM_RR,2.0,5.530043287007115,3.338224094255289,-2.191819192751826,14.986776264944583,19.77835865843906,3.4491347245569206,18.37721882828868,1200
10000,1277,OBM_RR,3.0,5.530043287007115,2.6131206381642067,-2.9169226488429083,11.56807281671291,20.06687049536505,2.7121835184540313,18.875709679604928,1200
10000,1277,OBM_RR,4.0,5.530043287007115,1.9371284795409573,-3.5929148074661574,6.553960906557188,19.45753608617797,2.021260096158582,18.457560496714937,1200
10000,1394,OBM,0.0,5.530043287007115,4.829340372207455,-0.7007029147996597,5.32675149059837,5.81329710583161,,,1200
10000,1394,OBM_RR,2.0,5.530043287007115,3.1400122036883187,-2.3900310833187963,15.028793243682527,20.72851782854281,3.26763723409592,19.10501877285454,1200
10000,1394,OBM_RR,3.0,5.530043287007115,2.364599009538986,-3.165444277468129,10.393551631454212,20.40492781218373,2.4823631278863876,18.97394404037519,1200
10000,1394,OBM_RR,4.0,5.530043287007115,1.617115990654519,-3.912927296352596,5.350071826580515,20.656613459932935,1.7248992067373226,19.366827270135122,1200
10000,1521,OBM,0.0,5.530043287007115,4.748668400794439,-0.7813748862126761,5.721119910224143,6.326899023102828,,,1200
10000,1521,OBM_RR,2.0,5.530043287007115,2.9157935193669258,-2.6142497676401892,14.883662744523198,21.70556153984288,3.071910203565844,19.71228221542243,1200
10000,1521,OBM_RR,3.0,5.530043287007115,2.0933126598893614,-3.4367306271177536,8.865246486876401,20.668976184839863,2.2356720609534517,18.922588012780857,1200
10000,1521,OBM_RR,4.0,5.530043287007115,1.2930742016558148,-4.2369690853513005,4.387401041758969,22.335651904446806,1.4344101949442738,20.639346583554524,1200
10000,1660,OBM,0.0,5.530043287007115,4.661639844960886,-0.8684034420462288,6.092503008293122,6.841550460610617,,,1200
10000,1660,OBM_RR,2.0,5.530043287007115,2.668917865893808,-2.861125421113307,14.456774127678438,22.63076549124617,2.8695532259602072,20.054727852656725,1200
10000,1660,OBM_RR,3.0,5.530043287007115,1.7919143400763051,-3.73812894693081,7.167081290755805,21.134716746895556,1.9513441527538964,19.16763192760036,1200
10000,1660,OBM_RR,4.0,5.530043287007115,0.9290185462165335,-4.6010247407905815,3.5751440246596586,24.741593403339483,1.1392641554447087,22.188552168568478,1200
10000,1812,OBM,0.0,5.530043287007115,4.5663814641183205,-0.9636618228887945,6.459744413150855,7.383005401699918,,,1200
10000,1812,OBM_RR,2.0,5.530043287007115,2.4121323288060816,-3.1179109582010334,13.604900754992835,23.314932080967093,2.665151668367602,20.02826208958304,1200
10000,1812,OBM_RR,3.0,5.530043287007115,1.4608355565933773,-4.069207730413738,5.890707913485117,22.444250543482802,1.6495699761749691,20.097100385742493,1200
10000,1812,OBM_RR,4.0,5.530043287007115,0.5267141129503767,-5.003329174056738,2.8221391709988226,27.85309021232361,0.8469484516812898,23.87193216547072,1200
10000,1977,OBM,0.0,5.530043287007115,4.463950072469182,-1.0660932145379327,6.811220263503194,7.942098988700765,,,1200
10000,1977,OBM_RR,2.0,5.530043287007115,2.15710926785139,-3.372934019155725,12.408402401737481,23.774745963980696,2.4559524290607664,19.85196212199497,1200
10000,1977,OBM_RR,3.0,5.530043287007115,1.123390128923218,-4.406653158083897,5.0283425096610435,24.44274427988711,1.3748660007687918,21.27834145743874,1200
10000,1977,OBM_RR,4.0,5.530043287007115,0.08513403877744032,-5.444909248229675,2.131670522750986,31.776930852105735,0.5539915813829744,25.872512129363788,1200
10000,2000,OBM,0.0,5.530043287007115,4.449533356374242,-1.0805099306328732,6.85548140089132,8.017270209920165,,,1200
10000,2000,OBM_RR,2.0,5.530043287007115,2.1209304509579776,-3.4091128360491374,12.208672689252314,23.820549124259596,2.423998548383578,19.834645905186076,1200
10000,2000,OBM_RR,3.0,5.530043287007115,1.0769760485862716,-4.453067238420843,4.9345672770438975,24.760262967543397,1.3392709034579833,21.4513965331936,1200
10000,2000,OBM_RR,4.0,5.530043287007115,0.0221921818246978,-5.507851105182417,2.02990022453862,32.36463243787735,0.5153908051986801,26.14510802400723,1200
30000,5,OBM,0.0,5.530043287007115,0.5802521118702663,-4.949791175136848,0.0005845270754949314,24.501016717432226,,,1200
30000,5,OBM_RR,2.0,5.530043287007115,1.573036865193393,-3.957006421813722,0.005121587134111812,15.663017141419871,1.573036865193393,15.663017141419871,1200
30000,5,OBM_RR,3.0,5.530043287007115,1.9670716791120557,-3.5629716078950593,0.008847311269901603,12.70360661717681,1.9670716791120557,12.70360661717681,1200
30000,5,OBM_RR,4.0,5.530043287007115,2.3074936434353477,-3.2225496435717673,0.013360468813264529,10.39817554037378,2.3074936434353477,10.39817554037378,1200
30000,6,OBM,0.0,5.530043287007115,0.6855919763324341,-4.844451310674681,0.0008390444786517536,23.469546846772552,,,1200
30000,6,OBM_RR,2.0,5.530043287007115,1.8252736282678816,-3.7047696587392336,0.007277736269255615,13.732589895803848,1.8252736282678816,13.732589895803848,1200
30000,6,OBM_RR,3.0,5.530043287007115,2.2575805682053485,-3.2724627188017665,0.012460460355947578,10.721462322586433,2.2575805682053485,10.721462322586433,1200
30000,6,OBM_RR,4.0,5.530043287007115,2.6211867192519005,-2.9088565677552145,0.018634480695783825,8.480065483734519,2.6211867192519005,8.480065483734519,1200
30000,7,OBM,0.0,5.530043287007115,0.7877931407245846,-4.74225014628253,0.0011378536161580836,22.490073355321492,,,1200
30000,7,OBM_RR,2.0,5.530043287007115,2.0603464341503264,-3.4696968528567886,0.009762066049089574,12.048550181718353,2.0603464341503264,12.048550181718353,1200
30000,7,OBM_RR,3.0,5.530043287007115,2.521824124889344,-3.008219162117771,0.016561476097260348,9.065930202199725,2.521824124889344,9.065930202199725,1200
30000,7,OBM_RR,4.0,5.530043287007115,2.8999797706254755,-2.6300635163816395,0.024533507733230146,6.94174716334521,2.8999797706254755,6.94174716334521,1200
30000,8,OBM,0.0,5.530043287007115,0.886965319992795,-4.64307796701432,0.0014800940935091947,21.559651868455596,,,1200
30000,8,OBM_RR,2.0,5.530043287007115,2.279519532950829,-3.250523754056286,0.012553092719453159,10.578447307493027,2.279519532950829,10.578447307493027,1200
30000,8,OBM_RR,3.0,5.530043287007115,2.7624493902866534,-2.7675938967204616,0.021097948771858048,7.68065634431223,2.7624493902866534,7.68065634431223,1200
30000,8,OBM_RR,4.0,5.530043287007115,3.148302539163936,-2.381740747843179,0.030976209059147053,5.703639385488184,3.148302539163936,5.703639385488184,1200
30000,9,OBM,0.0,5.530043287007115,0.9832146492326543,-4.5468286377744604,0.0018647668274360107,20.67551387414104,,,1200
30000,9,OBM_RR,2.0,5.530043287007115,2.4839540925961,-3.046089194411015,0.015628308150054556,9.294274664867476,2.4839540925961,9.294274664867476,1200
30000,9,OBM_RR,3.0,5.530043287007115,2.981804254045642,-2.548239032961473,0.02602426525767414,6.519524747478381,2.981804254045642,6.519524747478381,1200
30000,9,OBM_RR,4.0,5.530043287007115,3.3699506037933826,-2.1600926832137324,0.03788444280655126,4.703853272511047,3.3699506037933826,4.703853272511047,1200
30000,10,OBM,0.0,5.530043287007115,1.0766444885318296,-4.453398798475286,0.002290811778903834,19.835049761030206,,,1200
30000,10,OBM_RR,2.0,5.530043287007115,2.674722032556325,-2.85532125445079,0.0189659564084207,8.17180961756318,2.674722032556325,8.17180961756318,1200
30000,10,OBM_RR,3.0,5.530043287007115,3.181995508924408,-2.348047778082707,0.03130191763861301,5.544604200866384,3.181995508924408,5.544604200866384,1200
30000,10,OBM_RR,4.0,5.530043287007115,3.5681948370286727,-1.9618484499784423,0.045184935719088375,3.893996622288805,3.5681948370286727,3.893996622288805,1200
30000,11,OBM,0.0,5.530043287007115,1.1673526914088046,-4.362690595598311,0.002757217953116632,19.03582415319343,,,1200
30000,11,OBM_RR,2.0,5.530043287007115,2.8528159020590094,-2.6772273849481056,0.022545000241603382,7.190072683457474,2.8528159020590094,7.190072683457474,1200
30000,11,OBM_RR,3.0,5.530043287007115,3.3648995870935696,-2.1651436999135454,0.036892130695982406,4.7247086285290525,3.3648995870935696,4.7247086285290525,1200
30000,11,OBM_RR,4.0,5.530043287007115,3.745861866343577,-1.784181420663538,0.05281806986580276,3.2360773966485405,3.745861866343577,3.2360773966485405,1200
30000,12,OBM,0.0,5.530043287007115,1.2554328023001577,-4.274610484706957,0.003262862072337461,18.275554938987256,,,1200
30000,12,OBM_RR,2.0,5.530043287007115,3.01914326474391,-2.510900022263205,0.026346334846508026,6.330943301368832,3.01914326474391,6.330943301368832,1200
30000,12,OBM_RR,3.0,5.530043287007115,3.532183521579722,-1.997859765427393,0.04275833829188297,4.034166348656903,3.532183521579722,4.034166348656903,1200
30000,12,OBM_RR,4.0,5.530043287007115,3.905402360667327,-1.6246409263397878,0.06073555241554157,2.7001430789934004,3.905402360667327,2.7001430789934004,1200
30000,13,OBM,0.0,5.530043287007115,1.3409759646783677,-4.189067322328747,0.003806711325241218,17.552088570068342,,,1200
30000,13,OBM_RR,2.0,5.530043287007115,3.174543310284709,-2.355499976722406,0.03035296714295244,5.5787078133429215,3.174543310284709,5.5787078133429215,1200
30000,13,OBM_RR,3.0,5.530043287007115,3.6853414862573004,-1.8447018007498146,0.04886517819643444,3.451749190904211,3.6853414862573004,3.451749190904211,1200
30000,13,OBM_RR,4.0,5.530043287007115,4.048939983421195,-1.48110330358592,0.06890055290757832,2.2625101316732827,4.048939983421195,2.2625101316732827,1200
30000,15,OBM,0.0,5.530043287007115,1.5047984900314595,-4.025244796975656,0.005004809444936878,16.20759631434999,,,1200
30000,15,OBM_RR,2.0,5.530043287007115,3.4556251808889713,-2.0744181061181437,0.03892536589091074,4.342103407076787,3.4556251808889713,4.342103407076787,1200
30000,15,OBM_RR,3.0,5.530043287007115,3.954484408048546,-1.575558878958569,0.061688617060659624,2.544022990944962,3.954484408048546,2.544022990944962,1200
30000,15,OBM_RR,4.0,5.530043287007115,4.2951129327246065,-1.2349303542825085,0.08584072805106507,1.6108221740393451,4.2951129327246065,1.6108221740393451,1200
30000,16,OBM,0.0,5.530043287007115,1.5832424264718117,-3.946800860535303,0.00565696221788317,15.582889280804912,,,1200
30000,16,OBM_RR,2.0,5.530043287007115,3.5826940422704894,-1.9473492447366256,0.04346185656396885,3.835594719326472,3.5826940422704894,3.835594719326472,1200
30000,16,OBM_RR,3.0,5.530043287007115,4.072743743377396,-1.457299543629719,0.0683599848687619,2.192024978078091,4.072743743377396,2.192024978078091,1200
30000,16,OBM_RR,4.0,5.530043287007115,4.400744923026477,-1.129298363980638,0.0945657540430291,1.369801744137338,4.400744923026477,1.369801744137338,1200
30000,18,OBM,0.0,5.530043287007115,1.7335843709143774,-3.7964589160927376,0.007061750961863522,14.42015616774944,,,1200
30000,18,OBM_RR,2.0,5.530043287007115,3.8129488593920238,-1.7170944276150912,0.05296764953018973,3.001336783169043,3.8129488593920238,3.001336783169043,1200
30000,18,OBM_RR,3.0,5.530043287007115,4.281468657477509,-1.2485746295296059,0.082137768601484,1.6410079259659751,4.281468657477509,1.6410079259659751,1200
30000,18,OBM_RR,4.0,5.530043287007115,4.583214955546024,-0.9468283314610906,0.11244063544726186,1.0088308241751163,4.583214955546024,1.0088308241751163,1200
30000,20,OBM,0.0,5.530043287007115,1.8756832605440772,-3.6543600264630376,0.008593337223819528,13.3629333791204,,,1200
30000,20,OBM_RR,2.0,5.530043287007115,4.014931239264847,-1.5151120477422682,0.06296308930581684,2.358475137278496,4.014931239264847,2.358475137278496,1200
30000,20,OBM_RR,3.0,5.530043287007115,4.458459852804942,-1.0715834342021733,0.0963967907008796,1.244607516498487,4.458459852804942,1.244607516498487,1200
30000,20,OBM_RR,4.0,5.530043287007115,4.733758200177411,-0.7962850868297044,0.13076891367407856,0.764729879086741,4.733758200177411,0.764729879086741,1200
30000,22,OBM,0.0,5.530043287007115,2.0100842967339068,-3.5199589902732082,0.010243238859427602,12.400345996032227,,,1200
30000,22,OBM_RR,2.0,5.530043287007115,4.192384848485861,-1.3376584385212542,0.07336590808485835,1.862634867975238,4.192384848485861,1.862634867975238,1200
30000,22,OBM_RR,3.0,5.530043287007115,4.609049265773011,-0.9209940212341037,0.11105407316047525,0.9591915152484717,4.609049265773011,0.9591915152484717,1200
30000,22,OBM_RR,4.0,5.530043287007115,4.85858877928411,-0.6714545077230047,0.14939580758521495,0.6001224670204365,4.85858877928411,0.6001224670204365,1200
30000,24,OBM,0.0,5.530043287007115,2.137288033522034,-3.392755253485081,0.012003481047667446,11.52278168819741,,,1200
30000,24,OBM_RR,2.0,5.530043287007115,4.3485319086290355,-1.1815113783780795,0.08411148675913603,1.4800105310903726,4.3485319086290355,1.4800105310903726,1200
30000,24,OBM_RR,3.0,5.530043287007115,4.737566947321152,-0.7924763396859626,0.1260522035764612,0.7539659090355432,4.737566947321152,0.7539659090355432,1200
30000,24,OBM_RR,4.0,5.530043287007115,4.962577688098064,-0.5674655989090507,0.1682323433454585,0.4901093556712115,4.962577688098064,0.4901093556712115,1200
30000,27,OBM,0.0,5.530043287007115,2.31560771910798,-3.214435567899135,0.01483524002723785,10.347418897502253,,,1200
30000,27,OBM_RR,2.0,5.530043287007115,4.5487400714716175,-0.9813032155354975,0.10077325147622716,1.063645274586971,4.5487400714716175,1.063645274586971,1200
30000,27,OBM_RR,3.0,5.530043287007115,4.8965205228321595,-0.6335227641749555,0.1490482778133722,0.5502751636430708,4.8965205228321595,0.5502751636430708,1200
30000,27,OBM_RR,4.0,5.530043287007115,5.087706675474527,-0.4423366115325882,0.19666562085506537,0.3921634107398183,5.087706675474527,0.3921634107398183,1200
30000,30,OBM,0.0,5.530043287007115,2.4802118354602154,-3.0498314515468996,0.017877819613590418,9.319334804275249,,,1200
30000,30,OBM_RR,2.0,5.530043287007115,4.714856808642424,-0.8151864783646907,0.11796564101783648,0.7823963308256149,4.714856808642424,0.7823963308256149,1200
30000,30,OBM_RR,3.0,5.530043287007115,5.023016749455668,-0.5070265375514467,0.17243058082903284,0.42936279845975006,5.023016749455668,0.42936279845975006,1200
30000,30,OBM_RR,4.0,5.530043287007115,5.184495648900971,-0.34554763810614375,0.2250902680712574,0.3443058630485989,5.184495648900971,0.3443058630485989,1200
30000,33,OBM,0.0,5.530043287007115,2.632383955198648,-2.897659331808467,0.02110972681965211,8.417521738597328,,,1200
30000,33,OBM_RR,2.0,5.530043287007115,4.853071263654639,-0.6769720233524756,0.1356069297571468,0.5937850443842941,4.853071263654639,0.5937850443842941,1200
30000,33,OBM_RR,3.0,5.530043287007115,5.124157530725728,-0.40588575628138734,0.19606175550017263,0.3606416178560364,5.124157530725728,0.3606416178560364,1200
30000,33,OBM_RR,4.0,5.530043287007115,5.260077868950236,-0.2699654180568789,0.2532786508838828,0.3259489122881048,5.260077868950236,0.3259489122881048,1200
30000,36,OBM,0.0,5.530043287007115,2.7732666151532004,-2.7567766718539146,0.02451054309427805,7.624307736119644,,,1200
30000,36,OBM_RR,2.0,5.530043287007115,4.968348003623024,-0.5616952833840907,0.1536496448759349,0.46902319488113925,4.968348003623024,0.46902319488113925,1200
30000,36,OBM_RR,3.0,5.530043287007115,5.205389596997735,-0.32465369000937994,0.21978408871472443,0.32500095374416904,5.205389596997735,0.32500095374416904,1200
30000,36,OBM_RR,4.0,5.530043287007115,5.31939697938982,-0.21064630761729486,0.28101524596452965,0.32515293350569296,5.31939697938982,0.32515293350569296,1200
30000,40,OBM,0.0,5.530043287007115,2.945307249904462,-2.584736037102653,0.029274174857788618,6.710110161209199,,,1200
30000,40,OBM_RR,2.0,5.530043287007115,5.0931716806336915,-0.4368716063734235,0.1782217491066617,0.3689300314377014,5.0931716806336915,0.3689300314377014,1200
30000,40,OBM_RR,3.0,5.530043287007115,5.289983418358943,-0.24005986864817164,0.25136456122142015,0.30878383128911313,5.289983418358943,0.30878383128911313,1200
30000,40,OBM_RR,4.0,5.530043287007115,5.379421689740437,-0.150621597266678,0.31701377487382915,0.33943646229126645,5.379421689740437,0.33943646229126645,1200
30000,44,OBM,0.0,5.530043287007115,3.101234572609884,-2.428808714397231,0.03426522747071478,5.933348444246418,,,1200
30000,44,OBM_RR,2.0,5.530043287007115,5.191690744683235,-0.33835254232387957,0.20317557669252984,0.3174887066089858,5.191690744683235,0.3174887066089858,1200
30000,44,OBM_RR,3.0,5.530043287007115,5.354114299463568,-0.17592898754354724,0.2826373385154648,0.31335281605813303,5.354114299463568,0.31335281605813303,1200
30000,44,OBM_RR,4.0,5.530043287007115,5.423498305199079,-0.10654498180803618,0.35205684034732043,0.36311529279550553,5.423498305199079,0.36311529279550553,1200
30000,49,OBM,0.0,5.530043287007115,3.276296428372162,-2.253746858634953,0.04077660032606746,5.120117522632714,,,1200
30000,49,OBM_RR,2.0,5.530043287007115,5.286394593781344,-0.24364869322577132,0.23469916383094394,0.29386826690504425,5.286394593781344,0.29386826690504425,1200
30000,49,OBM_RR,3.0,5.530043287007115,5.413070263091831,-0.11697302391528375,0.32090298795046857,0.33431825711772867,5.413070263091831,0.33431825711772867,1200
30000,49,OBM_RR,4.0,5.530043287007115,5.462672390775509,-0.06737089623160575,0.3950778132779866,0.3992874194259714,5.462672390775509,0.3992874194259714,1200
30000,54,OBM,0.0,5.530043287007115,3.4321738952897984,-2.0978693917173166,0.04754719999528336,4.448563562033005,,,1200
30000,54,OBM_RR,2.0,5.530043287007115,5.357189977475982,-0.1728533095311331,0.2662780712629782,0.2959344394861249,5.357189977475982,0.2959344394861249,1200
30000,54,OBM_RR,3.0,5.530043287007115,5.454935598452161,-0.07510768855495442,0.3579625214329411,0.363305384211815,5.454935598452161,0.363305384211815,1200
30000,54,OBM_RR,4.0,5.530043287007115,5.48939754244286,-0.04064574456425518,0.4371676837145139,0.4384554538626012,5.48939754244286,0.4384554538626012,1200
30000,59,OBM,0.0,5.530043287007115,3.571466170095966,-1.9585771169111492,0.054533559037452266,3.8905124372929123,,,1200
30000,59,OBM_RR,2.0,5.530043287007115,5.410368579007843,-0.11967470799927238,0.2976777322909363,0.31175170324873847,5.410368579007843,0.31175170324873847,1200
30000,59,OBM_RR,3.0,5.530043287007115,5.484760594105068,-0.04528269290204712,0.39404454950364115,0.3957667013221826,5.484760594105068,0.3957667013221826,1200
30000,59,OBM_RR,4.0,5.530043287007115,5.507436583742418,-0.022606703264696826,0.4780132095459554,0.4781259282371652,5.507436583742418,0.4781259282371652,1200
30000,65,OBM,0.0,5.530043287007115,3.719791911238082,-1.8102513757690328,0.06315765889598474,3.340115070987249,,,1200
30000,65,OBM_RR,2.0,5.530043287007115,5.457210056218831,-0.07283323078828374,0.33480284269355925,0.33982851983170737,5.457210056218831,0.33982851983170737,1200
30000,65,OBM_RR,3.0,5.530043287007115,5.509291407630938,-0.02075187937617695,0.4365815702324359,0.4366483927548855,5.509291407630938,0.4366483927548855,1200
30000,65,OBM_RR,4.0,5.530043287007115,5.521345055254657,-0.008698231752457986,0.5252022693788322,0.5248402600566361,5.521345055254657,0.5248402600566361,1200
30000,72,OBM,0.0,5.530043287007115,3.8708073093881117,-1.6592359776190033,0.07349973068402829,2.8265025103337456,,,1200
30000,72,OBM_RR,2.0,5.530043287007115,5.494921467273217,-0.03512181973389783,0.3769204018708275,0.3778398437573555,5.494921467273217,0.3778398437573555,1200
30000,72,OBM_RR,3.0,5.530043287007115,5.527233791287836,-0.0028094957192790204,0.4850789303504795,0.48468259117471746,5.527233791287836,0.48468259117471746,1200
30000,72,OBM_RR,4.0,5.530043287007115,5.530242870587152,0.0001995835800370216,0.5784067782916535,0.5779248124766826,5.530242870587152,0.5779248124766826,1200
30000,80,OBM,0.0,5.530043287007115,4.019239465269077,-1.5108038217380377,0.08561168498984623,2.3680685296972825,,,1200
30000,80,OBM_RR,2.0,5.530043287007115,5.522546694293809,-0.007496592713305716,0.4230971579907088,0.42280077592802573,5.522546694293809,0.42280077592802573,1200
30000,80,OBM_RR,3.0,5.530043287007115,5.5384884124274345,0.0084451254203195,0.5386049910364962,0.5382274736873307,5.5384884124274345,0.5382274736873307,1200
30000,80,OBM_RR,4.0,5.530043287007115,5.533343375072064,0.0033000880649494135,0.6384644433596248,0.6379432802380615,5.533343375072064,0.6379432802380615,1200
30000,88,OBM,0.0,5.530043287007115,4.146462658646559,-1.3835806283605558,0.09793660830354102,2.0121503496378774,,,1200
30000,88,OBM_RR,2.0,5.530043287007115,5.539402085457003,0.009358798449888184,0.46770617643171275,0.46740400839311197,5.539402085457003,0.46740400839311197,1200
30000,88,OBM_RR,3.0,5.530043287007115,5.543720395265611,0.013677108258495885,0.589978432000425,0.589673846597406,5.543720395265611,0.589673846597406,1200
30000,88,OBM_RR,4.0,5.530043287007115,5.531385359701261,0.0013420726941459904,0.6998293134414311,0.6992479235060128,5.531385359701261,0.6992479235060128,1200
30000,97,OBM,0.0,5.530043287007115,4.2689101340049715,-1.2611331530021435,0.11198111100680228,1.702344623015425,,,1200
30000,97,OBM_RR,2.0,5.530043287007115,5.5500281547492625,0.019984867742147472,0.5170636196092654,0.5170321281982623,5.5500281547492625,0.5170321281982623,1200
30000,97,OBM_RR,3.0,5.530043287007115,5.54487172700162,0.014828439994505338,0.6462149030849019,0.645896273298335,5.54487172700162,0.645896273298335,1200
30000,97,OBM_RR,4.0,5.530043287007115,5.525910523786403,-0.004132763220711766,0.7682374044077213,0.7676142863025535,5.525910523786403,0.7676142863025535,1200
30000,107,OBM,0.0,5.530043287007115,4.384181878232544,-1.1458614087745707,0.12770216176326626,1.440594111413974,,,1200
30000,107,OBM_RR,2.0,5.530043287007115,5.555254926055304,0.025211639048189127,0.5711300706163716,0.571289755634354,5.555254926055304,0.571289755634354,1200
30000,107,OBM_RR,3.0,5.530043287007115,5.541742673440858,0.011699386433742909,0.7083990924197149,0.7079456354856245,5.541742673440858,0.7079456354856245,1200
30000,107,OBM_RR,4.0,5.530043287007115,5.51749184008589,-0.012551446921224674,0.8422994883890859,0.8417551109685778,5.51749184008589,0.8417551109685778,1200
30000,118,OBM,0.0,5.530043287007115,4.490917374551903,-1.0391259124552121,0.14502791494276132,1.2246897202828515,,,1200
30000,118,OBM_RR,2.0,5.530043287007115,5.555970586109708,0.025927299102592727,0.6292297299852779,0.6293775967157121,5.555970586109708,0.6293775967157121,1200
30000,118,OBM_RR,3.0,5.530043287007115,5.534761680966831,0.004718393959715961,0.7786378420575263,0.7780112404307041,5.534761680966831,0.7780112404307041,1200
30000,118,OBM_RR,4.0,5.530043287007115,5.5064086053687955,-0.0236346816383195,0.9239194744913029,0.9237081397720381,5.5064086053687955,0.9237081397720381,1200
30000,130,OBM,0.0,5.530043287007115,4.588500983728457,-0.9415423032786583,0.1638389635294148,1.050204339923088,,,1200
30000,130,OBM_RR,2.0,5.530043287007115,5.553412554772571,0.02336926776545578,0.690551995674334,0.6905226583538322,5.553412554772571,0.6905226583538322,1200
30000,130,OBM_RR,3.0,5.530043287007115,5.525166594204802,-0.004876692802312732,0.8543808852571934,0.8536926833188341,5.525166594204802,0.8536926833188341,1200
30000,130,OBM_RR,4.0,5.530043287007115,5.493675790862428,-0.03636749614468737,1.01357364011946,1.014051590195194,5.493675790862428,1.014051590195194,1200
30000,144,OBM,0.0,5.530043287007115,4.682864388330665,-0.8471788986764501,0.1854772265347167,0.9030347485419141,,,1200
30000,144,OBM_RR,2.0,5.530043287007115,5.5479035722441195,0.017860285237004447,0.760333988928487,0.7600193670597939,5.5479035722441195,0.7600193670597939,1200
30000,144,OBM_RR,3.0,5.530043287007115,5.512685931947256,-0.01735735505985936,0.940524088768553,0.9400415964692532,5.512685931947256,0.9400415964692532,1200
30000,144,OBM_RR,4.0,5.530043287007115,5.480644261783479,-0.04939902522363582,1.1203369226141031,1.12184357220497,5.480644261783479,1.12184357220497,1200
30000,159,OBM,0.0,5.530043287007115,4.765906308443539,-0.7641369785635757,0.2081008163055025,0.7918327209668513,,,1200
30000,159,OBM_RR,2.0,5.530043287007115,5.539389358577839,0.009346071570724312,0.8348259906148465,0.8342176513431391,5.539389358577839,0.8342176513431391,1200
30000,159,OBM_RR,3.0,5.530043287007115,5.498462173253069,-0.031581113754046264,1.0330955982066399,1.0332320519540803,5.498462173253069,1.0332320519540803,1200
30000,159,OBM_RR,4.0,5.530043287007115,5.468840991055351,-0.061202295951764185,1.236464621318937,1.2391799551642717,5.468840991055351,1.2391799551642717,1200
30000,175,OBM,0.0,5.530043287007115,4.838821311645047,-0.6912219753620681,0.23166633969183975,0.7092611036322036,,,1200
30000,175,OBM_RR,2.0,5.530043287007115,5.528122395420934,-0.0019208915861810283,0.9164345198565745,0.9156745142478466,5.528122395420934,0.9156745142478466,1200
30000,175,OBM_RR,3.0,5.530043287007115,5.483717450514272,-0.046325836492843386,1.1327520367950965,1.1339541598911955,5.483717450514272,1.1339541598911955,1200
30000,175,OBM_RR,4.0,5.530043287007115,5.455047235514383,-0.07499605149273236,1.3572087827166177,1.3617021831371878,5.455047235514383,1.3617021831371878,1200
30000,193,OBM,0.0,5.530043287007115,4.906110650790557,-0.6239326362165576,0.2577663405671083,0.6468434698194458,,,1200
30000,193,OBM_RR,2.0,5.530043287007115,5.514605969518299,-0.01543731748881605,1.0069970218239277,1.006396168410325,5.514605969518299,1.006396168410325,1200
30000,193,OBM_RR,3.0,5.530043287007115,5.4697302439279225,-0.060313043079192497,1.2470472104280155,1.2496456675847978,5.4697302439279225,1.2496456675847978,1200
30000,193,OBM_RR,4.0,5.530043287007115,5.436166833790848,-0.09387645321626703,1.487245959951281,1.4948193767864544,5.436166833790848,1.4948193767864544,1200
30000,213,OBM,0.0,5.530043287007115,4.966990987187489,-0.5630522998196259,0.28626152433367313,0.6030508653955652,,,1200
30000,213,OBM_RR,2.0,5.530043287007115,5.499383050241504,-0.030660236765610804,1.1036963578332861,1.1037166609869484,5.499383050241504,1.1037166609869484,1200
30000,213,OBM_RR,3.0,5.530043287007115,5.456900045284082,-0.07314324172303266,1.3757381880248931,1.3799416733446264,5.456900045284082,1.3799416733446264,1200
30000,213,OBM_RR,4.0,5.530043287007115,5.414021358109486,-0.11602192889762897,1.6268221891323853,1.6389275919599011,5.414021358109486,1.6389275919599011,1200
30000,235,OBM,0.0,5.530043287007115,5.021237587839068,-0.5088056991680467,0.3167640635417016,0.5753833329946348,,,1200
30000,235,OBM_RR,2.0,5.530043287007115,5.482406016799675,-0.04763727020744035,1.2110436651742962,1.212303771632801,5.482406016799675,1.212303771632801,1200
30000,235,OBM_RR,3.0,5.530043287007115,5.441438690966826,-0.08860459604028925,1.5131526278921772,1.519742441808397,5.441438690966826,1.519742441808397,1200
30000,235,OBM_RR,4.0,5.530043287007115,5.389914506503982,-0.14012878050313304,1.784548406653859,1.8026973581069425,5.389914506503982,1.8026973581069425,1200
30000,259,OBM,0.0,5.530043287007115,5.069166814492898,-0.46087647251421693,0.3488448143460952,0.5609612332512878,,,1200
30000,259,OBM_RR,2.0,5.530043287007115,5.464487628399377,-0.06555565860773793,1.3306858216338877,1.3338744611580202,5.464487628399377,1.3338744611580202,1200
30000,259,OBM_RR,3.0,5.530043287007115,5.420892698607751,-0.10915058839936442,1.6573225169742816,1.6678552658247305,5.420892698607751,1.6678552658247305,1200
30000,259,OBM_RR,4.0,5.530043287007115,5.365145031686541,-0.16489825532057356,1.9604067582837232,1.9859645205929224,5.365145031686541,1.9859645205929224,1200
30000,286,OBM,0.0,5.530043287007115,5.112546290190052,-0.4174969968170634,0.3837500689903483,0.557734019617457,,,1200
30000,286,OBM_RR,2.0,5.530043287007115,5.448080085858391,-0.08196320114872435,1.469648787217342,1.4751420462372071,5.448080085858391,1.4751420462372071,1200
30000,286,OBM_RR,3.0,5.530043287007115,5.396809164545374,-0.13323412246174104,1.8149854538105872,1.8312242973205617,5.396809164545374,1.8312242973205617,1200
30000,286,OBM_RR,4.0,5.530043287007115,5.33917261011607,-0.19087067689104487,2.164014490301723,2.198642760189984,5.33917261011607,2.198642760189984,1200
30000,315,OBM,0.0,5.530043287007115,5.149326654224504,-0.3807166327826108,0.42064995747424644,0.5652445703203473,,,1200
30000,315,OBM_RR,2.0,5.530043287007115,5.434853158661152,-0.09519012834596285,1.6210652630772138,1.6287755358925036,5.434853158661152,1.6287755358925036,1200
30000,315,OBM_RR,3.0,5.530043287007115,5.371467034584023,-0.15857625242309226,1.9897545506718983,2.013242849712224,5.371467034584023,2.013242849712224,1200
30000,315,OBM_RR,4.0,5.530043287007115,5.309480162176857,-0.22056312483025842,2.3806734371720637,2.427337634675975,5.309480162176857,2.427337634675975,1200
30000,348,OBM,0.0,5.530043287007115,5.181764227789371,-0.34827905921774427,0.4633173987202524,0.5842296039775833,,,1200
30000,348,OBM_RR,2.0,5.530043287007115,5.419559470008977,-0.11048381699813792,1.7873065951170657,1.7980238467729464,5.419559470008977,1.7980238467729464,1200
30000,348,OBM_RR,3.0,5.530043287007115,5.345014029805643,-0.1850292572014718,2.1915644733339468,2.223973995626697,5.345014029805643,2.223973995626697,1200
30000,348,OBM_RR,4.0,5.530043287007115,5.276933131191407,-0.2531101558157083,2.623708678508304,2.685587005586599,5.276933131191407,2.685587005586599,1200
30000,383,OBM,0.0,5.530043287007115,5.208370982533952,-0.32167230447316264,0.5085276552213455,0.6115769536404025,,,1200
30000,383,OBM_RR,2.0,5.530043287007115,5.398886548537826,-0.1311567384692891,1.9561048092050908,1.971676811909988,5.398886548537826,1.971676811909988,1200
30000,383,OBM_RR,3.0,5.530043287007115,5.318818940859643,-0.2112243461474721,2.412533929860206,2.4551392093240825,5.318818940859643,2.4551392093240825,1200
30000,383,OBM_RR,4.0,5.530043287007115,5.243719731261817,-0.2863235557452981,2.8920053435686564,2.971576517690313,5.243719731261817,2.971576517690313,1200
30000,423,OBM,0.0,5.530043287007115,5.231695253563164,-0.29834803344395144,0.5588135851419879,0.6473594562142427,,,1200
30000,423,OBM_RR,2.0,5.530043287007115,5.373214081750698,-0.1568292052564173,2.146340862997835,2.1691476452333633,5.373214081750698,2.1691476452333633,1200
30000,423,OBM_RR,3.0,5.530043287007115,5.286744033562136,-0.24329925344497916,2.6636910313913025,2.7206658155920276,5.286744033562136,2.7206658155920276,1200
30000,423,OBM_RR,4.0,5.530043287007115,5.201814653756244,-0.3282286332508706,3.1941758627056034,3.2992480851724166,5.201814653756244,3.2992480851724166,1200
30000,466,OBM,0.0,5.530043287007115,5.250362025066943,-0.27968126194017184,0.6127724728827822,0.690483437435827,,,1200
30000,466,OBM_RR,2.0,5.530043287007115,5.346153442635225,-0.18388984437189038,2.3560682146163034,2.387920299300575,5.346153442635225,2.387920299300575,1200
30000,466,OBM_RR,3.0,5.530043287007115,5.253382824501909,-0.27666046250520626,2.930686095999934,3.0047848691001953,5.253382824501909,3.0047848691001953,1200
30000,466,OBM_RR,4.0,5.530043287007115,5.15722819400132,-0.3728150930057952,3.5175107445073777,3.6535705791265416,5.15722819400132,3.6535705791265416,1200
30000,514,OBM,0.0,5.530043287007115,5.2657042269558865,-0.26433906005122854,0.6729856877620954,0.742300005024394,,,1200
30000,514,OBM_RR,2.0,5.530043287007115,5.317694650489852,-0.21234863651726332,2.5934713672700442,2.636402084561393,5.317694650489852,2.636402084561393,1200
30000,514,OBM_RR,3.0,5.530043287007115,5.217308181541074,-0.3127351054660412,3.2410391336564848,3.336141513902627,5.217308181541074,3.336141513902627,1200
30000,514,OBM_RR,4.0,5.530043287007115,5.105686480140773,-0.42435680686634214,3.8763917761033424,4.053240149157055,5.105686480140773,4.053240149157055,1200
30000,567,OBM,0.0,5.530043287007115,5.2791896496333495,-0.25085363737376554,0.740464803340149,0.8027752967210142,,,1200
30000,567,OBM_RR,2.0,5.530043287007115,5.287811321428806,-0.24223196557830917,2.8641102996858794,2.9203998662507384,5.287811321428806,2.9203998662507384,1200
30000,567,OBM_RR,3.0,5.530043287007115,5.172100787895147,-0.3579424991119682,3.5746971148395326,3.6998410332476865,5.172100787895147,3.6998410332476865,1200
30000,567,OBM_RR,4.0,5.530043287007115,5.047934215495845,-0.48210907151127014,4.251214110946716,4.480100589354387,5.047934215495845,4.480100589354387,1200
30000,626,OBM,0.0,5.530043287007115,5.291384213001712,-0.23865907400540287,0.8166972201769489,0.8729747927652507,,,1200
30000,626,OBM_RR,2.0,5.530043287007115,5.249344332706029,-0.28069895430108627,3.1631823629236173,3.2393382805669044,5.249344332706029,3.2393382805669044,1200
30000,626,OBM_RR,3.0,5.530043287007115,5.121545321633772,-0.4084979653733427,3.9474746445117517,4.111055670022152,5.121545321633772,4.111055670022152,1200
30000,626,OBM_RR,4.0,5.530043287007115,4.982382705865934,-0.547660581141181,4.6593933770685005,4.955442661390173,4.982382705865934,4.955442661390173,1200
30000,690,OBM,0.0,5.530043287007115,5.300125033654898,-0.22991825335221705,0.8983270579201494,0.9504408552630836,,,1200
30000,690,OBM_RR,2.0,5.530043287007115,5.209235378876991,-0.3208079081301243,3.4822668893357225,3.5822827141801024,5.209235378876991,3.5822827141801024,1200
30000,690,OBM_RR,3.0,5.530043287007115,5.064509366039395,-0.4655339209677196,4.347534003752122,4.560632890320575,5.064509366039395,4.560632890320575,1200
30000,690,OBM_RR,4.0,5.530043287007115,4.916206858597347,-0.6138364284097682,5.114954083819422,5.487486782925766,4.916272687922591,5.486753504689378,1200
30000,761,OBM,0.0,5.530043287007115,5.303586040887041,-0.22645724612007356,0.9849186926313537,1.035380811374448,,,1200
30000,761,OBM_RR,2.0,5.530043287007115,5.168990419261965,-0.36105286774515033,3.8574201574605502,3.9845648139696634,5.168990419261965,3.9845648139696634,1200
30000,761,OBM_RR,3.0,5.530043287007115,5.0024527189511625,-0.5275905680559525,4.768604175609411,5.042982146298007,5.0024527189511625,5.042982146298007,1200
30000,761,OBM_RR,4.0,5.530043287007115,4.849067789855827,-0.6809754971512882,5.605536190767225,6.0645925383286965,4.849067789855827,6.0645925383286965,1200
30000,840,OBM,0.0,5.530043287007115,5.302627433749701,-0.22741585325741376,1.0774997412972371,1.1283197951589539,,,1200
30000,840,OBM_RR,2.0,5.530043287007115,5.1199072184797885,-0.41013606852732654,4.273169922480158,4.43782054225181,5.1199072184797885,4.43782054225181,1200
30000,840,OBM_RR,3.0,5.530043287007115,4.933536206636273,-0.5965070803708423,5.227702465293835,5.579166743505303,4.9336046592391405,5.578404028880765,1200
30000,840,OBM_RR,4.0,5.530043287007115,4.779079113089022,-0.750964173918093,6.143278367839494,6.702106159708112,4.779079113089022,6.702106159708112,1200
30000,926,OBM,0.0,5.530043287007115,5.298633828464556,-0.2314094585425588,1.1794903758454522,1.2320578047018742,,,1200
30000,926,OBM_RR,2.0,5.530043287007115,5.066408308100181,-0.46363497890693406,4.709072330175753,4.920105496899975,5.066408308100181,4.920105496899975,1200
30000,926,OBM_RR,3.0,5.530043287007115,4.8640373636595875,-0.6660059233475275,5.738807553784534,6.177589104090373,4.864326206241822,6.174294364079817,1200
30000,926,OBM_RR,4.0,5.530043287007115,4.699816020072706,-0.8302272669344086,6.681997351685048,7.365706335320022,4.699816020072706,7.365706335320022,1200
30000,1021,OBM,0.0,5.530043287007115,5.292181924442275,-0.23786136256484003,1.294621136699982,1.3501203135539344,,,1200
30000,1021,OBM_RR,2.0,5.530043287007115,5.004434225322402,-0.5256090616847127,5.184566745490163,5.456511158927339,5.004434225322402,5.456511158927339,1200
30000,1021,OBM_RR,3.0,5.530043287007115,4.793234665796324,-0.7368086212107912,6.279587277341136,6.817241232233897,4.793488019266636,6.814398880426486,1200
30000,1021,OBM_RR,4.0,5.530043287007115,4.61263030267773,-0.9174129843293848,7.2741368618621465,8.109721664960075,4.612927593177416,8.106327548326488,1200
30000,1126,OBM,0.0,5.530043287007115,5.28425339782163,-0.2457898891854846,1.4257328377760061,1.484957396703672,,,1200
30000,1126,OBM_RR,2.0,5.530043287007115,4.933389903132571,-0.5966533838745436,5.6787886929277915,6.0300516295059605,4.933458242611626,6.029290184609914,1200
30000,1126,OBM_RR,3.0,5.530043287007115,4.718106240722139,-0.8119370462849762,6.868436123361178,7.5219541937216805,4.718537876456671,7.516956693840527,1200
30000,1126,OBM_RR,4.0,5.530043287007115,4.512579049124582,-1.0174642378825327,7.871936439096738,8.900609967434042,4.51345971659041,8.890410866035776,1200
30000,1242,OBM,0.0,5.530043287007115,5.271511707265571,-0.25853157974154417,1.5700738139649526,1.6356039968436407,,,1200
30000,1242,OBM_RR,2.0,5.530043287007115,4.855396380542293,-0.6746469064648224,6.218031159680207,6.6679979154496944,4.855919025430578,6.661918057149869,1200
30000,1242,OBM_RR,3.0,5.530043287007115,4.632791385696082,-0.8972519013110327,7.474845557658295,8.273677494099845,4.633842640555902,8.261502266554183,1200
30000,1242,OBM_RR,4.0,5.530043287007115,4.4020668085618855,-1.1279764784452295,8.459626406777643,9.724907654031032,4.403250508997044,9.711152909375896,1200
30000,1370,OBM,0.0,5.530043287007115,5.255968411290509,-0.2740748757166056,1.7265969830270942,1.8002751897069789,,,1200
30000,1370,OBM_RR,2.0,5.530043287007115,4.775663765169071,-0.754379521838044,6.840484146523653,7.403872206036812,4.776831793600377,7.390096211511111,1200
30000,1370,OBM_RR,3.0,5.530043287007115,4.538889590810286,-0.9911536961968288,8.14128554560325,9.116886790466552,4.540898593462194,9.092897530431525,1200
30000,1370,OBM_RR,4.0,5.530043287007115,4.280941075928098,-1.249102211079017,9.054331742044198,10.607042799314986,4.2822453070172735,10.592120207526044,1200
30000,1511,OBM,0.0,5.530043287007115,5.2377908744717265,-0.2922524125353885,1.9047359185460824,1.9885601112467157,,,1200
30000,1511,OBM_RR,2.0,5.530043287007115,4.69499291650408,-0.8350503705030352,7.488321559511906,8.179390412822904,4.696866756843788,8.156716622801369,1200
30000,1511,OBM_RR,3.0,5.530043287007115,4.4310645682569145,-1.0989787187502005,8.800764606979117,10.001184860739135,4.433999035955567,9.965682403417917,1200
30000,1511,OBM_RR,4.0,5.530043287007115,4.154950088407312,-1.375093198599803,9.730846439321192,11.613618705457194,4.156580935388693,11.594950576216455,1200
30000,1666,OBM,0.0,5.530043287007115,5.21359310348815,-0.31645018351896503,2.100631081016641,2.19902127376498,,,1200
30000,1666,OBM_RR,2.0,5.530043287007115,4.615997550209009,-0.9140457367981059,8.180668555998922,9.009330941161048,4.621229537213702,8.945237901317498,1200
30000,1666,OBM_RR,3.0,5.530043287007115,4.314186771881704,-1.2158565151254113,9.439209956164305,10.909651013240412,4.318441778091159,10.858799762722981,1200
30000,1666,OBM_RR,4.0,5.530043287007115,4.020573510393714,-1.5094697766134013,10.480687516713777,12.750452616959162,4.022944148728639,12.72332870106462,1200
30000,1837,OBM,0.0,5.530043287007115,5.185031735907681,-0.34501155109943404,2.3119421805012172,2.4290485324095035,,,1200
30000,1837,OBM_RR,2.0,5.530043287007115,4.524499803101484,-1.0055434839056314,8.882572412863468,9.886287967211157,4.533381937974931,9.774995100405459,1200
30000,1837,OBM_RR,3.0,5.530043287007115,4.185927765170067,-1.3441155218370477,10.093812825078736,11.89204785043445,4.191416921711588,11.827622977527978,1200
30000,1837,OBM_RR,4.0,5.530043287007115,3.8691114136433225,-1.6609318733637926,11.217902062287468,13.967248498524652,3.874346397987056,13.90727905142549,1200
30000,2026,OBM,0.0,5.530043287007115,5.151279175606857,-0.37876411140025823,2.547545034004695,2.6888843318945184,,,1200
30000,2026,OBM_RR,2.0,5.530043287007115,4.425088944917664,-1.1049543420894512,9.663906094289045,10.876776937312803,4.43741828229905,10.722295065953494,1200
30000,2026,OBM_RR,3.0,5.530043287007115,4.053941252988348,-1.4761020340187674,10.871126479348744,13.040944422116965,4.06234885585739,12.942542645269814,1200
30000,2026,OBM_RR,4.0,5.530043287007115,3.6989041654379995,-1.8311391215691155,11.91226552020163,15.255409114809042,3.709139823258176,15.137330183250246,1200
30000,2235,OBM,0.0,5.530043287007115,5.112056429179561,-0.41798685782755385,2.7936717639233577,2.9660567174366403,,,1200
30000,2235,OBM_RR,2.0,5.530043287007115,4.312004837790154,-1.2180384492169614,10.454012877055215,11.928918863428528,4.330406594753746,11.701370293738815,1200
30000,2235,OBM_RR,3.0,5.530043287007115,3.9111599520160705,-1.6188833349910445,11.724932234027335,14.335944709477378,3.925204875661181,14.170905474532473,1200
30000,2235,OBM_RR,4.0,5.530043287007115,3.515737686790528,-2.014305600216587,12.44040720387212,16.487467248932802,3.529428328742891,16.32869733697431,1200
30000,2465,OBM,0.0,5.530043287007115,5.067099530179764,-0.4629437568273511,3.057582600795772,3.2693515372805297,,,1200
30000,2465,OBM_RR,2.0,5.530043287007115,4.185474023922989,-1.344569263084126,11.21981003631472,13.01832669784838,4.210121688051582,12.716438660584402,1200
30000,2465,OBM_RR,3.0,5.530043287007115,3.750755266014362,-1.779288020992753,12.556742418646813,15.712144328279583,3.7715730570265276,15.465449854692858,1200
30000,2465,OBM_RR,4.0,5.530043287007115,3.3133926925553587,-2.2166505944517563,12.693469892209869,17.596431858516354,3.3292801637991603,17.413456101527135,1200
30000,2718,OBM,0.0,5.530043287007115,5.0197997736603925,-0.5102435133467225,3.352947365486477,3.6105016855943117,,,1200
30000,2718,OBM_RR,2.0,5.530043287007115,4.045894672471943,-1.4841486145351723,12.005133356632792,14.197826188862269,4.07804153012034,13.806632553196978,1200
30000,2718,OBM_RR,3.0,5.530043287007115,3.569891620781847,-1.960151666225268,13.332383285729682,17.163467520930602,3.6003872602961127,16.799477735662162,1200
30000,2718,OBM_RR,4.0,5.530043287007115,3.0947670118737833,-2.4352762751333317,12.424710718289708,18.344927328918406,3.119424508296255,18.06027572928696,1200
30000,2998,OBM,0.0,5.530043287007115,4.9704809167580954,-0.5595623702490196,3.6710267584411187,3.981077615674453,,,1200
30000,2998,OBM_RR,2.0,5.530043287007115,3.897472983560906,-1.632570303446209,12.943190475099287,15.597690278731152,3.9373329487371227,15.11241051251683,1200
30000,2998,OBM_RR,3.0,5.530043287007115,3.372964511506469,-2.157078775500646,13.870342679443443,18.511772904259274,3.4114922743335154,18.052532206749717,1200
30000,2998,OBM_RR,4.0,5.530043287007115,2.8519045026587473,-2.6781387843483677,11.524671659115578,18.68749511429727,2.8938881885158376,18.19380003700179,1200
30000,3306,OBM,0.0,5.530043287007115,4.919249990329572,-0.6107932966775431,4.0181541625283765,4.387874151992491,,,1200
30000,3306,OBM_RR,2.0,5.530043287007115,3.7367181026311846,-1.7933251843759304,14.025314232856063,17.22964168791231,3.7918177681786696,16.55299000567619,1200
30000,3306,OBM_RR,3.0,5.530043287007115,3.152677817400135,-2.37736546960698,14.050785997553975,19.690943585302296,3.2049561712291106,19.071878529982698,1200
30000,3306,OBM_RR,4.0,5.530043287007115,2.5825906748210112,-2.9474526121861038,9.884200039960938,18.563440107676993,2.63978990488662,17.881822091755588,1200
30000,3646,OBM,0.0,5.530043287007115,4.859657695380369,-0.6703855916267463,4.377268702179921,4.82303781972218,,,1200
30000,3646,OBM_RR,2.0,5.530043287007115,3.5568834882654197,-1.9731597987416953,15.030099683511457,18.910934191812235,3.6347247643688996,17.94186049092076,1200
30000,3646,OBM_RR,3.0,5.530043287007115,2.9170831797201746,-2.6129601072869404,13.59356182640771,20.409794380492016,2.9974997329756987,19.446058474080903,1200
30000,3646,OBM_RR,4.0,5.530043287007115,2.2800897169943655,-3.2499535700127495,7.8983636847216445,18.453979922222988,2.3493648220768826,17.627836965899952,1200
30000,4021,OBM,0.0,5.530043287007115,4.793698223667698,-0.7363450633394173,4.768711218985174,5.306941345273683,,,1200
30000,4021,OBM_RR,2.0,5.530043287007115,3.3522259492123134,-2.1778173377948016,15.933494759058823,20.66310520355924,3.4606685470769087,19.29811000989381,1200
30000,4021,OBM_RR,3.0,5.530043287007115,2.656753104240208,-2.873290182766907,12.36113433230305,20.606629861410813,2.766159202436551,19.266340985145106,1200
30000,4021,OBM_RR,4.0,5.530043287007115,1.926336324130103,-3.6037069628770118,6.102494927190582,19.08411338903952,2.0041370685707007,18.161524229320268,1200
30000,4434,OBM,0.0,5.530043287007115,4.718940029804406,-0.811103257202709,5.166314990994709,5.8198982223470574,,,1200
30000,4434,OBM_RR,2.0,5.530043287007115,3.1359500990672338,-2.3940931879398812,16.499143052452013,22.217075959115114,3.2751260953738566,20.452467699533777,1200
30000,4434,OBM_RR,3.0,5.530043287007115,2.3700884248819216,-3.1599548621251934,10.317144565454894,20.293861675652334,2.494541573263194,18.75476017594105,1200
30000,4434,OBM_RR,4.0,5.530043287007115,1.543248157906783,-3.986795129100332,4.699668540190118,20.59028755115809,1.6485926052571036,19.330773120085418,1200
30000,4890,OBM,0.0,5.530043287007115,4.633575437611407,-0.8964678493957079,5.556997414844386,6.3560211886655145,,,1200
30000,4890,OBM_RR,2.0,5.530043287007115,2.89883296706427,-2.631210319942845,16.608750911952967,23.518178033966734,3.0786628500215607,21.220987416032013,1200
30000,4890,OBM_RR,3.0,5.530043287007115,2.046967477394651,-3.483075809612464,8.001064802781627,20.126214344286833,2.1838914521855206,18.428162808603414,1200
30000,4890,OBM_RR,4.0,5.530043287007115,1.1397458187367226,-4.390297468270393,3.884429278753731,23.155904114256185,1.301197001431707,21.202202115102118,1200
30000,5393,OBM,0.0,5.530043287007115,4.54076985649599,-0.9892734305111253,5.953266373406158,6.926967238410237,,,1200
30000,5393,OBM_RR,2.0,5.530043287007115,2.6407605873010183,-2.8892826997060967,15.848420501621932,24.183168003358197,2.876002685848544,21.108331054940404,1200
30000,5393,OBM_RR,3.0,5.530043287007115,1.668212958105333,-3.8618303289017817,6.108000610114621,21.01664409883184,1.8271386020960112,19.059312599080666,1200
30000,5393,OBM_RR,4.0,5.530043287007115,0.6813673444536943,-4.84867594255342,3.3291814448740493,26.836065522899627,0.9455397695909379,23.593385460487937,1200
30000,5948,OBM,0.0,5.530043287007115,4.442198733703664,-1.0878445533034506,6.388693389695044,7.56677525068895,,,1200
30000,5948,OBM_RR,2.0,5.530043287007115,2.3540815164569024,-3.1759617705502126,14.092367790385929,24.16735731855704,2.6350300520549075,20.422208878029213,1200
30000,5948,OBM_RR,3.0,5.530043287007115,1.255123928661823,-4.274919358345292,4.846231062498719,23.117128056968625,1.4609449976312467,20.550702188409836,1200
30000,5948,OBM_RR,4.0,5.530043287007115,0.14391298729073557,-5.386130299716379,2.6693215070808485,31.677496678014467,0.5902184938109343,26.048081256748894,1200
30000,6000,OBM,0.0,5.530043287007115,4.433287362993817,-1.0967559240132978,6.432849456382922,7.630362305360868,,,1200
30000,6000,OBM_RR,2.0,5.530043287007115,2.327005061738443,-3.203038225268672,13.876224856455861,24.12411520827444,2.612009776367873,20.323318980690477,1200
30000,6000,OBM_RR,3.0,5.530043287007115,1.2172181564732425,-4.312825130533873,4.778907153804625,23.37538533774097,1.429960707245331,20.718006398035055,1200
30000,6000,OBM_RR,4.0,5.530043287007115,0.0940969852904281,-5.435946301716687,2.593963099015453,32.141313658246936,0.561097867561538,26.23900552913597,1200
100000,5,OBM,0.0,5.530043287007115,0.40359076076722206,-5.126452526239893,0.00011314485609183482,26.280628554360092,,,1200
100000,5,OBM_RR,2.0,5.530043287007115,1.1230803284320856,-4.406962958575029,0.001004630250334455,19.422326311310837,1.1230803284320856,19.422326311310837,1200
100000,5,OBM_RR,3.0,5.530043287007115,1.4272679247473907,-4.102775362259724,0.001758738995210529,16.834522946544794,1.4272679247473907,16.834522946544794,1200
100000,5,OBM_RR,4.0,5.530043287007115,1.7008057414729059,-3.829237545534209,0.002692172253656294,14.665750108905634,1.7008057414729059,14.665750108905634,1200
100000,6,OBM,0.0,5.530043287007115,0.47875920931809596,-5.051284077689019,0.0001626612130172023,25.515633359176608,,,1200
100000,6,OBM_RR,2.0,5.530043287007115,1.3143949470004406,-4.215648340006674,0.0014369448538213319,17.773126674000807,1.3143949470004406,17.773126674000807,1200
100000,6,OBM_RR,3.0,5.530043287007115,1.6564893159076939,-3.873553971099421,0.002499918851915574,15.0069182026063,1.6564893159076939,15.0069182026063,1200
100000,6,OBM_RR,4.0,5.530043287007115,1.9582867147948522,-3.571756572212263,0.003799024025185879,12.761240869313324,1.9582867147948522,12.761240869313324,1200
100000,7,OBM,0.0,5.530043287007115,0.5522725856798936,-4.977770701327222,0.00022098039278518344,24.778421951234158,,,1200
100000,7,OBM_RR,2.0,5.530043287007115,1.4961730018214139,-4.033870285185701,0.0019405390475592998,16.274048399635856,1.4961730018214139,16.274048399635856,1200
100000,7,OBM_RR,3.0,5.530043287007115,1.8705039980594136,-3.6595392889477014,0.003353137350905491,13.395578150421628,1.8705039980594136,13.395578150421628,1200
100000,7,OBM_RR,4.0,5.530043287007115,2.194674510589856,-3.335368776417259,0.005058198200024781,11.129738857734022,2.194674510589856,11.129738857734022,1200
100000,8,OBM,0.0,5.530043287007115,0.6241768548555027,-4.905866432151612,0.0002880280298688991,24.0678132381185,,,1200
100000,8,OBM_RR,2.0,5.530043287007115,1.6689712828062981,-3.8610720042008166,0.002512203520436599,14.910387131640816,1.6689712828062981,14.910387131640816,1200
100000,8,OBM_RR,3.0,5.530043287007115,2.0705188302107436,-3.4595244567963714,0.004310288496296334,11.972616163761444,2.0705188302107436,11.972616163761444,1200
100000,8,OBM_RR,4.0,5.530043287007115,2.4120553839315466,-3.1179879030755684,0.006453939935073389,9.728297125377372,2.4120553839315466,9.728297125377372,1200
100000,9,OBM,0.0,5.530043287007115,0.6945166905010914,-4.835526596506024,0.0003637104622049162,23.38268087288728,,,1200
100000,9,OBM_RR,2.0,5.530043287007115,1.8333085369212312,-3.696734750085884,0.003148444755608327,13.66899363354419,1.8333085369212312,13.66899363354419,1200
100000,9,OBM_RR,3.0,5.530043287007115,2.2576253994703843,-3.2724178875367307,0.0053633381994747835,10.714077699421333,2.2576253994703843,10.714077699421333,1200
100000,9,OBM_RR,4.0,5.530043287007115,2.6122743737742353,-2.9177689132328797,0.007972807237113648,8.521341594259262,2.6122743737742353,8.521341594259262,1200
100000,10,OBM,0.0,5.530043287007115,0.7633355445996538,-4.766707742407461,0.0004479209233854943,22.721950249183184,,,1200
100000,10,OBM_RR,2.0,5.530043287007115,1.9896684479933158,-3.5403748390137992,0.0038457817212343634,12.538096577625117,1.9896684479933158,12.538096577625117,1200
100000,10,OBM_RR,3.0,5.530043287007115,2.43281380512485,-3.097229481882265,0.006504391187904436,9.599329434302602,2.43281380512485,9.599329434302602,1200
100000,10,OBM_RR,4.0,5.530043287007115,2.7969687220769597,-2.7330745649301553,0.009603395295839805,7.479291969934584,2.7969687220769597,7.479291969934584,1200
100000,12,OBM,0.0,5.530043287007115,0.8965770781592683,-4.633466208847847,0.0006414090750935566,21.469649983102364,,,1200
100000,12,OBM_RR,2.0,5.530043287007115,2.280232598692058,-3.249810688315057,0.005411027262425697,10.566676027959824,2.280232598692058,10.566676027959824,1200
100000,12,OBM_RR,3.0,5.530043287007115,2.7509638903542903,-2.7790793966528247,0.009023451358257543,7.732298224715687,2.7509638903542903,7.732298224715687,1200
100000,12,OBM_RR,4.0,5.530043287007115,3.1254438730333036,-2.4045994139738114,0.013160380222935641,5.795247754922613,3.1254438730333036,5.795247754922613,1200
100000,13,OBM,0.0,5.530043287007115,0.9610800619535527,-4.568963225053563,0.0007503993400831661,20.87617472589915,,,1200
100000,13,OBM_RR,2.0,5.530043287007115,2.415251148828936,-3.114792138178179,0.006272586252290297,9.708197423153672,2.415251148828936,9.708197423153672,1200
100000,13,OBM_RR,3.0,5.530043287007115,2.895500824658177,-2.634542462348938,0.010390092791849154,6.951195420300794,2.895500824658177,6.951195420300794,1200
100000,13,OBM_RR,4.0,5.530043287007115,3.2716643823584795,-2.2583789046486356,0.015069094985750842,5.1153318143685675,3.2716643823584795,5.1153318143685675,1200
100000,15,OBM,0.0,5.530043287007115,1.0860422034206678,-4.444001083586447,0.0009921348366139827,19.7501369389751,,,1200
100000,15,OBM_RR,2.0,5.530043287007115,2.6665998998122338,-2.8634433871948812,0.008138099668059376,8.207439349588428,2.6665998998122338,8.207439349588428,1200
100000,15,OBM_RR,3.0,5.530043287007115,3.1589434528891185,-2.3710998341179965,0.013312991812479412,5.6354163210070265,3.1589434528891185,5.6354163210070265,1200
100000,15,OBM_RR,4.0,5.530043287007115,3.533217960950815,-1.9968253260563,0.019105980686196206,4.006401441815473,3.533217960950815,4.006401441815473,1200
100000,16,OBM,0.0,5.530043287007115,1.1465740688309005,-4.383469218176215,0.0011245774449662866,19.21592602699549,,,1200
100000,16,OBM_RR,2.0,5.530043287007115,2.783597434494171,-2.746445852512944,0.009136446849689145,7.552093653929533,2.783597434494171,7.552093653929533,1200
100000,16,OBM_RR,3.0,5.530043287007115,3.279053727056742,-2.250989559950373,0.01486068342830157,5.0818022985310165,3.279053727056742,5.0818022985310165,1200
100000,16,OBM_RR,4.0,5.530043287007115,3.6503042380190753,-1.8797390489880397,0.021221685929442263,3.554622893481628,3.6503042380190753,3.554622893481628,1200
100000,18,OBM,0.0,5.530043287007115,1.2639126137111611,-4.266130673295954,0.001411762499759143,18.2012815076676,,,1200
100000,18,OBM_RR,2.0,5.530043287007115,3.0017572922007383,-2.5282859948063767,0.011252805340941491,6.403473499537228,3.0017572922007383,6.403473499537228,1200
100000,18,OBM_RR,3.0,5.530043287007115,3.4986813517647475,-2.0313619352423675,0.018107974898741473,4.144524196871278,3.4986813517647475,4.144524196871278,1200
100000,18,OBM_RR,4.0,5.530043287007115,3.860834380941877,-1.6692089060652382,0.025622723904293175,2.8118597437218824,3.860834380941877,2.8118597437218824,1200
100000,20,OBM,0.0,5.530043287007115,1.3765019962964848,-4.15354129071063,0.0017275910170925658,17.25363140499604,,,1200
100000,20,OBM_RR,2.0,5.530043287007115,3.200618859118782,-2.329424427888333,0.013515646341821293,5.439722548546091,3.200618859118782,5.439722548546091,1200
100000,20,OBM_RR,3.0,5.530043287007115,3.6938850342041754,-1.8361582528029396,0.021533373411871157,3.3929925582703735,3.6938850342041754,3.3929925582703735,1200
100000,20,OBM_RR,4.0,5.530043287007115,4.043981699013327,-1.4860615879937882,0.03022005386466062,2.238573913797061,4.043981699013327,2.238573913797061,1200
100000,23,OBM,0.0,5.530043287007115,1.5370169749569846,-3.99302631205013,0.002252316278540369,15.946509568072972,,,1200
100000,23,OBM_RR,2.0,5.530043287007115,3.466946454605395,-2.06309683240172,0.01715446181206941,4.273508706293236,3.466946454605395,4.273508706293236,1200
100000,23,OBM_RR,3.0,5.530043287007115,3.9476861731956734,-1.5823571138114416,0.02695761151611821,2.5307891824695297,3.9476861731956734,2.5307891824695297,1200
100000,23,OBM_RR,4.0,5.530043287007115,4.276284207259814,-1.2537590797473008,0.03741216312199764,1.6092928163681934,4.276284207259814,1.6092928163681934,1200
100000,25,OBM,0.0,5.530043287007115,1.6387791721269191,-3.8912641148801956,0.0026342718513406695,15.144568488379152,,,1200
100000,25,OBM_RR,2.0,5.530043287007115,3.6256329815153694,-1.9044103054917456,0.019725871163578858,3.646488044600773,3.6256329815153694,3.646488044600773,1200
100000,25,OBM_RR,3.0,5.530043287007115,4.094655417927032,-1.435387869080083,0.030739293105800182,2.091052011730472,4.094655417927032,2.091052011730472,1200
100000,25,OBM_RR,4.0,5.530043287007115,4.407653766867934,-1.1223895201391807,0.04236756097167516,1.3020904895891245,4.407653766867934,1.3020904895891245,1200
100000,28,OBM,0.0,5.530043287007115,1.7840740293623654,-3.7459692576447496,0.0032522672544294732,14.035535236251274,,,1200
100000,28,OBM_RR,2.0,5.530043287007115,3.8389586473951915,-1.6910846396119235,0.023771752357916096,2.883519200895671,3.8389586473951915,2.883519200895671,1200
100000,28,OBM_RR,3.0,5.530043287007115,4.287073340860137,-1.242969946146978,0.03661872976201337,1.5815625011785004,4.287073340860137,1.5815625011785004,1200
100000,28,OBM_RR,4.0,5.530043287007115,4.575967444181695,-0.9540758428254197,0.049970346681826046,0.9601894185892932,4.575967444181695,0.9601894185892932,1200
100000,32,OBM,0.0,5.530043287007115,1.9650857516625357,-3.564957535344579,0.004154066874524642,12.713072833962226,,,1200
100000,32,OBM_RR,2.0,5.530043287007115,4.083657639781528,-1.4463856472255872,0.02947113832273311,2.121478019540979,4.083657639781528,2.121478019540979,1200
100000,32,OBM_RR,3.0,5.530043287007115,4.500201880054399,-1.0298414069527162,0.04477409821952101,1.1053101099453555,4.500201880054399,1.1053101099453555,1200
100000,32,OBM_RR,4.0,5.530043287007115,4.757321114029835,-0.7727221729772804,0.06028924853101712,0.6573385641013039,4.757321114029835,0.6573385641013039,1200
100000,36,OBM,0.0,5.530043287007115,2.1328349529559496,-3.3972083340511654,0.005137173049100118,11.546157357018254,,,1200
100000,36,OBM_RR,2.0,5.530043287007115,4.290372925312446,-1.2396703616946692,0.035470255028646036,1.5722233021469791,4.290372925312446,1.5722233021469791,1200
100000,36,OBM_RR,3.0,5.530043287007115,4.67354189008954,-0.856501396917575,0.05320182513957396,0.7867521332070484,4.67354189008954,0.7867521332070484,1200
100000,36,OBM_RR,4.0,5.530043287007115,4.900690439974243,-0.6293528470328722,0.07071358743042049,0.46673966550927587,4.900690439974243,0.46673966550927587,1200
100000,40,OBM,0.0,5.530043287007115,2.2885604277076332,-3.2414828592994818,0.006194373138845257,10.513400338293572,,,1200
100000,40,OBM_RR,2.0,5.530043287007115,4.465663118960599,-1.0643801680465161,0.04172253576097112,1.1745929091118996,4.465663118960599,1.1745929091118996,1200
100000,40,OBM_RR,3.0,5.530043287007115,4.815426558291305,-0.7146167287158098,0.061785602797301165,0.5724111837554556,4.815426558291305,0.5724111837554556,1200
100000,40,OBM_RR,4.0,5.530043287007115,5.015078008803672,-0.5149652782034426,0.08113609775584316,0.3462577220961951,5.015078008803672,0.3462577220961951,1200
100000,44,OBM,0.0,5.530043287007115,2.4333644270222847,-3.0966788599848303,0.007319208081574623,9.596733070618455,,,1200
100000,44,OBM_RR,2.0,5.530043287007115,4.614811729007003,-0.9152315580001122,0.048181819549182325,0.8857904727922036,4.614811729007003,0.8857904727922036,1200
100000,44,OBM_RR,3.0,5.530043287007115,4.932261701603299,-0.5977815854038164,0.07046399877400329,0.42774810262292495,4.932261701603299,0.42774810262292495,1200
100000,44,OBM_RR,4.0,5.530043287007115,5.107145681641459,-0.4228976053656561,0.09148194896979878,0.2702480986363301,5.107145681641459,0.2702480986363301,1200
100000,50,OBM,0.0,5.530043287007115,2.632206076821144,-2.897837210185971,0.009120642349774452,8.406573538552891,,,1200
100000,50,OBM_RR,2.0,5.530043287007115,4.798664159544218,-0.7313791274628967,0.058182512657404935,0.593049455318579,4.798664159544218,0.593049455318579,1200
100000,50,OBM_RR,3.0,5.530043287007115,5.071018784072974,-0.4590245029341409,0.08353588447523402,0.29416976553210616,5.071018784072974,0.29416976553210616,1200
100000,50,OBM_RR,4.0,5.530043287007115,5.214065778485335,-0.3159775085217804,0.10676552057109438,0.20651833519558382,5.214065778485335,0.20651833519558382,1200
100000,55,OBM,0.0,5.530043287007115,2.7828796954645116,-2.7471635915426034,0.010714493120925787,7.557613363073912,,,1200
100000,55,OBM_RR,2.0,5.530043287007115,4.9224210211721,-0.6076222658350154,0.06672093491621325,0.43587015207559543,4.9224210211721,0.43587015207559543,1200
100000,55,OBM_RR,3.0,5.530043287007115,5.16089526932317,-0.369148017683945,0.09438568649361835,0.23057729071486002,5.16089526932317,0.23057729071486002,1200
100000,55,OBM_RR,4.0,5.530043287007115,5.2820223376330615,-0.2480209493740535,0.11927665921150765,0.18069165332390463,5.2820223376330615,0.18069165332390463,1200
100000,62,OBM,0.0,5.530043287007115,2.973730957881285,-2.55631232912583,0.013068638184813438,6.547790471693719,,,1200
100000,62,OBM_RR,2.0,5.530043287007115,5.060776946506525,-0.4692663405005897,0.0788280005287364,0.2989732088551116,5.060776946506525,0.2989732088551116,1200
100000,62,OBM_RR,3.0,5.530043287007115,5.257764755126062,-0.272278531881053,0.1093835693941533,0.1834280153429597,5.257764755126062,0.1834280153429597,1200
100000,62,OBM_RR,4.0,5.530043287007115,5.35389138211763,-0.17615190488948507,0.13633952928430756,0.16725540660609814,5.35389138211763,0.16725540660609814,1200
100000,69,OBM,0.0,5.530043287007115,3.144129773782777,-2.385913513224338,0.015548220841518374,5.708118556577319,,,1200
100000,69,OBM_RR,2.0,5.530043287007115,5.167688443316486,-0.3623548436906292,0.09103131025682588,0.22225648357767216,5.167688443316486,0.22225648357767216,1200
100000,69,OBM_RR,3.0,5.530043287007115,5.330028117344133,-0.20001516966298194,0.12409426857614872,0.16399692478098016,5.330028117344133,0.16399692478098016,1200
100000,69,OBM_RR,4.0,5.530043287007115,5.405990736077092,-0.12405255093002321,0.15272654718660866,0.1679883104561992,5.405990736077092,0.1679883104561992,1200
100000,77,OBM,0.0,5.530043287007115,3.317375884809253,-2.212667402197862,0.018514291407825633,4.914395895580686,,,1200
100000,77,OBM_RR,2.0,5.530043287007115,5.261044149630197,-0.26899913737691783,0.10493644894706039,0.17720953781579707,5.261044149630197,0.17720953781579707,1200
100000,77,OBM_RR,3.0,5.530043287007115,5.391201730242164,-0.1388415567649508,0.14053887994021302,0.1596987420918443,5.391201730242164,0.1596987420918443,1200
100000,77,OBM_RR,4.0,5.530043287007115,5.44826643047713,-0.08177685652998523,0.1709988865993024,0.17754384179106217,5.44826643047713,0.17754384179106217,1200
100000,86,OBM,0.0,5.530043287007115,3.4889290306948366,-2.0411142563122784,0.021991569087110023,4.188120650100763,,,1200
100000,86,OBM_RR,2.0,5.530043287007115,5.339026096740102,-0.19101719026701325,0.12037272935893936,0.1567599857286445,5.339026096740102,0.1567599857286445,1200
100000,86,OBM_RR,3.0,5.530043287007115,5.440565384971646,-0.08947790203546901,0.15838073861050103,0.16625504961432788,5.440565384971646,0.16625504961432788,1200
100000,86,OBM_RR,4.0,5.530043287007115,5.480734856704277,-0.049308430302837714,0.19182884458300506,0.19410030851144905,5.480734856704277,0.19410030851144905,1200
100000,96,OBM,0.0,5.530043287007115,3.655163170590444,-1.874880116416671,0.025998657481107773,3.541152442867795,,,1200
100000,96,OBM_RR,2.0,5.530043287007115,5.401838160021466,-0.128205126985649,0.1371228524388931,0.15344513798060036,5.401838160021466,0.15344513798060036,1200
100000,96,OBM_RR,3.0,5.530043287007115,5.478424207439546,-0.05161907956756906,0.17737276915767,0.17988948789210824,5.478424207439546,0.17988948789210824,1200
100000,96,OBM_RR,4.0,5.530043287007115,5.504921480468657,-0.025121806538457747,0.21531460470586308,0.21576628103236387,5.504921480468657,0.21576628103236387,1200
100000,107,OBM,0.0,5.530043287007115,3.813376614675947,-1.716666672331168,0.030542575462036783,2.9774615872083854,,,1200
100000,107,OBM_RR,2.0,5.530043287007115,5.451096506035322,-0.0789467809717932,0.15504295220565742,0.16114634397129426,5.451096506035322,0.16114634397129426,1200
100000,107,OBM_RR,3.0,5.530043287007115,5.505726979038709,-0.024316307968406115,0.19807004062471786,0.19849626509074492,5.505726979038709,0.19849626509074492,1200
100000,107,OBM_RR,4.0,5.530043287007115,5.522275644211564,-0.0077676427955513105,0.2408612860601003,0.24072090459631615,5.522275644211564,0.24072090459631615,1200
100000,119,OBM,0.0,5.530043287007115,3.9617629512671777,-1.5682803357399373,0.035602725676097124,2.4950762682066054,,,1200
100000,119,OBM_RR,2.0,5.530043287007115,5.488557768414892,-0.04148551859222316,0.17401730305027535,0.17559333688393247,5.488557768414892,0.17559333688393247,1200
100000,119,OBM_RR,3.0,5.530043287007115,5.524619071295188,-0.005424215711927083,0.22118509708825024,0.22103019829009962,5.524619071295188,0.22103019829009962,1200
100000,119,OBM_RR,4.0,5.530043287007115,5.533679809365431,0.003636522358315908,0.26827189988557804,0.26806156426386923,5.533679809365431,0.26806156426386923,1200
100000,133,OBM,0.0,5.530043287007115,4.109010406071158,-1.4210328809359574,0.041591133860841574,2.0608909232837718,,,1200
100000,133,OBM_RR,2.0,5.530043287007115,5.517599374978553,-0.01244391202856221,0.19513466536156324,0.19512690408700317,5.517599374978553,0.19512690408700317,1200
100000,133,OBM_RR,3.0,5.530043287007115,5.538134839640621,0.00809155263350636,0.2484230727593142,0.24828152675603557,5.538134839640621,0.24828152675603557,1200
100000,133,OBM_RR,4.0,5.530043287007115,5.540639865819095,0.010596578811980173,0.30055794949262027,0.3004197720172283,5.540639865819095,0.3004197720172283,1200
100000,149,OBM,0.0,5.530043287007115,4.250082874298988,-1.2799604127081272,0.0484823060983768,1.6867405622765883,,,1200
100000,149,OBM_RR,2.0,5.530043287007115,5.537695661301678,0.007652374294562669,0.21834905918196176,0.21822566046498754,5.537695661301678,0.21822566046498754,1200
100000,149,OBM_RR,3.0,5.530043287007115,5.546527180115725,0.016483893108610204,0.2790777019812554,0.27911685596162056,5.546527180115725,0.27911685596162056,1200
100000,149,OBM_RR,4.0,5.530043287007115,5.542421478424851,0.012378191417735884,0.3381167183117339,0.3379881740025815,5.542421478424851,0.3379881740025815,1200
100000,166,OBM,0.0,5.530043287007115,4.3749631221033995,-1.1550801649037155,0.05579552978574254,1.3899592208649139,,,1200
100000,166,OBM_RR,2.0,5.530043287007115,5.549093266040413,0.01904997903329786,0.24349503438943668,0.24365502356194788,5.549093266040413,0.24365502356194788,1200
100000,166,OBM_RR,3.0,5.530043287007115,5.550249006103947,0.020205719096831665,0.31155000682131323,0.31169865289984894,5.550249006103947,0.31169865289984894,1200
100000,166,OBM_RR,4.0,5.530043287007115,5.539771620556121,0.009728333549006152,0.37843411215843675,0.3782133908719454,5.539771620556121,0.3782133908719454,1200
100000,185,OBM,0.0,5.530043287007115,4.49089498945064,-1.0391482975564754,0.0638997251462441,1.1436756596898097,,,1200
100000,185,OBM_RR,2.0,5.530043287007115,5.555239367407301,0.025196080400186283,0.27286708586576464,0.27327453909507576,5.555239367407301,0.27327453909507576,1200
100000,185,OBM_RR,3.0,5.530043287007115,5.550238622541883,0.020195335534768155,0.34868636632229244,0.34880364592771906,5.550238622541883,0.34880364592771906,1200
100000,185,OBM_RR,4.0,5.530043287007115,5.533517191631316,0.003473904624200941,0.42319659004466226,0.4228559942329631,5.533517191631316,0.4228559942329631,1200
100000,207,OBM,0.0,5.530043287007115,4.601395336157014,-0.9286479508501007,0.07315583550397298,0.9354818889258107,,,1200
100000,207,OBM_RR,2.0,5.530043287007115,5.5577903727446545,0.02774708573753948,0.30749953925520124,0.3080131904060816,5.5577903727446545,0.3080131904060816,1200
100000,207,OBM_RR,3.0,5.530043287007115,5.545954767473018,0.015911480465902628,0.3925404445371599,0.3924665027106624,5.545954767473018,0.3924665027106624,1200
100000,207,OBM_RR,4.0,5.530043287007115,5.5246257298369725,-0.005417557170142473,0.47545216124922035,0.4750853010405378,5.5246257298369725,0.4750853010405378,1200
100000,231,OBM,0.0,5.530043287007115,4.699926448431194,-0.830116838575921,0.08308380697581562,0.772108536157283,,,1200
100000,231,OBM_RR,2.0,5.530043287007115,5.5569467432916815,0.026903456284566474,0.3451571817959309,0.3455933467711565,5.5569467432916815,0.3455933467711565,1200
100000,231,OBM_RR,3.0,5.530043287007115,5.53800341700375,0.007960129996635423,0.4407499237706226,0.4404459958370438,5.53800341700375,0.4404459958370438,1200
100000,231,OBM_RR,4.0,5.530043287007115,5.514723026809212,-0.015320260197903224,0.5349950570413693,0.5347839381996996,5.514723026809212,0.5347839381996996,1200
100000,257,OBM,0.0,5.530043287007115,4.787009294633784,-0.7430339923733307,0.09354395558275505,0.6455655161086887,,,1200
100000,257,OBM_RR,2.0,5.530043287007115,5.5537218646646185,0.023678577657503475,0.38664541853231466,0.3868838890567536,5.5537218646646185,0.3868838890567536,1200
100000,257,OBM_RR,3.0,5.530043287007115,5.528042331065084,-0.0020009559420310907,0.4924843723917342,0.4920779725727563,5.528042331065084,0.4920779725727563,1200
100000,257,OBM_RR,4.0,5.530043287007115,5.503679980368594,-0.02636330663852071,0.5994572578304388,0.5996527340524967,5.503679980368594,0.5996527340524967,1200
100000,287,OBM,0.0,5.530043287007115,4.868256878473897,-0.6617864085332181,0.10520257621249916,0.5430761579182849,,,1200
100000,287,OBM_RR,2.0,5.530043287007115,5.5475898819744565,0.017546594967341456,0.4357524428289478,0.43569719878820495,5.5475898819744565,0.43569719878820495,1200
100000,287,OBM_RR,3.0,5.530043287007115,5.516186407188084,-0.01385687981903061,0.5537743729895589,0.5535049074637199,5.516186407188084,0.5535049074637199,1200
100000,287,OBM_RR,4.0,5.530043287007115,5.489309371105529,-0.04073391590158604,0.6722661213987733,0.6733651515356184,5.489309371105529,0.6733651515356184,1200
100000,320,OBM,0.0,5.530043287007115,4.939682507837259,-0.5903607791698562,0.11788642813505275,0.46631403902698026,,,1200
100000,320,OBM_RR,2.0,5.530043287007115,5.538792509441367,0.008749222434252246,0.4900646294839289,0.4897327911858964,5.538792509441367,0.4897327911858964,1200
100000,320,OBM_RR,3.0,5.530043287007115,5.50472026164517,-0.02532302536194475,0.6232755257557209,0.6233973850977396,5.50472026164517,0.6233973850977396,1200
100000,320,OBM_RR,4.0,5.530043287007115,5.471733334997155,-0.05830995200996014,0.7518030036230032,0.7545765516233881,5.471733334997155,0.7545765516233881,1200
100000,357,OBM,0.0,5.530043287007115,5.00366703128585,-0.5263762557212646,0.13233131229315995,0.40929299878672043,,,1200
100000,357,OBM_RR,2.0,5.530043287007115,5.526899628853411,-0.0031436581537036545,0.5498454021603814,0.5493970802451683,5.526899628853411,0.5493970802451683,1200
100000,357,OBM_RR,3.0,5.530043287007115,5.491076494862261,-0.03896679214485399,0.699220509197739,0.7001562363301346,5.491076494862261,0.7001562363301346,1200
100000,357,OBM_RR,4.0,5.530043287007115,5.452625541252273,-0.0774177457548424,0.8405730151659676,0.8458660450110908,5.452625541252273,0.8458660450110908,1200
100000,399,OBM,0.0,5.530043287007115,5.0617600284507995,-0.4682832585563155,0.14879803194275423,0.3679632438269226,,,1200
100000,399,OBM_RR,2.0,5.530043287007115,5.513036977180599,-0.017006309826515853,0.6164571338779663,0.6162326341736502,5.513036977180599,0.6162326341736502,1200
100000,399,OBM_RR,3.0,5.530043287007115,5.473570589290123,-0.05647269771699204,0.7833904679844674,0.7859268081819152,5.473570589290123,0.7859268081819152,1200
100000,399,OBM_RR,4.0,5.530043287007115,5.431263454849506,-0.098779832157609,0.9347267854720634,0.9437053017252552,5.431263454849506,0.9437053017252552,1200
100000,445,OBM,0.0,5.530043287007115,5.112427785415745,-0.41761550159136984,0.1665113023494024,0.34077525010018933,,,1200
100000,445,OBM_RR,2.0,5.530043287007115,5.498340672819924,-0.031702614187191,0.6935882416735545,0.6940153072184618,5.498340672819924,0.6940153072184618,1200
100000,445,OBM_RR,3.0,5.530043287007115,5.453267173914309,-0.07677611309280596,0.8763732646525111,0.8815375251402734,5.453267173914309,0.8815375251402734,1200
100000,445,OBM_RR,4.0,5.530043287007115,5.409937839085586,-0.12010544792152889,1.0337420885953348,1.04730595547527,5.409937839085586,1.04730595547527,1200
100000,496,OBM,0.0,5.530043287007115,5.156941009013206,-0.37310227799390905,0.18593101560284384,0.32498138293408524,,,1200
100000,496,OBM_RR,2.0,5.530043287007115,5.48407791821552,-0.045965368791595296,0.7818219460821817,0.7832832429219273,5.48407791821552,0.7832832429219273,1200
100000,496,OBM_RR,3.0,5.530043287007115,5.431674984291897,-0.09836830271521801,0.9771083701465693,0.9859704361505199,5.431674984291897,0.9859704361505199,1200
100000,496,OBM_RR,4.0,5.530043287007115,5.387808579106688,-0.14223470790042736,1.1477350168896556,1.1670092831737675,5.387808579106688,1.1670092831737675,1200
100000,554,OBM,0.0,5.530043287007115,5.196528988186037,-0.3335142988210782,0.2083329906591841,0.3193911673517502,,,1200
100000,554,OBM_RR,2.0,5.530043287007115,5.466572568064858,-0.06347071894225742,0.8788643502959202,0.8821604955003871,5.466572568064858,0.8821604955003871,1200
100000,554,OBM_RR,3.0,5.530043287007115,5.408747037945412,-0.12129624906170289,1.082945047760969,1.0967553735909406,5.408747037945412,1.0967553735909406,1200
100000,554,OBM_RR,4.0,5.530043287007115,5.363809560017461,-0.16623372698965433,1.2852637729382115,1.3118263717829672,5.363809560017461,1.3118263717829672,1200
100000,618,OBM,0.0,5.530043287007115,5.22975327720828,-0.300290009798835,0.23332480682860762,0.3233044594745681,,,1200
100000,618,OBM_RR,2.0,5.530043287007115,5.445520024219864,-0.08452326278725142,0.9815906479094186,0.9879168376550302,5.445520024219864,0.9879168376550302,1200
100000,618,OBM_RR,3.0,5.530043287007115,5.385714192506414,-0.14432909450070142,1.1972399710605535,1.217073158604062,5.385714192506414,1.217073158604062,1200
100000,618,OBM_RR,4.0,5.530043287007115,5.335726025553442,-0.19431726145367278,1.4472212699726084,1.483774450346486,5.335726025553442,1.483774450346486,1200
100000,689,OBM,0.0,5.530043287007115,5.257320982000557,-0.2727223050065577,0.26102748722722174,0.33518741996928875,,,1200
100000,689,OBM_RR,2.0,5.530043287007115,5.422965427901725,-0.1070778591053898,1.0958441006500126,1.1063965651433978,5.422965427901725,1.1063965651433978,1200
100000,689,OBM_RR,3.0,5.530043287007115,5.36249510321141,-0.1675481837957049,1.331361348644209,1.3583242747469115,5.36249510321141,1.3583242747469115,1200
100000,689,OBM_RR,4.0,5.530043287007115,5.305222874789964,-0.22482041221715132,1.6336825859750832,1.682865401569594,5.305222874789964,1.682865401569594,1200
100000,769,OBM,0.0,5.530043287007115,5.280533335826737,-0.24950995118037778,0.2918247412939148,0.35383676974753747,,,1200
100000,769,OBM_RR,2.0,5.530043287007115,5.398526761563414,-0.1315165254437014,1.218311409999788,1.234592746956239,5.398526761563414,1.234592746956239,1200
100000,769,OBM_RR,3.0,5.530043287007115,5.336537957001297,-0.19350533000581827,1.4930504974691925,1.529250601461962,5.336537957001297,1.529250601461962,1200
100000,769,OBM_RR,4.0,5.530043287007115,5.2717265859896445,-0.2583167010174705,1.8438787818706686,1.9090697342436591,5.2717265859896445,1.9090697342436591,1200
100000,858,OBM,0.0,5.530043287007115,5.2996534161255555,-0.2303898708815595,0.3268351214109964,0.37964225141464253,,,1200
100000,858,OBM_RR,2.0,5.530043287007115,5.374387250524505,-0.15565603648261028,1.340112474762517,1.3632245160603578,5.374387250524505,1.3632245160603578,1200
100000,858,OBM_RR,3.0,5.530043287007115,5.305786119237382,-0.22425716776973292,1.6830710403703975,1.7319597584661908,5.305786119237382,1.7319597584661908,1200
100000,858,OBM_RR,4.0,5.530043287007115,5.236725627832644,-0.2933176591744706,2.0690487511747553,2.1533597930657,5.236725627832644,2.1533597930657,1200
100000,957,OBM,0.0,5.530043287007115,5.315956711942079,-0.2140865750650356,0.36699518675743026,0.41252241905820963,,,1200
100000,957,OBM_RR,2.0,5.530043287007115,5.3483762734471645,-0.18166701355995052,1.4749328004230076,1.50670659357178,5.3483762734471645,1.50670659357178,1200
100000,957,OBM_RR,3.0,5.530043287007115,5.271241837499563,-0.25880144950755213,1.9001872696322104,1.9655819705080606,5.271241837499563,1.9655819705080606,1200
100000,957,OBM_RR,4.0,5.530043287007115,5.197106914391249,-0.3329363726158663,2.311450659137266,2.420371078465263,5.197106914391249,2.420371078465263,1200
100000,1067,OBM,0.0,5.530043287007115,5.328254897164259,-0.2017883898428563,0.4109644128025049,0.4513404967338752,,,1200
100000,1067,OBM_RR,2.0,5.530043287007115,5.32202684664947,-0.20801644035764522,1.6433354646704674,1.6852368579089747,5.32202684664947,1.6852368579089747,1200
100000,1067,OBM_RR,3.0,5.530043287007115,5.235737703916846,-0.294305583090269,2.1394314718956755,2.224264388573865,5.235737703916846,2.224264388573865,1200
100000,1067,OBM_RR,4.0,5.530043287007115,5.1548404931927125,-0.37520279381440247,2.5767911029031527,2.7154209134701994,5.1548404931927125,2.7154209134701994,1200
100000,1191,OBM,0.0,5.530043287007115,5.33605991007586,-0.19398337693125534,0.4598284220546582,0.4970747822285993,,,1200
100000,1191,OBM_RR,2.0,5.530043287007115,5.291891957563984,-0.23815132944313078,1.8513324472450927,1.9065057259212528,5.291891957563984,1.9065057259212528,1200
100000,1191,OBM_RR,3.0,5.530043287007115,5.197276502354928,-0.3327667846521871,2.399845787604028,2.5085796490821126,5.197276502354928,2.5085796490821126,1200
100000,1191,OBM_RR,4.0,5.530043287007115,5.112143880955138,-0.4178994060519772,2.8613585011314826,3.0336139492924676,5.112143880955138,3.0336139492924676,1200
100000,1328,OBM,0.0,5.530043287007115,5.33955329125515,-0.1904899957519648,0.5141284617668642,0.549986459863642,,,1200
100000,1328,OBM_RR,2.0,5.530043287007115,5.258650033297122,-0.27139325370999323,2.094085803291365,2.1659950299479185,5.258650033297122,2.1659950299479185,1200
100000,1328,OBM_RR,3.0,5.530043287007115,5.154451729818465,-0.3755915571886499,2.6788065572211215,2.8176432362548316,5.154451729818465,2.8176432362548316,1200
100000,1328,OBM_RR,4.0,5.530043287007115,5.0629140881669406,-0.46712919884017445,3.1631063218489706,3.378680088323159,5.0629140881669406,3.378680088323159,1200
100000,1482,OBM,0.0,5.530043287007115,5.340150657158034,-0.18989262984908084,0.5737488697057952,0.609329956518707,,,1200
100000,1482,OBM_RR,2.0,5.530043287007115,5.220685829187604,-0.30935745781951063,2.3734663332825994,2.4671904813800816,5.220685829187604,2.4671904813800816,1200
100000,1482,OBM_RR,3.0,5.530043287007115,5.111076745508041,-0.4189665414990742,2.9798477836150936,3.1528975400244432,5.111076745508041,3.1528975400244432,1200
100000,1482,OBM_RR,4.0,5.530043287007115,5.007018753118283,-0.5230245338888322,3.500306629553374,3.77094437041171,5.007018753118283,3.77094437041171,1200
100000,1653,OBM,0.0,5.530043287007115,5.338142329367809,-0.19190095763930604,0.6356424496152947,0.6719387251168311,,,1200
100000,1653,OBM_RR,2.0,5.530043287007115,5.18245923011092,-0.34758405689619476,2.679058771531138,2.797640899163279,5.18245923011092,2.797640899163279,1200
100000,1653,OBM_RR,3.0,5.530043287007115,5.063936222100699,-0.4661070649064163,3.3033603121933273,3.5178633078888395,5.063936222100699,3.5178633078888395,1200
100000,1653,OBM_RR,4.0,5.530043287007115,4.952832076936238,-0.5772112100708773,3.8665505402463247,4.196501195827604,4.952832076936238,4.196501195827604,1200
100000,1844,OBM,0.0,5.530043287007115,5.333972119350812,-0.19607116765630295,0.7040487092887625,0.7419059048171277,,,1200
100000,1844,OBM_RR,2.0,5.530043287007115,5.138226175090717,-0.39181711191639756,3.0052175024325454,3.156233803704359,5.138226175090717,3.156233803704359,1200
100000,1844,OBM_RR,3.0,5.530043287007115,5.008871127615187,-0.5211721593919281,3.6576332546689936,3.926205646682014,5.008871127615187,3.926205646682014,1200
100000,1844,OBM_RR,4.0,5.530043287007115,4.899480692227264,-0.6305625947798514,4.249715581576557,4.643783337860743,4.899480692227264,4.643783337860743,1200
100000,2057,OBM,0.0,5.530043287007115,5.3277613062287905,-0.2022819807783245,0.784394821571767,0.8246591589680602,,,1200
100000,2057,OBM_RR,2.0,5.530043287007115,5.0877165261897215,-0.4423267608173935,3.3545423232254628,3.5473998346246494,5.0877165261897215,3.5473998346246494,1200
100000,2057,OBM_RR,3.0,5.530043287007115,4.9481926557860785,-0.5818506312210365,4.04759420743285,4.38277136931231,4.9481926557860785,4.38277136931231,1200
100000,2057,OBM_RR,4.0,5.530043287007115,4.839557373418943,-0.690485913588172,4.653920069508829,5.126812599647931,4.839557373418943,5.126812599647931,1200
100000,2294,OBM,0.0,5.530043287007115,5.318506661182541,-0.2115366258245741,0.8792233386268147,0.9232383965765384,,,1200
100000,2294,OBM_RR,2.0,5.530043287007115,5.039487275075578,-0.4905560119315373,3.7148316905837073,3.9523811983503956,5.039487275075578,3.9523811983503956,1200
100000,2294,OBM_RR,3.0,5.530043287007115,4.892794435378138,-0.6372488516289767,4.4617879052827805,4.864155847597495,4.892794435378138,4.864155847597495,1200
100000,2294,OBM_RR,4.0,5.530043287007115,4.775902827111521,-0.7541404598955941,5.118926966582867,5.683389027362253,4.775902827111521,5.683389027362253,1200
100000,2559,OBM,0.0,5.530043287007115,5.3045668760175175,-0.22547641098959748,0.9916237542019378,1.0416370129861865,,,1200
100000,2559,OBM_RR,2.0,5.530043287007115,4.98487110135185,-0.5451721856552654,4.095360356036289,4.389160267751731,4.98487110135185,4.389160267751731,1200
100000,2559,OBM_RR,3.0,5.530043287007115,4.8349849910089455,-0.6950582959981695,4.887568135986242,5.3666011973754655,4.8349849910089455,5.3666011973754655,1200
100000,2559,OBM_RR,4.0,5.530043287007115,4.706982284147591,-0.8230610028595242,5.603692580606807,6.27645225121776,4.707072936615861,6.275439765626537,1200
100000,2855,OBM,0.0,5.530043287007115,5.287149851557518,-0.24289343544959685,1.1207456761451193,1.178808942399506,,,1200
100000,2855,OBM_RR,2.0,5.530043287007115,4.922486586170408,-0.6075567008367067,4.5166612183465835,4.882022478729544,4.922486586170408,4.882022478729544,1200
100000,2855,OBM_RR,3.0,5.530043287007115,4.771472828086998,-0.7585704589201168,5.352269914817749,5.923238831035011,4.771472828086998,5.923238831035011,1200
100000,2855,OBM_RR,4.0,5.530043287007115,4.625852323871049,-0.9041909631360658,6.125816566192395,6.938273016870827,4.6260279514170195,6.936293546965732,1200
100000,3185,OBM,0.0,5.530043287007115,5.267524671815454,-0.2625186151916612,1.2632382429667777,1.331101567753119,,,1200
100000,3185,OBM_RR,2.0,5.530043287007115,4.858339024271105,-0.6717042627360099,4.985476026807031,5.432508080029083,4.858365995972943,5.432208897704469,1200
100000,3185,OBM_RR,3.0,5.530043287007115,4.704851381394845,-0.8251919056122698,5.87176610537358,6.547814648040445,4.705228709804581,6.543470511087381,1200
100000,3185,OBM_RR,4.0,5.530043287007115,4.534460924659339,-0.9955823623477764,6.652394459132349,7.6380350373010515,4.534492577996546,7.637683746330661,1200
100000,3553,OBM,0.0,5.530043287007115,5.244821825705148,-0.28522146130196724,1.417688305913407,1.4978581809790423,,,1200
100000,3553,OBM_RR,2.0,5.530043287007115,4.8006890650944944,-0.7293542219126206,5.488575581868114,6.015959349904989,4.801042348463573,6.011902234291168,1200
100000,3553,OBM_RR,3.0,5.530043287007115,4.626774331993248,-0.9032689550138668,6.415984507072101,7.2265326584080505,4.627642953182528,7.21642817188885,1200
100000,3553,OBM_RR,4.0,5.530043287007115,4.426923896456427,-1.1031193905506882,7.173840409085354,8.384734598553372,4.426935116185093,8.38461035632421,1200
100000,3963,OBM,0.0,5.530043287007115,5.217596702049937,-0.31244658495717825,1.5862254887308225,1.6825265026082834,,,1200
100000,3963,OBM_RR,2.0,5.530043287007115,4.738427828048331,-0.791615458958784,5.992022517469635,6.613684200234271,4.739179390205694,6.605120879132993,1200
100000,3963,OBM_RR,3.0,5.530043287007115,4.538881569286179,-0.991161717720936,7.011688217271931,7.988246694433055,4.540142861944952,7.973678557728099,1200
100000,3963,OBM_RR,4.0,5.530043287007115,4.306226465992244,-1.2238168210148714,7.745701090618007,9.236973951108103,4.306452722465962,9.234435317413244,1200
100000,4421,OBM,0.0,5.530043287007115,5.188925827621773,-0.3411174593853419,1.767933156643627,1.8828210001106003,,,1200
100000,4421,OBM_RR,2.0,5.530043287007115,4.667875774134299,-0.8621675128728157,6.581573058822643,7.319421234860254,4.670298746639795,7.290714188886215,1200
100000,4421,OBM_RR,3.0,5.530043287007115,4.436515275947004,-1.093528011060111,7.57042328652293,8.75991811142391,4.437439086734008,8.749389762909942,1200
100000,4421,OBM_RR,4.0,5.530043287007115,4.167173242593802,-1.362870044413313,8.324840405165672,10.175317796120513,4.168382104829755,10.16162424732011,1200
100000,4932,OBM,0.0,5.530043287007115,5.1571510562060965,-0.3728922308010185,1.9622380392976069,2.099651456723286,,,1200
100000,4932,OBM_RR,2.0,5.530043287007115,4.5957673782779205,-0.9342759087291945,7.218739249564478,8.085595107154937,4.6000335675385005,8.032822238305164,1200
100000,4932,OBM_RR,3.0,5.530043287007115,4.315005045980331,-1.2150382410267841,8.160236651143752,9.629754381091928,4.316348032339598,9.614423967918418,1200
100000,4932,OBM_RR,4.0,5.530043287007115,4.010868515314795,-1.5191747716923203,8.86025636293997,11.160764802917269,4.0141290481249445,11.123160226061326,1200
100000,5501,OBM,0.0,5.530043287007115,5.119371785060874,-0.4106715019462408,2.1728429637462314,2.3396833437872253,,,1200
100000,5501,OBM_RR,2.0,5.530043287007115,4.508567942758223,-1.0214753442488922,7.88203996304996,8.918883475322476,4.514304949416242,8.847805068460579,1200
100000,5501,OBM_RR,3.0,5.530043287007115,4.183772261859336,-1.3462710251477787,8.805036464446715,10.610144607212128,4.186574491963881,10.577910913136398,1200
100000,5501,OBM_RR,4.0,5.530043287007115,3.8475402445577798,-1.6825030424493352,9.395245956025185,12.218233072246433,3.851358363196041,12.174185435330301,1200
100000,6137,OBM,0.0,5.530043287007115,5.076838971369007,-0.45320431563810804,2.404822100681956,2.6082122339777274,,,1200
100000,6137,OBM_RR,2.0,5.530043287007115,4.411492732811391,-1.118550554195724,8.568466972849578,9.812481925997096,4.41873889541048,9.7259613327423,1200
100000,6137,OBM_RR,3.0,5.530043287007115,4.027844008865716,-1.5021992781413989,9.419765155916346,11.66851802286829,4.034213161670892,11.593305151365584,1200
100000,6137,OBM_RR,4.0,5.530043287007115,3.67218752229824,-1.8578557647088751,9.857596690584186,13.301010069137364,3.6767979339344294,13.248542145243208,1200
100000,6846,OBM,0.0,5.530043287007115,5.036599360659893,-0.4934439263472221,2.650900885125149,2.8921787095031735,,,1200
100000,6846,OBM_RR,2.0,5.530043287007115,4.288816203357025,-1.2412270836500898,9.214821200095795,10.747786855615557,4.298702565665954,10.629528357155772,1200
100000,6846,OBM_RR,3.0,5.530043287007115,3.8575073949974006,-1.6725358920097144,10.032926680088957,12.821942217916279,3.8684298702578355,12.692093515433056,1200
100000,6846,OBM_RR,4.0,5.530043287007115,3.485524008321279,-2.044519278685836,10.312897594293931,14.484362593883409,3.4933068035503387,14.394660437915984,1200
100000,7636,OBM,0.0,5.530043287007115,4.993760337773787,-0.5362829492333283,2.9066775974739665,3.1918547677811353,,,1200
100000,7636,OBM_RR,2.0,5.530043287007115,4.140953923815782,-1.3890893631913332,9.953276491416762,11.874551353271887,4.157751377387057,11.670166146898431,1200
100000,7636,OBM_RR,3.0,5.530043287007115,3.673986343121841,-1.856056943885274,10.606867099264653,14.042975422293342,3.6903445062727065,13.850428508324509,1200
100000,7636,OBM_RR,4.0,5.530043287007115,3.2770681964587953,-2.2529750905483197,10.586804634841416,15.653879056276923,3.288978365086562,15.514970701081245,1200
100000,8518,OBM,0.0,5.530043287007115,4.945961480098737,-0.5840818069083777,3.188187901818189,3.5266826357280303,,,1200
100000,8518,OBM_RR,2.0,5.530043287007115,3.9806401280784804,-1.5494031589286346,10.729562465421443,13.121271312264959,4.004767804130048,12.826587973191666,1200
100000,8518,OBM_RR,3.0,5.530043287007115,3.4815652182074457,-2.0484780687996693,11.07690881600074,15.263940457007296,3.5061139436545137,14.974375581515194,1200
100000,8518,OBM_RR,4.0,5.530043287007115,3.053482746583765,-2.47656054042335,10.562452387076672,16.68700245380277,3.072969904600789,16.459474401785155,1200
100000,9502,OBM,0.0,5.530043287007115,4.894996668926848,-0.635046618080267,3.5030667108927367,3.9034316957688437,,,1200
100000,9502,OBM_RR,2.0,5.530043287007115,3.7869244521400773,-1.7431188348670377,11.450100240629737,14.479021762897434,3.827488469071656,13.97759481621458,1200
100000,9502,OBM_RR,3.0,5.530043287007115,3.2723060820842904,-2.2577372049228246,11.483565857613106,16.571373505891156,3.3060140398246625,16.169726640747456,1200
100000,9502,OBM_RR,4.0,5.530043287007115,2.8031251051774144,-2.7269181818297006,10.160277006176626,17.58789287906488,2.8358345560551044,17.206001281430744,1200
100000,10600,OBM,0.0,5.530043287007115,4.8361281276608405,-0.6939151593462745,3.832586529223321,4.3109109554862,,,1200
100000,10600,OBM_RR,2.0,5.530043287007115,3.588143058001553,-1.941900229005562,12.176981857448428,15.937810871979076,3.646341029472225,15.212883757941174,1200
100000,10600,OBM_RR,3.0,5.530043287007115,3.0466153955589026,-2.4834278914482124,11.630185958431971,17.787908228822857,3.0923407462970576,17.241237369316654,1200
100000,10600,OBM_RR,4.0,5.530043287007115,2.5249562558521164,-3.0050870311549986,9.162213667488196,18.18512655424792,2.5790353643467263,17.54866774675699,1200
100000,11824,OBM,0.0,5.530043287007115,4.768634399989844,-0.7614088870172706,4.195760537528404,4.772007563642676,,,1200
100000,11824,OBM_RR,2.0,5.530043287007115,3.376728406680474,-2.153314880326641,12.764530295028045,17.39065816028499,3.4556893499105406,16.406684443449418,1200
100000,11824,OBM_RR,3.0,5.530043287007115,2.7980237326612434,-2.7320195543458716,11.383500946911845,18.837945541450967,2.8634618308353543,18.052579562276403,1200
100000,11824,OBM_RR,4.0,5.530043287007115,2.205640292194129,-3.324402994812986,7.524404318062706,18.569789253052537,2.280225823059622,17.679705031793798,1200
100000,13190,OBM,0.0,5.530043287007115,4.691582546451205,-0.8384607405559104,4.548536901762917,5.2477628677983486,,,1200
100000,13190,OBM_RR,2.0,5.530043287007115,3.161521545292825,-2.36852174171429,13.25122333738038,18.85007589223919,3.2644632477570923,17.553013805013737,1200
100000,13190,OBM_RR,3.0,5.530043287007115,2.5229866678303052,-3.0070566191768098,10.700419985860881,19.733892480141062,2.629615238207349,18.439975109520347,1200
100000,13190,OBM_RR,4.0,5.530043287007115,1.8485836742281587,-3.6814596127789563,5.921966091745767,19.47017600052523,1.9364539276922437,18.416572682897606,1200
100000,14713,OBM,0.0,5.530043287007115,4.60071587718823,-0.9293274098188853,4.920198748423168,5.779748017440161,,,1200
100000,14713,OBM_RR,2.0,5.530043287007115,2.9280181252468758,-2.6020251617602392,13.570480967317765,20.329707175611734,3.0600779727666647,18.659637192707955,1200
100000,14713,OBM_RR,3.0,5.530043287007115,2.2171452281418906,-3.3128980588652244,9.185675033628886,20.15331385286717,2.3585479313174615,18.413921126588694,1200
100000,14713,OBM_RR,4.0,5.530043287007115,1.4611697117021325,-4.068873575304982,4.495565222540629,21.047551090003658,1.5719005409812932,19.7234215568627,1200
100000,16413,OBM,0.0,5.530043287007115,4.501009376583412,-1.0290339104237027,5.3196431244351725,6.374120877300041,,,1200
100000,16413,OBM_RR,2.0,5.530043287007115,2.679915713873942,-2.850127573133173,13.480700042377613,21.592693308809626,2.852903233607676,19.391167312948493,1200
100000,16413,OBM_RR,3.0,5.530043287007115,1.8657440480861351,-3.6642992389209796,7.198059414885053,20.619149944396188,2.0218953362985292,18.669104254949154,1200
100000,16413,OBM_RR,4.0,5.530043287007115,1.0312605952855636,-4.498782691721551,3.364125301357642,23.60036757093992,1.1905888003983827,21.682728166120814,1200
100000,18308,OBM,0.0,5.530043287007115,4.383852259995474,-1.1461910270116409,5.704506842732899,7.013506957432622,,,1200
100000,18308,OBM_RR,2.0,5.530043287007115,2.4107446567452935,-3.1192986302618215,12.923562293231944,22.64281660274086,2.649541105302013,19.54381038033178,1200
100000,18308,OBM_RR,3.0,5.530043287007115,1.4785031680008565,-4.051540119006258,5.567750711418659,21.97808825507639,1.657560334625871,19.74627554975726,1200
100000,18308,OBM_RR,4.0,5.530043287007115,0.5438132531855276,-4.986230033821587,2.5770347709841497,27.437377192192763,0.8183829707412161,24.095427492388538,1200
100000,20000,OBM,0.0,5.530043287007115,4.2815139830138556,-1.2485293039932595,6.005113761567108,7.5589349230290255,,,1200
100000,20000,OBM_RR,2.0,5.530043287007115,2.166989689375926,-3.363053597631189,12.051465483698758,23.351552096335755,2.4633322420863184,19.419783362544408,1200
100000,20000,OBM_RR,3.0,5.530043287007115,1.1412880749195418,-4.388755212087573,4.5161362550021895,23.77354511974886,1.362917191430457,21.012554451700115,1200
100000,20000,OBM_RR,4.0,5.530043287007115,0.07039787744494734,-5.459645409562167,1.9192788207884284,31.725407419924352,0.5116520049302806,26.227006774425664,1200
300000,6,OBM,0.0,5.530043287007115,0.3021578281773884,-5.227885458829727,3.96584161659376e-05,27.33082599601079,,,1200
300000,6,OBM_RR,2.0,5.530043287007115,0.8505670364779008,-4.6794762505292145,0.00035232501957126064,21.89785001068234,0.8505670364779008,21.89785001068234,1200
300000,6,OBM_RR,3.0,5.530043287007115,1.088939609187256,-4.441103677819859,0.0006175381663940262,19.724018900696333,1.088939609187256,19.724018900696333,1200
300000,6,OBM_RR,4.0,5.530043287007115,1.3073569355325418,-4.222686351474573,0.0009482101788052844,17.832027442933303,1.3073569355325418,17.832027442933303,1200
300000,7,OBM,0.0,5.530043287007115,0.34965948232067384,-5.180383804686441,5.391330186205168e-05,26.836430232231677,,,1200
300000,7,OBM_RR,2.0,5.530043287007115,0.9749391735206806,-4.5551041134864345,0.0004769918081732116,20.749450079016036,0.9749391735206806,20.749450079016036,1200
300000,7,OBM_RR,3.0,5.530043287007115,1.2409002567029077,-4.289143030304207,0.0008327250825313073,18.397579965552115,1.2409002567029077,18.397579965552115,1200
300000,7,OBM_RR,4.0,5.530043287007115,1.4815662997003411,-4.048476987306774,0.0012729739972615706,16.391437829938127,1.4815662997003411,16.391437829938127,1200
300000,8,OBM,0.0,5.530043287007115,0.3964185044892439,-5.133624782517871,7.031790804076424e-05,26.354173666991443,,,1200
300000,8,OBM_RR,2.0,5.530043287007115,1.0949854163305577,-4.435057870676557,0.0006193644897943647,19.670357164602798,1.0949854163305577,19.670357164602798,1200
300000,8,OBM_RR,3.0,5.530043287007115,1.3858764857960084,-4.144166801211107,0.0010767948634588817,17.175194373794707,1.3858764857960084,17.175194373794707,1200
300000,8,OBM_RR,4.0,5.530043287007115,1.6459554914987833,-3.8840877955083317,0.001638427916197844,15.087775065776372,1.6459554914987833,15.087775065776372,1200
300000,9,OBM,0.0,5.530043287007115,0.4424519357436711,-5.087591351263444,8.885496491333168e-05,25.883674538369704,,,1200
300000,9,OBM_RR,2.0,5.530043287007115,1.2109060952909294,-4.319137191716186,0.0007789194871451858,18.65572435125355,1.2109060952909294,18.65572435125355,1200
300000,9,OBM_RR,3.0,5.530043287007115,1.5243063745131655,-4.0057369124939495,0.0013484432942299652,16.047275531708046,1.5243063745131655,16.047275531708046,1200
300000,9,OBM_RR,4.0,5.530043287007115,1.801285631003077,-3.728757656004038,0.002041652564195169,13.905673608395785,1.801285631003077,13.905673608395785,1200
300000,10,OBM,0.0,5.530043287007115,0.4877763911127918,-5.042266895894323,0.00010950572384028638,25.424564863900844,,,1200
300000,10,OBM_RR,2.0,5.530043287007115,1.3228901970258058,-4.207153089981309,0.0009551497556616878,17.70109147633681,1.3228901970258058,17.70109147633681,1200
300000,10,OBM_RR,3.0,5.530043287007115,1.6565921221857032,-3.873451164821412,0.0016463140861797516,15.005268868414126,1.6565921221857032,15.005268868414126,1200
300000,10,OBM_RR,4.0,5.530043287007115,1.9482400366273434,-3.581803250379772,0.002479878170789763,12.831792336036743,1.9482400366273434,12.831792336036743,1200
300000,12,OBM,0.0,5.530043287007115,0.5763624323276446,-4.953680854679471,0.0001570727638669074,24.539110951887828,,,1200
300000,12,OBM_RR,2.0,5.530043287007115,1.5357518850598624,-3.994291401947253,0.0013556143832687377,15.955718288374367,1.5357518850598624,15.955718288374367,1200
300000,12,OBM_RR,3.0,5.530043287007115,1.9041845946185163,-3.625858692388599,0.002314985243555829,13.149164313259147,1.9041845946185163,13.149164313259147,1200
300000,12,OBM_RR,4.0,5.530043287007115,2.219419179100644,-3.310624107906471,0.003451439480930858,10.963680547132881,2.219419179100644,10.963680547132881,1200
300000,13,OBM,0.0,5.530043287007115,0.6196546827935553,-4.910388604213559,0.00018394777840630367,24.11210003887898,,,1200
300000,13,OBM_RR,2.0,5.530043287007115,1.636956611431958,-3.893086675575157,0.0015788061105654748,15.157701353979634,1.636956611431958,15.157701353979634,1200
300000,13,OBM_RR,3.0,5.530043287007115,2.020147729691144,-3.509895557315971,0.002683017086563123,12.322047604505382,2.020147729691144,12.322047604505382,1200
300000,13,OBM_RR,4.0,5.530043287007115,2.3447007832950404,-3.1853425037120746,0.003980274181948716,10.150383823241505,2.3447007832950404,10.150383823241505,1200
300000,15,OBM,0.0,5.530043287007115,0.704310487265119,-4.825732799741996,0.00024377230515025905,23.287940623667286,,,1200
300000,15,OBM_RR,2.0,5.530043287007115,1.8296632697243467,-3.700380017282768,0.0020684225400790113,13.694878971160252,1.8296632697243467,13.694878971160252,1200
300000,15,OBM_RR,3.0,5.530043287007115,2.237862243998737,-3.292181043008378,0.003480254135130285,10.841933373867084,2.237862243998737,10.841933373867084,1200
300000,15,OBM_RR,4.0,5.530043287007115,2.5769302809920416,-2.9531130060150734,0.0051151012165232415,8.72598726492756,2.5769302809920416,8.72598726492756,1200
300000,17,OBM,0.0,5.530043287007115,0.786487135084927,-4.7435561519221885,0.000311532390520839,22.50163623921903,,,1200
300000,17,OBM_RR,2.0,5.530043287007115,2.010338090327516,-3.519705196679599,0.0026118989333676363,12.390934393884297,2.010338090327516,12.390934393884297,1200
300000,17,OBM_RR,3.0,5.530043287007115,2.4383224969092985,-3.0917207900978165,0.004351573787626983,9.563085391399206,2.4383224969092985,9.563085391399206,1200
300000,17,OBM_RR,4.0,5.530043287007115,2.7873062907473067,-2.7427369962598083,0.006342146762353485,7.528943092292327,2.7873062907473067,7.528943092292327,1200
300000,19,OBM,0.0,5.530043287007115,0.8662902947840218,-4.663752992223094,0.0003870310439004639,21.75097868098789,,,1200
300000,19,OBM_RR,2.0,5.530043287007115,2.179965445011328,-3.350077841995787,0.0032047910600965478,11.226223667832027,2.179965445011328,11.226223667832027,1200
300000,19,OBM_RR,3.0,5.530043287007115,2.6233120613863887,-2.9067312256207263,0.005289424163176844,8.454371434308278,2.6233120613863887,8.454371434308278,1200
300000,19,OBM_RR,4.0,5.530043287007115,2.9785031145232894,-2.5515401724838256,0.00764755011722642,6.517998428957585,2.9785031145232894,6.517998428957585,1200
300000,21,OBM,0.0,5.530043287007115,0.9438199985754966,-4.5862232884316185,0.0004700766939452617,21.033913736315895,,,1200
300000,21,OBM_RR,2.0,5.530043287007115,2.3394248722224735,-3.1906184147846415,0.0038430214313908933,10.183885687676392,2.3394248722224735,10.183885687676392,1200
300000,21,OBM_RR,3.0,5.530043287007115,2.7943765238381717,-2.7356667631689433,0.006287940309765385,7.49015533946675,2.7943765238381717,7.49015533946675,1200
300000,21,OBM_RR,4.0,5.530043287007115,3.152785910153536,-2.377257376853579,0.009021175125349851,5.660366293284175,3.152785910153536,5.660366293284175,1200
300000,24,OBM,0.0,5.530043287007115,1.0560571586937533,-4.473986128313362,0.0006083596970893367,20.017159729071057,,,1200
300000,24,OBM_RR,2.0,5.530043287007115,2.5612528261210348,-2.9687904608860802,0.004877475979635097,8.818590212064501,2.5612528261210348,8.818590212064501,1200
300000,24,OBM_RR,3.0,5.530043287007115,3.0277717846464873,-2.5022715023606277,0.007884475807090612,6.2692405769366975,3.0277717846464873,6.2692405769366975,1200
300000,24,OBM_RR,4.0,5.530043287007115,3.386632817717632,-2.143410469289483,0.011189962929780556,4.605389077820435,3.386632817717632,4.605389077820435,1200
300000,27,OBM,0.0,5.530043287007115,1.1636882282566674,-4.366355058750448,0.00076248713954706,19.065818350809224,,,1200
300000,27,OBM_RR,2.0,5.530043287007115,2.764297122654945,-2.76574616435217,0.00599485554980983,7.655341705465591,2.764297122654945,7.655341705465591,1200
300000,27,OBM_RR,3.0,5.530043287007115,3.236727007500009,-2.293316279507106,0.009582110839776172,5.268873683599723,3.236727007500009,5.268873683599723,1200
300000,27,OBM_RR,4.0,5.530043287007115,3.592083518233259,-1.937959768773856,0.013462347928172098,3.7691391946909154,3.592083518233259,3.7691391946909154,1200
300000,31,OBM,0.0,5.530043287007115,1.3005012158168867,-4.229542071190228,0.0009913879561636505,17.89001669376766,,,1200
300000,31,OBM_RR,2.0,5.530043287007115,3.009231279681379,-2.520812007325736,0.0075998734368720455,6.362086716486614,3.009231279681379,6.362086716486614,1200
300000,31,OBM_RR,3.0,5.530043287007115,3.4828162472611073,-2.0472270397460077,0.011977944827477239,4.203106515473987,3.4828162472611073,4.203106515473987,1200
300000,31,OBM_RR,4.0,5.530043287007115,3.829194520754601,-1.700848766252514,0.01661628486570873,2.9094889636243524,3.829194520754601,2.9094889636243524,1200
300000,35,OBM,0.0,5.530043287007115,1.4302005051569886,-4.099842781850127,0.0012453738519728505,16.809955171929015,,,1200
300000,35,OBM_RR,2.0,5.530043287007115,3.228340667149111,-2.301702619858004,0.009319279542774948,5.307146463737691,3.228340667149111,5.307146463737691,1200
300000,35,OBM_RR,3.0,5.530043287007115,3.6973705867622257,-1.8326727002448893,0.014493560994516812,3.373170709249915,3.6973705867622257,3.373170709249915,1200
300000,35,OBM_RR,4.0,5.530043287007115,4.0314818007087885,-1.4985614862983265,0.019882668329435155,2.2655526276558113,4.0314818007087885,2.2655526276558113,1200
300000,39,OBM,0.0,5.530043287007115,1.5533167140586144,-3.9767265729485004,0.001522690378526494,15.815875657464604,,,1200
300000,39,OBM_RR,2.0,5.530043287007115,3.424992919166968,-2.105050367840147,0.011134325675622364,4.442362098214834,3.424992919166968,4.442362098214834,1200
300000,39,OBM_RR,3.0,5.530043287007115,3.8853664778717243,-1.6446768091353907,0.017101430040477428,2.7220489853565475,3.8853664778717243,2.7220489853565475,1200
300000,39,OBM_RR,4.0,5.530043287007115,4.205213706890553,-1.3248295801165622,0.02322913391956677,1.7783831926597917,4.205213706890553,1.7783831926597917,1200
300000,45,OBM,0.0,5.530043287007115,1.7266783250875308,-3.803364961919584,0.001978924883379711,14.46756230933687,,,1200
300000,45,OBM_RR,2.0,5.530043287007115,3.6839393068931994,-1.8461039801139156,0.014009071628656755,3.4220973027947394,3.6839393068931994,3.4220973027947394,1200
300000,45,OBM_RR,3.0,5.530043287007115,4.126109707556423,-1.4039335794506922,0.021150113232378403,1.9921619836472508,4.126109707556423,1.9921619836472508,1200
300000,45,OBM_RR,4.0,5.530043287007115,4.422733144335466,-1.1073101426716487,0.02832000706545842,1.2544321591230785,4.422733144335466,1.2544321591230785,1200
300000,50,OBM,0.0,5.530043287007115,1.8616740438776362,-3.6683692431294785,0.0023928681158359322,13.459323777997419,,,1200
300000,50,OBM_RR,2.0,5.530043287007115,3.8715995914442494,-1.6584436955628656,0.0165170561622599,2.766938783301006,3.8715995914442494,2.766938783301006,1200
300000,50,OBM_RR,3.0,5.530043287007115,4.295578501400167,-1.2344647856069484,0.024617840277095904,1.548500632313806,4.295578501400167,1.548500632313806,1200
300000,50,OBM_RR,4.0,5.530043287007115,4.572286137972237,-0.9577571490348777,0.03257668852521063,0.9498482978121907,4.572286137972237,0.9498482978121907,1200
300000,57,OBM,0.0,5.530043287007115,2.0376381391855998,-3.4924051478215152,0.003018988245914908,12.199910188952598,,,1200
300000,57,OBM_RR,2.0,5.530043287007115,4.098613055404494,-1.4314302316026213,0.02015487914224112,2.0691305913555555,4.098613055404494,2.0691305913555555,1200
300000,57,OBM_RR,3.0,5.530043287007115,4.4947335501241295,-1.0353097368829856,0.02954751703369,1.1013891453875457,4.4947335501241295,1.1013891453875457,1200
300000,57,OBM_RR,4.0,5.530043287007115,4.743872891458735,-0.7861703955483801,0.03850200219486796,0.6565338080297349,4.743872891458735,0.6565338080297349,1200
300000,64,OBM,0.0,5.530043287007115,2.1999296601729714,-3.3301136268341436,0.0036946481022086804,11.093348336855245,,,1200
300000,64,OBM_RR,2.0,5.530043287007115,4.290995252843933,-1.239048034163182,0.023905267467769855,1.5591253773751919,4.290995252843933,1.5591253773751919,1200
300000,64,OBM_RR,3.0,5.530043287007115,4.658220319761532,-0.8718229672455831,0.03449553645647442,0.7945420763929872,4.658220319761532,0.7945420763929872,1200
300000,64,OBM_RR,4.0,5.530043287007115,4.881143832089693,-0.6488994549174221,0.04440038629094177,0.46543388856116036,4.881143832089693,0.46543388856116036,1200
300000,72,OBM,0.0,5.530043287007115,2.370533575995576,-3.159509711011539,0.004519792676787717,9.987017640159108,,,1200
300000,72,OBM_RR,2.0,5.530043287007115,4.476324513264333,-1.0537187737427818,0.02829614605857659,1.1385958200748536,4.476324513264333,1.1385958200748536,1200
300000,72,OBM_RR,3.0,5.530043287007115,4.810723062468925,-0.7193202245381904,0.04011945159472127,0.5575076041480647,4.810723062468925,0.5575076041480647,1200
300000,72,OBM_RR,4.0,5.530043287007115,5.006256303698342,-0.5237869833087734,0.05115572878052136,0.32546590289024235,5.006256303698342,0.32546590289024235,1200
300000,81,OBM,0.0,5.530043287007115,2.545714081085562,-2.984329205921553,0.005506433373876537,8.911722653995767,,,1200
300000,81,OBM_RR,2.0,5.530043287007115,4.649290534739723,-0.8807527522673917,0.03331157356272762,0.8090092245446783,4.649290534739723,0.8090092245446783,1200
300000,81,OBM_RR,3.0,5.530043287007115,4.948202259668308,-0.5818410273388066,0.04638587100882971,0.38488619721099987,4.948202259668308,0.38488619721099987,1200
300000,81,OBM_RR,4.0,5.530043287007115,5.116320890350207,-0.41372239665690813,0.05873648594414223,0.22985376036805755,5.116320890350207,0.22985376036805755,1200
300000,92,OBM,0.0,5.530043287007115,2.7388532185973586,-2.7911900684097564,0.006784526161358199,7.797520870378818,,,1200
300000,92,OBM_RR,2.0,5.530043287007115,4.820403727149877,-0.709639559857238,0.03944786995429642,0.5430033016437104,4.820403727149877,0.5430033016437104,1200
300000,92,OBM_RR,3.0,5.530043287007115,5.079294558603886,-0.4507487284032292,0.05404951144456559,0.25717888634215685,5.079294558603886,0.25717888634215685,1200
300000,92,OBM_RR,4.0,5.530043287007115,5.218388642409647,-0.3116546445974677,0.06805706775968684,0.1651289710357278,5.218388642409647,0.1651289710357278,1200
300000,104,OBM,0.0,5.530043287007115,2.9269281418702904,-2.6031151451368246,0.008252482025628257,6.784454063797986,,,1200
300000,104,OBM_RR,2.0,5.530043287007115,4.967878778778455,-0.5621645082286602,0.046080854676442025,0.3620713882761832,4.967878778778455,0.3620713882761832,1200
300000,104,OBM_RR,3.0,5.530043287007115,5.18801239747608,-0.3420308895310349,0.062397180402050036,0.17933031214510586,5.18801239747608,0.17933031214510586,1200
300000,104,OBM_RR,4.0,5.530043287007115,5.300739289694345,-0.22930399731276996,0.07832406041415553,0.13083911354742525,5.300739289694345,0.13083911354742525,1200
300000,117,OBM,0.0,5.530043287007115,3.108016556600688,-2.422026730406427,0.009911284681679485,5.876116508081027,,,1200
300000,117,OBM_RR,2.0,5.530043287007115,5.092531917182578,-0.437511369824537,0.05316080055860581,0.24453269861721666,5.092531917182578,0.24453269861721666,1200
300000,117,OBM_RR,3.0,5.530043287007115,5.276347930852987,-0.25369535615412797,0.0714848295151459,0.13578659255805306,5.276347930852987,0.13578659255805306,1200
300000,117,OBM_RR,4.0,5.530043287007115,5.366212920985959,-0.16383036602115642,0.08960059055941055,0.11636631223123724,5.366212920985959,0.11636631223123724,1200
300000,132,OBM,0.0,5.530043287007115,3.2922488523891955,-2.2377944346179195,0.011897213938611336,5.0196112312005985,,,1200
300000,132,OBM_RR,2.0,5.530043287007115,5.202635794385094,-0.3274074926220214,0.06130695363605866,0.16845153073306757,5.202635794385094,0.16845153073306757,1200
300000,132,OBM_RR,3.0,5.530043287007115,5.351201102764429,-0.1788421842426864,0.08208522268777634,0.11400134520023139,5.351201102764429,0.11400134520023139,1200
300000,132,OBM_RR,4.0,5.530043287007115,5.420842651368707,-0.1092006356384081,0.10275549777258706,0.11459464701494232,5.420842651368707,0.11459464701494232,1200
300000,149,OBM,0.0,5.530043287007115,3.474341326958127,-2.055701960048988,0.01422067691499854,4.240119374900152,,,1200
300000,149,OBM_RR,2.0,5.530043287007115,5.295671504154992,-0.234371782852123,0.07058564067795678,0.12545695190800815,5.295671504154992,0.12545695190800815,1200
300000,149,OBM_RR,3.0,5.530043287007115,5.411871821666926,-0.11817146534018885,0.09427276592775759,0.10815870051013197,5.411871821666926,0.10815870051013197,1200
300000,149,OBM_RR,4.0,5.530043287007115,5.464347729981711,-0.0656955570254043,0.11742955810370283,0.1216476063514945,5.464347729981711,0.1216476063514945,1200
300000,168,OBM,0.0,5.530043287007115,3.6502350272158144,-1.8798082597913006,0.01687677384575087,3.550541803447142,,,1200
300000,168,OBM_RR,2.0,5.530043287007115,5.370915080049002,-0.1591282069581128,0.08103709123256612,0.10629134657290966,5.370915080049002,0.10629134657290966,1200
300000,168,OBM_RR,3.0,5.530043287007115,5.4592406110342475,-0.07080267597286749,0.10814563839313442,0.11306853595272569,5.4592406110342475,0.11306853595272569,1200
300000,168,OBM_RR,4.0,5.530043287007115,5.497576264310775,-0.032467022696340386,0.1337497413426051,0.13469239078758427,5.497576264310775,0.13469239078758427,1200
300000,189,OBM,0.0,5.530043287007115,3.8170073382566896,-1.7130359487504254,0.019846491375738753,2.954322114344196,,,1200
300000,189,OBM_RR,2.0,5.530043287007115,5.4294587670000665,-0.10058452000704854,0.09282380679310318,0.10286369928582394,5.4294587670000665,0.10286369928582394,1200
300000,189,OBM_RR,3.0,5.530043287007115,5.495136842822523,-0.034906444184591656,0.12343408017891222,0.12454967829104187,5.495136842822523,0.12454967829104187,1200
300000,189,OBM_RR,4.0,5.530043287007115,5.52223648768242,-0.0078067993246948575,0.15208461609630541,0.15201882503192118,5.52223648768242,0.15201882503192118,1200
300000,213,OBM,0.0,5.530043287007115,3.9789257683304218,-1.5511175186766932,0.02325092620475144,2.429197107178656,,,1200
300000,213,OBM_RR,2.0,5.530043287007115,5.475284761177785,-0.05475852582932994,0.10657095732996616,0.10948064434985923,5.475284761177785,0.10948064434985923,1200
300000,213,OBM_RR,3.0,5.530043287007115,5.522243097526079,-0.00780018948103578,0.14064280807128862,0.14058644868716924,5.522243097526079,0.14058644868716924,1200
300000,213,OBM_RR,4.0,5.530043287007115,5.540335943108064,0.010292656100949316,0.17309145337928336,0.17305314927107968,5.540335943108064,0.17305314927107968,1200
300000,240,OBM,0.0,5.530043287007115,4.131974437443289,-1.3980688495638258,0.02706992760999083,1.9816438774577014,,,1200
300000,240,OBM_RR,2.0,5.530043287007115,5.509443326753784,-0.020599960253330885,0.1224278070776887,0.12275014226756278,5.509443326753784,0.12275014226756278,1200
300000,240,OBM_RR,3.0,5.530043287007115,5.54179863816083,0.011755351153714955,0.16025940916317769,0.16026404793628884,5.54179863816083,0.16026404793628884,1200
300000,240,OBM_RR,4.0,5.530043287007115,5.552109866725232,0.022066579718116763,0.19602569179909846,0.19634927099638855,5.552109866725232,0.19634927099638855,1200
300000,271,OBM,0.0,5.530043287007115,4.278051562337215,-1.2519917246699004,0.03146822360196627,1.5989252787242096,,,1200
300000,271,OBM_RR,2.0,5.530043287007115,5.534642405492967,0.004599118485852038,0.14080538325074637,0.14070919732221762,5.534642405492967,0.14070919732221762,1200
300000,271,OBM_RR,3.0,5.530043287007115,5.555427795782989,0.025384508775873726,0.1830796338843734,0.1835714408085955,5.555427795782989,0.1835714408085955,1200
300000,271,OBM_RR,4.0,5.530043287007115,5.558786472627057,0.028743185619942047,0.22193464935452692,0.22257587453298064,5.558786472627057,0.22257587453298064,1200
300000,305,OBM,0.0,5.530043287007115,4.410142585527387,-1.119900701479728,0.036296426596622015,1.2904437607492434,,,1200
300000,305,OBM_RR,2.0,5.530043287007115,5.551471121368731,0.021427834361616327,0.16049267627053726,0.16081808445907397,5.551471121368731,0.16081808445907397,1200
300000,305,OBM_RR,3.0,5.530043287007115,5.563307822552229,0.03326453554511399,0.20750337089074372,0.2084369807400335,5.563307822552229,0.2084369807400335,1200
300000,305,OBM_RR,4.0,5.530043287007115,5.561248780180936,0.03120549317382082,0.250088432833201,0.25085380861006135,5.561248780180936,0.25085380861006135,1200
300000,344,OBM,0.0,5.530043287007115,4.533919253114918,-0.9961240338921966,0.04184389281574103,1.0340721138027242,,,1200
300000,344,OBM_RR,2.0,5.530043287007115,5.562755059090361,0.03271177208324616,0.18314468229991826,0.1840621217641612,5.562755059090361,0.1840621217641612,1200
300000,344,OBM_RR,3.0,5.530043287007115,5.566850384401361,0.036807097394246036,0.2348643734168981,0.23602341552430678,5.566850384401361,0.23602341552430678,1200
300000,344,OBM_RR,4.0,5.530043287007115,5.5612950561624475,0.031251769155332454,0.2829419217765828,0.2836828099171072,5.5612950561624475,0.2836828099171072,1200
300000,388,OBM,0.0,5.530043287007115,4.646805431140326,-0.8832378558667893,0.048144479923692064,0.8282134695599177,,,1200
300000,388,OBM_RR,2.0,5.530043287007115,5.5698609775778625,0.039817690570747466,0.20916074704442603,0.21057189490427677,5.5698609775778625,0.21057189490427677,1200
300000,388,OBM_RR,3.0,5.530043287007115,5.5669440897894376,0.03690080278232255,0.2651673388925983,0.2663080353561677,5.5669440897894376,0.2663080353561677,1200
300000,388,OBM_RR,4.0,5.530043287007115,5.560669250181239,0.030625963174124138,0.32035853697823724,0.32102952115109823,5.560669250181239,0.32102952115109823,1200
300000,438,OBM,0.0,5.530043287007115,4.749774378507355,-0.7802689084997603,0.05536671246167868,0.6641401431060348,,,1200
300000,438,OBM_RR,2.0,5.530043287007115,5.573303189634535,0.043259902627419855,0.23830055646551468,0.23997339184379393,5.573303189634535,0.23997339184379393,1200
300000,438,OBM_RR,3.0,5.530043287007115,5.564517635906696,0.034474348899580676,0.2996568554358937,0.3005956221217471,5.564517635906696,0.3005956221217471,1200
300000,438,OBM_RR,4.0,5.530043287007115,5.5588060430006045,0.02876275599348954,0.36121380233564454,0.36174008696603915,5.5588060430006045,0.36174008696603915,1200
300000,493,OBM,0.0,5.530043287007115,4.840359078735549,-0.689684208271566,0.06342094007721934,0.5390323964329982,,,1200
300000,493,OBM_RR,2.0,5.530043287007115,5.573125824142295,0.043082537135179955,0.26899355257890745,0.27062549629109584,5.573125824142295,0.27062549629109584,1200
300000,493,OBM_RR,3.0,5.530043287007115,5.5621856777335985,0.032142390726483505,0.33874413415853144,0.33949498066167993,5.5621856777335985,0.33949498066167993,1200
300000,493,OBM_RR,4.0,5.530043287007115,5.556682413028576,0.026639126021461124,0.40437955747795856,0.4047522175485809,5.556682413028576,0.4047522175485809,1200
300000,556,OBM,0.0,5.530043287007115,4.923136366930787,-0.6069069200763284,0.07264105085308484,0.4409165262805762,,,1200
300000,556,OBM_RR,2.0,5.530043287007115,5.570005337178409,0.03996205017129384,0.30350832280132717,0.3048523646528857,5.570005337178409,0.3048523646528857,1200
300000,556,OBM_RR,3.0,5.530043287007115,5.5590040242484084,0.028960737241293444,0.3823504652775737,0.38287056419140164,5.5590040242484084,0.38287056419140164,1200
300000,556,OBM_RR,4.0,5.530043287007115,5.554375863064648,0.024332576057532584,0.45375431261375115,0.45396825827750187,5.554375863064648,0.45396825827750187,1200
300000,627,OBM,0.0,5.530043287007115,4.996932410578451,-0.5331108764286636,0.08283909222437037,0.36697726621405485,,,1200
300000,627,OBM_RR,2.0,5.530043287007115,5.564793822649575,0.03475053564246,0.3423615487183497,0.343283847155189,5.564793822649575,0.343283847155189,1200
300000,627,OBM_RR,3.0,5.530043287007115,5.555837407701901,0.025794120694786038,0.42937405630141406,0.4296815812502468,5.555837407701901,0.4296815812502468,1200
300000,627,OBM_RR,4.0,5.530043287007115,5.553323339880651,0.023280052873536405,0.5097650080273417,0.5098821647157803,5.553323339880651,0.5098821647157803,1200
300000,707,OBM,0.0,5.530043287007115,5.062559518243478,-0.4674837687636373,0.09436692651430444,0.3128293614663298,,,1200
300000,707,OBM_RR,2.0,5.530043287007115,5.559598536413705,0.029555249406589823,0.3873932678736896,0.3879439529179473,5.559598536413705,0.3879439529179473,1200
300000,707,OBM_RR,3.0,5.530043287007115,5.552709222749263,0.022665935742147703,0.48149188105820406,0.48160438246705617,5.552709222749263,0.48160438246705617,1200
300000,707,OBM_RR,4.0,5.530043287007115,5.5526238968574075,0.022580609850292532,0.5729891131119181,0.573021506125536,5.5526238968574075,0.573021506125536,1200
300000,797,OBM,0.0,5.530043287007115,5.1206752108873195,-0.40936807611979553,0.10747827884225326,0.27497093535590733,,,1200
300000,797,OBM_RR,2.0,5.530043287007115,5.554972960181028,0.024929673173913258,0.43785901369127417,0.43811561978442304,5.554972960181028,0.43811561978442304,1200
300000,797,OBM_RR,3.0,5.530043287007115,5.550597213533518,0.020553926526402755,0.5404496009404243,0.5404216901686266,5.550597213533518,0.5404216901686266,1200
300000,797,OBM_RR,4.0,5.530043287007115,5.55123390338481,0.02119061637769537,0.6463455915231651,0.6462560124193624,5.55123390338481,0.6462560124193624,1200
300000,898,OBM,0.0,5.530043287007115,5.171544402204588,-0.35849888480252723,0.12195089813043601,0.25037072278664935,,,1200
300000,898,OBM_RR,2.0,5.530043287007115,5.5508200572738735,0.020776770266758504,0.4920976636296988,0.4921192564260584,5.5508200572738735,0.4921192564260584,1200
300000,898,OBM_RR,3.0,5.530043287007115,5.55015211178534,0.020108824778224843,0.6068116281888397,0.606710316665977,5.55015211178534,0.606710316665977,1200
300000,898,OBM_RR,4.0,5.530043287007115,5.550077205924117,0.02003391891700179,0.7310712359731114,0.7308633678503067,5.550077205924117,0.7308633678503067,1200
300000,1012,OBM,0.0,5.530043287007115,5.215866165086155,-0.31417712192096037,0.13793666796969928,0.23652898468492917,,,1200
300000,1012,OBM_RR,2.0,5.530043287007115,5.547893906552789,0.017850619545673574,0.5514002987521023,0.5512594431213067,5.547893906552789,0.5512594431213067,1200
300000,1012,OBM_RR,3.0,5.530043287007115,5.549509378002467,0.019466090995352126,0.6831922384705007,0.6830018403037479,5.549509378002467,0.6830018403037479,1200
300000,1012,OBM_RR,4.0,5.530043287007115,5.547142104979783,0.0170988179726681,0.824108245324001,0.82371385802896,5.547142104979783,0.82371385802896,1200
300000,1141,OBM,0.0,5.530043287007115,5.254364174816226,-0.2756791121908888,0.15576386082464078,0.2316330305056433,,,1200
300000,1141,OBM_RR,2.0,5.530043287007115,5.546439420104811,0.01639613309769583,0.6188093563236775,0.6185625150406319,5.546439420104811,0.6185625150406319,1200
300000,1141,OBM_RR,3.0,5.530043287007115,5.549238302793597,0.019195015786482195,0.773143532184815,0.7728676945390376,5.549238302793597,0.7728676945390376,1200
300000,1141,OBM_RR,4.0,5.530043287007115,5.542412791039047,0.012369504031932266,0.933271076309115,0.9326463550421867,5.542412791039047,0.9326463550421867,1200
300000,1286,OBM,0.0,5.530043287007115,5.287435015743566,-0.2426082712635491,0.1757971432391496,0.23450941890527124,,,1200
300000,1286,OBM_RR,2.0,5.530043287007115,5.548072695882341,0.018029408875226416,0.695432607925339,0.6951781403364581,5.548072695882341,0.6951781403364581,1200
300000,1286,OBM_RR,3.0,5.530043287007115,5.548014245034574,0.017970958027459183,0.8734062659197259,0.8730013826972174,5.548014245034574,0.8730013826972174,1200
300000,1286,OBM_RR,4.0,5.530043287007115,5.538129768827279,0.008086481820163804,1.0671295393052787,1.0663056558774189,5.538129768827279,1.0663056558774189,1200
300000,1450,OBM,0.0,5.530043287007115,5.317020894281135,-0.21302239272598023,0.19910237802391467,0.24431499917826335,,,1200
300000,1450,OBM_RR,2.0,5.530043287007115,5.549149220715908,0.019105933708792655,0.7818914846007848,0.7816049450665024,5.549149220715908,0.7816049450665024,1200
300000,1450,OBM_RR,3.0,5.530043287007115,5.54358980799437,0.01354652098725495,0.9873080870490409,0.9866688385406917,5.54358980799437,0.9866688385406917,1200
300000,1450,OBM_RR,4.0,5.530043287007115,5.532094194978428,0.0020509079713129097,1.221493253933724,1.2204795491122857,5.532094194978428,1.2204795491122857,1200
300000,1634,OBM,0.0,5.530043287007115,5.34291037148484,-0.18713291552227496,0.2248966883838668,0.2597280025487473,,,1200
300000,1634,OBM_RR,2.0,5.530043287007115,5.549513403401467,0.019470116394352033,0.883906346961041,0.883548843770983,5.549513403401467,0.883548843770983,1200
300000,1634,OBM_RR,3.0,5.530043287007115,5.53907941553244,0.00903612852532465,1.1247812392733347,1.1239255731926667,5.53907941553244,1.1239255731926667,1200
300000,1634,OBM_RR,4.0,5.530043287007115,5.52305885383581,-0.006984433171305149,1.390843957940696,1.389733703615803,5.52305885383581,1.389733703615803,1200
300000,1842,OBM,0.0,5.530043287007115,5.365808665382364,-0.16423462162475122,0.2528471066223309,0.2796094116403708,,,1200
300000,1842,OBM_RR,2.0,5.530043287007115,5.549397627506778,0.019354340499663003,1.0026062182106361,1.0021453035249708,5.549397627506778,1.0021453035249708,1200
300000,1842,OBM_RR,3.0,5.530043287007115,5.53310250059006,0.0030592135829445866,1.2913367650328498,1.2902700098497353,5.53310250059006,1.2902700098497353,1200
300000,1842,OBM_RR,4.0,5.530043287007115,5.509876251836217,-0.020167035170898018,1.5815684119144384,1.5806571475454272,5.509876251836217,1.5806571475454272,1200
300000,2077,OBM,0.0,5.530043287007115,5.386038371634401,-0.14400491537271431,0.28371770458556744,0.3042186888165819,,,1200
300000,2077,OBM_RR,2.0,5.530043287007115,5.545567758133774,0.015524471126658668,1.1337367719937688,1.1330330005542033,5.545567758133774,1.1330330005542033,1200
300000,2077,OBM_RR,3.0,5.530043287007115,5.525020908227803,-0.00502237877931222,1.473815603055991,1.4726126476753807,5.525020908227803,1.4726126476753807,1200
300000,2077,OBM_RR,4.0,5.530043287007115,5.49576690221737,-0.03427638478974515,1.7903252015315496,1.7900081344178613,5.49576690221737,1.7900081344178613,1200
300000,2341,OBM,0.0,5.530043287007115,5.404173099462477,-0.1258701875446384,0.3184245219287253,0.3340024722729739,,,1200
300000,2341,OBM_RR,2.0,5.530043287007115,5.539104444400485,0.009061157393370323,1.2924042182041844,1.2914093192623215,5.539104444400485,1.2914093192623215,1200
300000,2341,OBM_RR,3.0,5.530043287007115,5.511251315204099,-0.01879197180301606,1.6776414650084117,1.6765965686584832,5.511251315204099,1.6765965686584832,1200
300000,2341,OBM_RR,4.0,5.530043287007115,5.476937994997261,-0.05310529200985403,2.0245973464493603,2.025730354033438,5.476937994997261,2.025730354033438,1200
300000,2639,OBM,0.0,5.530043287007115,5.42121275896053,-0.10883052804658533,0.3577594362656957,0.36930538723703954,,,1200
300000,2639,OBM_RR,2.0,5.530043287007115,5.531223104114137,0.0011798171070216412,1.4901678857028298,1.4889274710998168,5.531223104114137,1.4889274710998168,1200
300000,2639,OBM_RR,3.0,5.530043287007115,5.495491783388755,-0.0345515036183599,1.9047421467947836,1.904348668074744,5.495491783388755,1.904348668074744,1200
300000,2639,OBM_RR,4.0,5.530043287007115,5.459139629903464,-0.07090365710365099,2.29270392790341,2.2958206698874952,5.459139629903464,2.2958206698874952,1200
300000,2974,OBM,0.0,5.530043287007115,5.435975653292129,-0.09406763371498617,0.4024463136532907,0.4109596614379831,,,1200
300000,2974,OBM_RR,2.0,5.530043287007115,5.5212494001340895,-0.008793886873025514,1.7081636305221333,1.7068174932763671,5.5212494001340895,1.7068174932763671,1200
300000,2974,OBM_RR,3.0,5.530043287007115,5.476556769356665,-0.05348651765044998,2.1526305268128914,2.1536974756109193,5.476556769356665,2.1536974756109193,1200
300000,2974,OBM_RR,4.0,5.530043287007115,5.4372766425173165,-0.09276664448979854,2.582831276954201,2.589284567886635,5.4372766425173165,2.589284567886635,1200
300000,3353,OBM,0.0,5.530043287007115,5.448880270681861,-0.08116301632525413,0.45488162400487736,0.4610899912038868,,,1200
300000,3353,OBM_RR,2.0,5.530043287007115,5.505658698477261,-0.0243845885298537,1.9436107471565491,1.9425856796916894,5.505658698477261,1.9425856796916894,1200
300000,3353,OBM_RR,3.0,5.530043287007115,5.455804121421742,-0.07423916558537336,2.4362900024249496,2.4397712144630748,5.455804121421742,2.4397712144630748,1200
300000,3353,OBM_RR,4.0,5.530043287007115,5.408559772945347,-0.12148351406176783,2.8844817012751434,2.8968362107128764,5.408559772945347,2.8968362107128764,1200
300000,3779,OBM,0.0,5.530043287007115,5.459612352663115,-0.07043093434400038,0.5133792173655685,0.5179119178636659,,,1200
300000,3779,OBM_RR,2.0,5.530043287007115,5.486233398267844,-0.04380988873927105,2.204643765816287,2.2047258690294544,5.486233398267844,2.2047258690294544,1200
300000,3779,OBM_RR,3.0,5.530043287007115,5.434651120576905,-0.09539216643021042,2.750241237497108,2.757049035215443,5.434651120576905,2.757049035215443,1200
300000,3779,OBM_RR,4.0,5.530043287007115,5.375585107572732,-0.1544581794343829,3.194412265773413,3.215607584746119,5.375585107572732,3.215607584746119,1200
300000,4260,OBM,0.0,5.530043287007115,5.4670508216139035,-0.06299246539321146,0.5782713762141585,0.5817575340969616,,,1200
300000,4260,OBM_RR,2.0,5.530043287007115,5.46663298968505,-0.06341029732206493,2.485643964752048,2.4875934605878935,5.46663298968505,2.4875934605878935,1200
300000,4260,OBM_RR,3.0,5.530043287007115,5.406117417315544,-0.12392586969157104,3.0772024410738505,3.089995726885101,5.406117417315544,3.089995726885101,1200
300000,4260,OBM_RR,4.0,5.530043287007115,5.335921582687406,-0.1941217043197092,3.51603015985609,3.550783370810865,5.335921582687406,3.550783370810865,1200
300000,4802,OBM,0.0,5.530043287007115,5.4728211558867335,-0.05722213112038155,0.6555843907039401,0.6583124426683118,,,1200
300000,4802,OBM_RR,2.0,5.530043287007115,5.441333279464022,-0.0887100075430931,2.7991438617563302,2.804680707309829,5.441333279464022,2.804680707309829,1200
300000,4802,OBM_RR,3.0,5.530043287007115,5.373360522797298,-0.1566827642098172,3.410936636337526,3.432643677741007,5.373360522797298,3.432643677741007,1200
300000,4802,OBM_RR,4.0,5.530043287007115,5.289466411700309,-0.2405768753068056,3.865949114062991,3.9206047227336582,5.289466411700309,3.9206047227336582,1200
300000,5413,OBM,0.0,5.530043287007115,5.476885283382039,-0.053158003625076056,0.7504485467544872,0.7526489463149288,,,1200
300000,5413,OBM_RR,2.0,5.530043287007115,5.418329189019993,-0.11171409798712162,3.149770774442757,3.159626005153131,5.418329189019993,3.159626005153131,1200
300000,5413,OBM_RR,3.0,5.530043287007115,5.3320061132783145,-0.19803717372880048,3.7444664475962335,3.7805647810683936,5.3320061132783145,3.7805647810683936,1200
300000,5413,OBM_RR,4.0,5.530043287007115,5.230021864845131,-0.3000214221619837,4.24302840462188,4.329505401374128,5.230021864845131,4.329505401374128,1200
300000,6101,OBM,0.0,5.530043287007115,5.478765713822164,-0.05127757318495085,0.8556928645778846,0.8576091767024743,,,1200
300000,6101,OBM_RR,2.0,5.530043287007115,5.388193221829715,-0.14185006517740018,3.5314101771564257,3.5485887763329615,5.388193221829715,3.5485887763329615,1200
300000,6101,OBM_RR,3.0,5.530043287007115,5.286051749438462,-0.243991537568653,4.119749760850706,4.175848506455112,5.286051749438462,4.175848506455112,1200
300000,6101,OBM_RR,4.0,5.530043287007115,5.16243078971573,-0.36761249729138523,4.675661706433278,4.806904269842726,5.16243078971573,4.806904269842726,1200
300000,6877,OBM,0.0,5.530043287007115,5.476345807354562,-0.05369747965255289,0.9734690861165978,0.9755412811992036,,,1200
300000,6877,OBM_RR,2.0,5.530043287007115,5.353013338148698,-0.17702994885841683,3.919659406673917,3.947732626627835,5.353016221285356,3.9477007289118258,1200
300000,6877,OBM_RR,3.0,5.530043287007115,5.227820202985756,-0.30222308402135933,4.519258488021929,4.606831231797293,5.227820202985756,4.606831231797293,1200
300000,6877,OBM_RR,4.0,5.530043287007115,5.07897779633493,-0.4510654906721854,5.173387311760653,5.372536232542858,5.07897779633493,5.372536232542858,1200
300000,7752,OBM,0.0,5.530043287007115,5.471794845459973,-0.058248441547141816,1.1047892217679853,1.1072614450258493,,,1200
300000,7752,OBM_RR,2.0,5.530043287007115,5.310248052580628,-0.21979523442648663,4.308346930396794,4.353066586364723,5.310248052580628,4.353066586364723,1200
300000,7752,OBM_RR,3.0,5.530043287007115,5.158316184932364,-0.37172710207475124,4.972630706522346,5.106667886017137,5.158316184932364,5.106667886017137,1200
300000,7752,OBM_RR,4.0,5.530043287007115,4.987507155894545,-0.5425361311125698,5.662005986147374,5.95163310138818,4.987507155894545,5.95163310138818,1200
300000,8738,OBM,0.0,5.530043287007115,5.464965122180988,-0.06507816482612672,1.2480462790369906,1.251241408008263,,,1200
300000,8738,OBM_RR,2.0,5.530043287007115,5.2607299475343865,-0.2693133394727285,4.71629661571231,4.784896043350503,5.2607299475343865,4.784896043350503,1200
300000,8738,OBM_RR,3.0,5.530043287007115,5.074866431847898,-0.455176855159217,5.491860361775381,5.694469780946537,5.074866431847898,5.694469780946537,1200
300000,8738,OBM_RR,4.0,5.530043287007115,4.876040180880271,-0.6540031061268436,6.168440616660942,6.591020312303952,4.876040180880271,6.591020312303952,1200
300000,9850,OBM,0.0,5.530043287007115,5.455234675891043,-0.0748086111160724,1.4105708857546764,1.4149917383136634,,,1200
300000,9850,OBM_RR,2.0,5.530043287007115,5.198762105492498,-0.3312811815146173,5.154830094117568,5.260281623598191,5.198762105492498,5.260281623598191,1200
300000,9850,OBM_RR,3.0,5.530043287007115,4.980624655857563,-0.5494186311495524,6.033169097426205,6.330002288765933,4.9807092167455815,6.329058457371114,1200
300000,9850,OBM_RR,4.0,5.530043287007115,4.75924692062664,-0.7707963663804751,6.691728359111222,7.2802789572373054,4.75924692062664,7.2802789572373054,1200
300000,11103,OBM,0.0,5.530043287007115,5.4451903763896405,-0.08485291061747446,1.5932333156939151,1.5991056377044273,,,1200
300000,11103,OBM_RR,2.0,5.530043287007115,5.11786246929373,-0.4121808177133852,5.651478950625401,5.816662411324089,5.11786246929373,5.816662411324089,1200
300000,11103,OBM_RR,3.0,5.530043287007115,4.865379145054352,-0.6646641419527626,6.586289708635542,7.022579555476148,4.865563851634637,7.020495744882452,1200
300000,11103,OBM_RR,4.0,5.530043287007115,4.622442503780685,-0.9076007832264299,7.2253586800272105,8.043076729507083,4.622459585206279,8.042887457331089,1200
300000,12515,OBM,0.0,5.530043287007115,5.429651894521035,-0.1003913924860802,1.7875757973849171,1.7961645825723902,,,1200
300000,12515,OBM_RR,2.0,5.530043287007115,5.02900979415838,-0.5010334928487348,6.234585281699853,6.480424354921305,5.029215173019396,6.478102230366141,1200
300000,12515,OBM_RR,3.0,5.530043287007115,4.741425135781326,-0.7886181512257888,7.156821446242305,7.772776016813217,4.741568979153485,7.771160267565177,1200
300000,12515,OBM_RR,4.0,5.530043287007115,4.477558617519222,-1.0524846694878933,7.808475566579489,8.909692483114377,4.478023583078979,8.904290492203417,1200
300000,14107,OBM,0.0,5.530043287007115,5.410331603115173,-0.11971168389194187,1.9923343112945113,2.00500491996201,,,1200
300000,14107,OBM_RR,2.0,5.530043287007115,4.918529051134253,-0.6115142358728622,6.898543669792377,7.266744544076056,4.919408490262445,7.256632518452474,1200
300000,14107,OBM_RR,3.0,5.530043287007115,4.6014122697967865,-0.9286310172103285,7.759436338212372,8.61532570738895,4.601775207773867,8.611265300169256,1200
300000,14107,OBM_RR,4.0,5.530043287007115,4.316326104167636,-1.2137171828394786,8.365056098007175,9.8311946178453,4.317007725574478,9.823141395354893,1200
300000,15901,OBM,0.0,5.530043287007115,5.385259784058632,-0.1447835029484832,2.202496187339956,2.2216230365765393,,,1200
300000,15901,OBM_RR,2.0,5.530043287007115,4.7970596351556996,-0.7329836518514155,7.56726621491004,8.098225193612386,4.798801906924489,8.078180500615568,1200
300000,15901,OBM_RR,3.0,5.530043287007115,4.4495079323373545,-1.0805353546697605,8.38634573751447,9.546913768757848,4.450902893584482,9.530803590080138,1200
300000,15901,OBM_RR,4.0,5.530043287007115,4.127190864638662,-1.4028524223684533,8.889895529712128,10.850482202382405,4.129087649382909,10.82883182035519,1200
300000,17924,OBM,0.0,5.530043287007115,5.356392907849399,-0.1736503791577162,2.432881383958849,2.4610084369871683,,,1200
300000,17924,OBM_RR,2.0,5.530043287007115,4.652993095174988,-0.8770501918321267,8.290637463918433,9.052945638357938,4.656868214518473,9.008165354776029,1200
300000,17924,OBM_RR,3.0,5.530043287007115,4.286212343179135,-1.2438309438279802,9.047348275459791,10.586924235387578,4.288749176092091,10.557133568308693,1200
300000,17924,OBM_RR,4.0,5.530043287007115,3.9075988596249296,-1.6224444273821854,9.38907956074437,12.013581247720591,3.911664156507069,11.966801305956633,1200
300000,20203,OBM,0.0,5.530043287007115,5.318238257245715,-0.2118050297613996,2.6775509308028123,2.720181008992704,,,1200
300000,20203,OBM_RR,2.0,5.530043287007115,4.506263545442548,-1.0237797415645673,9.060204155672965,10.100778944781247,4.513770257446235,10.013001099793124,1200
300000,20203,OBM_RR,3.0,5.530043287007115,4.094903037089191,-1.4351402499179242,9.63340445838121,11.685004158267041,4.101379617877103,11.609814133305372,1200
300000,20203,OBM_RR,4.0,5.530043287007115,3.6735434869828016,-1.8564998000243134,9.816450273113622,13.25486140537634,3.6803987810101613,13.174678894967899,1200
300000,22773,OBM,0.0,5.530043287007115,5.2712346300286965,-0.2588086569784185,2.9501246830027377,3.014648166693875,,,1200
300000,22773,OBM_RR,2.0,5.530043287007115,4.338387374224218,-1.1916559127828972,9.7978569893497,11.209735922995684,4.3519683597922185,11.047797833874883,1200
300000,22773,OBM_RR,3.0,5.530043287007115,3.8779694444474337,-1.6520738425596813,10.218635750858853,12.939468202336384,3.891319040312635,12.783420545203914,1200
300000,22773,OBM_RR,4.0,5.530043287007115,3.4171710785716125,-2.1128722084355025,10.119476433439837,14.575272505591085,3.433832190386747,14.380204057351262,1200
300000,25670,OBM,0.0,5.530043287007115,5.2162763764245,-0.31376691058261486,3.2630999291136766,3.358830353349307,,,1200
300000,25670,OBM_RR,2.0,5.530043287007115,4.164696108172648,-1.365347178834467,10.569551847760847,12.424916806638954,4.1847998611747945,12.184103505330652,1200
300000,25670,OBM_RR,3.0,5.530043287007115,3.631852978949863,-1.8981903080572522,10.659420145492163,14.253663740973401,3.6539949318981373,13.991275995063237,1200
300000,25670,OBM_RR,4.0,5.530043287007115,3.1463694836535083,-2.3836738033536067,9.997169547636698,15.670739373807919,3.171403063448861,15.379530620562413,1200
300000,28935,OBM,0.0,5.530043287007115,5.150729070881773,-0.37931421612534244,3.598237046194537,3.739117789877491,,,1200
300000,28935,OBM_RR,2.0,5.530043287007115,3.9696653820013004,-1.5603779050058146,11.236648547521686,13.662063880162423,4.002390344834601,13.270000704197003,1200
300000,28935,OBM_RR,3.0,5.530043287007115,3.371158592880346,-2.158884694126769,11.057857140758028,15.70942538234223,3.4092686292038765,15.24870166201826,1200
300000,28935,OBM_RR,4.0,5.530043287007115,2.863877462116993,-2.666165824890122,9.413423322772365,16.514019009148747,2.8970860601407975,16.126193643736045,1200
300000,32615,OBM,0.0,5.530043287007115,5.073618654247493,-0.45642463275962175,3.9326773825598718,4.137723596797494,,,1200
300000,32615,OBM_RR,2.0,5.530043287007115,3.742993662481985,-1.78704962452513,11.929308950992233,15.112914220715147,3.801998842492359,14.39641935518353,1200
300000,32615,OBM_RR,3.0,5.530043287007115,3.0927637636615173,-2.4372795233455977,11.096867029468692,17.02795111519721,3.150936326767949,16.329872838580183,1200
300000,32615,OBM_RR,4.0,5.530043287007115,2.538176685143856,-2.991866601863259,8.308929545647405,17.253271201037506,2.5868103052913853,16.679172211174354,1200
300000,36764,OBM,0.0,5.530043287007115,4.986385320193554,-0.5436579668135613,4.274964265189977,4.566965779848841,,,1200
300000,36764,OBM_RR,2.0,5.530043287007115,3.4772891417803202,-2.052754145226795,12.518867256008063,16.722234447373843,3.5637398741924367,15.63933214915879,1200
300000,36764,OBM_RR,3.0,5.530043287007115,2.7998650522805995,-2.7301782347265156,10.571856003565937,18.016919316937358,2.875655031550945,17.108539152821354,1200
300000,36764,OBM_RR,4.0,5.530043287007115,2.1983327649904054,-3.3317105220167096,6.7654205429953445,17.860077695059704,2.2628928880986847,17.090998490639635,1200
300000,41440,OBM,0.0,5.530043287007115,4.890065623635866,-0.6399776633712486,4.631650836435544,5.0373625370193045,,,1200
300000,41440,OBM_RR,2.0,5.530043287007115,3.196927725863681,-2.333115561143434,12.994080013612491,18.426679835250784,3.3133624050015924,16.940748895922916,1200
300000,41440,OBM_RR,3.0,5.530043287007115,2.4827421356626953,-3.0473011513444197,9.476513532055584,18.754660744430566,2.5841141011331024,17.521686784923407,1200
300000,41440,OBM_RR,4.0,5.530043287007115,1.8110478457530803,-3.7189954412540347,5.287628837844713,19.114149572548136,1.8910183811148105,18.163118318967264,1200
300000,46711,OBM,0.0,5.530043287007115,4.781083914268879,-0.748959372738236,4.9930556056148765,5.549834867955983,,,1200
300000,46711,OBM_RR,2.0,5.530043287007115,2.8914264119134185,-2.6386168750936965,13.153599991771475,20.104937671974227,3.052823819078251,18.05309412085431,1200
300000,46711,OBM_RR,3.0,5.530043287007115,2.123006318770876,-3.407036968236239,7.778380873508565,19.379799792375692,2.247710381143607,17.833178329016448,1200
300000,46711,OBM_RR,4.0,5.530043287007115,1.3180690253475282,-4.211974261659587,3.9838432330006874,21.721250544522675,1.4377169450943221,20.289469552608214,1200
300000,52652,OBM,0.0,5.530043287007115,4.66482329014898,-0.8652199968581353,5.39590164705117,6.140010705308485,,,1200
300000,52652,OBM_RR,2.0,5.530043287007115,2.5662560240040206,-2.9637872630030944,12.563122149679284,21.336687821560595,2.7755250566563228,18.666288751571525,1200
300000,52652,OBM_RR,3.0,5.530043287007115,1.7350461204322876,-3.794997166574827,5.9969365229825495,20.39394257019103,1.8802782751753837,18.604384726683907,1200
300000,52652,OBM_RR,4.0,5.530043287007115,0.7431129531264238,-4.786930333880691,2.8466769331336947,25.759006723783187,0.9682284396330881,23.040958795517806,1200
300000,59349,OBM,0.0,5.530043287007115,4.529128760608834,-1.0009145263982813,5.757645099053117,6.754676950625669,,,1200
300000,59349,OBM_RR,2.0,5.530043287007115,2.240071110882269,-3.289972176124846,11.280791190026326,22.09530745037696,2.4963884248898656,18.738942392308214,1200
300000,59349,OBM_RR,3.0,5.530043287007115,1.2671188290891193,-4.262924457917996,4.7530945826476865,22.921658604410915,1.4612061060642365,20.530059198258332,1200
300000,59349,OBM_RR,4.0,5.530043287007115,0.0869872813730125,-5.443056005634102,1.9065842813347267,31.53185414156975,0.5263815932816046,26.060629176771048,1200
300000,60000,OBM,0.0,5.530043287007115,4.515307433521539,-1.0147358534855764,5.789899706142327,6.814763642069641,,,1200
300000,60000,OBM_RR,2.0,5.530043287007115,2.20931313957013,-3.320730147436985,11.116280967366388,22.134266111990442,2.4701153387782444,18.71191282572624,1200
300000,60000,OBM_RR,3.0,5.530043287007115,1.2177758083951793,-4.312267478611936,4.656686149246174,23.248456384549275,1.419222985722124,20.76300954790399,1200
300000,60000,OBM_RR,4.0,5.530043287007115,0.022850635374579188,-5.507192651632536,1.8310731715378343,32.158718179423616,0.48821524596629917,26.352179550549423,1200
1000000,7,OBM,0.0,5.530043287007115,0.19110764947395134,-5.338935637533163,8.071835745254848e-06,28.504241806830862,,,1200
1000000,7,OBM_RR,2.0,5.530043287007115,0.5457007252020353,-4.98434256180508,7.20989545358573e-05,24.8437428122937,0.5457007252020353,24.8437428122937,1200
1000000,7,OBM_RR,3.0,5.530043287007115,0.7051336247680127,-4.824909662239103,0.00012718066820833883,23.27988032345257,0.7051336247680127,23.27988032345257,1200
1000000,7,OBM_RR,4.0,5.530043287007115,0.854525302213746,-4.675517984793369,0.0001967461230211546,21.860665008294163,0.854525302213746,21.860665008294163,1200
1000000,9,OBM,0.0,5.530043287007115,0.24307216356789127,-5.286971123439224,1.3324111662296042e-05,27.95207697308844,,,1200
1000000,9,OBM_RR,2.0,5.530043287007115,0.6854748146344622,-4.844568472372653,0.00011857694979985436,23.469962161642773,0.6854748146344622,23.469962161642773,1200
1000000,9,OBM_RR,3.0,5.530043287007115,0.8791775462569444,-4.65086574075017,0.00020829204209866145,21.63076025694903,0.8791775462569444,21.63076025694903,1200
1000000,9,OBM_RR,4.0,5.530043287007115,1.0580272691477153,-4.472016017859399,0.0003206288259403781,19.999247625626296,1.0580272691477153,19.999247625626296,1200
1000000,10,OBM,0.0,5.530043287007115,0.2686518477951475,-5.261391439211968,1.643650456630634e-05,27.68225629942046,,,1200
1000000,10,OBM_RR,2.0,5.530043287007115,0.7530241500190787,-4.777019136988036,0.000145965835188485,22.820057679346917,0.7530241500190787,22.820057679346917,1200
1000000,10,OBM_RR,3.0,5.530043287007115,0.9624133486078285,-4.567629938399286,0.0002558348470585154,20.863498875812823,0.9624133486078285,20.863498875812823,1200
1000000,10,OBM_RR,4.0,5.530043287007115,1.1544172551293528,-4.375626031877762,0.00039271727953588034,19.14649556086147,1.1544172551293528,19.14649556086147,1200
1000000,11,OBM,0.0,5.530043287007115,0.2939700133856298,-5.236073273621486,1.987155939025497e-05,27.41648318173297,,,1200
1000000,11,OBM_RR,2.0,5.530043287007115,0.8190924141413475,-4.710950872865768,0.00017606656751768425,22.193234046400114,0.8190924141413475,22.193234046400114,1200
1000000,11,OBM_RR,3.0,5.530043287007115,1.0432892309835142,-4.486754056023601,0.00030786995953731023,20.13126957264547,1.0432892309835142,20.13126957264547,1200
1000000,11,OBM_RR,4.0,5.530043287007115,1.2475138612326389,-4.282529425774476,0.0004712384130518093,18.34052912833864,1.2475138612326389,18.34052912833864,1200
1000000,13,OBM,0.0,5.530043287007115,0.34384144438578995,-5.186201842621325,2.770475446723659e-05,26.896717234075997,,,1200
1000000,13,OBM_RR,2.0,5.530043287007115,0.946999292729012,-4.583043994278103,0.00024424465862180934,21.004536294609995,0.946999292729012,21.004536294609995,1200
1000000,13,OBM_RR,3.0,5.530043287007115,1.1984006136921288,-4.331642673314986,0.0004249163535135146,18.763552811539952,1.1984006136921288,18.763552811539952,1200
1000000,13,OBM_RR,4.0,5.530043287007115,1.4245596429683736,-4.105483644038742,0.0006465799261595503,16.85564199257918,1.4245596429683736,16.85564199257918,1200
1000000,15,OBM,0.0,5.530043287007115,0.3927244052112292,-5.137318881795886,3.681225859935382e-05,26.392082074838246,,,1200
1000000,15,OBM_RR,2.0,5.530043287007115,1.0695946247959736,-4.4604486622111414,0.0003227775391452611,19.895924776779022,1.0695946247959736,19.895924776779022,1200
1000000,15,OBM_RR,3.0,5.530043287007115,1.3453177279461492,-4.184725559060966,0.000558451036125914,17.512485990318375,1.3453177279461492,17.512485990318375,1200
1000000,15,OBM_RR,4.0,5.530043287007115,1.5904777750891432,-3.939565511917972,0.0008446903222181182,15.521020409107125,1.5904777750891432,15.521020409107125,1200
1000000,17,OBM,0.0,5.530043287007115,0.44065481746059276,-5.089388469546522,4.7181608282623674e-05,25.901922136243368,,,1200
1000000,17,OBM_RR,2.0,5.530043287007115,1.1872372572776801,-4.342806029729434,0.00041125825026987965,18.860375127389396,1.1872372572776801,18.860375127389396,1200
1000000,17,OBM_RR,3.0,5.530043287007115,1.4847409402705085,-4.045302346736607,0.0007074899608722304,16.3651779768986,1.4847409402705085,16.3651779768986,1200
1000000,17,OBM_RR,4.0,5.530043287007115,1.7463763390416007,-3.7836669479655143,0.0010637183167687368,14.317198405011508,1.7463763390416007,14.317198405011508,1200
1000000,19,OBM,0.0,5.530043287007115,0.487666572883939,-5.042376714123176,5.8797789030843856e-05,25.42562167592251,,,1200
1000000,19,OBM_RR,2.0,5.530043287007115,1.3002503769782536,-4.229792910028861,0.0005092834831695865,17.891656920810693,1.3002503769782536,17.891656920810693,1200
1000000,19,OBM_RR,3.0,5.530043287007115,1.6172810440635488,-3.9127622429435664,0.000871055814415875,15.310578699739338,1.6172810440635488,15.310578699739338,1200
1000000,19,OBM_RR,4.0,5.530043287007115,1.893199617306478,-3.636843669700637,0.001301960139954183,13.227932753014766,1.893199617306478,13.227932753014766,1200
1000000,22,OBM,0.0,5.530043287007115,0.5565312137634886,-4.973512073243627,7.852488019324623e-05,24.735900802142908,,,1200
1000000,22,OBM_RR,2.0,5.530043287007115,1.4617245847782845,-4.06831870222883,0.0006733675011883431,16.551889869266482,1.4617245847782845,16.551889869266482,1200
1000000,22,OBM_RR,3.0,5.530043287007115,1.8043420405507793,-3.7257012464563357,0.0011416805221811175,13.881990506968041,1.8043420405507793,13.881990506968041,1200
1000000,22,OBM_RR,4.0,5.530043287007115,2.098164818176126,-3.431878468830989,0.0016920788616842806,11.779480493621701,2.098164818176126,11.779480493621701,1200
1000000,25,OBM,0.0,5.530043287007115,0.6235015369035908,-4.906541750103524,0.0001009703284321998,24.074252831695446,,,1200
1000000,25,OBM_RR,2.0,5.530043287007115,1.6143154920526617,-3.9157277949544533,0.0008567165691569514,15.333780166817547,1.6143154920526617,15.333780166817547,1200
1000000,25,OBM_RR,3.0,5.530043287007115,1.9786673210843961,-3.551375965922719,0.0014400300965129243,12.613710081404955,1.9786673210843961,12.613710081404955,1200
1000000,25,OBM_RR,4.0,5.530043287007115,2.286820955920396,-3.243222331086719,0.0021179945407749368,10.520607318404897,2.286820955920396,10.520607318404897,1200
1000000,29,OBM,0.0,5.530043287007115,0.7100089052999778,-4.820034381707137,0.00013503351455680806,23.232866361825533,,,1200
1000000,29,OBM_RR,2.0,5.530043287007115,1.8052549722665996,-3.7247883147405156,0.0011288586155566993,13.875175907527534,1.8052549722665996,13.875175907527534,1200
1000000,29,OBM_RR,3.0,5.530043287007115,2.1935235285277424,-3.3365197584793727,0.0018765999822884267,11.134239134872221,2.1935235285277424,11.134239134872221,1200
1000000,29,OBM_RR,4.0,5.530043287007115,2.5162313252405926,-3.0138119617665224,0.0027353826925769755,9.085795644093976,2.5162313252405926,9.085795644093976,1200
1000000,33,OBM,0.0,5.530043287007115,0.7935161584508861,-4.736527128556229,0.00017368636586165335,22.43486278117634,,,1200
1000000,33,OBM_RR,2.0,5.530043287007115,1.9832940381258117,-3.5467492488813033,0.0014300232227597227,12.58085906597683,1.9832940381258117,12.58085906597683,1200
1000000,33,OBM_RR,3.0,5.530043287007115,2.3906214804478654,-3.1394218065592496,0.002353235588183717,9.85832055405827,2.3906214804478654,9.85832055405827,1200
1000000,33,OBM_RR,4.0,5.530043287007115,2.723661737565823,-2.806381549441292,0.003401701059849552,7.879176267353472,2.723661737565823,7.879176267353472,1200
1000000,38,OBM,0.0,5.530043287007115,0.8939584749310961,-4.636084812076019,0.00022821509745393304,21.49351040968014,,,1200
1000000,38,OBM_RR,2.0,5.530043287007115,2.1896742374705904,-3.3403690495365246,0.0018432284232060042,11.159907079501064,2.1896742374705904,11.159907079501064,1200
1000000,38,OBM_RR,3.0,5.530043287007115,2.6152096668916145,-2.9148336201155005,0.0029992477821923057,8.499251781364674,2.6152096668916145,8.499251781364674,1200
1000000,38,OBM_RR,4.0,5.530043287007115,2.9564568228878114,-2.5735864641193036,0.0042914564269817875,6.627635168511393,2.9564568228878114,6.627635168511393,1200
1000000,43,OBM,0.0,5.530043287007115,0.9903196299590015,-4.539723657048113,0.0002893686715236396,20.609380009893265,,,1200
1000000,43,OBM_RR,2.0,5.530043287007115,2.3800642001691736,-3.1499790868379414,0.002293150438438273,9.924659486996132,2.3800642001691736,9.924659486996132,1200
1000000,43,OBM_RR,3.0,5.530043287007115,2.8187061309496,-2.711337156057515,0.0036936695578068477,7.355039765317897,2.8187061309496,7.355039765317897,1200
1000000,43,OBM_RR,4.0,5.530043287007115,3.164023170096862,-2.366020116910253,0.005234827284853972,5.603281658552788,3.164023170096862,5.603281658552788,1200
1000000,49,OBM,0.0,5.530043287007115,1.1009671129557297,-4.429076174051385,0.000371073715892861,19.617086520037457,,,1200
1000000,49,OBM_RR,2.0,5.530043287007115,2.5899052449577993,-2.9401380420493157,0.0028768418401782414,8.64728615077756,2.5899052449577993,8.64728615077756,1200
1000000,49,OBM_RR,3.0,5.530043287007115,3.038863667486345,-2.49117961952077,0.004580257477167667,6.210552337311586,3.038863667486345,6.210552337311586,1200
1000000,49,OBM_RR,4.0,5.530043287007115,3.384882124129049,-2.145161162878066,0.006428675798474064,4.608139733289019,3.384882124129049,4.608139733289019,1200
1000000,56,OBM,0.0,5.530043287007115,1.2237281917906666,-4.306315095216449,0.0004772068565036103,18.54482650847317,,,1200
1000000,56,OBM_RR,2.0,5.530043287007115,2.8122104000092722,-2.7178328869978428,0.0036120477751570143,7.390224639382371,2.8122104000092722,7.390224639382371,1200
1000000,56,OBM_RR,3.0,5.530043287007115,3.267280694218754,-2.262762592788361,0.005676409641977005,5.125766230622914,3.267280694218754,5.125766230622914,1200
1000000,56,OBM_RR,4.0,5.530043287007115,3.609843759504905,-1.9201995275022101,0.007899855447311354,3.695059497654153,3.609843759504905,3.695059497654153,1200
1000000,64,OBM,0.0,5.530043287007115,1.3564144185237768,-4.1736288684833385,0.0006118122845860579,17.419789234278525,,,1200
1000000,64,OBM_RR,2.0,5.530043287007115,3.040580928854934,-2.489462358152181,0.004513845130793084,6.2019329162498,3.040580928854934,6.2019329162498,1200
1000000,64,OBM_RR,3.0,5.530043287007115,3.4966311498998417,-2.0334121371072733,0.006999512445466522,4.141758598853596,3.4966311498998417,4.141758598853596,1200
1000000,64,OBM_RR,4.0,5.530043287007115,3.8312282135951046,-1.6988150734120104,0.009669107696327395,2.895633703758436,3.8312282135951046,2.895633703758436,1200
1000000,73,OBM,0.0,5.530043287007115,1.4968983652485788,-4.033144921758536,0.0007788705713594572,16.26703618141922,,,1200
1000000,73,OBM_RR,2.0,5.530043287007115,3.269417302449602,-2.260625984557513,0.005593118852993334,5.116018299977241,3.269417302449602,5.116018299977241,1200
1000000,73,OBM_RR,3.0,5.530043287007115,3.7208911358900125,-1.8091521511171025,0.0085707985736905,3.2815951621331836,3.7208911358900125,3.2815951621331836,1200
1000000,73,OBM_RR,4.0,5.530043287007115,4.043146026288037,-1.4868972607190782,0.011740022639329915,2.222593703221028,4.043146026288037,2.222593703221028,1200
1000000,84,OBM,0.0,5.530043287007115,1.6572677340175908,-3.8727755529895243,0.0010035420351188517,14.999393189583406,,,1200
1000000,84,OBM_RR,2.0,5.530043287007115,3.514925319467859,-2.015117967539256,0.006988759483519557,4.067683358616824,3.514925319467859,4.067683358616824,1200
1000000,84,OBM_RR,3.0,5.530043287007115,3.9550300366602005,-1.5750132503469145,0.01059446637922437,2.4912523764255923,3.9550300366602005,2.4912523764255923,1200
1000000,84,OBM_RR,4.0,5.530043287007115,4.2594825082462,-1.270560778760915,0.014357643948739491,1.6286703717709914,4.2594825082462,1.6286703717709914,1200
1000000,96,OBM,0.0,5.530043287007115,1.8195629455800284,-3.7104803414270866,0.001272018051972863,13.7689353221538,,,1200
1000000,96,OBM_RR,2.0,5.530043287007115,3.746888199968945,-1.7831550870381698,0.008593434835811735,3.188228338070218,3.746888199968945,3.188228338070218,1200
1000000,96,OBM_RR,3.0,5.530043287007115,4.16982396248986,-1.3602193245172547,0.012894796579412282,1.8630806617057716,4.16982396248986,1.8630806617057716,1200
1000000,96,OBM_RR,4.0,5.530043287007115,4.453260787946826,-1.0767824990602888,0.017284758106621397,1.1767309044240521,4.453260787946826,1.1767309044240521,1200
1000000,109,OBM,0.0,5.530043287007115,1.9822103344869022,-3.5478329525202126,0.001587836947370831,12.588705172738203,,,1200
1000000,109,OBM_RR,2.0,5.530043287007115,3.9632238449498014,-1.5668194420573136,0.010422273425102525,2.46533675220604,3.9632238449498014,2.46533675220604,1200
1000000,109,OBM_RR,3.0,5.530043287007115,4.364300917306492,-1.1657423697006228,0.015466083865080391,1.374408467977084,4.364300917306492,1.374408467977084,1200
1000000,109,OBM_RR,4.0,5.530043287007115,4.624405240812422,-0.9056380461946931,0.02049884007959007,0.8406620284281966,4.624405240812422,0.8406620284281966,1200
1000000,124,OBM,0.0,5.530043287007115,2.1549030281825967,-3.3751402588245183,0.001980754333369712,11.393550870442796,,,1200
1000000,124,OBM_RR,2.0,5.530043287007115,4.17567686628297,-1.354366420724145,0.012637072621791411,1.8469349433130724,4.17567686628297,1.8469349433130724,1200
1000000,124,OBM_RR,3.0,5.530043287007115,4.549538820404757,-0.9805044666023583,0.018504650317444325,0.9798782388026893,4.549538820404757,0.9798782388026893,1200
1000000,124,OBM_RR,4.0,5.530043287007115,4.783245415222861,-0.7467978717842536,0.024247385480285537,0.5819342406272092,4.783245415222861,0.5819342406272092,1200
1000000,142,OBM,0.0,5.530043287007115,2.343671240644112,-3.186372046363003,0.0024868635991050652,10.155451609056326,,,1200
1000000,142,OBM_RR,2.0,5.530043287007115,4.388121297017488,-1.1419219899896271,0.015402294621445876,1.3193752905977985,4.388121297017488,1.3193752905977985,1200
1000000,142,OBM_RR,3.0,5.530043287007115,4.728588837078484,-0.8014544499286309,0.022202605117418863,0.664513338256893,4.728588837078484,0.664513338256893,1200
1000000,142,OBM_RR,4.0,5.530043287007115,4.932619995111362,-0.5974232918957529,0.028785724016381572,0.38567632561259235,4.932619995111362,0.38567632561259235,1200
1000000,162,OBM,0.0,5.530043287007115,2.5330182721685954,-2.9970250148385196,0.0030864814811181807,8.985242848981047,,,1200
1000000,162,OBM_RR,2.0,5.530043287007115,4.581161719167025,-0.9488815678400897,0.018573924936661164,0.9189346764525478,4.581161719167025,0.9189346764525478,1200
1000000,162,OBM_RR,3.0,5.530043287007115,4.8852865347579515,-0.6447567522491635,0.026360760562507676,0.44205006283292714,4.8852865347579515,0.44205006283292714,1200
1000000,162,OBM_RR,4.0,5.530043287007115,5.0598354104554,-0.47020787655171503,0.03385159357574957,0.254918831085709,5.0598354104554,0.254918831085709,1200
1000000,184,OBM,0.0,5.530043287007115,2.7200745723068684,-2.8099687147002466,0.0037851694412583486,7.899706192727546,,,1200
1000000,184,OBM_RR,2.0,5.530043287007115,4.7527392229473255,-0.7773040640597895,0.022145843262197717,0.6263289963966782,4.7527392229473255,0.6263289963966782,1200
1000000,184,OBM_RR,3.0,5.530043287007115,5.019226262489938,-0.510817024517177,0.030970325812495248,0.2918785497442337,5.019226262489938,0.2918785497442337,1200
1000000,184,OBM_RR,4.0,5.530043287007115,5.165902565544046,-0.36414072146306875,0.039352600957258295,0.17191827215077105,5.165902565544046,0.17191827215077105,1200
1000000,210,OBM,0.0,5.530043287007115,2.9168318525433583,-2.6132114344637567,0.004658726977619064,6.833528845917264,,,1200
1000000,210,OBM_RR,2.0,5.530043287007115,4.913134729889516,-0.6169085571175987,0.02640575637267584,0.4069599194206158,4.913134729889516,0.4069599194206158,1200
1000000,210,OBM_RR,3.0,5.530043287007115,5.139540622695845,-0.3905026643112697,0.03644431810098407,0.18890627867009968,5.139540622695845,0.18890627867009968,1200
1000000,210,OBM_RR,4.0,5.530043287007115,5.258938051116168,-0.27110523589094715,0.045670002587137444,0.11912999317913457,5.258938051116168,0.11912999317913457,1200
1000000,240,OBM,0.0,5.530043287007115,3.1163996841463724,-2.4136436028607426,0.005724133449088544,5.831394804968467,,,1200
1000000,240,OBM_RR,2.0,5.530043287007115,5.055287364011194,-0.4747559229959206,0.03134608877920273,0.25671315345826184,5.055287364011194,0.25671315345826184,1200
1000000,240,OBM_RR,3.0,5.530043287007115,5.241993588940536,-0.28804969806657876,0.04269163627748655,0.12562868847016925,5.241993588940536,0.12562868847016925,1200
1000000,240,OBM_RR,4.0,5.530043287007115,5.336042836066302,-0.19400045094081264,0.05284541456194232,0.09043755168171246,5.336042836066302,0.09043755168171246,1200
1000000,274,OBM,0.0,5.530043287007115,3.3131474085400994,-2.2168958784670156,0.006990172556897825,4.921611683377141,,,1200
1000000,274,OBM_RR,2.0,5.530043287007115,5.1757947163529385,-0.3542485706541765,0.03696415185257208,0.16242539820322263,5.1757947163529385,0.16242539820322263,1200
1000000,274,OBM_RR,3.0,5.530043287007115,5.32556133703446,-0.20448194997265468,0.04955740188449955,0.09132897191421495,5.32556133703446,0.09132897191421495,1200
1000000,274,OBM_RR,4.0,5.530043287007115,5.396724577305616,-0.1333187097014994,0.06082780909164718,0.0785509976072103,5.396724577305616,0.0785509976072103,1200
1000000,312,OBM,0.0,5.530043287007115,3.502830846618449,-2.027212440388666,0.00845955424513278,4.118042783083166,,,1200
1000000,312,OBM_RR,2.0,5.530043287007115,5.274151133577193,-0.25589215342992233,0.043286094395354066,0.10873081683702725,5.274151133577193,0.10873081683702725,1200
1000000,312,OBM_RR,3.0,5.530043287007115,5.391092329435581,-0.13895095757153442,0.05710548862534361,0.07636526932820206,5.391092329435581,0.07636526932820206,1200
1000000,312,OBM_RR,4.0,5.530043287007115,5.442596109593011,-0.0874471774141039,0.06982721012615847,0.0774160296220804,5.442596109593011,0.0774160296220804,1200
1000000,356,OBM,0.0,5.530043287007115,3.690338783474627,-1.839704503532488,0.010215384494574462,3.3947195319918797,,,1200
1000000,356,OBM_RR,2.0,5.530043287007115,5.354989420405542,-0.17505386660157285,0.05054292007607859,0.0811446571881763,5.354989420405542,0.0811446571881763,1200
1000000,356,OBM_RR,3.0,5.530043287007115,5.442208539354656,-0.08783474765245902,0.06568680844845072,0.07334701233658145,5.442208539354656,0.07334701233658145,1200
1000000,356,OBM_RR,4.0,5.530043287007115,5.47753232581865,-0.052510961188464655,0.08039181772612991,0.08308222558962787,5.47753232581865,0.08308222558962787,1200
1000000,406,OBM,0.0,5.530043287007115,3.8700128119729666,-1.6600304750341484,0.012253509482363013,2.767944476266563,,,1200
1000000,406,OBM_RR,2.0,5.530043287007115,5.41812862394493,-0.11191466306218523,0.058528185314744706,0.07100430363530473,5.41812862394493,0.07100430363530473,1200
1000000,406,OBM_RR,3.0,5.530043287007115,5.479665681681995,-0.05037760532511992,0.0755056381102921,0.07798061986349372,5.479665681681995,0.07798061986349372,1200
1000000,406,OBM_RR,4.0,5.530043287007115,5.502737881903627,-0.02730540510348778,0.0921419007027172,0.09281070093333053,5.502737881903627,0.09281070093333053,1200
1000000,463,OBM,0.0,5.530043287007115,4.040736777305838,-1.4893065097012768,0.014613301351115077,2.2326350034385882,,,1200
1000000,463,OBM_RR,2.0,5.530043287007115,5.465823226982353,-0.06422006002476177,0.06746614271459182,0.07153413703858026,5.465823226982353,0.07153413703858026,1200
1000000,463,OBM_RR,3.0,5.530043287007115,5.506124436267916,-0.023918850739199193,0.0869409401802656,0.08744060081746609,5.506124436267916,0.08744060081746609,1200
1000000,463,OBM_RR,4.0,5.530043287007115,5.520540807110243,-0.009502479896871918,0.10542373409954907,0.10542617811198988,5.520540807110243,0.10542617811198988,1200
1000000,528,OBM,0.0,5.530043287007115,4.2011186242578615,-1.3289246627492535,0.01733314943329025,1.7833594644053126,,,1200
1000000,528,OBM_RR,2.0,5.530043287007115,5.499761669857803,-0.030281617149311657,0.077508833781353,0.07836121942371273,5.499761669857803,0.07836121942371273,1200
1000000,528,OBM_RR,3.0,5.530043287007115,5.524092514663322,-0.005950772343792821,0.09982737630467015,0.09977959851590391,5.524092514663322,0.09977959851590391,1200
1000000,528,OBM_RR,4.0,5.530043287007115,5.532828291464245,0.002785004457130036,0.12070260282773355,0.12060977357520333,5.532828291464245,0.12060977357520333,1200
1000000,602,OBM,0.0,5.530043287007115,4.349858676232998,-1.1801846107741172,0.020459441016695126,1.4132781069905678,,,1200
1000000,602,OBM_RR,2.0,5.530043287007115,5.522305747498643,-0.007737539508472224,0.08913347451738012,0.08911906613959414,5.522305747498643,0.08911906613959414,1200
1000000,602,OBM_RR,3.0,5.530043287007115,5.535676375261038,0.0056330882539228355,0.11433875654459995,0.11427520593075594,5.535676375261038,0.11427520593075594,1200
1000000,602,OBM_RR,4.0,5.530043287007115,5.540260210281119,0.010216923274003697,0.13857919492341986,0.13856809778217052,5.540260210281119,0.13856809778217052,1200
1000000,686,OBM,0.0,5.530043287007115,4.486076089403468,-1.0439671976036466,0.024007206393390466,1.1138547100604739,,,1200
1000000,686,OBM_RR,2.0,5.530043287007115,5.536071092708371,0.0060278057012563835,0.10283085063466434,0.10278149270070754,5.536071092708371,0.10278149270070754,1200
1000000,686,OBM_RR,3.0,5.530043287007115,5.543008845028069,0.012965558020954226,0.13091354712662193,0.13097255819881112,5.543008845028069,0.13097255819881112,1200
1000000,686,OBM_RR,4.0,5.530043287007115,5.543813652003084,0.01377036499596862,0.15946824230738596,0.15952497505758534,5.543813652003084,0.15952497505758534,1200
1000000,782,OBM,0.0,5.530043287007115,4.6105450595546715,-0.9194982274524435,0.027977400551599824,0.873431076339326,,,1200
1000000,782,OBM_RR,2.0,5.530043287007115,5.543758276516578,0.013714989509463038,0.1185256264184908,0.11861495600038677,5.543758276516578,0.11861495600038677,1200
1000000,782,OBM_RR,3.0,5.530043287007115,5.546717448605211,0.01667416159809587,0.15037416875952064,0.15052688461722044,5.546717448605211,0.15052688461722044,1200
1000000,782,OBM_RR,4.0,5.530043287007115,5.544115737773168,0.014072450766052569,0.18279415400623872,0.18283985941512987,5.544115737773168,0.18283985941512987,1200
1000000,892,OBM,0.0,5.530043287007115,4.723420589077747,-0.8066226979293676,0.03242821582114692,0.6830413691228145,,,1200
1000000,892,OBM_RR,2.0,5.530043287007115,5.5472772991565895,0.01723401214947451,0.13629119803101722,0.13647463320742625,5.5472772991565895,0.13647463320742625,1200
1000000,892,OBM_RR,3.0,5.530043287007115,5.54742559244431,0.0173823054371951,0.1734780758435726,0.17363565532268158,5.54742559244431,0.17363565532268158,1200
1000000,892,OBM_RR,4.0,5.530043287007115,5.542916465473929,0.012873178466813684,0.20977750416522686,0.20976840830226093,5.542916465473929,0.20976840830226093,1200
1000000,1017,OBM,0.0,5.530043287007115,4.823812116158376,-0.7062311708487394,0.037407297644338124,0.5361385915746831,,,1200
1000000,1017,OBM_RR,2.0,5.530043287007115,5.549082398464915,0.019039111457799685,0.1563151150272325,0.15654734019647895,5.549082398464915,0.15654734019647895,1200
1000000,1017,OBM_RR,3.0,5.530043287007115,5.545745094515214,0.015701807508098575,0.1989197050386785,0.19900048537683432,5.545745094515214,0.19900048537683432,1200
1000000,1017,OBM_RR,4.0,5.530043287007115,5.539383667354949,0.00934038034783402,0.24010676232152417,0.23999391605796508,5.539383667354949,0.23999391605796508,1200
1000000,1160,OBM,0.0,5.530043287007115,4.912878924238114,-0.6171643627690013,0.04305015681303889,0.4239061323544293,,,1200
1000000,1160,OBM_RR,2.0,5.530043287007115,5.549461906579231,0.019418619572116214,0.17939136481441087,0.17961895479648543,5.549461906579231,0.17961895479648543,1200
1000000,1160,OBM_RR,3.0,5.530043287007115,5.543411076701811,0.013367789694695986,0.227763468169613,0.22775236308079325,5.543411076701811,0.22775236308079325,1200
1000000,1160,OBM_RR,4.0,5.530043287007115,5.535338133409971,0.005294846402856379,0.27426733774916867,0.27406681703280755,5.535338133409971,0.27406681703280755,1200
1000000,1322,OBM,0.0,5.530043287007115,4.990727077779419,-0.539316209227696,0.04951069120736917,0.34033140583376265,,,1200
1000000,1322,OBM_RR,2.0,5.530043287007115,5.548294627615899,0.018251340608784083,0.2064055446184153,0.20656665143191777,5.548294627615899,0.20656665143191777,1200
1000000,1322,OBM_RR,3.0,5.530043287007115,5.539317937818244,0.009274650811128993,0.2604029159810657,0.2602719326987498,5.539317937818244,0.2602719326987498,1200
1000000,1322,OBM_RR,4.0,5.530043287007115,5.5310548396051,0.0010115525979852436,0.31315489774306865,0.3128949585669412,5.5310548396051,0.3128949585669412,1200
1000000,1508,OBM,0.0,5.530043287007115,5.059634310424015,-0.47040897658309966,0.056900936806680236,0.27813812460930043,,,1200
1000000,1508,OBM_RR,2.0,5.530043287007115,5.545281571775732,0.015238284768616772,0.23650309939560774,0.2365382188021342,5.545281571775732,0.2365382188021342,1200
1000000,1508,OBM_RR,3.0,5.530043287007115,5.534457401439181,0.004414114432066185,0.297480451535911,0.29725203556585045,5.534457401439181,0.29725203556585045,1200
1000000,1508,OBM_RR,4.0,5.530043287007115,5.52588438853142,-0.004158898475695061,0.3554312332065298,0.3551523369487221,5.52588438853142,0.3551523369487221,1200
1000000,1719,OBM,0.0,5.530043287007115,5.119671543201225,-0.41037174380589025,0.06508388633862348,0.23343461788096154,,,1200
1000000,1719,OBM_RR,2.0,5.530043287007115,5.541975514955498,0.011932227948382668,0.2706931031608889,0.2706099036387336,5.541975514955498,0.2706099036387336,1200
1000000,1719,OBM_RR,3.0,5.530043287007115,5.529845138016876,-0.0001981489902389555,0.3398337146934447,0.3395505591942225,5.529845138016876,0.3395505591942225,1200
1000000,1719,OBM_RR,4.0,5.530043287007115,5.520033846374485,-0.010009440632630096,0.4006634832796663,0.400429785945378,5.520033846374485,0.400429785945378,1200
1000000,1960,OBM,0.0,5.530043287007115,5.17266609679635,-0.357377190210765,0.07437465370676245,0.20203113091161476,,,1200
1000000,1960,OBM_RR,2.0,5.530043287007115,5.536446371528721,0.006403084521606317,0.31007295636180093,0.3098555617228903,5.536446371528721,0.3098555617228903,1200
1000000,1960,OBM_RR,3.0,5.530043287007115,5.524145548178651,-0.005897738828464227,0.3862304129219266,0.3859433375677805,5.524145548178651,0.3859433375677805,1200
1000000,1960,OBM_RR,4.0,5.530043287007115,5.512760003013882,-0.01728328399323331,0.4510371396911584,0.4509599873136733,5.512760003013882,0.4509599873136733,1200
1000000,2235,OBM,0.0,5.530043287007115,5.219147364863484,-0.31089592214363115,0.08508338338244686,0.18166875496850024,,,1200
1000000,2235,OBM_RR,2.0,5.530043287007115,5.52980094631703,-0.00024234069008510772,0.35396662429776893,0.3536717108398642,5.52980094631703,0.3536717108398642,1200
1000000,2235,OBM_RR,3.0,5.530043287007115,5.517496403487252,-0.012546883519862995,0.4351043803349958,0.4348992176374443,5.517496403487252,0.4348992176374443,1200
1000000,2235,OBM_RR,4.0,5.530043287007115,5.503615447687521,-0.02642783931959425,0.5128268288528033,0.5130979038531951,5.503615447687521,0.5130979038531951,1200
1000000,2548,OBM,0.0,5.530043287007115,5.259240907437892,-0.27080237956922293,0.09766729823805403,0.17091983760320925,,,1200
1000000,2548,OBM_RR,2.0,5.530043287007115,5.524203029894308,-0.005840257112806668,0.40337947327264123,0.40307743231472437,5.524203029894308,0.40307743231472437,1200
1000000,2548,OBM_RR,3.0,5.530043287007115,5.509959210423931,-0.020084076583184007,0.48888863470818844,0.4888845976447974,5.509959210423931,0.4888845976447974,1200
1000000,2548,OBM_RR,4.0,5.530043287007115,5.494822817395263,-0.03522046961185232,0.5870491057169367,0.5878003796085186,5.494822817395263,0.5878003796085186,1200
1000000,2905,OBM,0.0,5.530043287007115,5.293640542682827,-0.23640274432428843,0.11199427258365197,0.1677872015472204,,,1200
1000000,2905,OBM_RR,2.0,5.530043287007115,5.518036100993027,-0.012007186014088234,0.45751458903786785,0.4572774993963133,5.518036100993027,0.4572774993963133,1200
1000000,2905,OBM_RR,3.0,5.530043287007115,5.500828338336908,-0.02921494867020691,0.5545249374945945,0.5549163466058187,5.500828338336908,0.5549163466058187,1200
1000000,2905,OBM_RR,4.0,5.530043287007115,5.485749307398846,-0.04429397960826886,0.6692315622706225,0.6706358259316014,5.485749307398846,0.6706358259316014,1200
1000000,3313,OBM,0.0,5.530043287007115,5.323199223532426,-0.20684406347468887,0.12812232347150784,0.17080002146333623,,,1200
1000000,3313,OBM_RR,2.0,5.530043287007115,5.511068921822189,-0.0189743651849259,0.5136088547674559,0.513540873922654,5.511068921822189,0.513540873922654,1200
1000000,3313,OBM_RR,3.0,5.530043287007115,5.491510499492245,-0.038532787514870215,0.635429546773355,0.6363847978647099,5.491510499492245,0.6363847978647099,1200
1000000,3313,OBM_RR,4.0,5.530043287007115,5.474402806635589,-0.055640480371526024,0.7628146564835053,0.7652748406590765,5.474402806635589,0.7652748406590765,1200
1000000,3777,OBM,0.0,5.530043287007115,5.348322542649385,-0.18172074435773045,0.1467907668904246,0.17969087018127705,,,1200
1000000,3777,OBM_RR,2.0,5.530043287007115,5.5031237700378535,-0.026919516969261537,0.5764278469678429,0.5766721508225614,5.5031237700378535,0.5766721508225614,1200
1000000,3777,OBM_RR,3.0,5.530043287007115,5.482199344391125,-0.04784394261599001,0.7257709203038065,0.7274551540485956,5.482199344391125,0.7274551540485956,1200
1000000,3777,OBM_RR,4.0,5.530043287007115,5.461981558385644,-0.06806172862147086,0.8699818634571831,0.8738892774739114,5.461981558385644,0.8738892774739114,1200
1000000,4307,OBM,0.0,5.530043287007115,5.369137866895107,-0.16090542011200792,0.16786976413858654,0.193620426889893,,,1200
1000000,4307,OBM_RR,2.0,5.530043287007115,5.4936482531880015,-0.036395033819113465,0.6543567876116104,0.6551360887752952,5.4936482531880015,0.6551360887752952,1200
1000000,4307,OBM_RR,3.0,5.530043287007115,5.470956200341502,-0.05908708666561324,0.8275974039137511,0.8303990232211191,5.470956200341502,0.8303990232211191,1200
1000000,4307,OBM_RR,4.0,5.530043287007115,5.450632988574432,-0.07941029843268321,0.9940504089744391,0.9995280291307945,5.450632988574432,0.9995280291307945,1200
1000000,4910,OBM,0.0,5.530043287007115,5.387183020602886,-0.1428602664042291,0.19165258613190897,0.211901931360553,,,1200
1000000,4910,OBM_RR,2.0,5.530043287007115,5.483057591270911,-0.046985695736204036,0.7524207517946765,0.7540013901053293,5.483057591270911,0.7540013901053293,1200
1000000,4910,OBM_RR,3.0,5.530043287007115,5.457591802804425,-0.07245148420269043,0.9445277449574915,0.9489898560665327,5.457591802804425,0.9489898560665327,1200
1000000,4910,OBM_RR,4.0,5.530043287007115,5.432915481281093,-0.09712780572602231,1.1398835291115113,1.1483674368157368,5.432915481281093,1.1483674368157368,1200
1000000,5598,OBM,0.0,5.530043287007115,5.40211702094673,-0.12792626606038482,0.21890998197203268,0.23509268653520848,,,1200
1000000,5598,OBM_RR,2.0,5.530043287007115,5.472848074534134,-0.05719521247298065,0.8637924230091589,0.866343888319814,5.472848074534134,0.866343888319814,1200
1000000,5598,OBM_RR,3.0,5.530043287007115,5.445567159752347,-0.08447612725476805,1.0795050044589327,1.0857416330311809,5.445567159752347,1.0857416330311809,1200
1000000,5598,OBM_RR,4.0,5.530043287007115,5.40836173046488,-0.12168155654223511,1.313041519414702,1.3267537193510643,5.40836173046488,1.3267537193510643,1200
1000000,6383,OBM,0.0,5.530043287007115,5.4141527648269445,-0.11589052218017049,0.2477235287593732,0.2609477056165994,,,1200
1000000,6383,OBM_RR,2.0,5.530043287007115,5.460226763080427,-0.06981652392668813,0.9884285470122749,0.9924792035696374,5.460226763080427,0.9924792035696374,1200
1000000,6383,OBM_RR,3.0,5.530043287007115,5.428229594114741,-0.10181369289237363,1.2386702643074627,1.2480040671475887,5.428229594114741,1.2480040671475887,1200
1000000,6383,OBM_RR,4.0,5.530043287007115,5.379542955021973,-0.15050033198514168,1.5046785343062714,1.5260749854553206,5.379542955021973,1.5260749854553206,1200
1000000,7278,OBM,0.0,5.530043287007115,5.423603306136503,-0.10643998087061224,0.2795545978290027,0.29065110519188164,,,1200
1000000,7278,OBM_RR,2.0,5.530043287007115,5.445188404922432,-0.08485488208468261,1.1300680031874588,1.1363266308650748,5.445188404922432,1.1363266308650748,1200
1000000,7278,OBM_RR,3.0,5.530043287007115,5.403110569571573,-0.12693271743554213,1.4279949255377367,1.4429168445220262,5.403110569571573,1.4429168445220262,1200
1000000,7278,OBM_RR,4.0,5.530043287007115,5.35376205221003,-0.17628123479708524,1.731783376307539,1.761415297235535,5.35376205221003,1.761415297235535,1200
1000000,8298,OBM,0.0,5.530043287007115,5.430155535919489,-0.09988775108762571,0.31620882553223617,0.32592288099496947,,,1200
1000000,8298,OBM_RR,2.0,5.530043287007115,5.432740780618724,-0.09730250638839077,1.2909732304951955,1.299365197219246,5.432740780618724,1.299365197219246,1200
1000000,8298,OBM_RR,3.0,5.530043287007115,5.37249130067642,-0.15755198633069512,1.6378171157987962,1.6612748965990447,5.37249130067642,1.6612748965990447,1200
1000000,8298,OBM_RR,4.0,5.530043287007115,5.325713533313735,-0.20432975369338013,1.9950216774912852,2.0351098076711067,5.325713533313735,2.0351098076711067,1200
1000000,9461,OBM,0.0,5.530043287007115,5.4341424942083805,-0.09590079279873454,0.36084464345641115,0.3697409016462899,,,1200
1000000,9461,OBM_RR,2.0,5.530043287007115,5.414784962788716,-0.11525832421839866,1.4809420255162546,1.4929923884632912,5.414784962788716,1.4929923884632912,1200
1000000,9461,OBM_RR,3.0,5.530043287007115,5.34439218512002,-0.18565110188709522,1.882776474508776,1.9156738257452441,5.34439218512002,1.9156738257452441,1200
1000000,9461,OBM_RR,4.0,5.530043287007115,5.290971940537435,-0.23907134646967965,2.2883191183787766,2.343567294482953,5.290971940537435,2.343567294482953,1200
1000000,10787,OBM,0.0,5.530043287007115,5.436941498936439,-0.09310178807067615,0.41287667495974345,0.42120055400590073,,,1200
1000000,10787,OBM_RR,2.0,5.530043287007115,5.385772118594705,-0.14427116841241006,1.7078930923187379,1.727284018110221,5.385772118594705,1.727284018110221,1200
1000000,10787,OBM_RR,3.0,5.530043287007115,5.315573275231469,-0.21447001177564573,2.1702663199004557,2.2144551505849175,5.315573275231469,2.2144551505849175,1200
1000000,10787,OBM_RR,4.0,5.530043287007115,5.254997534460587,-0.27504575254652774,2.622965994725479,2.69643035572376,5.254997534460587,2.69643035572376,1200
1000000,12299,OBM,0.0,5.530043287007115,5.4375908063677825,-0.09245248063933253,0.4704274688843156,0.4785829071699447,,,1200
1000000,12299,OBM_RR,2.0,5.530043287007115,5.34932241839504,-0.1807208686120747,1.9621469905321258,1.9931719003919182,5.34932241839504,1.9931719003919182,1200
1000000,12299,OBM_RR,3.0,5.530043287007115,5.279481125377166,-0.25056216162994893,2.4873941240324013,2.5481026924363803,5.279481125377166,2.5481026924363803,1200
1000000,12299,OBM_RR,4.0,5.530043287007115,5.2148609247675966,-0.31518236223951845,2.9822718357034925,3.079126530640623,5.2148609247675966,3.079126530640623,1200
1000000,14022,OBM,0.0,5.530043287007115,5.435326394674475,-0.0947168923326398,0.5363484407361403,0.5448727733953463,,,1200
1000000,14022,OBM_RR,2.0,5.530043287007115,5.31608765659661,-0.21395563041050458,2.2572908237933595,2.3011867598912215,5.31608765659661,2.3011867598912215,1200
1000000,14022,OBM_RR,3.0,5.530043287007115,5.24024634903674,-0.2897969379703751,2.8545204437704483,2.9361239419909793,5.24024634903674,2.9361239419909793,1200
1000000,14022,OBM_RR,4.0,5.530043287007115,5.169488249366077,-0.3605550376410376,3.3671718760838476,3.4943658346887743,5.169488249366077,3.4943658346887743,1200
1000000,15988,OBM,0.0,5.530043287007115,5.432381073012852,-0.09766221399426289,0.6119381613368335,0.620966120911314,,,1200
1000000,15988,OBM_RR,2.0,5.530043287007115,5.283285601542634,-0.2467576854644813,2.6061881407405827,2.6649056726257534,5.283285601542634,2.6649056726257534,1200
1000000,15988,OBM_RR,3.0,5.530043287007115,5.198933817772088,-0.3311094692350274,3.2404260155296534,3.3473591411338135,5.198933817772088,3.3473591411338135,1200
1000000,15988,OBM_RR,4.0,5.530043287007115,5.112280724148589,-0.41776256285852575,3.7723178682635665,3.943699828966137,5.112280724148589,3.943699828966137,1200
1000000,18228,OBM,0.0,5.530043287007115,5.427296815414859,-0.1027464715922557,0.6995862905845566,0.7095601394337275,,,1200
1000000,18228,OBM_RR,2.0,5.530043287007115,5.241922696514632,-0.2881205904924826,2.980483411180795,3.061013149670549,5.241922696514632,3.061013149670549,1200
1000000,18228,OBM_RR,3.0,5.530043287007115,5.151491556471763,-0.37855173053535207,3.664444199530542,3.8046919087222433,5.151491556471763,3.8046919087222433,1200
1000000,18228,OBM_RR,4.0,5.530043287007115,5.041730378301603,-0.48831290870551225,4.220187719049629,4.455120392758858,5.041730378301603,4.455120392758858,1200
1000000,20783,OBM,0.0,5.530043287007115,5.415595118703028,-0.11444816830408744,0.8020735738815584,0.8145035624648178,,,1200
1000000,20783,OBM_RR,2.0,5.530043287007115,5.199412951738171,-0.33063033526894436,3.4129875973446144,3.5194598596135482,5.199412951738171,3.5194598596135482,1200
1000000,20783,OBM_RR,3.0,5.530043287007115,5.09425044712351,-0.4357928398836046,4.110987194546737,4.297476771178432,5.09425044712351,4.297476771178432,1200
1000000,20783,OBM_RR,4.0,5.530043287007115,4.962351706028593,-0.5676915809785221,4.721536876211606,5.039875993261989,4.962351706028593,5.039875993261989,1200
1000000,23696,OBM,0.0,5.530043287007115,5.3990123484989,-0.13103093850821512,0.92081633766661,0.9372180975648985,,,1200
1000000,23696,OBM_RR,2.0,5.530043287007115,5.160430039084002,-0.36961324792311334,3.860703142343439,3.994099842765092,5.160430039084002,3.994099842765092,1200
1000000,23696,OBM_RR,3.0,5.530043287007115,5.024938957777509,-0.5051043292296056,4.598345020365478,4.84964344958833,5.024938957777509,4.84964344958833,1200
1000000,23696,OBM_RR,4.0,5.530043287007115,4.878045637488716,-0.6519976495183988,5.313221010085657,5.733894260888103,4.878045637488716,5.733894260888103,1200
1000000,27017,OBM,0.0,5.530043287007115,5.380422458255608,-0.14962082875150706,1.0539507107584682,1.0754588108957908,,,1200
1000000,27017,OBM_RR,2.0,5.530043287007115,5.113272284247128,-0.4167710027599867,4.3642601031233434,4.534321288445638,5.113272284247128,4.534321288445638,1200
1000000,27017,OBM_RR,3.0,5.530043287007115,4.941465479176241,-0.5885778078308741,5.139274907604729,5.481416014386057,4.941465479176241,5.481416014386057,1200
1000000,27017,OBM_RR,4.0,5.530043287007115,4.785969878437421,-0.7440734085696938,5.98996812913645,6.53862172636936,4.786194192884975,6.536080408793956,1200
1000000,30804,OBM,0.0,5.530043287007115,5.363219485381094,-0.16682380162602062,1.212514699005696,1.2393344508788162,,,1200
1000000,30804,OBM_RR,2.0,5.530043287007115,5.047587708479096,-0.4824555785280191,4.891686734013384,5.12037371365451,5.047587708479096,5.12037371365451,1200
1000000,30804,OBM_RR,3.0,5.530043287007115,4.850802328054864,-0.679240958952251,5.780465556576225,6.237016782264118,4.851185807277602,6.232661093041376,1200
1000000,30804,OBM_RR,4.0,5.530043287007115,4.6881075362451705,-0.8419357507619445,6.747243415882824,7.450476521447335,4.688286364444645,7.448460290649358,1200
1000000,35121,OBM,0.0,5.530043287007115,5.341683796088893,-0.1883594909182218,1.3932062119506243,1.4275245045929705,,,1200
1000000,35121,OBM_RR,2.0,5.530043287007115,4.968021534724613,-0.5620217522825017,5.470462997453634,5.781772728327783,4.968021534724613,5.781772728327783,1200
1000000,35121,OBM_RR,3.0,5.530043287007115,4.75292130035462,-0.777121986652495,6.505189090233579,7.103686681463771,4.7537027532398755,7.0945169246750295,1200
1000000,35121,OBM_RR,4.0,5.530043287007115,4.5738226931565755,-0.9562205938505395,7.601615486255212,8.50963863078721,4.573878775774838,8.50901457786185,1200
1000000,40043,OBM,0.0,5.530043287007115,5.3147123001734204,-0.21533098683369456,1.6013490316857057,1.6463820080500735,,,1200
1000000,40043,OBM_RR,2.0,5.530043287007115,4.871985698060289,-0.6580575889468259,6.094205323053058,6.52216660898769,4.873480237727545,6.5045893916642425,1200
1000000,40043,OBM_RR,3.0,5.530043287007115,4.6508989305566555,-0.8791443564504595,7.327459616820978,8.09424819995232,4.651655141368593,8.085448120246808,1200
1000000,40043,OBM_RR,4.0,5.530043287007115,4.4335431767494375,-1.0965001102576775,8.501239757691247,9.696467883021603,4.4337168227041195,9.694529027211106,1200
1000000,45655,OBM,0.0,5.530043287007115,5.288552891554476,-0.24149039545263928,1.8285120020705847,1.8853058531647313,,,1200
1000000,45655,OBM_RR,2.0,5.530043287007115,4.7671283668318045,-0.7629149201753105,6.8508221411460966,7.427152298121243,4.770240995444761,7.389308028090198,1200
1000000,45655,OBM_RR,3.0,5.530043287007115,4.534263153716171,-0.9957801332909444,8.253427099406165,9.238127317346924,4.5357433104775415,9.221304082272233,1200
1000000,45655,OBM_RR,4.0,5.530043287007115,4.273770745791786,-1.2562725412153286,9.388008930023414,10.958406287060013,4.274794785707731,10.946862764285124,1200
1000000,52054,OBM,0.0,5.530043287007115,5.256425117861175,-0.27361816914593984,2.0821011893847223,2.155233007547012,,,1200
1000000,52054,OBM_RR,2.0,5.530043287007115,4.655495514060133,-0.8745477729469817,7.696738276251635,8.455158134854615,4.660235749652794,8.397762915872837,1200
1000000,52054,OBM_RR,3.0,5.530043287007115,4.3858152598170195,-1.1442280271900955,9.252284384795384,10.553831926015393,4.387693334608953,10.532485255382017,1200
1000000,52054,OBM_RR,4.0,5.530043287007115,4.114009684017361,-1.4160336029897538,10.139791318675806,12.136492657373052,4.116226603681045,12.111176306872585,1200
1000000,59349,OBM,0.0,5.530043287007115,5.217940139094889,-0.31210314791222604,2.348605346404809,2.4440565502195257,,,1200
1000000,59349,OBM_RR,2.0,5.530043287007115,4.540713711883745,-0.9893295751233699,8.701223598321878,9.672745586870397,4.547623009475554,9.59059838693165,1200
1000000,59349,OBM_RR,3.0,5.530043287007115,4.219204528024868,-1.3108387589822472,10.256453151111293,11.966204358868817,4.222874259608095,11.924298898551111,1200
1000000,59349,OBM_RR,4.0,5.530043287007115,3.9233905907089803,-1.6066526962981347,10.890803236587946,13.463060453746184,3.9275582150721267,13.41543698516282,1200
1000000,67667,OBM,0.0,5.530043287007115,5.1702727291517965,-0.35977055785531853,2.629290006165936,2.7565337854603245,,,1200
1000000,67667,OBM_RR,2.0,5.530043287007115,4.419445403166535,-1.1105978838405797,9.830252210410361,11.05548799315953,4.430194325505618,10.92842027863853,1200
1000000,67667,OBM_RR,3.0,5.530043287007115,4.052588598800489,-1.4774546882066257,11.110351866254874,13.283965595403396,4.060550409900137,13.192554635470865,1200
1000000,67667,OBM_RR,4.0,5.530043287007115,3.708048014793518,-1.8219952722135968,11.545678497759447,14.855723870980013,3.7171089414574876,14.750723292016403,1200
1000000,77151,OBM,0.0,5.530043287007115,5.110576180675017,-0.4194671063320978,2.939211455105507,3.112714765520875,,,1200
1000000,77151,OBM_RR,2.0,5.530043287007115,4.262315508623101,-1.267727778384014,11.081241696839236,12.679141048845004,4.277244056503551,12.50276689796427,1200
1000000,77151,OBM_RR,3.0,5.530043287007115,3.8616600121909386,-1.6683832748161764,11.907736716193835,14.681316353950024,3.8746858841464684,14.528781629689233,1200
1000000,77151,OBM_RR,4.0,5.530043287007115,3.464128977318165,-2.06591430968895,11.702099256452156,15.960349442049349,3.478356035261339,15.794397338405203,1200
1000000,87963,OBM,0.0,5.530043287007115,5.047089853805565,-0.4829534332015504,3.295250806337755,3.525748782640305,,,1200
1000000,87963,OBM_RR,2.0,5.530043287007115,4.080893842562285,-1.4491494444448296,12.307138831582588,14.39691699489103,4.103062243211232,14.135440962876789,1200
1000000,87963,OBM_RR,3.0,5.530043287007115,3.638063663425967,-1.8919796235811481,12.698176032643225,16.267181115328953,3.6626291354827156,15.976304469400429,1200
1000000,87963,OBM_RR,4.0,5.530043287007115,3.1776408584680547,-2.3524024285390603,11.428377004807263,16.952650543099722,3.1982539147816267,16.7105982308838,1200
1000000,100291,OBM,0.0,5.530043287007115,4.97715812278053,-0.5528851642265851,3.7101568605643847,4.012747068002439,,,1200
1000000,100291,OBM_RR,2.0,5.530043287007115,3.895948415357942,-1.634094871649173,13.315171185527397,15.974341259089588,3.932301924861983,15.53844549948005,1200
1000000,100291,OBM_RR,3.0,5.530043287007115,3.3899351246536997,-2.1401081623534153,12.923240657380925,17.492534236738155,3.428889789447127,17.026775268697516,1200
1000000,100291,OBM_RR,4.0,5.530043287007115,2.8424529121805913,-2.6875903748265237,10.269693356578998,17.48427730164202,2.8738788784411304,17.114271260249108,1200
1000000,114347,OBM,0.0,5.530043287007115,4.901703898508377,-0.6283393884987376,4.18418629297556,4.5755098582037155,,,1200
1000000,114347,OBM_RR,2.0,5.530043287007115,3.6833941572342974,-1.8466491297728176,14.148614069732227,17.546936566498157,3.7489764345173686,16.743911067184644,1200
1000000,114347,OBM_RR,3.0,5.530043287007115,3.0866061502211424,-2.4434371367859726,12.599409169323538,18.559294703107266,3.140275608125151,17.909583571654313,1200
1000000,114347,OBM_RR,4.0,5.530043287007115,2.4383056903774976,-3.0917375966296174,8.205956511219334,17.757959580539733,2.4845628129566366,17.21412579856084,1200
1000000,130373,OBM,0.0,5.530043287007115,4.821086565819385,-0.7089567211877297,4.711235910739859,5.209929513331497,,,1200
1000000,130373,OBM_RR,2.0,5.530043287007115,3.4270057786996313,-2.1030375083074837,14.981102796281247,19.39138530529916,3.5276428437801237,18.128539156200397,1200
1000000,130373,OBM_RR,3.0,5.530043287007115,2.737564272814878,-2.792479014192237,11.39287385332791,19.181318836487517,2.8182624452260687,18.19602747721883,1200
1000000,130373,OBM_RR,4.0,5.530043287007115,1.9647539132717369,-3.565289373735378,5.75515963846293,18.46165199056795,2.0295964059703233,17.702496823451487,1200
1000000,148645,OBM,0.0,5.530043287007115,4.718900938901998,-0.8111423481051174,5.3081797171867455,5.961708142978573,,,1200
1000000,148645,OBM_RR,2.0,5.530043287007115,3.158496448385479,-2.371546838621636,15.008289107298477,20.62001660748534,3.2901499028004424,18.956158441337077,1200
1000000,148645,OBM_RR,3.0,5.530043287007115,2.3227520610126042,-3.2072912259945108,9.048943164009591,19.328119386380955,2.4299453703311693,18.0154946903578,1200
1000000,148645,OBM_RR,4.0,5.530043287007115,1.4445089412508418,-4.085534345756273,3.9424728978754695,20.630778394148045,1.5402537273367432,19.495771133217588,1200
1000000,169478,OBM,0.0,5.530043287007115,4.600975846847451,-0.9290674401596641,5.912574411343661,6.770813574365705,,,1200
1000000,169478,OBM_RR,2.0,5.530043287007115,2.825465439273703,-2.704577847733412,14.379355751061123,21.6821142890522,2.995466387713684,19.492640562584977,1200
1000000,169478,OBM_RR,3.0,5.530043287007115,1.8298345580604178,-3.700208728946697,6.22609528696832,19.912451512002516,1.9600039222801744,18.328983643554807,1200
1000000,169478,OBM_RR,4.0,5.530043287007115,0.8534562971588046,-4.67658698984831,2.9233478299409352,24.791377580367797,1.0486751868200965,22.415054587003045,1200
1000000,193230,OBM,0.0,5.530043287007115,4.472761309052619,-1.0572819779544957,6.487040831578288,7.59948014512601,,,1200
1000000,193230,OBM_RR,2.0,5.530043287007115,2.44367690423617,-3.086366382770945,12.870919088705515,22.38585077149687,2.677725329483341,19.292048109317772,1200
1000000,193230,OBM_RR,3.0,5.530043287007115,1.287490218361678,-4.242553068645437,4.345998713560695,22.341633588238874,1.4637117585297306,20.17881910607055,1200
1000000,193230,OBM_RR,4.0,5.530043287007115,0.18600356061818715,-5.344039726388928,2.1828066403288306,30.739748232018272,0.6078049616843728,25.461855185711546,1200
1000000,200000,OBM,0.0,5.530043287007115,4.439311849640149,-1.0907314373669657,6.620876963114854,7.8050546341062,,,1200
1000000,200000,OBM_RR,2.0,5.530043287007115,2.3257998140829734,-3.2042434729241416,12.209838073652314,22.466839442367895,2.57837082010716,19.11175803577353,1200
1000000,200000,OBM_RR,3.0,5.530043287007115,1.126739405645942,-4.403303881361173,4.051000478661847,23.43670971654,1.3340902373452779,20.878264459002324,1200
1000000,200000,OBM_RR,4.0,5.530043287007115,-0.0019118273453931644,-5.531955114352508,1.9974773491635376,32.598340171916774,0.49907082341602094,26.267534850550668,1200
